range,bootstrap_index,rmse_cp
Low (<=15 cP),1,1.1593763974865665
Low (<=15 cP),2,2.5674728453642484
Low (<=15 cP),3,2.1770516487849378
Low (<=15 cP),4,2.7197362176416116
Low (<=15 cP),5,2.1835333801720322
Low (<=15 cP),6,2.503989285720845
Low (<=15 cP),7,1.8873532953744854
Low (<=15 cP),8,1.4451192696647424
Low (<=15 cP),9,2.7210682038157636
Low (<=15 cP),10,2.2258890884670595
Low (<=15 cP),11,3.192598657771049
Low (<=15 cP),12,2.9904923723335499
Low (<=15 cP),13,2.8758255850929766
Low (<=15 cP),14,3.0778311014177437
Low (<=15 cP),15,2.1986159615256988
Low (<=15 cP),16,2.3872893811850413
Low (<=15 cP),17,2.427024388734397
Low (<=15 cP),18,2.229659204462406
Low (<=15 cP),19,1.7591384435123758
Low (<=15 cP),20,2.6396913281395098
Low (<=15 cP),21,2.4117452419783665
Low (<=15 cP),22,1.3561016444877423
Low (<=15 cP),23,2.8162432818161456
Low (<=15 cP),24,3.0787760410220879
Low (<=15 cP),25,2.1737644208215161
Low (<=15 cP),26,2.8592341391132798
Low (<=15 cP),27,1.5695335594496589
Low (<=15 cP),28,2.4470930476743513
Low (<=15 cP),29,2.9226190761473814
Low (<=15 cP),30,2.3114085914260625
Low (<=15 cP),31,2.6091021902235698
Low (<=15 cP),32,1.732118314174645
Low (<=15 cP),33,2.0112337433656595
Low (<=15 cP),34,2.0219547550623593
Low (<=15 cP),35,2.9966658874462704
Low (<=15 cP),36,2.0563990212413787
Low (<=15 cP),37,2.7568204062762627
Low (<=15 cP),38,2.3240844409586794
Low (<=15 cP),39,2.0256236822624181
Low (<=15 cP),40,2.7931862947495367
Low (<=15 cP),41,1.8072387273085584
Low (<=15 cP),42,2.1947055204068788
Low (<=15 cP),43,2.3377056906794018
Low (<=15 cP),44,1.5123274611822193
Low (<=15 cP),45,2.600905082202265
Low (<=15 cP),46,2.8510893773662702
Low (<=15 cP),47,2.4651261985554767
Low (<=15 cP),48,1.9712952335062603
Low (<=15 cP),49,1.9574829799475
Low (<=15 cP),50,2.67734921647101
Low (<=15 cP),51,1.9362902706718408
Low (<=15 cP),52,1.5770619695482799
Low (<=15 cP),53,2.8911679926681142
Low (<=15 cP),54,2.1531667155285161
Low (<=15 cP),55,2.1331810137211589
Low (<=15 cP),56,2.0660832070396253
Low (<=15 cP),57,2.2007335233360918
Low (<=15 cP),58,3.4158272619858558
Low (<=15 cP),59,3.3038617861067641
Low (<=15 cP),60,2.2265054315902919
Low (<=15 cP),61,2.0871008700145013
Low (<=15 cP),62,1.937776684834766
Low (<=15 cP),63,2.2217846226688387
Low (<=15 cP),64,2.5237571606128939
Low (<=15 cP),65,2.2648217385212051
Low (<=15 cP),66,2.0484866120451843
Low (<=15 cP),67,2.3502396412041691
Low (<=15 cP),68,2.2306651847036414
Low (<=15 cP),69,2.4518487565132214
Low (<=15 cP),70,1.4747650268936554
Low (<=15 cP),71,2.3059214090636
Low (<=15 cP),72,2.5917769313399504
Low (<=15 cP),73,2.7692483189728065
Low (<=15 cP),74,2.3837829969463007
Low (<=15 cP),75,2.1427269703903011
Low (<=15 cP),76,2.7295987036642533
Low (<=15 cP),77,2.1192074629179856
Low (<=15 cP),78,2.4859135714167691
Low (<=15 cP),79,2.8955008798054642
Low (<=15 cP),80,1.4610459847260606
Low (<=15 cP),81,3.0770879701598557
Low (<=15 cP),82,2.0778765504888979
Low (<=15 cP),83,2.4789909629193749
Low (<=15 cP),84,1.8630521115857559
Low (<=15 cP),85,2.5586916984271335
Low (<=15 cP),86,2.5545516588933124
Low (<=15 cP),87,2.4871920974583541
Low (<=15 cP),88,2.3883803862825723
Low (<=15 cP),89,2.6319408863070319
Low (<=15 cP),90,2.3378646952613318
Low (<=15 cP),91,2.0937700226672802
Low (<=15 cP),92,2.8773093050461966
Low (<=15 cP),93,2.7613180579933205
Low (<=15 cP),94,2.5354059967881595
Low (<=15 cP),95,2.8901646927938582
Low (<=15 cP),96,3.0506184946232628
Low (<=15 cP),97,2.4867340358357448
Low (<=15 cP),98,2.7846293837648819
Low (<=15 cP),99,2.3715122600780352
Low (<=15 cP),100,2.9195697636500926
Low (<=15 cP),101,2.3531738746788502
Low (<=15 cP),102,1.7519309323682584
Low (<=15 cP),103,3.2568133748363817
Low (<=15 cP),104,2.9322900689069802
Low (<=15 cP),105,2.3198037791068669
Low (<=15 cP),106,2.9788876655822154
Low (<=15 cP),107,2.2412982307307012
Low (<=15 cP),108,2.6452780749588101
Low (<=15 cP),109,2.857505944681181
Low (<=15 cP),110,1.7803149260268132
Low (<=15 cP),111,2.1541555463750095
Low (<=15 cP),112,2.1698739152857311
Low (<=15 cP),113,2.7430820841402888
Low (<=15 cP),114,1.9364294561405317
Low (<=15 cP),115,2.8690725055156387
Low (<=15 cP),116,1.9763816551308209
Low (<=15 cP),117,2.2378547291330793
Low (<=15 cP),118,1.5267034814219125
Low (<=15 cP),119,2.2714133951724542
Low (<=15 cP),120,2.5079868796054199
Low (<=15 cP),121,2.1715794438309675
Low (<=15 cP),122,2.4442029775217993
Low (<=15 cP),123,1.4456141944968042
Low (<=15 cP),124,1.8375365670349453
Low (<=15 cP),125,2.1383718319692107
Low (<=15 cP),126,2.0353682838082583
Low (<=15 cP),127,2.5539132544527487
Low (<=15 cP),128,1.7494269585915838
Low (<=15 cP),129,2.5976033733465052
Low (<=15 cP),130,2.6003507078640511
Low (<=15 cP),131,3.0055692204444284
Low (<=15 cP),132,2.6823437572867928
Low (<=15 cP),133,2.1018410205489415
Low (<=15 cP),134,1.9583517519139844
Low (<=15 cP),135,1.3033349801354113
Low (<=15 cP),136,2.0213335956077896
Low (<=15 cP),137,2.9918722756189458
Low (<=15 cP),138,2.1300211607774
Low (<=15 cP),139,1.8651099931054049
Low (<=15 cP),140,2.2595868905326322
Low (<=15 cP),141,1.5578052252308607
Low (<=15 cP),142,1.763924369606467
Low (<=15 cP),143,2.0411492331059837
Low (<=15 cP),144,2.6532679756084487
Low (<=15 cP),145,1.7691244905514705
Low (<=15 cP),146,2.7822909254973043
Low (<=15 cP),147,1.4784760063877558
Low (<=15 cP),148,1.5619668750677329
Low (<=15 cP),149,1.6892853686356544
Low (<=15 cP),150,1.9659515036641926
Low (<=15 cP),151,2.4315738628101551
Low (<=15 cP),152,2.5038675527592309
Low (<=15 cP),153,3.0730210176005843
Low (<=15 cP),154,2.1286082827903074
Low (<=15 cP),155,1.9248743990269117
Low (<=15 cP),156,2.3544343634230009
Low (<=15 cP),157,1.9514376468814876
Low (<=15 cP),158,1.9243188765362076
Low (<=15 cP),159,1.9769119410345344
Low (<=15 cP),160,2.3858850790074286
Low (<=15 cP),161,2.6379673215270718
Low (<=15 cP),162,2.2728081062378069
Low (<=15 cP),163,2.6884475879576599
Low (<=15 cP),164,2.4131161806729287
Low (<=15 cP),165,2.4539492108071292
Low (<=15 cP),166,2.7364895212575733
Low (<=15 cP),167,2.6570010708388216
Low (<=15 cP),168,1.8764716604605685
Low (<=15 cP),169,1.4742466101438541
Low (<=15 cP),170,2.1753086091842073
Low (<=15 cP),171,2.238520400868762
Low (<=15 cP),172,2.058568527862505
Low (<=15 cP),173,1.2033618092092493
Low (<=15 cP),174,1.3865969393209714
Low (<=15 cP),175,2.1456465274497938
Low (<=15 cP),176,2.5952097336376854
Low (<=15 cP),177,2.6302127039728176
Low (<=15 cP),178,2.366924681259253
Low (<=15 cP),179,2.2714302635172721
Low (<=15 cP),180,2.8112178037255493
Low (<=15 cP),181,2.7843950016896337
Low (<=15 cP),182,2.5664373537007625
Low (<=15 cP),183,2.2628972414403998
Low (<=15 cP),184,2.8270440940614989
Low (<=15 cP),185,2.6136729380507671
Low (<=15 cP),186,2.2327310936689333
Low (<=15 cP),187,2.2597603344915487
Low (<=15 cP),188,2.0313659266007447
Low (<=15 cP),189,1.7576930782743532
Low (<=15 cP),190,2.3769176634456501
Low (<=15 cP),191,2.6038622520784944
Low (<=15 cP),192,2.2699861714492267
Low (<=15 cP),193,1.6204454347237369
Low (<=15 cP),194,1.989942913998773
Low (<=15 cP),195,2.4078844242772237
Low (<=15 cP),196,2.5928378483689039
Low (<=15 cP),197,1.996124954204664
Low (<=15 cP),198,2.6121596925183792
Low (<=15 cP),199,1.8314013031707248
Low (<=15 cP),200,3.5041839894213096
Low (<=15 cP),201,1.9562664248982409
Low (<=15 cP),202,2.8024676886978179
Low (<=15 cP),203,2.5044799023863931
Low (<=15 cP),204,2.1743015547046536
Low (<=15 cP),205,2.0555448474398466
Low (<=15 cP),206,2.0315594025486576
Low (<=15 cP),207,3.0202827202609108
Low (<=15 cP),208,2.5152792404715374
Low (<=15 cP),209,2.0348527299255417
Low (<=15 cP),210,2.6887315920581671
Low (<=15 cP),211,2.6351048378701725
Low (<=15 cP),212,2.2774570429764109
Low (<=15 cP),213,2.805571079112708
Low (<=15 cP),214,2.5347898309632813
Low (<=15 cP),215,2.1989823603868937
Low (<=15 cP),216,1.9424836152511964
Low (<=15 cP),217,2.2221051346067409
Low (<=15 cP),218,3.4375654962408357
Low (<=15 cP),219,2.3644717265933846
Low (<=15 cP),220,2.21635689446736
Low (<=15 cP),221,2.4905225862151905
Low (<=15 cP),222,2.7522622002599064
Low (<=15 cP),223,3.3748751358262981
Low (<=15 cP),224,2.7603000398632136
Low (<=15 cP),225,2.8343761854746932
Low (<=15 cP),226,2.6174258269540189
Low (<=15 cP),227,2.2321774358066033
Low (<=15 cP),228,2.3981906587141606
Low (<=15 cP),229,2.1891692341011137
Low (<=15 cP),230,3.3108768353100966
Low (<=15 cP),231,2.5414733104719569
Low (<=15 cP),232,2.4188091884422769
Low (<=15 cP),233,1.9538445815056895
Low (<=15 cP),234,1.2225713769294682
Low (<=15 cP),235,1.5383617945866965
Low (<=15 cP),236,2.5229782726920607
Low (<=15 cP),237,2.8555688246698891
Low (<=15 cP),238,2.348462767776494
Low (<=15 cP),239,2.9445452242125856
Low (<=15 cP),240,1.944200239952298
Low (<=15 cP),241,2.8047849692267985
Low (<=15 cP),242,2.1043457821674485
Low (<=15 cP),243,2.2731760784508874
Low (<=15 cP),244,2.4325805494832466
Low (<=15 cP),245,2.2821656673164323
Low (<=15 cP),246,2.4585783713071434
Low (<=15 cP),247,2.1156438785677723
Low (<=15 cP),248,1.9216598513555752
Low (<=15 cP),249,2.0293000891672341
Low (<=15 cP),250,2.0440141484954482
Low (<=15 cP),251,3.0645070246551662
Low (<=15 cP),252,2.6343463897693731
Low (<=15 cP),253,2.379047871574647
Low (<=15 cP),254,2.5425677544616474
Low (<=15 cP),255,2.8848131986584389
Low (<=15 cP),256,1.759866466519995
Low (<=15 cP),257,2.2349357605952416
Low (<=15 cP),258,2.5850185770951164
Low (<=15 cP),259,2.9759647612739331
Low (<=15 cP),260,2.2702177855209338
Low (<=15 cP),261,2.6810478024542408
Low (<=15 cP),262,1.6416444135485437
Low (<=15 cP),263,2.1610373323919996
Low (<=15 cP),264,1.4398818575490093
Low (<=15 cP),265,3.0203502739286363
Low (<=15 cP),266,2.7221732799065954
Low (<=15 cP),267,3.1943283662169675
Low (<=15 cP),268,1.8495089649140666
Low (<=15 cP),269,2.2664515975397532
Low (<=15 cP),270,2.3559199780334068
Low (<=15 cP),271,1.7641515056286368
Low (<=15 cP),272,1.3325312408399934
Low (<=15 cP),273,2.6159656136662317
Low (<=15 cP),274,3.0606174627970559
Low (<=15 cP),275,2.6234539044499963
Low (<=15 cP),276,2.1721289894522515
Low (<=15 cP),277,2.9202635295942168
Low (<=15 cP),278,1.9106114612213625
Low (<=15 cP),279,1.3354653060072894
Low (<=15 cP),280,1.9560558757690547
Low (<=15 cP),281,1.9488747453229629
Low (<=15 cP),282,2.4323803502202033
Low (<=15 cP),283,2.0953199354120295
Low (<=15 cP),284,1.6214509213571211
Low (<=15 cP),285,2.8913895317204323
Low (<=15 cP),286,2.6357456348990973
Low (<=15 cP),287,1.6947789820705241
Low (<=15 cP),288,1.7574173304158782
Low (<=15 cP),289,1.5129085748214788
Low (<=15 cP),290,2.8687930906767098
Low (<=15 cP),291,1.9241975175234929
Low (<=15 cP),292,2.6446008333245148
Low (<=15 cP),293,1.9997203161960637
Low (<=15 cP),294,2.3095869934133249
Low (<=15 cP),295,2.7232015853295208
Low (<=15 cP),296,2.5755652857405056
Low (<=15 cP),297,2.0975285099407901
Low (<=15 cP),298,2.4935946283486015
Low (<=15 cP),299,2.307809900673333
Low (<=15 cP),300,1.7616719499872842
Low (<=15 cP),301,2.3448554787128444
Low (<=15 cP),302,1.9260436193227073
Low (<=15 cP),303,2.6732356624695077
Low (<=15 cP),304,2.1467270651027115
Low (<=15 cP),305,2.0296957785229433
Low (<=15 cP),306,2.9191111649767767
Low (<=15 cP),307,2.6028732919112958
Low (<=15 cP),308,1.8246094705788023
Low (<=15 cP),309,2.0477007324338889
Low (<=15 cP),310,1.964745685584578
Low (<=15 cP),311,2.4092093343089762
Low (<=15 cP),312,2.9505328566496503
Low (<=15 cP),313,2.9091934094955034
Low (<=15 cP),314,2.3839629656125418
Low (<=15 cP),315,2.4415470041390477
Low (<=15 cP),316,1.9809121976660329
Low (<=15 cP),317,2.2149796906098742
Low (<=15 cP),318,2.5041032569720585
Low (<=15 cP),319,2.6542689057327205
Low (<=15 cP),320,2.50474797630697
Low (<=15 cP),321,2.3104094605142582
Low (<=15 cP),322,2.3929319745413937
Low (<=15 cP),323,2.8175630536996357
Low (<=15 cP),324,2.3683351497279093
Low (<=15 cP),325,1.6885743206876158
Low (<=15 cP),326,1.6131396429609164
Low (<=15 cP),327,2.3219356938092166
Low (<=15 cP),328,2.6185725806115929
Low (<=15 cP),329,2.1607800087648243
Low (<=15 cP),330,2.2417101954025442
Low (<=15 cP),331,2.5063525050537372
Low (<=15 cP),332,1.9549669738569937
Low (<=15 cP),333,2.0651055081592773
Low (<=15 cP),334,2.2285681459406685
Low (<=15 cP),335,1.5809239599451463
Low (<=15 cP),336,2.8528957149223344
Low (<=15 cP),337,1.3520566723120644
Low (<=15 cP),338,2.9811147058281739
Low (<=15 cP),339,2.2647745770962668
Low (<=15 cP),340,2.861381094052748
Low (<=15 cP),341,2.0308547831406401
Low (<=15 cP),342,1.8465939602306036
Low (<=15 cP),343,1.8018939574117967
Low (<=15 cP),344,1.9978533288026037
Low (<=15 cP),345,1.3429657034115896
Low (<=15 cP),346,2.3333973647715749
Low (<=15 cP),347,1.7540543483956774
Low (<=15 cP),348,2.2846271051279587
Low (<=15 cP),349,2.4410880016866159
Low (<=15 cP),350,2.4627645995953413
Low (<=15 cP),351,1.7429608707367557
Low (<=15 cP),352,2.032939131912288
Low (<=15 cP),353,3.0430255099557226
Low (<=15 cP),354,1.6159741713372378
Low (<=15 cP),355,2.1579841559085717
Low (<=15 cP),356,1.6804403692844074
Low (<=15 cP),357,2.3572255004101748
Low (<=15 cP),358,2.6637130865445142
Low (<=15 cP),359,1.9842267272738952
Low (<=15 cP),360,2.5980169603414285
Low (<=15 cP),361,2.2841939166130514
Low (<=15 cP),362,1.8185664165070285
Low (<=15 cP),363,2.1886570650173169
Low (<=15 cP),364,2.0145865172322406
Low (<=15 cP),365,2.5164975238448974
Low (<=15 cP),366,1.993121624997886
Low (<=15 cP),367,2.0638419282716747
Low (<=15 cP),368,1.7094134084612607
Low (<=15 cP),369,2.3737129485108799
Low (<=15 cP),370,2.5778215447150474
Low (<=15 cP),371,1.3599571313498928
Low (<=15 cP),372,2.5974784630089265
Low (<=15 cP),373,2.4373030619372105
Low (<=15 cP),374,2.4348596181185687
Low (<=15 cP),375,2.5091432890246907
Low (<=15 cP),376,1.7964419236386604
Low (<=15 cP),377,2.3295960715560144
Low (<=15 cP),378,2.7283713603331727
Low (<=15 cP),379,2.7880256944134709
Low (<=15 cP),380,2.2317131306533171
Low (<=15 cP),381,1.8113313308746926
Low (<=15 cP),382,1.4552888427851949
Low (<=15 cP),383,2.7944291086819635
Low (<=15 cP),384,1.1483265779533902
Low (<=15 cP),385,1.9677486798069876
Low (<=15 cP),386,1.3636025417008177
Low (<=15 cP),387,1.7970218184458697
Low (<=15 cP),388,1.7675676510859899
Low (<=15 cP),389,2.0777320353233195
Low (<=15 cP),390,2.1034827443000848
Low (<=15 cP),391,2.5409900948425461
Low (<=15 cP),392,1.8495717110012833
Low (<=15 cP),393,2.3107750107890523
Low (<=15 cP),394,2.4632335635938127
Low (<=15 cP),395,1.7446543223489455
Low (<=15 cP),396,2.5333636402719049
Low (<=15 cP),397,1.8839146480149485
Low (<=15 cP),398,1.5927179549759098
Low (<=15 cP),399,2.316048457432061
Low (<=15 cP),400,2.5491913395750205
Low (<=15 cP),401,2.8920395942708472
Low (<=15 cP),402,2.4780779924965612
Low (<=15 cP),403,2.2633025162327036
Low (<=15 cP),404,2.0698142429842417
Low (<=15 cP),405,1.9078330024470169
Low (<=15 cP),406,2.6351367606164744
Low (<=15 cP),407,2.6597196046561269
Low (<=15 cP),408,2.2620195303254538
Low (<=15 cP),409,2.0742555413557242
Low (<=15 cP),410,2.2659817355545449
Low (<=15 cP),411,2.8238772037685682
Low (<=15 cP),412,3.1799299643013033
Low (<=15 cP),413,2.0848418971587508
Low (<=15 cP),414,2.9180376383167901
Low (<=15 cP),415,2.1319142256719501
Low (<=15 cP),416,2.1173628555233011
Low (<=15 cP),417,2.1520426953651337
Low (<=15 cP),418,2.4936969531631146
Low (<=15 cP),419,2.1433142303386132
Low (<=15 cP),420,2.4504549745750279
Low (<=15 cP),421,2.6635772635372881
Low (<=15 cP),422,1.5907868611867393
Low (<=15 cP),423,2.0228414490485904
Low (<=15 cP),424,2.3266740203852154
Low (<=15 cP),425,2.4339371798874998
Low (<=15 cP),426,2.3479078120129029
Low (<=15 cP),427,3.2509227366530329
Low (<=15 cP),428,3.3251848012042879
Low (<=15 cP),429,2.1060787588527954
Low (<=15 cP),430,2.4407669951168454
Low (<=15 cP),431,1.9507292988439882
Low (<=15 cP),432,2.6498146984224333
Low (<=15 cP),433,2.1751550898720011
Low (<=15 cP),434,2.8797553364338961
Low (<=15 cP),435,1.7914437325130095
Low (<=15 cP),436,2.5166480234525674
Low (<=15 cP),437,2.1450546562434187
Low (<=15 cP),438,2.5875086482331526
Low (<=15 cP),439,2.1781224728478552
Low (<=15 cP),440,2.5636599150918573
Low (<=15 cP),441,2.4663675994669774
Low (<=15 cP),442,2.0082762841713113
Low (<=15 cP),443,2.3181615616634201
Low (<=15 cP),444,2.4523379037606139
Low (<=15 cP),445,2.0658260001131512
Low (<=15 cP),446,2.562739269005935
Low (<=15 cP),447,2.5513198101108379
Low (<=15 cP),448,2.889388806014753
Low (<=15 cP),449,2.037509776129991
Low (<=15 cP),450,2.2947124429865937
Low (<=15 cP),451,2.4416549882872918
Low (<=15 cP),452,2.6365196055905518
Low (<=15 cP),453,2.6430263790664292
Low (<=15 cP),454,1.3125915745399312
Low (<=15 cP),455,2.100750837949902
Low (<=15 cP),456,1.8250375626843767
Low (<=15 cP),457,2.5736529213602766
Low (<=15 cP),458,1.5865952588598558
Low (<=15 cP),459,2.5035065199821513
Low (<=15 cP),460,2.6098572356969894
Low (<=15 cP),461,1.7212856847837195
Low (<=15 cP),462,1.9644988455800338
Low (<=15 cP),463,2.7854271448459085
Low (<=15 cP),464,2.751042953287119
Low (<=15 cP),465,2.7571688734626996
Low (<=15 cP),466,2.2512531443455002
Low (<=15 cP),467,2.1093650755411648
Low (<=15 cP),468,2.8081276835415498
Low (<=15 cP),469,1.1474020251821695
Low (<=15 cP),470,2.9230321260997729
Low (<=15 cP),471,2.6147686830667398
Low (<=15 cP),472,1.4216039675084573
Low (<=15 cP),473,2.1343346224310253
Low (<=15 cP),474,1.9480727097929198
Low (<=15 cP),475,1.5406304115279983
Low (<=15 cP),476,1.6971699819866941
Low (<=15 cP),477,1.4362402043526707
Low (<=15 cP),478,2.690967059183146
Low (<=15 cP),479,2.0487050970392775
Low (<=15 cP),480,2.5255726093703412
Low (<=15 cP),481,1.5447791902858758
Low (<=15 cP),482,2.1789770138847921
Low (<=15 cP),483,2.7788040024468006
Low (<=15 cP),484,2.6877362886465312
Low (<=15 cP),485,2.6319683347239251
Low (<=15 cP),486,2.3306085342025096
Low (<=15 cP),487,2.0575259800285464
Low (<=15 cP),488,2.2028886178431719
Low (<=15 cP),489,2.3915612101539598
Low (<=15 cP),490,2.5934282300410785
Low (<=15 cP),491,2.5550600925940219
Low (<=15 cP),492,2.5704233885322005
Low (<=15 cP),493,2.0264174220970261
Low (<=15 cP),494,2.974730829090904
Low (<=15 cP),495,2.6396904927456797
Low (<=15 cP),496,2.1007233915347387
Low (<=15 cP),497,2.4204072746554606
Low (<=15 cP),498,2.9251329533638297
Low (<=15 cP),499,2.8738208253111153
Low (<=15 cP),500,2.6394383208220518
Low (<=15 cP),501,3.4033198747228837
Low (<=15 cP),502,1.6255890713583758
Low (<=15 cP),503,2.1458245928532431
Low (<=15 cP),504,2.1008642283369108
Low (<=15 cP),505,1.7215961511707885
Low (<=15 cP),506,2.6307552970971098
Low (<=15 cP),507,1.8094687970382359
Low (<=15 cP),508,2.4163662927633571
Low (<=15 cP),509,1.7153449500289608
Low (<=15 cP),510,1.9008189065270942
Low (<=15 cP),511,2.6197263620952591
Low (<=15 cP),512,2.2918415157318677
Low (<=15 cP),513,2.7982466942161306
Low (<=15 cP),514,2.344225891151491
Low (<=15 cP),515,2.6574666155324382
Low (<=15 cP),516,2.1666495551122411
Low (<=15 cP),517,2.6334561923488491
Low (<=15 cP),518,2.5199329285147227
Low (<=15 cP),519,2.4787778782425511
Low (<=15 cP),520,2.4084772128079481
Low (<=15 cP),521,2.82227631176595
Low (<=15 cP),522,1.7601661167065412
Low (<=15 cP),523,2.5890103761646626
Low (<=15 cP),524,2.3440773083301734
Low (<=15 cP),525,2.5007406313848737
Low (<=15 cP),526,3.1241366141992395
Low (<=15 cP),527,2.0225253446673155
Low (<=15 cP),528,1.984217820311643
Low (<=15 cP),529,1.8563036525449481
Low (<=15 cP),530,2.8023493467637626
Low (<=15 cP),531,1.8909068012498851
Low (<=15 cP),532,2.0030579343524102
Low (<=15 cP),533,2.4937379761140992
Low (<=15 cP),534,1.8241725981099135
Low (<=15 cP),535,2.4546048468509145
Low (<=15 cP),536,2.569247694298344
Low (<=15 cP),537,1.3198081399681334
Low (<=15 cP),538,2.2861346732921741
Low (<=15 cP),539,1.9988951874995313
Low (<=15 cP),540,1.5336739755014757
Low (<=15 cP),541,1.3466577438088296
Low (<=15 cP),542,2.4556392064034398
Low (<=15 cP),543,2.1460748464106012
Low (<=15 cP),544,2.2590346601429752
Low (<=15 cP),545,1.6710950057346277
Low (<=15 cP),546,2.0806106973193161
Low (<=15 cP),547,2.9041451338701822
Low (<=15 cP),548,2.8384380512741765
Low (<=15 cP),549,2.462178942253197
Low (<=15 cP),550,1.6781877153379092
Low (<=15 cP),551,1.4349081927310097
Low (<=15 cP),552,2.3403397189768356
Low (<=15 cP),553,1.9142845540785132
Low (<=15 cP),554,1.2236997618650758
Low (<=15 cP),555,2.3875413741877858
Low (<=15 cP),556,2.7316673892593522
Low (<=15 cP),557,3.4077116012814019
Low (<=15 cP),558,2.2963843012984562
Low (<=15 cP),559,2.3984873914997968
Low (<=15 cP),560,2.7580151113097364
Low (<=15 cP),561,1.1897344899605002
Low (<=15 cP),562,2.7325942800600944
Low (<=15 cP),563,2.3814843439236593
Low (<=15 cP),564,2.0924145430504275
Low (<=15 cP),565,2.679774806064561
Low (<=15 cP),566,2.2495250834047811
Low (<=15 cP),567,2.447434340178273
Low (<=15 cP),568,2.2390397800782815
Low (<=15 cP),569,2.5708145379811191
Low (<=15 cP),570,0.9749197135396408
Low (<=15 cP),571,1.9955631297190459
Low (<=15 cP),572,2.217859998091436
Low (<=15 cP),573,1.9241864751632423
Low (<=15 cP),574,1.8356323580611709
Low (<=15 cP),575,1.920080234105968
Low (<=15 cP),576,2.8057889879736146
Low (<=15 cP),577,2.1085737639442961
Low (<=15 cP),578,2.187858446080126
Low (<=15 cP),579,2.4124123050951511
Low (<=15 cP),580,2.4926347450255899
Low (<=15 cP),581,2.3884517638589053
Low (<=15 cP),582,2.2587126139711282
Low (<=15 cP),583,2.326614757057436
Low (<=15 cP),584,2.462729963304167
Low (<=15 cP),585,1.5262957574819132
Low (<=15 cP),586,2.0159099078659599
Low (<=15 cP),587,1.9162994111916596
Low (<=15 cP),588,2.3593423151747785
Low (<=15 cP),589,1.0986315074760056
Low (<=15 cP),590,1.9728227058893302
Low (<=15 cP),591,1.2144383246873256
Low (<=15 cP),592,2.4350206283481461
Low (<=15 cP),593,1.6136790825508474
Low (<=15 cP),594,2.6868236390898192
Low (<=15 cP),595,1.8790200630659857
Low (<=15 cP),596,3.0292634779464724
Low (<=15 cP),597,1.9533608672795755
Low (<=15 cP),598,1.8475402950131523
Low (<=15 cP),599,2.1600278900683043
Low (<=15 cP),600,1.9712212118333616
Low (<=15 cP),601,2.1686650791740529
Low (<=15 cP),602,1.6782647039323515
Low (<=15 cP),603,2.695814794224944
Low (<=15 cP),604,2.8224089114241329
Low (<=15 cP),605,2.6560021548616612
Low (<=15 cP),606,3.0388171575244187
Low (<=15 cP),607,2.4677724959721123
Low (<=15 cP),608,3.0816534577534376
Low (<=15 cP),609,2.4196368798956183
Low (<=15 cP),610,2.7059698009602511
Low (<=15 cP),611,2.761708347862851
Low (<=15 cP),612,2.8963522737588399
Low (<=15 cP),613,0.93340499015497791
Low (<=15 cP),614,1.4412570774087909
Low (<=15 cP),615,2.5207219866389052
Low (<=15 cP),616,2.8640466672638087
Low (<=15 cP),617,2.2279702268229808
Low (<=15 cP),618,1.7763081147806656
Low (<=15 cP),619,1.9640925714582003
Low (<=15 cP),620,3.2307654246323079
Low (<=15 cP),621,2.0663449403944778
Low (<=15 cP),622,2.3952706048117736
Low (<=15 cP),623,1.7665319884314299
Low (<=15 cP),624,2.5239314572210416
Low (<=15 cP),625,2.5767344314303271
Low (<=15 cP),626,2.0269321104622269
Low (<=15 cP),627,1.5934270021759709
Low (<=15 cP),628,2.1269248134884955
Low (<=15 cP),629,2.6241947402673564
Low (<=15 cP),630,2.6956434375161984
Low (<=15 cP),631,2.8194285827584187
Low (<=15 cP),632,2.210841417064537
Low (<=15 cP),633,1.2562055212684011
Low (<=15 cP),634,1.4137904585865468
Low (<=15 cP),635,1.7883523785496567
Low (<=15 cP),636,1.6090873538298038
Low (<=15 cP),637,3.1679237917575676
Low (<=15 cP),638,2.2370625137436533
Low (<=15 cP),639,2.3621615234475852
Low (<=15 cP),640,1.4199900043359717
Low (<=15 cP),641,2.1231525292582187
Low (<=15 cP),642,1.9657831738794698
Low (<=15 cP),643,2.3665111097467029
Low (<=15 cP),644,3.1749623033918959
Low (<=15 cP),645,2.4096914842101671
Low (<=15 cP),646,1.5230166288487419
Low (<=15 cP),647,1.8204036883481758
Low (<=15 cP),648,1.0311954476546004
Low (<=15 cP),649,2.356347763126172
Low (<=15 cP),650,2.8777551211316981
Low (<=15 cP),651,2.4168395046190123
Low (<=15 cP),652,2.2834156122728113
Low (<=15 cP),653,2.9030189764735681
Low (<=15 cP),654,2.6411669312789297
Low (<=15 cP),655,2.4259883498114743
Low (<=15 cP),656,3.1086938386226164
Low (<=15 cP),657,1.4839106976159799
Low (<=15 cP),658,2.6088857249162363
Low (<=15 cP),659,2.6675969331431726
Low (<=15 cP),660,2.8516371921369883
Low (<=15 cP),661,2.3784036523664209
Low (<=15 cP),662,0.96230920832187417
Low (<=15 cP),663,2.1021950539782561
Low (<=15 cP),664,1.6732529845780302
Low (<=15 cP),665,2.1381094705908836
Low (<=15 cP),666,2.2381886670117712
Low (<=15 cP),667,2.5155591322075046
Low (<=15 cP),668,1.9414165199702036
Low (<=15 cP),669,2.4946681263523245
Low (<=15 cP),670,2.217740609693633
Low (<=15 cP),671,1.8185541376328538
Low (<=15 cP),672,1.5063348825870841
Low (<=15 cP),673,2.9248620714811744
Low (<=15 cP),674,2.2954863710289621
Low (<=15 cP),675,2.6402557441514074
Low (<=15 cP),676,2.0325730873233776
Low (<=15 cP),677,2.707664075701099
Low (<=15 cP),678,1.6720281749934292
Low (<=15 cP),679,2.3303323154025546
Low (<=15 cP),680,2.1278143760039985
Low (<=15 cP),681,2.4087660034563787
Low (<=15 cP),682,2.4868936332689078
Low (<=15 cP),683,2.6331076709056842
Low (<=15 cP),684,1.6840902142160152
Low (<=15 cP),685,2.4260665749104779
Low (<=15 cP),686,3.1318171770508663
Low (<=15 cP),687,3.0550575658445576
Low (<=15 cP),688,2.2014579601767328
Low (<=15 cP),689,2.2542061931267039
Low (<=15 cP),690,2.7677545809852799
Low (<=15 cP),691,2.2736814691742149
Low (<=15 cP),692,2.6860731795002484
Low (<=15 cP),693,2.171912864792775
Low (<=15 cP),694,2.3476828909204897
Low (<=15 cP),695,2.0919590608317709
Low (<=15 cP),696,1.8840825525082114
Low (<=15 cP),697,2.4788938185676552
Low (<=15 cP),698,2.8186736134679684
Low (<=15 cP),699,1.9459018019301491
Low (<=15 cP),700,2.3008870776964638
Low (<=15 cP),701,1.9146635116071964
Low (<=15 cP),702,2.7790796975112748
Low (<=15 cP),703,2.4148484415363423
Low (<=15 cP),704,2.4336888866402999
Low (<=15 cP),705,1.7424718819671705
Low (<=15 cP),706,2.5143151587734867
Low (<=15 cP),707,2.0455798403607957
Low (<=15 cP),708,2.2524665962985213
Low (<=15 cP),709,2.5457817637613238
Low (<=15 cP),710,2.85427264658404
Low (<=15 cP),711,3.3960023853615429
Low (<=15 cP),712,2.055705697834167
Low (<=15 cP),713,2.2527950353989472
Low (<=15 cP),714,2.6561396179380199
Low (<=15 cP),715,3.0843805044967181
Low (<=15 cP),716,2.07364780884508
Low (<=15 cP),717,1.7931386202676662
Low (<=15 cP),718,2.2987002064811075
Low (<=15 cP),719,2.6613801210707124
Low (<=15 cP),720,2.0804054307909552
Low (<=15 cP),721,2.0768245194589232
Low (<=15 cP),722,2.6350544369141327
Low (<=15 cP),723,2.5169332147114791
Low (<=15 cP),724,2.7870834966952844
Low (<=15 cP),725,1.3019582231517646
Low (<=15 cP),726,2.3941514316011698
Low (<=15 cP),727,2.413080059371751
Low (<=15 cP),728,2.0918317628407301
Low (<=15 cP),729,2.6458808113078609
Low (<=15 cP),730,2.2829177777632981
Low (<=15 cP),731,2.8672258363670107
Low (<=15 cP),732,1.4662902198306207
Low (<=15 cP),733,2.1343903425954989
Low (<=15 cP),734,2.6101304357788466
Low (<=15 cP),735,2.6754596315303605
Low (<=15 cP),736,2.3376408170941123
Low (<=15 cP),737,2.2508451405573351
Low (<=15 cP),738,1.8757932132498742
Low (<=15 cP),739,2.1340240039660823
Low (<=15 cP),740,2.4451421179021917
Low (<=15 cP),741,2.1406424437608513
Low (<=15 cP),742,1.9247656112566205
Low (<=15 cP),743,1.0391991569970394
Low (<=15 cP),744,3.3884425803678391
Low (<=15 cP),745,2.0987413899681466
Low (<=15 cP),746,2.3703455455731706
Low (<=15 cP),747,2.6937521714577928
Low (<=15 cP),748,2.1008305042258715
Low (<=15 cP),749,2.9576921198211288
Low (<=15 cP),750,1.775868114317896
Low (<=15 cP),751,2.692125080940162
Low (<=15 cP),752,1.8931518893969623
Low (<=15 cP),753,2.0060914609972835
Low (<=15 cP),754,2.0954817426618839
Low (<=15 cP),755,2.3087339343500126
Low (<=15 cP),756,1.627847648312972
Low (<=15 cP),757,2.2899318435053759
Low (<=15 cP),758,1.9941886642359274
Low (<=15 cP),759,2.6053772539933915
Low (<=15 cP),760,2.7256962198898447
Low (<=15 cP),761,2.9423786732515049
Low (<=15 cP),762,1.7846699631683407
Low (<=15 cP),763,1.6546114954980913
Low (<=15 cP),764,2.0497753327302206
Low (<=15 cP),765,2.0476031124896461
Low (<=15 cP),766,1.5202309875794959
Low (<=15 cP),767,2.3193138166006286
Low (<=15 cP),768,1.7810723716561687
Low (<=15 cP),769,1.965757795665235
Low (<=15 cP),770,2.0210179062517697
Low (<=15 cP),771,2.4390856427299914
Low (<=15 cP),772,1.8349025975131688
Low (<=15 cP),773,2.2799875233876201
Low (<=15 cP),774,2.6240620694061203
Low (<=15 cP),775,1.4118822380507821
Low (<=15 cP),776,2.3323360979527132
Low (<=15 cP),777,2.8336020981939605
Low (<=15 cP),778,2.5425172448962723
Low (<=15 cP),779,2.5396786005475467
Low (<=15 cP),780,2.4614885477021105
Low (<=15 cP),781,2.1520881210576133
Low (<=15 cP),782,1.8548298617641077
Low (<=15 cP),783,1.1502002320204952
Low (<=15 cP),784,2.3272260226439121
Low (<=15 cP),785,2.8117334423344111
Low (<=15 cP),786,2.5112849598549007
Low (<=15 cP),787,1.7371885177069255
Low (<=15 cP),788,2.1926162918839349
Low (<=15 cP),789,2.3079748442496699
Low (<=15 cP),790,2.9476950747308601
Low (<=15 cP),791,2.5234532139922585
Low (<=15 cP),792,2.1614724260116236
Low (<=15 cP),793,1.3063426574395187
Low (<=15 cP),794,2.1703065403589883
Low (<=15 cP),795,1.1829156345355807
Low (<=15 cP),796,2.1657679090999444
Low (<=15 cP),797,1.9736230404256352
Low (<=15 cP),798,1.9851623570155774
Low (<=15 cP),799,2.6880044192634012
Low (<=15 cP),800,2.0019400633498892
Low (<=15 cP),801,2.3536181171701527
Low (<=15 cP),802,1.693060654744917
Low (<=15 cP),803,2.7038048596641948
Low (<=15 cP),804,2.2729180138092158
Low (<=15 cP),805,2.9453752488395022
Low (<=15 cP),806,2.1792242491739384
Low (<=15 cP),807,2.1871461409354236
Low (<=15 cP),808,1.8317800084792621
Low (<=15 cP),809,1.7328510031933131
Low (<=15 cP),810,2.6272512238031491
Low (<=15 cP),811,1.9587069278687406
Low (<=15 cP),812,2.6141360783300449
Low (<=15 cP),813,2.2482799405723801
Low (<=15 cP),814,2.4121055204213482
Low (<=15 cP),815,1.7329481736084276
Low (<=15 cP),816,2.4557810958831556
Low (<=15 cP),817,2.3498208394613074
Low (<=15 cP),818,2.2055674230262801
Low (<=15 cP),819,2.0035029696128661
Low (<=15 cP),820,2.4896918389472567
Low (<=15 cP),821,2.1680911599767563
Low (<=15 cP),822,2.5275752310206885
Low (<=15 cP),823,2.3612141620473714
Low (<=15 cP),824,1.517582471342803
Low (<=15 cP),825,2.9614796124505669
Low (<=15 cP),826,1.899295544659388
Low (<=15 cP),827,1.6493207481654382
Low (<=15 cP),828,2.4112941362059539
Low (<=15 cP),829,2.178665274937666
Low (<=15 cP),830,2.5542947801471549
Low (<=15 cP),831,2.3847116394133936
Low (<=15 cP),832,3.2178475199832617
Low (<=15 cP),833,2.4729242004322969
Low (<=15 cP),834,2.9549904925613553
Low (<=15 cP),835,2.9930102772405411
Low (<=15 cP),836,1.8437647436392397
Low (<=15 cP),837,2.8047532459814026
Low (<=15 cP),838,1.9246992152736306
Low (<=15 cP),839,2.0750924337055796
Low (<=15 cP),840,2.2389168426277983
Low (<=15 cP),841,2.1531393640604342
Low (<=15 cP),842,1.9151121405038627
Low (<=15 cP),843,2.666814210830232
Low (<=15 cP),844,2.1753142730212738
Low (<=15 cP),845,2.2892083640222509
Low (<=15 cP),846,2.4323043634710602
Low (<=15 cP),847,1.7912260042182
Low (<=15 cP),848,3.1798665575898446
Low (<=15 cP),849,2.3388807841975252
Low (<=15 cP),850,1.8962904726536118
Low (<=15 cP),851,1.9534442451259193
Low (<=15 cP),852,2.9996438961666536
Low (<=15 cP),853,2.5497133167160748
Low (<=15 cP),854,2.4841808697238617
Low (<=15 cP),855,1.2861208642994479
Low (<=15 cP),856,1.9846633024937221
Low (<=15 cP),857,2.8210630922985027
Low (<=15 cP),858,2.2665840733836684
Low (<=15 cP),859,2.3884804548372238
Low (<=15 cP),860,3.1829750572615017
Low (<=15 cP),861,1.9958572362232516
Low (<=15 cP),862,1.7627708245155655
Low (<=15 cP),863,2.1356692562992818
Low (<=15 cP),864,1.170006197327818
Low (<=15 cP),865,1.82563949035161
Low (<=15 cP),866,1.8412423876829551
Low (<=15 cP),867,2.0398547315908657
Low (<=15 cP),868,2.6598465464108885
Low (<=15 cP),869,1.7432753551707123
Low (<=15 cP),870,2.7137863821350638
Low (<=15 cP),871,2.9476365564994
Low (<=15 cP),872,2.6931225744978637
Low (<=15 cP),873,2.0260775804593822
Low (<=15 cP),874,2.0311115809864528
Low (<=15 cP),875,2.0799928136814216
Low (<=15 cP),876,2.1839317547285972
Low (<=15 cP),877,2.352339262510315
Low (<=15 cP),878,1.4844151570695878
Low (<=15 cP),879,1.6512875034297372
Low (<=15 cP),880,2.3367343371461042
Low (<=15 cP),881,2.8409566082719899
Low (<=15 cP),882,1.2649243924358826
Low (<=15 cP),883,2.5106713692210043
Low (<=15 cP),884,2.7095885042379466
Low (<=15 cP),885,2.2316685342624898
Low (<=15 cP),886,1.9334902882819014
Low (<=15 cP),887,2.5675018816213999
Low (<=15 cP),888,2.2320430154878768
Low (<=15 cP),889,3.202867766120209
Low (<=15 cP),890,2.4487202777064572
Low (<=15 cP),891,2.907794456131326
Low (<=15 cP),892,2.9258840440005853
Low (<=15 cP),893,2.1037694767748611
Low (<=15 cP),894,1.0820352021547837
Low (<=15 cP),895,2.1273210848164181
Low (<=15 cP),896,1.9657910188410705
Low (<=15 cP),897,1.7603300232933798
Low (<=15 cP),898,1.6094692715934569
Low (<=15 cP),899,2.2240953014621638
Low (<=15 cP),900,2.6310996024977302
Low (<=15 cP),901,2.3815870902915175
Low (<=15 cP),902,1.7475547227701591
Low (<=15 cP),903,2.3564012132683239
Low (<=15 cP),904,2.2962787101286293
Low (<=15 cP),905,2.1075530925626254
Low (<=15 cP),906,2.4685533448358981
Low (<=15 cP),907,2.6816476316420395
Low (<=15 cP),908,2.3029935794898724
Low (<=15 cP),909,2.2304040183114648
Low (<=15 cP),910,1.8350199331724477
Low (<=15 cP),911,1.785868057244792
Low (<=15 cP),912,1.8293542804673495
Low (<=15 cP),913,1.8107000931723898
Low (<=15 cP),914,1.7236713492480851
Low (<=15 cP),915,1.3436418178773637
Low (<=15 cP),916,2.3163698987131789
Low (<=15 cP),917,2.2315171163449383
Low (<=15 cP),918,2.9359329715856939
Low (<=15 cP),919,2.9545176413238643
Low (<=15 cP),920,2.6416161461675993
Low (<=15 cP),921,2.7308532587640992
Low (<=15 cP),922,2.0796307899655275
Low (<=15 cP),923,2.3885425762152539
Low (<=15 cP),924,1.8295527847798727
Low (<=15 cP),925,2.7052005899826148
Low (<=15 cP),926,2.4607167521801161
Low (<=15 cP),927,1.8205739314414213
Low (<=15 cP),928,1.7182934924213331
Low (<=15 cP),929,2.5887402383059657
Low (<=15 cP),930,1.9814652410201397
Low (<=15 cP),931,2.2865998537735184
Low (<=15 cP),932,2.4045966624665382
Low (<=15 cP),933,2.5374692900752795
Low (<=15 cP),934,2.5921801070004897
Low (<=15 cP),935,2.6265421383222662
Low (<=15 cP),936,2.2902615755026923
Low (<=15 cP),937,1.7349103225204878
Low (<=15 cP),938,2.0574831872491868
Low (<=15 cP),939,2.4659140227170186
Low (<=15 cP),940,2.6237277302648176
Low (<=15 cP),941,2.9405503216523829
Low (<=15 cP),942,2.6576118874833856
Low (<=15 cP),943,2.0969265348179564
Low (<=15 cP),944,2.1131239430457156
Low (<=15 cP),945,2.8550990688157767
Low (<=15 cP),946,2.7622714402874395
Low (<=15 cP),947,2.3131226848463502
Low (<=15 cP),948,2.5736920875581086
Low (<=15 cP),949,1.9243338177319966
Low (<=15 cP),950,2.5863088323633163
Low (<=15 cP),951,1.8098310788302674
Low (<=15 cP),952,2.4899930414052078
Low (<=15 cP),953,0.91458365854028301
Low (<=15 cP),954,3.4091439066457521
Low (<=15 cP),955,2.1135200588250873
Low (<=15 cP),956,1.0325458981940159
Low (<=15 cP),957,2.0420907086811266
Low (<=15 cP),958,2.6982002313773767
Low (<=15 cP),959,1.5062197288792709
Low (<=15 cP),960,1.7107550745277655
Low (<=15 cP),961,2.1956587142616875
Low (<=15 cP),962,2.3041460336594186
Low (<=15 cP),963,2.179408285375545
Low (<=15 cP),964,2.6193167221595082
Low (<=15 cP),965,1.9076340191504426
Low (<=15 cP),966,3.069980266834079
Low (<=15 cP),967,1.6652917146474029
Low (<=15 cP),968,2.3626766550698841
Low (<=15 cP),969,2.1448353343081408
Low (<=15 cP),970,2.953482649928846
Low (<=15 cP),971,1.5626567310489896
Low (<=15 cP),972,2.2964229760353074
Low (<=15 cP),973,2.5240051087990665
Low (<=15 cP),974,2.2226676213818584
Low (<=15 cP),975,2.240081668854971
Low (<=15 cP),976,2.1511861522614684
Low (<=15 cP),977,2.3943871897721856
Low (<=15 cP),978,3.1501163846961955
Low (<=15 cP),979,2.2147431973061158
Low (<=15 cP),980,1.867744285980494
Low (<=15 cP),981,2.6711618052542909
Low (<=15 cP),982,2.2825577693304466
Low (<=15 cP),983,2.6960505248106248
Low (<=15 cP),984,2.6228694751900066
Low (<=15 cP),985,1.7040537323990954
Low (<=15 cP),986,2.4721287122635398
Low (<=15 cP),987,3.2210217812355206
Low (<=15 cP),988,2.1822088901327548
Low (<=15 cP),989,2.3337252690183536
Low (<=15 cP),990,2.5378029620169351
Low (<=15 cP),991,2.0625047287227352
Low (<=15 cP),992,2.8985192280271943
Low (<=15 cP),993,2.7683590950579502
Low (<=15 cP),994,2.1832944948734996
Low (<=15 cP),995,2.2475313076678791
Low (<=15 cP),996,2.1182967538826034
Low (<=15 cP),997,1.6926007391685729
Low (<=15 cP),998,2.8588822924271229
Low (<=15 cP),999,2.6547619758438805
Low (<=15 cP),1000,2.77110883505827
Mid (>15 to <=30 cP),1,6.9189665565631504
Mid (>15 to <=30 cP),2,5.0773719496102832
Mid (>15 to <=30 cP),3,5.150313158389821
Mid (>15 to <=30 cP),4,5.275644563897445
Mid (>15 to <=30 cP),5,8.2717616953503939
Mid (>15 to <=30 cP),6,6.766445491711286
Mid (>15 to <=30 cP),7,5.9625340150927997
Mid (>15 to <=30 cP),8,2.4250045261550879
Mid (>15 to <=30 cP),9,2.8893774321725427
Mid (>15 to <=30 cP),10,5.3668715221803724
Mid (>15 to <=30 cP),11,3.6687081629626332
Mid (>15 to <=30 cP),12,5.275644563897445
Mid (>15 to <=30 cP),13,6.7523709839383086
Mid (>15 to <=30 cP),14,5.3058859358810819
Mid (>15 to <=30 cP),15,2.8562617628606795
Mid (>15 to <=30 cP),16,1.9691582735035111
Mid (>15 to <=30 cP),17,5.0960746268336115
Mid (>15 to <=30 cP),18,3.0446230164721539
Mid (>15 to <=30 cP),19,5.3412347144877144
Mid (>15 to <=30 cP),20,5.0363251057596878
Mid (>15 to <=30 cP),21,8.7075500493091624
Mid (>15 to <=30 cP),22,6.7286338810141846
Mid (>15 to <=30 cP),23,5.3580009884103852
Mid (>15 to <=30 cP),24,6.0550235289047931
Mid (>15 to <=30 cP),25,8.2523961092925013
Mid (>15 to <=30 cP),26,1.7456556414537576
Mid (>15 to <=30 cP),27,5.0912002119472115
Mid (>15 to <=30 cP),28,5.2799530210257233
Mid (>15 to <=30 cP),29,2.1802140567690431
Mid (>15 to <=30 cP),30,2.8562617628606795
Mid (>15 to <=30 cP),31,5.2666203794080948
Mid (>15 to <=30 cP),32,1.8981735025453628
Mid (>15 to <=30 cP),33,6.7594119010839986
Mid (>15 to <=30 cP),34,7.3874976694906191
Mid (>15 to <=30 cP),35,3.2812649900758286
Mid (>15 to <=30 cP),36,0.99729332126912218
Mid (>15 to <=30 cP),37,2.5091397521175782
Mid (>15 to <=30 cP),38,5.3191201573213833
Mid (>15 to <=30 cP),39,7.0950654122787808
Mid (>15 to <=30 cP),40,3.2451426637162393
Mid (>15 to <=30 cP),41,5.9625340150927997
Mid (>15 to <=30 cP),42,5.5876209539606378
Mid (>15 to <=30 cP),43,5.0457611828830471
Mid (>15 to <=30 cP),44,5.1098522763089083
Mid (>15 to <=30 cP),45,5.0551796465084538
Mid (>15 to <=30 cP),46,5.0690684491250781
Mid (>15 to <=30 cP),47,4.9231348704220972
Mid (>15 to <=30 cP),48,2.4445413262321138
Mid (>15 to <=30 cP),49,8.370162832990367
Mid (>15 to <=30 cP),50,5.0234292329516617
Mid (>15 to <=30 cP),51,5.2120749831025384
Mid (>15 to <=30 cP),52,5.2979405991202517
Mid (>15 to <=30 cP),53,3.1954578557495212
Mid (>15 to <=30 cP),54,5.1180896102426079
Mid (>15 to <=30 cP),55,5.3580009884103852
Mid (>15 to <=30 cP),56,6.9291205714925574
Mid (>15 to <=30 cP),57,7.1341223869331447
Mid (>15 to <=30 cP),58,3.1954578557495212
Mid (>15 to <=30 cP),59,0.87734218662503438
Mid (>15 to <=30 cP),60,7.1049677612186715
Mid (>15 to <=30 cP),61,5.2361522343030344
Mid (>15 to <=30 cP),62,7.1565146706857705
Mid (>15 to <=30 cP),63,5.1098522763089083
Mid (>15 to <=30 cP),64,5.2361522343030344
Mid (>15 to <=30 cP),65,5.2270598692776291
Mid (>15 to <=30 cP),66,2.3981070950732502
Mid (>15 to <=30 cP),67,5.1005347701898209
Mid (>15 to <=30 cP),68,2.5280264317132173
Mid (>15 to <=30 cP),69,3.0893771172801152
Mid (>15 to <=30 cP),70,7.1175805723935897
Mid (>15 to <=30 cP),71,2.0488006994598882
Mid (>15 to <=30 cP),72,3.0371452011344462
Mid (>15 to <=30 cP),73,5.275644563897445
Mid (>15 to <=30 cP),74,5.3580009884103852
Mid (>15 to <=30 cP),75,2.2157984070900185
Mid (>15 to <=30 cP),76,5.3191201573213833
Mid (>15 to <=30 cP),77,2.4445413262321143
Mid (>15 to <=30 cP),78,5.5086984758574316
Mid (>15 to <=30 cP),79,4.8905272673164806
Mid (>15 to <=30 cP),80,3.0371452011344462
Mid (>15 to <=30 cP),81,5.5503488702383379
Mid (>15 to <=30 cP),82,8.2717616953503939
Mid (>15 to <=30 cP),83,5.5086984758574324
Mid (>15 to <=30 cP),84,3.1780497164141397
Mid (>15 to <=30 cP),85,5.0867318838792093
Mid (>15 to <=30 cP),86,2.8166232623061247
Mid (>15 to <=30 cP),87,2.8315397886199647
Mid (>15 to <=30 cP),88,2.5280264317132173
Mid (>15 to <=30 cP),89,2.4250045261550879
Mid (>15 to <=30 cP),90,6.9658439963761269
Mid (>15 to <=30 cP),91,6.9726693543888434
Mid (>15 to <=30 cP),92,5.5674629113200202
Mid (>15 to <=30 cP),93,5.5674629113200202
Mid (>15 to <=30 cP),94,1.9565089578075872
Mid (>15 to <=30 cP),95,8.5377373574095525
Mid (>15 to <=30 cP),96,5.4872588667464921
Mid (>15 to <=30 cP),97,5.7601295325059594
Mid (>15 to <=30 cP),98,4.932787477294152
Mid (>15 to <=30 cP),99,5.5000566864469675
Mid (>15 to <=30 cP),100,2.5181859810813547
Mid (>15 to <=30 cP),101,5.0867318838792093
Mid (>15 to <=30 cP),102,4.9002441057716704
Mid (>15 to <=30 cP),103,5.5961275243621813
Mid (>15 to <=30 cP),104,5.3711068016981995
Mid (>15 to <=30 cP),105,7.1729666985820213
Mid (>15 to <=30 cP),106,6.9026975563632611
Mid (>15 to <=30 cP),107,2.9280311818291818
Mid (>15 to <=30 cP),108,3.6116871737741438
Mid (>15 to <=30 cP),109,5.5674629113200202
Mid (>15 to <=30 cP),110,2.307574034488745
Mid (>15 to <=30 cP),111,2.9680154361104649
Mid (>15 to <=30 cP),112,6.932702856635883
Mid (>15 to <=30 cP),113,2.4250045261550879
Mid (>15 to <=30 cP),114,3.1954578557495212
Mid (>15 to <=30 cP),115,6.7523709839383086
Mid (>15 to <=30 cP),116,5.1410689827796832
Mid (>15 to <=30 cP),117,5.4872588667464921
Mid (>15 to <=30 cP),118,6.7900504116169857
Mid (>15 to <=30 cP),119,2.5091397521175782
Mid (>15 to <=30 cP),120,5.8911565612775334
Mid (>15 to <=30 cP),121,8.5377373574095525
Mid (>15 to <=30 cP),122,5.546250466909874
Mid (>15 to <=30 cP),123,7.0950654122787808
Mid (>15 to <=30 cP),124,6.9489016077811412
Mid (>15 to <=30 cP),125,9.616237213532294
Mid (>15 to <=30 cP),126,5.1180896102426079
Mid (>15 to <=30 cP),127,1.8089163260790506
Mid (>15 to <=30 cP),128,5.5086984758574324
Mid (>15 to <=30 cP),129,1.7993288487953862
Mid (>15 to <=30 cP),130,2.9442319788950049
Mid (>15 to <=30 cP),131,5.069068449125079
Mid (>15 to <=30 cP),132,2.5446352611356033
Mid (>15 to <=30 cP),133,1.7726953946810289
Mid (>15 to <=30 cP),134,6.7594119010839986
Mid (>15 to <=30 cP),135,7.0883579100332295
Mid (>15 to <=30 cP),136,3.3914355778757361
Mid (>15 to <=30 cP),137,5.7200068660627785
Mid (>15 to <=30 cP),138,7.536452608862696
Mid (>15 to <=30 cP),139,5.5961275243621813
Mid (>15 to <=30 cP),140,4.7913731802444683
Mid (>15 to <=30 cP),141,8.6434906031517151
Mid (>15 to <=30 cP),142,5.0773719496102832
Mid (>15 to <=30 cP),143,4.8246509668955317
Mid (>15 to <=30 cP),144,5.2799530210257233
Mid (>15 to <=30 cP),145,6.9658439963761269
Mid (>15 to <=30 cP),146,6.7900504116169857
Mid (>15 to <=30 cP),147,5.3412347144877153
Mid (>15 to <=30 cP),148,5.7683817119735865
Mid (>15 to <=30 cP),149,8.3976329721068037
Mid (>15 to <=30 cP),150,2.5742312768410422
Mid (>15 to <=30 cP),151,5.5961275243621813
Mid (>15 to <=30 cP),152,5.3280554231170179
Mid (>15 to <=30 cP),153,1.6800145720568409
Mid (>15 to <=30 cP),154,5.0867318838792093
Mid (>15 to <=30 cP),155,2.8893774321725427
Mid (>15 to <=30 cP),156,1.9230699388086041
Mid (>15 to <=30 cP),157,5.2979405991202526
Mid (>15 to <=30 cP),158,5.3711068016981995
Mid (>15 to <=30 cP),159,7.1274516405203796
Mid (>15 to <=30 cP),160,5.3280554231170179
Mid (>15 to <=30 cP),161,1.9806722711658609
Mid (>15 to <=30 cP),162,5.2979405991202517
Mid (>15 to <=30 cP),163,3.3439251305735493
Mid (>15 to <=30 cP),164,3.7006983951971364
Mid (>15 to <=30 cP),165,5.4184000371711818
Mid (>15 to <=30 cP),166,5.3191201573213833
Mid (>15 to <=30 cP),167,5.0867318838792093
Mid (>15 to <=30 cP),168,5.6371319793283181
Mid (>15 to <=30 cP),169,6.9026975563632611
Mid (>15 to <=30 cP),170,5.3148434509743243
Mid (>15 to <=30 cP),171,7.2634806528319462
Mid (>15 to <=30 cP),172,5.350133046853383
Mid (>15 to <=30 cP),173,5.2799530210257233
Mid (>15 to <=30 cP),174,1.8981735025453628
Mid (>15 to <=30 cP),175,5.5173267296488788
Mid (>15 to <=30 cP),176,5.1005347701898209
Mid (>15 to <=30 cP),177,6.9557435906168452
Mid (>15 to <=30 cP),178,5.4959207794938232
Mid (>15 to <=30 cP),179,5.6738340032248029
Mid (>15 to <=30 cP),180,3.0602066361956664
Mid (>15 to <=30 cP),181,5.245228838151931
Mid (>15 to <=30 cP),182,5.2979405991202526
Mid (>15 to <=30 cP),183,8.2775103073599379
Mid (>15 to <=30 cP),184,1.9448519126975528
Mid (>15 to <=30 cP),185,2.8972366636514173
Mid (>15 to <=30 cP),186,1.7456556414537574
Mid (>15 to <=30 cP),187,2.5091397521175782
Mid (>15 to <=30 cP),188,5.7960527581304273
Mid (>15 to <=30 cP),189,8.3949247283437476
Mid (>15 to <=30 cP),190,7.1565146706857705
Mid (>15 to <=30 cP),191,4.7949818478294572
Mid (>15 to <=30 cP),192,5.2361522343030344
Mid (>15 to <=30 cP),193,5.3148434509743243
Mid (>15 to <=30 cP),194,5.3069115251331125
Mid (>15 to <=30 cP),195,2.2371629186643212
Mid (>15 to <=30 cP),196,8.4279600273009923
Mid (>15 to <=30 cP),197,5.2889544569813287
Mid (>15 to <=30 cP),198,1.9806722711658609
Mid (>15 to <=30 cP),199,3.3296696435378283
Mid (>15 to <=30 cP),200,5.3369757293424769
Mid (>15 to <=30 cP),201,7.2700265843976117
Mid (>15 to <=30 cP),202,8.6434906031517151
Mid (>15 to <=30 cP),203,5.2846533385232242
Mid (>15 to <=30 cP),204,3.2597678217405806
Mid (>15 to <=30 cP),205,6.9291205714925574
Mid (>15 to <=30 cP),206,5.546250466909874
Mid (>15 to <=30 cP),207,2.3958366531194613
Mid (>15 to <=30 cP),208,6.9658439963761269
Mid (>15 to <=30 cP),209,5.2846533385232251
Mid (>15 to <=30 cP),210,5.3887901205016941
Mid (>15 to <=30 cP),211,5.5674629113200202
Mid (>15 to <=30 cP),212,2.4639232210928692
Mid (>15 to <=30 cP),213,2.9519451697492616
Mid (>15 to <=30 cP),214,2.9280311818291818
Mid (>15 to <=30 cP),215,5.1318081552134558
Mid (>15 to <=30 cP),216,5.1410689827796832
Mid (>15 to <=30 cP),217,2.3781888687942057
Mid (>15 to <=30 cP),218,5.2361522343030344
Mid (>15 to <=30 cP),219,6.9428367820257257
Mid (>15 to <=30 cP),220,6.9658439963761269
Mid (>15 to <=30 cP),221,7.0657496319025244
Mid (>15 to <=30 cP),222,2.0828341243481989
Mid (>15 to <=30 cP),223,2.8166232623061247
Mid (>15 to <=30 cP),224,5.3280554231170179
Mid (>15 to <=30 cP),225,2.6809227678114858
Mid (>15 to <=30 cP),226,1.9202379067551316
Mid (>15 to <=30 cP),227,7.1341223869331447
Mid (>15 to <=30 cP),228,6.9726693543888434
Mid (>15 to <=30 cP),229,1.5626604196649163
Mid (>15 to <=30 cP),230,5.5876209539606378
Mid (>15 to <=30 cP),231,7.2634806528319462
Mid (>15 to <=30 cP),232,5.150313158389821
Mid (>15 to <=30 cP),233,7.0883579100332303
Mid (>15 to <=30 cP),234,2.8334611247638453
Mid (>15 to <=30 cP),235,4.8577007886824397
Mid (>15 to <=30 cP),236,5.7683817119735865
Mid (>15 to <=30 cP),237,7.1373090567383066
Mid (>15 to <=30 cP),238,2.461713482197037
Mid (>15 to <=30 cP),239,5.3058859358810819
Mid (>15 to <=30 cP),240,6.7900504116169857
Mid (>15 to <=30 cP),241,5.2666203794080948
Mid (>15 to <=30 cP),242,5.5876209539606378
Mid (>15 to <=30 cP),243,6.9291205714925566
Mid (>15 to <=30 cP),244,8.3758439093954795
Mid (>15 to <=30 cP),245,3.0214426403607257
Mid (>15 to <=30 cP),246,6.9887754708424659
Mid (>15 to <=30 cP),247,6.9026975563632611
Mid (>15 to <=30 cP),248,2.6956755492207627
Mid (>15 to <=30 cP),249,5.5086984758574316
Mid (>15 to <=30 cP),250,5.5750241471851938
Mid (>15 to <=30 cP),251,7.0657496319025244
Mid (>15 to <=30 cP),252,1.7726953946810291
Mid (>15 to <=30 cP),253,5.3369757293424769
Mid (>15 to <=30 cP),254,5.8911565612775334
Mid (>15 to <=30 cP),255,8.4032954772517279
Mid (>15 to <=30 cP),256,8.3701628329903688
Mid (>15 to <=30 cP),257,2.61754299351179
Mid (>15 to <=30 cP),258,8.54330700185184
Mid (>15 to <=30 cP),259,6.9590119440956082
Mid (>15 to <=30 cP),260,2.9980830451386757
Mid (>15 to <=30 cP),261,7.1663321103045918
Mid (>15 to <=30 cP),262,6.9189665565631504
Mid (>15 to <=30 cP),263,5.2666203794080948
Mid (>15 to <=30 cP),264,3.9965926635475366
Mid (>15 to <=30 cP),265,5.5961275243621813
Mid (>15 to <=30 cP),266,2.5370053171206921
Mid (>15 to <=30 cP),267,5.3280554231170179
Mid (>15 to <=30 cP),268,2.61754299351179
Mid (>15 to <=30 cP),269,1.7726953946810289
Mid (>15 to <=30 cP),270,5.5750241471851938
Mid (>15 to <=30 cP),271,5.5876209539606387
Mid (>15 to <=30 cP),272,2.5556860767478193
Mid (>15 to <=30 cP),273,1.7456556414537576
Mid (>15 to <=30 cP),274,6.9258381120715873
Mid (>15 to <=30 cP),275,2.8728673136370215
Mid (>15 to <=30 cP),276,5.0551796465084529
Mid (>15 to <=30 cP),277,6.9726693543888434
Mid (>15 to <=30 cP),278,8.2775103073599379
Mid (>15 to <=30 cP),279,5.3280554231170179
Mid (>15 to <=30 cP),280,3.4260158064590609
Mid (>15 to <=30 cP),281,7.1049677612186715
Mid (>15 to <=30 cP),282,2.9136086952420355
Mid (>15 to <=30 cP),283,1.9806722711658609
Mid (>15 to <=30 cP),284,1.7993288487953858
Mid (>15 to <=30 cP),285,6.7900504116169857
Mid (>15 to <=30 cP),286,7.1274516405203814
Mid (>15 to <=30 cP),287,5.7601295325059603
Mid (>15 to <=30 cP),288,5.1005347701898209
Mid (>15 to <=30 cP),289,0.99729332126912218
Mid (>15 to <=30 cP),290,5.1812860980149829
Mid (>15 to <=30 cP),291,4.8478986796943273
Mid (>15 to <=30 cP),292,3.0214426403607257
Mid (>15 to <=30 cP),293,4.8674831582810834
Mid (>15 to <=30 cP),294,2.5091397521175782
Mid (>15 to <=30 cP),295,7.3678208849224882
Mid (>15 to <=30 cP),296,7.1341223869331447
Mid (>15 to <=30 cP),297,5.336975729342476
Mid (>15 to <=30 cP),298,2.9680154361104654
Mid (>15 to <=30 cP),299,2.3581024048740256
Mid (>15 to <=30 cP),300,7.3016368179532183
Mid (>15 to <=30 cP),301,7.0950654122787808
Mid (>15 to <=30 cP),302,3.2667360761643001
Mid (>15 to <=30 cP),303,3.6116871737741438
Mid (>15 to <=30 cP),304,4.7814350992753205
Mid (>15 to <=30 cP),305,8.370162832990367
Mid (>15 to <=30 cP),306,1.8607656924834273
Mid (>15 to <=30 cP),307,6.9291205714925574
Mid (>15 to <=30 cP),308,2.4445413262321143
Mid (>15 to <=30 cP),309,5.3412347144877153
Mid (>15 to <=30 cP),310,5.3711068016981995
Mid (>15 to <=30 cP),311,3.4260158064590609
Mid (>15 to <=30 cP),312,1.9476481543988708
Mid (>15 to <=30 cP),313,7.0657496319025244
Mid (>15 to <=30 cP),314,5.6738340032248029
Mid (>15 to <=30 cP),315,6.0089567237886357
Mid (>15 to <=30 cP),316,7.1341223869331447
Mid (>15 to <=30 cP),317,5.0867318838792093
Mid (>15 to <=30 cP),318,6.9658439963761269
Mid (>15 to <=30 cP),319,5.7683817119735865
Mid (>15 to <=30 cP),320,5.5503488702383379
Mid (>15 to <=30 cP),321,5.5086984758574324
Mid (>15 to <=30 cP),322,7.1049677612186715
Mid (>15 to <=30 cP),323,4.8577007886824397
Mid (>15 to <=30 cP),324,2.3781888687942052
Mid (>15 to <=30 cP),325,7.2920015453816243
Mid (>15 to <=30 cP),326,5.5589124768375333
Mid (>15 to <=30 cP),327,6.9590119440956082
Mid (>15 to <=30 cP),328,5.3191201573213833
Mid (>15 to <=30 cP),329,2.5113077602449807
Mid (>15 to <=30 cP),330,5.7601295325059594
Mid (>15 to <=30 cP),331,5.3887901205016941
Mid (>15 to <=30 cP),332,8.5051284621033609
Mid (>15 to <=30 cP),333,2.0598695700857688
Mid (>15 to <=30 cP),334,0.67061860429904341
Mid (>15 to <=30 cP),335,5.5876209539606387
Mid (>15 to <=30 cP),336,2.5993068266556496
Mid (>15 to <=30 cP),337,4.8048919097933931
Mid (>15 to <=30 cP),338,2.61754299351179
Mid (>15 to <=30 cP),339,1.8350241465820905
Mid (>15 to <=30 cP),340,3.4543865138042475
Mid (>15 to <=30 cP),341,1.9448519126975528
Mid (>15 to <=30 cP),342,5.4959207794938232
Mid (>15 to <=30 cP),343,5.5376672794520614
Mid (>15 to <=30 cP),344,5.8437981315457268
Mid (>15 to <=30 cP),345,7.1663321103045909
Mid (>15 to <=30 cP),346,2.4445413262321138
Mid (>15 to <=30 cP),347,2.8334611247638453
Mid (>15 to <=30 cP),348,2.880771587860099
Mid (>15 to <=30 cP),349,2.61754299351179
Mid (>15 to <=30 cP),350,5.3280554231170179
Mid (>15 to <=30 cP),351,5.7960527581304273
Mid (>15 to <=30 cP),352,1.8607656924834275
Mid (>15 to <=30 cP),353,8.3949247283437476
Mid (>15 to <=30 cP),354,2.4053090462742337
Mid (>15 to <=30 cP),355,5.6171516176929028
Mid (>15 to <=30 cP),356,2.9280311818291818
Mid (>15 to <=30 cP),357,2.8562617628606795
Mid (>15 to <=30 cP),358,2.9442319788950044
Mid (>15 to <=30 cP),359,5.1180896102426079
Mid (>15 to <=30 cP),360,7.4994912426382188
Mid (>15 to <=30 cP),361,7.0657496319025244
Mid (>15 to <=30 cP),362,2.4538257141277708
Mid (>15 to <=30 cP),363,2.61754299351179
Mid (>15 to <=30 cP),364,8.370162832990367
Mid (>15 to <=30 cP),365,6.932702856635883
Mid (>15 to <=30 cP),366,7.1274516405203796
Mid (>15 to <=30 cP),367,3.4925918727428384
Mid (>15 to <=30 cP),368,3.0757112998459388
Mid (>15 to <=30 cP),369,7.0883579100332303
Mid (>15 to <=30 cP),370,5.5876209539606378
Mid (>15 to <=30 cP),371,3.1954578557495212
Mid (>15 to <=30 cP),372,3.0602066361956664
Mid (>15 to <=30 cP),373,5.2889544569813287
Mid (>15 to <=30 cP),374,5.3280554231170179
Mid (>15 to <=30 cP),375,5.4184000371711818
Mid (>15 to <=30 cP),376,2.6956755492207627
Mid (>15 to <=30 cP),377,3.3296696435378283
Mid (>15 to <=30 cP),378,6.9557435906168452
Mid (>15 to <=30 cP),379,2.61754299351179
Mid (>15 to <=30 cP),380,6.7523709839383086
Mid (>15 to <=30 cP),381,1.9691582735035109
Mid (>15 to <=30 cP),382,5.3711068016981995
Mid (>15 to <=30 cP),383,2.9680154361104654
Mid (>15 to <=30 cP),384,2.5370053171206921
Mid (>15 to <=30 cP),385,5.7601295325059603
Mid (>15 to <=30 cP),386,1.7854767716162905
Mid (>15 to <=30 cP),387,6.9955784553983333
Mid (>15 to <=30 cP),388,3.1733794642981681
Mid (>15 to <=30 cP),389,8.5620146302076972
Mid (>15 to <=30 cP),390,5.1584858827234692
Mid (>15 to <=30 cP),391,5.1318081552134549
Mid (>15 to <=30 cP),392,5.1318081552134558
Mid (>15 to <=30 cP),393,5.2666203794080948
Mid (>15 to <=30 cP),394,5.7200068660627785
Mid (>15 to <=30 cP),395,5.3369757293424769
Mid (>15 to <=30 cP),396,5.2889544569813287
Mid (>15 to <=30 cP),397,2.2371629186643212
Mid (>15 to <=30 cP),398,5.1005347701898209
Mid (>15 to <=30 cP),399,3.1272991542223769
Mid (>15 to <=30 cP),400,4.771476319211696
Mid (>15 to <=30 cP),401,5.2799530210257233
Mid (>15 to <=30 cP),402,5.4667307611105187
Mid (>15 to <=30 cP),403,3.2812649900758286
Mid (>15 to <=30 cP),404,7.1049677612186715
Mid (>15 to <=30 cP),405,5.2542897625049818
Mid (>15 to <=30 cP),406,8.364477898051339
Mid (>15 to <=30 cP),407,6.8958029417058695
Mid (>15 to <=30 cP),408,2.9280311818291818
Mid (>15 to <=30 cP),409,2.7996841353945618
Mid (>15 to <=30 cP),410,7.3081485730021933
Mid (>15 to <=30 cP),411,5.0234292329516617
Mid (>15 to <=30 cP),412,5.8081702160382083
Mid (>15 to <=30 cP),413,2.5091397521175782
Mid (>15 to <=30 cP),414,5.1191528234155435
Mid (>15 to <=30 cP),415,3.0602066361956664
Mid (>15 to <=30 cP),416,5.3580009884103852
Mid (>15 to <=30 cP),417,5.150313158389821
Mid (>15 to <=30 cP),418,9.518905881696698
Mid (>15 to <=30 cP),419,2.9916098195506708
Mid (>15 to <=30 cP),420,8.2523961092924996
Mid (>15 to <=30 cP),421,6.9258381120715873
Mid (>15 to <=30 cP),422,5.3148434509743243
Mid (>15 to <=30 cP),423,5.275644563897445
Mid (>15 to <=30 cP),424,1.8350241465820909
Mid (>15 to <=30 cP),425,8.5620146302076972
Mid (>15 to <=30 cP),426,5.275644563897445
Mid (>15 to <=30 cP),427,4.9327874772941511
Mid (>15 to <=30 cP),428,5.5589124768375333
Mid (>15 to <=30 cP),429,5.0867318838792084
Mid (>15 to <=30 cP),430,8.3949247283437476
Mid (>15 to <=30 cP),431,5.4096139990791086
Mid (>15 to <=30 cP),432,6.9489016077811412
Mid (>15 to <=30 cP),433,2.5556860767478198
Mid (>15 to <=30 cP),434,1.9202379067551316
Mid (>15 to <=30 cP),435,1.8981735025453628
Mid (>15 to <=30 cP),436,3.3439251305735493
Mid (>15 to <=30 cP),437,6.9258381120715873
Mid (>15 to <=30 cP),438,5.2979405991202517
Mid (>15 to <=30 cP),439,6.9557435906168452
Mid (>15 to <=30 cP),440,3.0214426403607257
Mid (>15 to <=30 cP),441,5.0867318838792093
Mid (>15 to <=30 cP),442,5.0596758392343011
Mid (>15 to <=30 cP),443,8.4089541693235148
Mid (>15 to <=30 cP),444,7.1049677612186715
Mid (>15 to <=30 cP),445,3.7006983951971359
Mid (>15 to <=30 cP),446,7.2920015453816243
Mid (>15 to <=30 cP),447,6.7594119010839986
Mid (>15 to <=30 cP),448,5.0551796465084538
Mid (>15 to <=30 cP),449,5.3280554231170179
Mid (>15 to <=30 cP),450,1.7080937638511913
Mid (>15 to <=30 cP),451,7.0883579100332295
Mid (>15 to <=30 cP),452,4.8478986796943273
Mid (>15 to <=30 cP),453,6.9489016077811412
Mid (>15 to <=30 cP),454,2.9442319788950044
Mid (>15 to <=30 cP),455,5.8163542363113789
Mid (>15 to <=30 cP),456,2.8893774321725423
Mid (>15 to <=30 cP),457,2.7826418947101326
Mid (>15 to <=30 cP),458,2.4901098272712114
Mid (>15 to <=30 cP),459,6.9189665565631504
Mid (>15 to <=30 cP),460,1.3508755147000018
Mid (>15 to <=30 cP),461,8.2717616953503921
Mid (>15 to <=30 cP),462,5.5750241471851938
Mid (>15 to <=30 cP),463,5.3280554231170179
Mid (>15 to <=30 cP),464,4.771476319211696
Mid (>15 to <=30 cP),465,2.4156093666432623
Mid (>15 to <=30 cP),466,3.7436838290932983
Mid (>15 to <=30 cP),467,3.1120515188884639
Mid (>15 to <=30 cP),468,8.675579452347721
Mid (>15 to <=30 cP),469,7.2537946973030598
Mid (>15 to <=30 cP),470,5.3323215330158646
Mid (>15 to <=30 cP),471,7.0883579100332295
Mid (>15 to <=30 cP),472,5.0551796465084538
Mid (>15 to <=30 cP),473,5.5961275243621813
Mid (>15 to <=30 cP),474,1.8729461556545961
Mid (>15 to <=30 cP),475,9.6500208558289309
Mid (>15 to <=30 cP),476,5.2799530210257233
Mid (>15 to <=30 cP),477,7.4994912426382188
Mid (>15 to <=30 cP),478,3.412103304755489
Mid (>15 to <=30 cP),479,5.0551796465084529
Mid (>15 to <=30 cP),480,4.8478986796943273
Mid (>15 to <=30 cP),481,5.336975729342476
Mid (>15 to <=30 cP),482,7.0950654122787808
Mid (>15 to <=30 cP),483,5.0457611828830471
Mid (>15 to <=30 cP),484,2.8562617628606795
Mid (>15 to <=30 cP),485,4.880791084299962
Mid (>15 to <=30 cP),486,6.7900504116169857
Mid (>15 to <=30 cP),487,1.9476481543988708
Mid (>15 to <=30 cP),488,5.5876209539606378
Mid (>15 to <=30 cP),489,1.0439010070078467
Mid (>15 to <=30 cP),490,2.307574034488745
Mid (>15 to <=30 cP),491,5.2979405991202517
Mid (>15 to <=30 cP),492,5.5876209539606378
Mid (>15 to <=30 cP),493,7.0982696161932779
Mid (>15 to <=30 cP),494,3.3648846878196776
Mid (>15 to <=30 cP),495,5.1812860980149829
Mid (>15 to <=30 cP),496,3.2451426637162393
Mid (>15 to <=30 cP),497,8.5377373574095543
Mid (>15 to <=30 cP),498,5.0773719496102832
Mid (>15 to <=30 cP),499,6.935982067311401
Mid (>15 to <=30 cP),500,5.3191201573213833
Mid (>15 to <=30 cP),501,2.913608695242035
Mid (>15 to <=30 cP),502,3.1272991542223769
Mid (>15 to <=30 cP),503,5.3580009884103852
Mid (>15 to <=30 cP),504,2.5091397521175782
Mid (>15 to <=30 cP),505,5.0878016499745087
Mid (>15 to <=30 cP),506,9.7957253866810028
Mid (>15 to <=30 cP),507,7.1341223869331447
Mid (>15 to <=30 cP),508,1.5928097598179551
Mid (>15 to <=30 cP),509,8.2523961092924996
Mid (>15 to <=30 cP),510,2.5556860767478193
Mid (>15 to <=30 cP),511,2.307574034488745
Mid (>15 to <=30 cP),512,3.7436838290932983
Mid (>15 to <=30 cP),513,3.5339121684018497
Mid (>15 to <=30 cP),514,3.0893771172801152
Mid (>15 to <=30 cP),515,5.6738340032248029
Mid (>15 to <=30 cP),516,2.913608695242035
Mid (>15 to <=30 cP),517,5.5376672794520614
Mid (>15 to <=30 cP),518,2.5556860767478193
Mid (>15 to <=30 cP),519,5.2889544569813287
Mid (>15 to <=30 cP),520,5.1098522763089083
Mid (>15 to <=30 cP),521,5.3711068016981995
Mid (>15 to <=30 cP),522,2.880771587860099
Mid (>15 to <=30 cP),523,5.1098522763089083
Mid (>15 to <=30 cP),524,5.3280554231170179
Mid (>15 to <=30 cP),525,1.8607656924834273
Mid (>15 to <=30 cP),526,6.8889014267193085
Mid (>15 to <=30 cP),527,5.0551796465084538
Mid (>15 to <=30 cP),528,6.935982067311401
Mid (>15 to <=30 cP),529,7.3300092472707021
Mid (>15 to <=30 cP),530,2.3581024048740256
Mid (>15 to <=30 cP),531,2.9839991576362741
Mid (>15 to <=30 cP),532,6.932702856635883
Mid (>15 to <=30 cP),533,5.0867318838792093
Mid (>15 to <=30 cP),534,4.8246509668955326
Mid (>15 to <=30 cP),535,5.2889544569813287
Mid (>15 to <=30 cP),536,5.2889544569813287
Mid (>15 to <=30 cP),537,7.2700265843976117
Mid (>15 to <=30 cP),538,2.7826418947101326
Mid (>15 to <=30 cP),539,5.1410689827796832
Mid (>15 to <=30 cP),540,9.6450903144630704
Mid (>15 to <=30 cP),541,7.1049677612186715
Mid (>15 to <=30 cP),542,2.4922943892892473
Mid (>15 to <=30 cP),543,3.3439251305735493
Mid (>15 to <=30 cP),544,2.307574034488745
Mid (>15 to <=30 cP),545,6.9658439963761269
Mid (>15 to <=30 cP),546,7.1274516405203814
Mid (>15 to <=30 cP),547,5.0867318838792093
Mid (>15 to <=30 cP),548,6.9489016077811412
Mid (>15 to <=30 cP),549,2.7996841353945618
Mid (>15 to <=30 cP),550,5.3058859358810819
Mid (>15 to <=30 cP),551,7.0883579100332303
Mid (>15 to <=30 cP),552,5.4184000371711818
Mid (>15 to <=30 cP),553,4.880791084299962
Mid (>15 to <=30 cP),554,7.0982696161932779
Mid (>15 to <=30 cP),555,5.2979405991202526
Mid (>15 to <=30 cP),556,4.771476319211696
Mid (>15 to <=30 cP),557,6.9258381120715873
Mid (>15 to <=30 cP),558,5.546250466909874
Mid (>15 to <=30 cP),559,2.8728673136370211
Mid (>15 to <=30 cP),560,2.61754299351179
Mid (>15 to <=30 cP),561,7.1274516405203796
Mid (>15 to <=30 cP),562,6.7830412978630763
Mid (>15 to <=30 cP),563,4.8905272673164806
Mid (>15 to <=30 cP),564,1.7726953946810291
Mid (>15 to <=30 cP),565,7.0184127782307968
Mid (>15 to <=30 cP),566,5.6171516176929028
Mid (>15 to <=30 cP),567,6.9258381120715873
Mid (>15 to <=30 cP),568,5.6455639484598876
Mid (>15 to <=30 cP),569,5.5961275243621813
Mid (>15 to <=30 cP),570,4.8577007886824397
Mid (>15 to <=30 cP),571,5.1005347701898209
Mid (>15 to <=30 cP),572,5.3799557264937281
Mid (>15 to <=30 cP),573,2.4731348485472164
Mid (>15 to <=30 cP),574,5.3711068016981995
Mid (>15 to <=30 cP),575,2.9280311818291818
Mid (>15 to <=30 cP),576,2.8728673136370211
Mid (>15 to <=30 cP),577,5.3580009884103852
Mid (>15 to <=30 cP),578,2.7744580686213292
Mid (>15 to <=30 cP),579,5.5086984758574316
Mid (>15 to <=30 cP),580,7.0883579100332295
Mid (>15 to <=30 cP),581,3.3648846878196776
Mid (>15 to <=30 cP),582,5.2452288381519319
Mid (>15 to <=30 cP),583,2.4445413262321138
Mid (>15 to <=30 cP),584,8.3758439093954795
Mid (>15 to <=30 cP),585,2.8562617628606795
Mid (>15 to <=30 cP),586,2.6779714940384749
Mid (>15 to <=30 cP),587,2.3581024048740256
Mid (>15 to <=30 cP),588,5.275644563897445
Mid (>15 to <=30 cP),589,5.8081702160382083
Mid (>15 to <=30 cP),590,5.4959207794938232
Mid (>15 to <=30 cP),591,5.5750241471851938
Mid (>15 to <=30 cP),592,3.0757112998459388
Mid (>15 to <=30 cP),593,6.9428367820257257
Mid (>15 to <=30 cP),594,5.7601295325059603
Mid (>15 to <=30 cP),595,5.3668715221803716
Mid (>15 to <=30 cP),596,7.1341223869331447
Mid (>15 to <=30 cP),597,5.4096139990791086
Mid (>15 to <=30 cP),598,5.3280554231170179
Mid (>15 to <=30 cP),599,5.2361522343030344
Mid (>15 to <=30 cP),600,5.5876209539606387
Mid (>15 to <=30 cP),601,5.5376672794520614
Mid (>15 to <=30 cP),602,5.3148434509743243
Mid (>15 to <=30 cP),603,5.5589124768375333
Mid (>15 to <=30 cP),604,5.275644563897445
Mid (>15 to <=30 cP),605,5.8163542363113789
Mid (>15 to <=30 cP),606,6.055023528904794
Mid (>15 to <=30 cP),607,2.9298892424072953
Mid (>15 to <=30 cP),608,7.1175805723935897
Mid (>15 to <=30 cP),609,5.8163542363113789
Mid (>15 to <=30 cP),610,4.8246509668955326
Mid (>15 to <=30 cP),611,0.59547793296477203
Mid (>15 to <=30 cP),612,5.064580594901944
Mid (>15 to <=30 cP),613,2.6986074614056035
Mid (>15 to <=30 cP),614,5.4096139990791086
Mid (>15 to <=30 cP),615,2.3581024048740256
Mid (>15 to <=30 cP),616,5.2979405991202535
Mid (>15 to <=30 cP),617,7.3874976694906191
Mid (>15 to <=30 cP),618,6.8889014267193103
Mid (>15 to <=30 cP),619,9.6500208558289309
Mid (>15 to <=30 cP),620,1.8119223619585167
Mid (>15 to <=30 cP),621,5.4096139990791086
Mid (>15 to <=30 cP),622,2.9839991576362745
Mid (>15 to <=30 cP),623,5.3191201573213833
Mid (>15 to <=30 cP),624,1.3508755147000018
Mid (>15 to <=30 cP),625,8.54330700185184
Mid (>15 to <=30 cP),626,4.0655260355270126
Mid (>15 to <=30 cP),627,5.7683817119735865
Mid (>15 to <=30 cP),628,5.0139511280714864
Mid (>15 to <=30 cP),629,5.2270598692776291
Mid (>15 to <=30 cP),630,5.2889544569813287
Mid (>15 to <=30 cP),631,4.8246509668955326
Mid (>15 to <=30 cP),632,5.3058859358810819
Mid (>15 to <=30 cP),633,1.8119223619585167
Mid (>15 to <=30 cP),634,6.9557435906168452
Mid (>15 to <=30 cP),635,5.3448630392522372
Mid (>15 to <=30 cP),636,3.2234046014159206
Mid (>15 to <=30 cP),637,3.3648846878196776
Mid (>15 to <=30 cP),638,5.379955726493729
Mid (>15 to <=30 cP),639,5.045761182883048
Mid (>15 to <=30 cP),640,5.0139511280714864
Mid (>15 to <=30 cP),641,2.9519451697492616
Mid (>15 to <=30 cP),642,2.3378433668851009
Mid (>15 to <=30 cP),643,5.8437981315457268
Mid (>15 to <=30 cP),644,6.9955784553983333
Mid (>15 to <=30 cP),645,5.3711068016981995
Mid (>15 to <=30 cP),646,1.8379874835126953
Mid (>15 to <=30 cP),647,6.9258381120715873
Mid (>15 to <=30 cP),648,3.2103093700849654
Mid (>15 to <=30 cP),649,5.546250466909874
Mid (>15 to <=30 cP),650,6.9658439963761269
Mid (>15 to <=30 cP),651,5.2889544569813287
Mid (>15 to <=30 cP),652,7.1274516405203814
Mid (>15 to <=30 cP),653,5.2361522343030344
Mid (>15 to <=30 cP),654,5.275644563897445
Mid (>15 to <=30 cP),655,5.4493003704057266
Mid (>15 to <=30 cP),656,5.5961275243621813
Mid (>15 to <=30 cP),657,2.6956755492207627
Mid (>15 to <=30 cP),658,7.2634806528319462
Mid (>15 to <=30 cP),659,5.2889544569813287
Mid (>15 to <=30 cP),660,6.9258381120715873
Mid (>15 to <=30 cP),661,2.9839991576362745
Mid (>15 to <=30 cP),662,6.9258381120715873
Mid (>15 to <=30 cP),663,5.5376672794520614
Mid (>15 to <=30 cP),664,7.3300092472707012
Mid (>15 to <=30 cP),665,6.7594119010839986
Mid (>15 to <=30 cP),666,1.8607656924834277
Mid (>15 to <=30 cP),667,7.1049677612186715
Mid (>15 to <=30 cP),668,5.0139511280714864
Mid (>15 to <=30 cP),669,5.0867318838792093
Mid (>15 to <=30 cP),670,5.3668715221803716
Mid (>15 to <=30 cP),671,3.1954578557495212
Mid (>15 to <=30 cP),672,3.4260158064590609
Mid (>15 to <=30 cP),673,2.3958366531194613
Mid (>15 to <=30 cP),674,7.1274516405203814
Mid (>15 to <=30 cP),675,5.5000566864469675
Mid (>15 to <=30 cP),676,7.0657496319025244
Mid (>15 to <=30 cP),677,8.3949247283437476
Mid (>15 to <=30 cP),678,4.8345002116196039
Mid (>15 to <=30 cP),679,5.3580009884103852
Mid (>15 to <=30 cP),680,2.5370053171206921
Mid (>15 to <=30 cP),681,7.2700265843976108
Mid (>15 to <=30 cP),682,5.4580225238347992
Mid (>15 to <=30 cP),683,2.3781888687942052
Mid (>15 to <=30 cP),684,8.2717616953503921
Mid (>15 to <=30 cP),685,5.0784436873612497
Mid (>15 to <=30 cP),686,1.8981735025453625
Mid (>15 to <=30 cP),687,6.8889014267193085
Mid (>15 to <=30 cP),688,5.4096139990791086
Mid (>15 to <=30 cP),689,6.8135735552131527
Mid (>15 to <=30 cP),690,9.637798166111768
Mid (>15 to <=30 cP),691,2.8482894723538887
Mid (>15 to <=30 cP),692,7.0724785757550848
Mid (>15 to <=30 cP),693,6.7830412978630763
Mid (>15 to <=30 cP),694,2.61754299351179
Mid (>15 to <=30 cP),695,5.3280554231170179
Mid (>15 to <=30 cP),696,2.4731348485472164
Mid (>15 to <=30 cP),697,5.5589124768375333
Mid (>15 to <=30 cP),698,9.6665869115181149
Mid (>15 to <=30 cP),699,8.5620146302076989
Mid (>15 to <=30 cP),700,5.5173267296488788
Mid (>15 to <=30 cP),701,6.9489016077811412
Mid (>15 to <=30 cP),702,2.9839991576362741
Mid (>15 to <=30 cP),703,3.2957298552644345
Mid (>15 to <=30 cP),704,6.932702856635883
Mid (>15 to <=30 cP),705,5.6993622029644104
Mid (>15 to <=30 cP),706,7.1274516405203796
Mid (>15 to <=30 cP),707,5.3668715221803716
Mid (>15 to <=30 cP),708,4.9231348704220972
Mid (>15 to <=30 cP),709,5.5173267296488788
Mid (>15 to <=30 cP),710,6.932702856635883
Mid (>15 to <=30 cP),711,5.3280554231170179
Mid (>15 to <=30 cP),712,2.9680154361104649
Mid (>15 to <=30 cP),713,7.3460727325762294
Mid (>15 to <=30 cP),714,8.2523961092924996
Mid (>15 to <=30 cP),715,2.61754299351179
Mid (>15 to <=30 cP),716,7.0982696161932779
Mid (>15 to <=30 cP),717,1.651458028088916
Mid (>15 to <=30 cP),718,5.0912002119472115
Mid (>15 to <=30 cP),719,2.9680154361104654
Mid (>15 to <=30 cP),720,5.5086984758574324
Mid (>15 to <=30 cP),721,5.7200068660627785
Mid (>15 to <=30 cP),722,5.5086984758574324
Mid (>15 to <=30 cP),723,6.7594119010839986
Mid (>15 to <=30 cP),724,2.4053090462742337
Mid (>15 to <=30 cP),725,7.0657496319025244
Mid (>15 to <=30 cP),726,5.5961275243621813
Mid (>15 to <=30 cP),727,6.9726693543888434
Mid (>15 to <=30 cP),728,5.7200068660627785
Mid (>15 to <=30 cP),729,5.150313158389821
Mid (>15 to <=30 cP),730,1.8089163260790506
Mid (>15 to <=30 cP),731,1.0885148856198501
Mid (>15 to <=30 cP),732,1.8089163260790506
Mid (>15 to <=30 cP),733,2.5091397521175782
Mid (>15 to <=30 cP),734,5.4872588667464921
Mid (>15 to <=30 cP),735,6.9955784553983333
Mid (>15 to <=30 cP),736,5.1318081552134558
Mid (>15 to <=30 cP),737,3.4121033047554885
Mid (>15 to <=30 cP),738,2.4901098272712114
Mid (>15 to <=30 cP),739,5.3590166040810754
Mid (>15 to <=30 cP),740,2.5113077602449807
Mid (>15 to <=30 cP),741,5.1098522763089083
Mid (>15 to <=30 cP),742,2.7826418947101326
Mid (>15 to <=30 cP),743,2.7915502715018397
Mid (>15 to <=30 cP),744,5.3069115251331125
Mid (>15 to <=30 cP),745,6.7830412978630763
Mid (>15 to <=30 cP),746,7.3300092472707012
Mid (>15 to <=30 cP),747,6.055023528904794
Mid (>15 to <=30 cP),748,5.1812860980149829
Mid (>15 to <=30 cP),749,5.1410689827796832
Mid (>15 to <=30 cP),750,0.87734218662503427
Mid (>15 to <=30 cP),751,5.3280554231170179
Mid (>15 to <=30 cP),752,2.4901098272712114
Mid (>15 to <=30 cP),753,1.8607656924834273
Mid (>15 to <=30 cP),754,5.1005347701898209
Mid (>15 to <=30 cP),755,5.7116847955766366
Mid (>15 to <=30 cP),756,6.8370157665680429
Mid (>15 to <=30 cP),757,7.1729666985820213
Mid (>15 to <=30 cP),758,5.3580009884103852
Mid (>15 to <=30 cP),759,7.1274516405203796
Mid (>15 to <=30 cP),760,5.2979405991202526
Mid (>15 to <=30 cP),761,5.1318081552134558
Mid (>15 to <=30 cP),762,5.6712194033187719
Mid (>15 to <=30 cP),763,5.5000566864469675
Mid (>15 to <=30 cP),764,7.1663321103045918
Mid (>15 to <=30 cP),765,5.2666203794080948
Mid (>15 to <=30 cP),766,8.54330700185184
Mid (>15 to <=30 cP),767,6.9955784553983333
Mid (>15 to <=30 cP),768,5.3191201573213833
Mid (>15 to <=30 cP),769,6.9428367820257257
Mid (>15 to <=30 cP),770,5.3280554231170179
Mid (>15 to <=30 cP),771,3.1954578557495212
Mid (>15 to <=30 cP),772,5.0551796465084538
Mid (>15 to <=30 cP),773,3.2451426637162393
Mid (>15 to <=30 cP),774,2.4731348485472164
Mid (>15 to <=30 cP),775,5.3711068016981995
Mid (>15 to <=30 cP),776,2.5280264317132173
Mid (>15 to <=30 cP),777,3.5473469745378252
Mid (>15 to <=30 cP),778,5.1005347701898209
Mid (>15 to <=30 cP),779,5.5086984758574324
Mid (>15 to <=30 cP),780,7.1049677612186715
Mid (>15 to <=30 cP),781,5.0551796465084529
Mid (>15 to <=30 cP),782,6.7830412978630754
Mid (>15 to <=30 cP),783,5.2361522343030344
Mid (>15 to <=30 cP),784,4.7913731802444692
Mid (>15 to <=30 cP),785,6.8065886645599498
Mid (>15 to <=30 cP),786,3.6687081629626332
Mid (>15 to <=30 cP),787,2.4156093666432619
Mid (>15 to <=30 cP),788,3.1954578557495212
Mid (>15 to <=30 cP),789,5.7960527581304264
Mid (>15 to <=30 cP),790,7.1663321103045918
Mid (>15 to <=30 cP),791,3.0371452011344462
Mid (>15 to <=30 cP),792,5.0457611828830471
Mid (>15 to <=30 cP),793,3.0371452011344462
Mid (>15 to <=30 cP),794,2.461713482197037
Mid (>15 to <=30 cP),795,5.0551796465084529
Mid (>15 to <=30 cP),796,2.4445413262321143
Mid (>15 to <=30 cP),797,5.1098522763089083
Mid (>15 to <=30 cP),798,2.4445413262321143
Mid (>15 to <=30 cP),799,2.4250045261550879
Mid (>15 to <=30 cP),800,5.064580594901944
Mid (>15 to <=30 cP),801,5.275644563897445
Mid (>15 to <=30 cP),802,8.4469231215741107
Mid (>15 to <=30 cP),803,8.3758439093954795
Mid (>15 to <=30 cP),804,5.275644563897445
Mid (>15 to <=30 cP),805,2.8893774321725427
Mid (>15 to <=30 cP),806,5.2452288381519319
Mid (>15 to <=30 cP),807,1.6800145720568409
Mid (>15 to <=30 cP),808,2.5091397521175782
Mid (>15 to <=30 cP),809,7.143970598706483
Mid (>15 to <=30 cP),810,6.9887754708424659
Mid (>15 to <=30 cP),811,5.5674629113200202
Mid (>15 to <=30 cP),812,2.913608695242035
Mid (>15 to <=30 cP),813,5.1410689827796832
Mid (>15 to <=30 cP),814,7.3300092472707012
Mid (>15 to <=30 cP),815,6.7286338810141846
Mid (>15 to <=30 cP),816,5.0960746268336115
Mid (>15 to <=30 cP),817,5.5503488702383379
Mid (>15 to <=30 cP),818,1.226729251390051
Mid (>15 to <=30 cP),819,5.0773719496102832
Mid (>15 to <=30 cP),820,5.546250466909874
Mid (>15 to <=30 cP),821,3.2667360761643001
Mid (>15 to <=30 cP),822,7.0950654122787808
Mid (>15 to <=30 cP),823,8.4139622767491264
Mid (>15 to <=30 cP),824,8.4279600273009923
Mid (>15 to <=30 cP),825,2.7826418947101326
Mid (>15 to <=30 cP),826,7.1049677612186715
Mid (>15 to <=30 cP),827,5.2979405991202526
Mid (>15 to <=30 cP),828,5.6712194033187719
Mid (>15 to <=30 cP),829,7.1373090567383066
Mid (>15 to <=30 cP),830,5.7116847955766366
Mid (>15 to <=30 cP),831,5.3148434509743243
Mid (>15 to <=30 cP),832,2.6956755492207627
Mid (>15 to <=30 cP),833,2.9916098195506708
Mid (>15 to <=30 cP),834,1.9230699388086041
Mid (>15 to <=30 cP),835,2.3781888687942057
Mid (>15 to <=30 cP),836,6.9189665565631504
Mid (>15 to <=30 cP),837,2.5091397521175782
Mid (>15 to <=30 cP),838,6.9590119440956082
Mid (>15 to <=30 cP),839,3.6248337320473967
Mid (>15 to <=30 cP),840,3.3439251305735493
Mid (>15 to <=30 cP),841,6.9359820673114001
Mid (>15 to <=30 cP),842,5.3799557264937281
Mid (>15 to <=30 cP),843,1.9691582735035109
Mid (>15 to <=30 cP),844,2.4250045261550879
Mid (>15 to <=30 cP),845,7.3016368179532183
Mid (>15 to <=30 cP),846,4.8147815743377178
Mid (>15 to <=30 cP),847,7.1175805723935897
Mid (>15 to <=30 cP),848,3.0371452011344462
Mid (>15 to <=30 cP),849,2.8334611247638453
Mid (>15 to <=30 cP),850,4.8905272673164806
Mid (>15 to <=30 cP),851,2.7996841353945618
Mid (>15 to <=30 cP),852,2.6779714940384749
Mid (>15 to <=30 cP),853,0.82133669627504002
Mid (>15 to <=30 cP),854,5.3668715221803716
Mid (>15 to <=30 cP),855,5.1410689827796832
Mid (>15 to <=30 cP),856,2.0045443346429952
Mid (>15 to <=30 cP),857,2.8728673136370215
Mid (>15 to <=30 cP),858,5.6246460572131998
Mid (>15 to <=30 cP),859,7.0982696161932779
Mid (>15 to <=30 cP),860,6.9489016077811412
Mid (>15 to <=30 cP),861,5.069068449125079
Mid (>15 to <=30 cP),862,8.2581582019509661
Mid (>15 to <=30 cP),863,5.3711068016981995
Mid (>15 to <=30 cP),864,1.0885148856198501
Mid (>15 to <=30 cP),865,6.7830412978630763
Mid (>15 to <=30 cP),866,8.3892565731877173
Mid (>15 to <=30 cP),867,3.4121033047554885
Mid (>15 to <=30 cP),868,5.7116847955766374
Mid (>15 to <=30 cP),869,6.7900504116169857
Mid (>15 to <=30 cP),870,5.6455639484598876
Mid (>15 to <=30 cP),871,5.4872588667464921
Mid (>15 to <=30 cP),872,5.3191201573213833
Mid (>15 to <=30 cP),873,8.2523961092925013
Mid (>15 to <=30 cP),874,5.045761182883048
Mid (>15 to <=30 cP),875,2.1055482263138328
Mid (>15 to <=30 cP),876,5.1410689827796832
Mid (>15 to <=30 cP),877,5.546250466909874
Mid (>15 to <=30 cP),878,2.880771587860099
Mid (>15 to <=30 cP),879,5.3191201573213833
Mid (>15 to <=30 cP),880,5.1720972811519443
Mid (>15 to <=30 cP),881,4.761496710175698
Mid (>15 to <=30 cP),882,5.0867318838792093
Mid (>15 to <=30 cP),883,5.5503488702383379
Mid (>15 to <=30 cP),884,7.143970598706483
Mid (>15 to <=30 cP),885,7.1274516405203814
Mid (>15 to <=30 cP),886,7.1049677612186715
Mid (>15 to <=30 cP),887,5.3580009884103852
Mid (>15 to <=30 cP),888,5.0867318838792093
Mid (>15 to <=30 cP),889,6.7523709839383086
Mid (>15 to <=30 cP),890,7.3395946242633858
Mid (>15 to <=30 cP),891,2.8562617628606795
Mid (>15 to <=30 cP),892,3.2812649900758286
Mid (>15 to <=30 cP),893,5.5589124768375324
Mid (>15 to <=30 cP),894,2.5280264317132173
Mid (>15 to <=30 cP),895,2.3484396122137485
Mid (>15 to <=30 cP),896,8.3892565731877173
Mid (>15 to <=30 cP),897,5.3668715221803716
Mid (>15 to <=30 cP),898,5.6246460572131998
Mid (>15 to <=30 cP),899,2.5905438887308319
Mid (>15 to <=30 cP),900,3.2667360761643001
Mid (>15 to <=30 cP),901,7.1274516405203814
Mid (>15 to <=30 cP),902,3.1805369930386487
Mid (>15 to <=30 cP),903,7.1274516405203796
Mid (>15 to <=30 cP),904,5.0867318838792102
Mid (>15 to <=30 cP),905,7.143970598706483
Mid (>15 to <=30 cP),906,2.5556860767478193
Mid (>15 to <=30 cP),907,5.3058859358810819
Mid (>15 to <=30 cP),908,5.350133046853383
Mid (>15 to <=30 cP),909,1.7854767716162905
Mid (>15 to <=30 cP),910,2.5905438887308319
Mid (>15 to <=30 cP),911,7.3081485730021933
Mid (>15 to <=30 cP),912,5.7200068660627785
Mid (>15 to <=30 cP),913,7.1565146706857705
Mid (>15 to <=30 cP),914,5.2666203794080948
Mid (>15 to <=30 cP),915,6.9189665565631504
Mid (>15 to <=30 cP),916,2.4250045261550879
Mid (>15 to <=30 cP),917,7.0883579100332303
Mid (>15 to <=30 cP),918,3.2812649900758286
Mid (>15 to <=30 cP),919,7.3300092472707012
Mid (>15 to <=30 cP),920,6.8958029417058695
Mid (>15 to <=30 cP),921,6.7286338810141846
Mid (>15 to <=30 cP),922,2.328096490360883
Mid (>15 to <=30 cP),923,2.307574034488745
Mid (>15 to <=30 cP),924,7.1663321103045909
Mid (>15 to <=30 cP),925,5.3590166040810754
Mid (>15 to <=30 cP),926,2.9839991576362741
Mid (>15 to <=30 cP),927,2.5556860767478198
Mid (>15 to <=30 cP),928,5.0773719496102832
Mid (>15 to <=30 cP),929,5.4872588667464921
Mid (>15 to <=30 cP),930,3.0602066361956664
Mid (>15 to <=30 cP),931,3.3296696435378283
Mid (>15 to <=30 cP),932,1.9806722711658609
Mid (>15 to <=30 cP),933,2.2792912521691173
Mid (>15 to <=30 cP),934,5.9625340150927997
Mid (>15 to <=30 cP),935,3.2667360761643001
Mid (>15 to <=30 cP),936,5.0867318838792093
Mid (>15 to <=30 cP),937,6.9258381120715873
Mid (>15 to <=30 cP),938,2.0281354326901666
Mid (>15 to <=30 cP),939,8.3758439093954795
Mid (>15 to <=30 cP),940,3.5473469745378252
Mid (>15 to <=30 cP),941,3.0371452011344462
Mid (>15 to <=30 cP),942,5.1410689827796832
Mid (>15 to <=30 cP),943,2.4901098272712114
Mid (>15 to <=30 cP),944,2.5556860767478193
Mid (>15 to <=30 cP),945,2.5091397521175782
Mid (>15 to <=30 cP),946,5.1098522763089083
Mid (>15 to <=30 cP),947,8.4089541693235148
Mid (>15 to <=30 cP),948,5.2979405991202526
Mid (>15 to <=30 cP),949,1.8350241465820905
Mid (>15 to <=30 cP),950,3.0602066361956664
Mid (>15 to <=30 cP),951,5.0551796465084538
Mid (>15 to <=30 cP),952,2.4639232210928692
Mid (>15 to <=30 cP),953,5.3280554231170179
Mid (>15 to <=30 cP),954,5.0044550723235917
Mid (>15 to <=30 cP),955,2.0045443346429952
Mid (>15 to <=30 cP),956,7.1341223869331447
Mid (>15 to <=30 cP),957,2.307574034488745
Mid (>15 to <=30 cP),958,5.3887901205016933
Mid (>15 to <=30 cP),959,2.4445413262321138
Mid (>15 to <=30 cP),960,2.9442319788950044
Mid (>15 to <=30 cP),961,3.0214426403607257
Mid (>15 to <=30 cP),962,5.3280554231170179
Mid (>15 to <=30 cP),963,5.5086984758574324
Mid (>15 to <=30 cP),964,7.3460727325762303
Mid (>15 to <=30 cP),965,5.3711068016981995
Mid (>15 to <=30 cP),966,5.7116847955766374
Mid (>15 to <=30 cP),967,3.0446230164721539
Mid (>15 to <=30 cP),968,3.9264492727012268
Mid (>15 to <=30 cP),969,6.9887754708424659
Mid (>15 to <=30 cP),970,3.3648846878196772
Mid (>15 to <=30 cP),971,6.9955784553983333
Mid (>15 to <=30 cP),972,8.594407690767099
Mid (>15 to <=30 cP),973,5.1191528234155435
Mid (>15 to <=30 cP),974,1.3508755147000018
Mid (>15 to <=30 cP),975,5.7683817119735865
Mid (>15 to <=30 cP),976,6.7356996109176368
Mid (>15 to <=30 cP),977,9.518905881696698
Mid (>15 to <=30 cP),978,1.8607656924834273
Mid (>15 to <=30 cP),979,5.2666203794080948
Mid (>15 to <=30 cP),980,8.4223141046863912
Mid (>15 to <=30 cP),981,5.1812860980149829
Mid (>15 to <=30 cP),982,5.1410689827796832
Mid (>15 to <=30 cP),983,2.4901098272712114
Mid (>15 to <=30 cP),984,5.6246460572131998
Mid (>15 to <=30 cP),985,5.3668715221803716
Mid (>15 to <=30 cP),986,6.9557435906168452
Mid (>15 to <=30 cP),987,6.0089567237886365
Mid (>15 to <=30 cP),988,5.1273752156690593
Mid (>15 to <=30 cP),989,5.3799557264937281
Mid (>15 to <=30 cP),990,5.2361522343030344
Mid (>15 to <=30 cP),991,1.9806722711658609
Mid (>15 to <=30 cP),992,5.379955726493729
Mid (>15 to <=30 cP),993,6.9189665565631504
Mid (>15 to <=30 cP),994,5.5173267296488788
Mid (>15 to <=30 cP),995,2.5091397521175782
Mid (>15 to <=30 cP),996,2.4901098272712114
Mid (>15 to <=30 cP),997,0.69593338839288255
Mid (>15 to <=30 cP),998,2.3581024048740256
Mid (>15 to <=30 cP),999,7.3016368179532183
Mid (>15 to <=30 cP),1000,7.1274516405203796
High (>30 cP),1,3.7319388895006482
High (>30 cP),2,12.773712937847151
High (>30 cP),3,12.773712937847151
High (>30 cP),4,3.7319388895006482
High (>30 cP),5,2.7940230000000028
High (>30 cP),6,4.4775184226762983
High (>30 cP),7,13.011093173479392
High (>30 cP),8,9.5712045596134168
High (>30 cP),9,13.011093173479392
High (>30 cP),10,9.5712045596134168
High (>30 cP),11,13.011093173479392
High (>30 cP),12,15.519289000000001
High (>30 cP),13,9.8857857589775318
High (>30 cP),14,3.7319388895006482
High (>30 cP),15,12.773712937847151
High (>30 cP),16,4.4775184226762983
High (>30 cP),17,3.7319388895006482
High (>30 cP),18,13.011093173479392
High (>30 cP),19,9.8857857589775318
High (>30 cP),20,12.773712937847151
High (>30 cP),21,9.5712045596134168
High (>30 cP),22,9.5712045596134168
High (>30 cP),23,13.011093173479392
High (>30 cP),24,3.7319388895006482
High (>30 cP),25,9.8857857589775318
High (>30 cP),26,9.2459263122483488
High (>30 cP),27,9.5712045596134168
High (>30 cP),28,9.5712045596134168
High (>30 cP),29,13.011093173479392
High (>30 cP),30,4.4775184226762983
High (>30 cP),31,4.4775184226762983
High (>30 cP),32,9.2459263122483488
High (>30 cP),33,9.2459263122483488
High (>30 cP),34,3.7319388895006482
High (>30 cP),35,3.7319388895006482
High (>30 cP),36,9.8857857589775318
High (>30 cP),37,4.4775184226762983
High (>30 cP),38,9.5712045596134168
High (>30 cP),39,13.011093173479392
High (>30 cP),40,4.4775184226762983
High (>30 cP),41,9.5712045596134168
High (>30 cP),42,9.8857857589775318
High (>30 cP),43,4.4775184226762983
High (>30 cP),44,9.2459263122483488
High (>30 cP),45,12.773712937847151
High (>30 cP),46,9.8857857589775318
High (>30 cP),47,9.2459263122483488
High (>30 cP),48,3.7319388895006482
High (>30 cP),49,3.7319388895006482
High (>30 cP),50,4.4775184226762983
High (>30 cP),51,4.4775184226762983
High (>30 cP),52,4.4775184226762983
High (>30 cP),53,9.2459263122483488
High (>30 cP),54,15.519289000000001
High (>30 cP),55,9.8857857589775318
High (>30 cP),56,4.4775184226762983
High (>30 cP),57,2.7940230000000028
High (>30 cP),58,3.7319388895006482
High (>30 cP),59,9.8857857589775318
High (>30 cP),60,3.7319388895006482
High (>30 cP),61,9.2459263122483488
High (>30 cP),62,13.011093173479392
High (>30 cP),63,4.4775184226762983
High (>30 cP),64,15.519289000000001
High (>30 cP),65,9.2459263122483488
High (>30 cP),66,12.773712937847151
High (>30 cP),67,9.8857857589775318
High (>30 cP),68,4.4775184226762983
High (>30 cP),69,12.773712937847151
High (>30 cP),70,4.4775184226762983
High (>30 cP),71,13.011093173479392
High (>30 cP),72,13.011093173479392
High (>30 cP),73,5.1155619999999962
High (>30 cP),74,9.8857857589775318
High (>30 cP),75,12.773712937847151
High (>30 cP),76,9.5712045596134168
High (>30 cP),77,12.773712937847151
High (>30 cP),78,9.8857857589775318
High (>30 cP),79,4.4775184226762983
High (>30 cP),80,9.5712045596134168
High (>30 cP),81,4.4775184226762983
High (>30 cP),82,9.2459263122483488
High (>30 cP),83,9.8857857589775318
High (>30 cP),84,4.4775184226762983
High (>30 cP),85,15.519289000000001
High (>30 cP),86,4.4775184226762983
High (>30 cP),87,9.5712045596134168
High (>30 cP),88,9.2459263122483488
High (>30 cP),89,9.2459263122483488
High (>30 cP),90,15.519289000000001
High (>30 cP),91,12.773712937847151
High (>30 cP),92,9.5712045596134168
High (>30 cP),93,13.011093173479392
High (>30 cP),94,9.2459263122483488
High (>30 cP),95,9.2459263122483488
High (>30 cP),96,12.773712937847151
High (>30 cP),97,9.5712045596134168
High (>30 cP),98,4.4775184226762983
High (>30 cP),99,4.4775184226762983
High (>30 cP),100,9.8857857589775318
High (>30 cP),101,4.4775184226762983
High (>30 cP),102,12.773712937847151
High (>30 cP),103,5.1155619999999962
High (>30 cP),104,5.1155619999999962
High (>30 cP),105,9.2459263122483488
High (>30 cP),106,9.8857857589775318
High (>30 cP),107,3.7319388895006482
High (>30 cP),108,2.7940230000000028
High (>30 cP),109,5.1155619999999962
High (>30 cP),110,12.773712937847151
High (>30 cP),111,12.773712937847151
High (>30 cP),112,3.7319388895006482
High (>30 cP),113,12.773712937847151
High (>30 cP),114,9.8857857589775318
High (>30 cP),115,9.5712045596134168
High (>30 cP),116,4.4775184226762983
High (>30 cP),117,9.5712045596134168
High (>30 cP),118,4.4775184226762983
High (>30 cP),119,13.011093173479392
High (>30 cP),120,9.5712045596134168
High (>30 cP),121,13.011093173479392
High (>30 cP),122,9.8857857589775318
High (>30 cP),123,9.5712045596134168
High (>30 cP),124,13.011093173479392
High (>30 cP),125,12.773712937847151
High (>30 cP),126,9.8857857589775318
High (>30 cP),127,12.773712937847151
High (>30 cP),128,9.5712045596134168
High (>30 cP),129,3.7319388895006482
High (>30 cP),130,12.773712937847151
High (>30 cP),131,2.7940230000000028
High (>30 cP),132,3.7319388895006482
High (>30 cP),133,12.773712937847151
High (>30 cP),134,9.5712045596134168
High (>30 cP),135,9.5712045596134168
High (>30 cP),136,3.7319388895006482
High (>30 cP),137,9.2459263122483488
High (>30 cP),138,4.4775184226762983
High (>30 cP),139,3.7319388895006482
High (>30 cP),140,3.7319388895006482
High (>30 cP),141,9.8857857589775318
High (>30 cP),142,9.5712045596134168
High (>30 cP),143,9.2459263122483488
High (>30 cP),144,3.7319388895006482
High (>30 cP),145,13.011093173479392
High (>30 cP),146,13.011093173479392
High (>30 cP),147,13.011093173479392
High (>30 cP),148,12.773712937847151
High (>30 cP),149,9.2459263122483488
High (>30 cP),150,9.5712045596134168
High (>30 cP),151,3.7319388895006482
High (>30 cP),152,12.773712937847151
High (>30 cP),153,4.4775184226762983
High (>30 cP),154,9.2459263122483488
High (>30 cP),155,9.5712045596134168
High (>30 cP),156,9.5712045596134168
High (>30 cP),157,9.5712045596134168
High (>30 cP),158,9.5712045596134168
High (>30 cP),159,9.8857857589775318
High (>30 cP),160,5.1155619999999962
High (>30 cP),161,9.5712045596134168
High (>30 cP),162,9.5712045596134168
High (>30 cP),163,4.4775184226762983
High (>30 cP),164,9.2459263122483488
High (>30 cP),165,9.8857857589775318
High (>30 cP),166,9.5712045596134168
High (>30 cP),167,3.7319388895006482
High (>30 cP),168,12.773712937847151
High (>30 cP),169,4.4775184226762983
High (>30 cP),170,4.4775184226762983
High (>30 cP),171,9.5712045596134168
High (>30 cP),172,4.4775184226762983
High (>30 cP),173,9.5712045596134168
High (>30 cP),174,13.011093173479392
High (>30 cP),175,5.1155619999999962
High (>30 cP),176,12.773712937847151
High (>30 cP),177,12.773712937847151
High (>30 cP),178,9.5712045596134168
High (>30 cP),179,4.4775184226762983
High (>30 cP),180,3.7319388895006482
High (>30 cP),181,9.2459263122483488
High (>30 cP),182,4.4775184226762983
High (>30 cP),183,13.011093173479392
High (>30 cP),184,13.011093173479392
High (>30 cP),185,9.5712045596134168
High (>30 cP),186,3.7319388895006482
High (>30 cP),187,4.4775184226762983
High (>30 cP),188,9.5712045596134168
High (>30 cP),189,2.7940230000000028
High (>30 cP),190,9.5712045596134168
High (>30 cP),191,13.011093173479392
High (>30 cP),192,9.5712045596134168
High (>30 cP),193,15.519289000000001
High (>30 cP),194,3.7319388895006482
High (>30 cP),195,3.7319388895006482
High (>30 cP),196,12.773712937847151
High (>30 cP),197,12.773712937847151
High (>30 cP),198,9.8857857589775318
High (>30 cP),199,15.519289000000001
High (>30 cP),200,3.7319388895006482
High (>30 cP),201,13.011093173479392
High (>30 cP),202,13.011093173479392
High (>30 cP),203,9.2459263122483488
High (>30 cP),204,3.7319388895006482
High (>30 cP),205,9.2459263122483488
High (>30 cP),206,9.8857857589775318
High (>30 cP),207,2.7940230000000028
High (>30 cP),208,9.2459263122483488
High (>30 cP),209,9.5712045596134168
High (>30 cP),210,5.1155619999999962
High (>30 cP),211,4.4775184226762983
High (>30 cP),212,4.4775184226762983
High (>30 cP),213,2.7940230000000028
High (>30 cP),214,3.7319388895006482
High (>30 cP),215,4.4775184226762983
High (>30 cP),216,9.5712045596134168
High (>30 cP),217,13.011093173479392
High (>30 cP),218,12.773712937847151
High (>30 cP),219,9.5712045596134168
High (>30 cP),220,4.4775184226762983
High (>30 cP),221,5.1155619999999962
High (>30 cP),222,13.011093173479392
High (>30 cP),223,3.7319388895006482
High (>30 cP),224,9.5712045596134168
High (>30 cP),225,9.2459263122483488
High (>30 cP),226,9.8857857589775318
High (>30 cP),227,9.5712045596134168
High (>30 cP),228,9.5712045596134168
High (>30 cP),229,9.5712045596134168
High (>30 cP),230,9.2459263122483488
High (>30 cP),231,5.1155619999999962
High (>30 cP),232,3.7319388895006482
High (>30 cP),233,15.519289000000001
High (>30 cP),234,13.011093173479392
High (>30 cP),235,9.5712045596134168
High (>30 cP),236,9.5712045596134168
High (>30 cP),237,9.8857857589775318
High (>30 cP),238,9.2459263122483488
High (>30 cP),239,3.7319388895006482
High (>30 cP),240,13.011093173479392
High (>30 cP),241,13.011093173479392
High (>30 cP),242,9.5712045596134168
High (>30 cP),243,9.5712045596134168
High (>30 cP),244,9.2459263122483488
High (>30 cP),245,9.8857857589775318
High (>30 cP),246,9.8857857589775318
High (>30 cP),247,15.519289000000001
High (>30 cP),248,5.1155619999999962
High (>30 cP),249,9.5712045596134168
High (>30 cP),250,9.5712045596134168
High (>30 cP),251,9.5712045596134168
High (>30 cP),252,9.2459263122483488
High (>30 cP),253,13.011093173479392
High (>30 cP),254,13.011093173479392
High (>30 cP),255,3.7319388895006482
High (>30 cP),256,15.519289000000001
High (>30 cP),257,4.4775184226762983
High (>30 cP),258,9.8857857589775318
High (>30 cP),259,3.7319388895006482
High (>30 cP),260,2.7940230000000028
High (>30 cP),261,13.011093173479392
High (>30 cP),262,9.5712045596134168
High (>30 cP),263,9.8857857589775318
High (>30 cP),264,3.7319388895006482
High (>30 cP),265,13.011093173479392
High (>30 cP),266,13.011093173479392
High (>30 cP),267,9.5712045596134168
High (>30 cP),268,9.8857857589775318
High (>30 cP),269,15.519289000000001
High (>30 cP),270,13.011093173479392
High (>30 cP),271,12.773712937847151
High (>30 cP),272,9.5712045596134168
High (>30 cP),273,9.5712045596134168
High (>30 cP),274,9.5712045596134168
High (>30 cP),275,3.7319388895006482
High (>30 cP),276,9.2459263122483488
High (>30 cP),277,13.011093173479392
High (>30 cP),278,2.7940230000000028
High (>30 cP),279,12.773712937847151
High (>30 cP),280,3.7319388895006482
High (>30 cP),281,9.8857857589775318
High (>30 cP),282,2.7940230000000028
High (>30 cP),283,9.5712045596134168
High (>30 cP),284,3.7319388895006482
High (>30 cP),285,13.011093173479392
High (>30 cP),286,9.8857857589775318
High (>30 cP),287,9.5712045596134168
High (>30 cP),288,9.8857857589775318
High (>30 cP),289,4.4775184226762983
High (>30 cP),290,3.7319388895006482
High (>30 cP),291,3.7319388895006482
High (>30 cP),292,4.4775184226762983
High (>30 cP),293,9.8857857589775318
High (>30 cP),294,5.1155619999999962
High (>30 cP),295,9.8857857589775318
High (>30 cP),296,9.2459263122483488
High (>30 cP),297,2.7940230000000028
High (>30 cP),298,9.8857857589775318
High (>30 cP),299,12.773712937847151
High (>30 cP),300,9.8857857589775318
High (>30 cP),301,2.7940230000000028
High (>30 cP),302,4.4775184226762983
High (>30 cP),303,9.5712045596134168
High (>30 cP),304,15.519289000000001
High (>30 cP),305,9.5712045596134168
High (>30 cP),306,4.4775184226762983
High (>30 cP),307,9.2459263122483488
High (>30 cP),308,3.7319388895006482
High (>30 cP),309,9.8857857589775318
High (>30 cP),310,15.519289000000001
High (>30 cP),311,3.7319388895006482
High (>30 cP),312,9.2459263122483488
High (>30 cP),313,9.8857857589775318
High (>30 cP),314,12.773712937847151
High (>30 cP),315,3.7319388895006482
High (>30 cP),316,9.5712045596134168
High (>30 cP),317,9.5712045596134168
High (>30 cP),318,9.2459263122483488
High (>30 cP),319,4.4775184226762983
High (>30 cP),320,3.7319388895006482
High (>30 cP),321,5.1155619999999962
High (>30 cP),322,13.011093173479392
High (>30 cP),323,9.5712045596134168
High (>30 cP),324,3.7319388895006482
High (>30 cP),325,9.5712045596134168
High (>30 cP),326,13.011093173479392
High (>30 cP),327,9.5712045596134168
High (>30 cP),328,12.773712937847151
High (>30 cP),329,13.011093173479392
High (>30 cP),330,13.011093173479392
High (>30 cP),331,4.4775184226762983
High (>30 cP),332,4.4775184226762983
High (>30 cP),333,4.4775184226762983
High (>30 cP),334,13.011093173479392
High (>30 cP),335,3.7319388895006482
High (>30 cP),336,9.8857857589775318
High (>30 cP),337,13.011093173479392
High (>30 cP),338,9.5712045596134168
High (>30 cP),339,4.4775184226762983
High (>30 cP),340,13.011093173479392
High (>30 cP),341,9.5712045596134168
High (>30 cP),342,3.7319388895006482
High (>30 cP),343,13.011093173479392
High (>30 cP),344,12.773712937847151
High (>30 cP),345,13.011093173479392
High (>30 cP),346,12.773712937847151
High (>30 cP),347,9.5712045596134168
High (>30 cP),348,12.773712937847151
High (>30 cP),349,3.7319388895006482
High (>30 cP),350,9.5712045596134168
High (>30 cP),351,9.8857857589775318
High (>30 cP),352,15.519289000000001
High (>30 cP),353,9.5712045596134168
High (>30 cP),354,2.7940230000000028
High (>30 cP),355,9.2459263122483488
High (>30 cP),356,12.773712937847151
High (>30 cP),357,9.2459263122483488
High (>30 cP),358,4.4775184226762983
High (>30 cP),359,9.8857857589775318
High (>30 cP),360,4.4775184226762983
High (>30 cP),361,9.2459263122483488
High (>30 cP),362,12.773712937847151
High (>30 cP),363,9.2459263122483488
High (>30 cP),364,2.7940230000000028
High (>30 cP),365,12.773712937847151
High (>30 cP),366,4.4775184226762983
High (>30 cP),367,4.4775184226762983
High (>30 cP),368,9.2459263122483488
High (>30 cP),369,4.4775184226762983
High (>30 cP),370,13.011093173479392
High (>30 cP),371,9.2459263122483488
High (>30 cP),372,9.8857857589775318
High (>30 cP),373,9.5712045596134168
High (>30 cP),374,3.7319388895006482
High (>30 cP),375,12.773712937847151
High (>30 cP),376,3.7319388895006482
High (>30 cP),377,2.7940230000000028
High (>30 cP),378,4.4775184226762983
High (>30 cP),379,4.4775184226762983
High (>30 cP),380,9.8857857589775318
High (>30 cP),381,13.011093173479392
High (>30 cP),382,9.2459263122483488
High (>30 cP),383,9.2459263122483488
High (>30 cP),384,12.773712937847151
High (>30 cP),385,12.773712937847151
High (>30 cP),386,5.1155619999999962
High (>30 cP),387,3.7319388895006482
High (>30 cP),388,12.773712937847151
High (>30 cP),389,9.8857857589775318
High (>30 cP),390,5.1155619999999962
High (>30 cP),391,2.7940230000000028
High (>30 cP),392,9.5712045596134168
High (>30 cP),393,9.8857857589775318
High (>30 cP),394,9.5712045596134168
High (>30 cP),395,9.2459263122483488
High (>30 cP),396,15.519289000000001
High (>30 cP),397,9.8857857589775318
High (>30 cP),398,12.773712937847151
High (>30 cP),399,4.4775184226762983
High (>30 cP),400,13.011093173479392
High (>30 cP),401,3.7319388895006482
High (>30 cP),402,15.519289000000001
High (>30 cP),403,5.1155619999999962
High (>30 cP),404,4.4775184226762983
High (>30 cP),405,13.011093173479392
High (>30 cP),406,9.5712045596134168
High (>30 cP),407,12.773712937847151
High (>30 cP),408,3.7319388895006482
High (>30 cP),409,3.7319388895006482
High (>30 cP),410,9.5712045596134168
High (>30 cP),411,3.7319388895006482
High (>30 cP),412,3.7319388895006482
High (>30 cP),413,9.2459263122483488
High (>30 cP),414,4.4775184226762983
High (>30 cP),415,9.8857857589775318
High (>30 cP),416,9.2459263122483488
High (>30 cP),417,9.8857857589775318
High (>30 cP),418,9.5712045596134168
High (>30 cP),419,9.2459263122483488
High (>30 cP),420,9.5712045596134168
High (>30 cP),421,9.8857857589775318
High (>30 cP),422,3.7319388895006482
High (>30 cP),423,9.5712045596134168
High (>30 cP),424,4.4775184226762983
High (>30 cP),425,9.2459263122483488
High (>30 cP),426,9.5712045596134168
High (>30 cP),427,3.7319388895006482
High (>30 cP),428,4.4775184226762983
High (>30 cP),429,3.7319388895006482
High (>30 cP),430,4.4775184226762983
High (>30 cP),431,9.2459263122483488
High (>30 cP),432,9.2459263122483488
High (>30 cP),433,3.7319388895006482
High (>30 cP),434,12.773712937847151
High (>30 cP),435,4.4775184226762983
High (>30 cP),436,2.7940230000000028
High (>30 cP),437,4.4775184226762983
High (>30 cP),438,9.8857857589775318
High (>30 cP),439,9.5712045596134168
High (>30 cP),440,4.4775184226762983
High (>30 cP),441,9.5712045596134168
High (>30 cP),442,3.7319388895006482
High (>30 cP),443,2.7940230000000028
High (>30 cP),444,9.5712045596134168
High (>30 cP),445,3.7319388895006482
High (>30 cP),446,12.773712937847151
High (>30 cP),447,4.4775184226762983
High (>30 cP),448,9.2459263122483488
High (>30 cP),449,9.8857857589775318
High (>30 cP),450,9.2459263122483488
High (>30 cP),451,3.7319388895006482
High (>30 cP),452,3.7319388895006482
High (>30 cP),453,9.5712045596134168
High (>30 cP),454,12.773712937847151
High (>30 cP),455,15.519289000000001
High (>30 cP),456,13.011093173479392
High (>30 cP),457,9.5712045596134168
High (>30 cP),458,9.5712045596134168
High (>30 cP),459,9.5712045596134168
High (>30 cP),460,12.773712937847151
High (>30 cP),461,12.773712937847151
High (>30 cP),462,9.5712045596134168
High (>30 cP),463,9.5712045596134168
High (>30 cP),464,13.011093173479392
High (>30 cP),465,15.519289000000001
High (>30 cP),466,13.011093173479392
High (>30 cP),467,4.4775184226762983
High (>30 cP),468,9.8857857589775318
High (>30 cP),469,3.7319388895006482
High (>30 cP),470,12.773712937847151
High (>30 cP),471,13.011093173479392
High (>30 cP),472,9.2459263122483488
High (>30 cP),473,2.7940230000000028
High (>30 cP),474,9.5712045596134168
High (>30 cP),475,2.7940230000000028
High (>30 cP),476,3.7319388895006482
High (>30 cP),477,15.519289000000001
High (>30 cP),478,3.7319388895006482
High (>30 cP),479,3.7319388895006482
High (>30 cP),480,9.5712045596134168
High (>30 cP),481,9.8857857589775318
High (>30 cP),482,9.8857857589775318
High (>30 cP),483,9.8857857589775318
High (>30 cP),484,13.011093173479392
High (>30 cP),485,12.773712937847151
High (>30 cP),486,12.773712937847151
High (>30 cP),487,13.011093173479392
High (>30 cP),488,9.5712045596134168
High (>30 cP),489,9.5712045596134168
High (>30 cP),490,5.1155619999999962
High (>30 cP),491,12.773712937847151
High (>30 cP),492,9.8857857589775318
High (>30 cP),493,9.2459263122483488
High (>30 cP),494,15.519289000000001
High (>30 cP),495,12.773712937847151
High (>30 cP),496,3.7319388895006482
High (>30 cP),497,13.011093173479392
High (>30 cP),498,12.773712937847151
High (>30 cP),499,13.011093173479392
High (>30 cP),500,9.2459263122483488
High (>30 cP),501,13.011093173479392
High (>30 cP),502,4.4775184226762983
High (>30 cP),503,9.5712045596134168
High (>30 cP),504,9.5712045596134168
High (>30 cP),505,13.011093173479392
High (>30 cP),506,2.7940230000000028
High (>30 cP),507,9.8857857589775318
High (>30 cP),508,12.773712937847151
High (>30 cP),509,13.011093173479392
High (>30 cP),510,12.773712937847151
High (>30 cP),511,13.011093173479392
High (>30 cP),512,4.4775184226762983
High (>30 cP),513,12.773712937847151
High (>30 cP),514,3.7319388895006482
High (>30 cP),515,9.8857857589775318
High (>30 cP),516,4.4775184226762983
High (>30 cP),517,4.4775184226762983
High (>30 cP),518,9.2459263122483488
High (>30 cP),519,9.5712045596134168
High (>30 cP),520,9.5712045596134168
High (>30 cP),521,9.2459263122483488
High (>30 cP),522,9.5712045596134168
High (>30 cP),523,9.5712045596134168
High (>30 cP),524,9.8857857589775318
High (>30 cP),525,9.5712045596134168
High (>30 cP),526,13.011093173479392
High (>30 cP),527,9.8857857589775318
High (>30 cP),528,9.5712045596134168
High (>30 cP),529,13.011093173479392
High (>30 cP),530,12.773712937847151
High (>30 cP),531,9.8857857589775318
High (>30 cP),532,9.5712045596134168
High (>30 cP),533,9.2459263122483488
High (>30 cP),534,9.5712045596134168
High (>30 cP),535,12.773712937847151
High (>30 cP),536,9.2459263122483488
High (>30 cP),537,13.011093173479392
High (>30 cP),538,3.7319388895006482
High (>30 cP),539,9.8857857589775318
High (>30 cP),540,4.4775184226762983
High (>30 cP),541,3.7319388895006482
High (>30 cP),542,4.4775184226762983
High (>30 cP),543,5.1155619999999962
High (>30 cP),544,9.5712045596134168
High (>30 cP),545,4.4775184226762983
High (>30 cP),546,3.7319388895006482
High (>30 cP),547,12.773712937847151
High (>30 cP),548,9.5712045596134168
High (>30 cP),549,13.011093173479392
High (>30 cP),550,9.5712045596134168
High (>30 cP),551,4.4775184226762983
High (>30 cP),552,12.773712937847151
High (>30 cP),553,9.5712045596134168
High (>30 cP),554,9.5712045596134168
High (>30 cP),555,9.5712045596134168
High (>30 cP),556,9.5712045596134168
High (>30 cP),557,12.773712937847151
High (>30 cP),558,9.5712045596134168
High (>30 cP),559,3.7319388895006482
High (>30 cP),560,9.2459263122483488
High (>30 cP),561,12.773712937847151
High (>30 cP),562,4.4775184226762983
High (>30 cP),563,9.5712045596134168
High (>30 cP),564,3.7319388895006482
High (>30 cP),565,9.8857857589775318
High (>30 cP),566,4.4775184226762983
High (>30 cP),567,9.2459263122483488
High (>30 cP),568,4.4775184226762983
High (>30 cP),569,13.011093173479392
High (>30 cP),570,4.4775184226762983
High (>30 cP),571,9.5712045596134168
High (>30 cP),572,9.5712045596134168
High (>30 cP),573,9.5712045596134168
High (>30 cP),574,9.2459263122483488
High (>30 cP),575,3.7319388895006482
High (>30 cP),576,9.8857857589775318
High (>30 cP),577,12.773712937847151
High (>30 cP),578,12.773712937847151
High (>30 cP),579,13.011093173479392
High (>30 cP),580,3.7319388895006482
High (>30 cP),581,9.2459263122483488
High (>30 cP),582,3.7319388895006482
High (>30 cP),583,2.7940230000000028
High (>30 cP),584,9.5712045596134168
High (>30 cP),585,4.4775184226762983
High (>30 cP),586,3.7319388895006482
High (>30 cP),587,15.519289000000001
High (>30 cP),588,4.4775184226762983
High (>30 cP),589,9.5712045596134168
High (>30 cP),590,9.5712045596134168
High (>30 cP),591,3.7319388895006482
High (>30 cP),592,9.5712045596134168
High (>30 cP),593,9.5712045596134168
High (>30 cP),594,12.773712937847151
High (>30 cP),595,9.8857857589775318
High (>30 cP),596,9.5712045596134168
High (>30 cP),597,3.7319388895006482
High (>30 cP),598,9.5712045596134168
High (>30 cP),599,9.2459263122483488
High (>30 cP),600,13.011093173479392
High (>30 cP),601,15.519289000000001
High (>30 cP),602,9.5712045596134168
High (>30 cP),603,2.7940230000000028
High (>30 cP),604,3.7319388895006482
High (>30 cP),605,15.519289000000001
High (>30 cP),606,4.4775184226762983
High (>30 cP),607,15.519289000000001
High (>30 cP),608,2.7940230000000028
High (>30 cP),609,3.7319388895006482
High (>30 cP),610,13.011093173479392
High (>30 cP),611,12.773712937847151
High (>30 cP),612,9.8857857589775318
High (>30 cP),613,9.8857857589775318
High (>30 cP),614,3.7319388895006482
High (>30 cP),615,9.2459263122483488
High (>30 cP),616,9.8857857589775318
High (>30 cP),617,15.519289000000001
High (>30 cP),618,9.8857857589775318
High (>30 cP),619,9.5712045596134168
High (>30 cP),620,9.8857857589775318
High (>30 cP),621,3.7319388895006482
High (>30 cP),622,3.7319388895006482
High (>30 cP),623,4.4775184226762983
High (>30 cP),624,4.4775184226762983
High (>30 cP),625,4.4775184226762983
High (>30 cP),626,9.5712045596134168
High (>30 cP),627,9.5712045596134168
High (>30 cP),628,3.7319388895006482
High (>30 cP),629,3.7319388895006482
High (>30 cP),630,12.773712937847151
High (>30 cP),631,9.2459263122483488
High (>30 cP),632,9.8857857589775318
High (>30 cP),633,9.2459263122483488
High (>30 cP),634,9.5712045596134168
High (>30 cP),635,9.5712045596134168
High (>30 cP),636,9.2459263122483488
High (>30 cP),637,12.773712937847151
High (>30 cP),638,4.4775184226762983
High (>30 cP),639,9.5712045596134168
High (>30 cP),640,12.773712937847151
High (>30 cP),641,13.011093173479392
High (>30 cP),642,9.8857857589775318
High (>30 cP),643,4.4775184226762983
High (>30 cP),644,9.8857857589775318
High (>30 cP),645,9.5712045596134168
High (>30 cP),646,9.8857857589775318
High (>30 cP),647,3.7319388895006482
High (>30 cP),648,13.011093173479392
High (>30 cP),649,9.8857857589775318
High (>30 cP),650,9.5712045596134168
High (>30 cP),651,3.7319388895006482
High (>30 cP),652,12.773712937847151
High (>30 cP),653,9.2459263122483488
High (>30 cP),654,9.2459263122483488
High (>30 cP),655,9.5712045596134168
High (>30 cP),656,5.1155619999999962
High (>30 cP),657,9.5712045596134168
High (>30 cP),658,13.011093173479392
High (>30 cP),659,9.5712045596134168
High (>30 cP),660,9.2459263122483488
High (>30 cP),661,3.7319388895006482
High (>30 cP),662,4.4775184226762983
High (>30 cP),663,12.773712937847151
High (>30 cP),664,13.011093173479392
High (>30 cP),665,12.773712937847151
High (>30 cP),666,12.773712937847151
High (>30 cP),667,9.2459263122483488
High (>30 cP),668,9.5712045596134168
High (>30 cP),669,13.011093173479392
High (>30 cP),670,9.5712045596134168
High (>30 cP),671,13.011093173479392
High (>30 cP),672,9.5712045596134168
High (>30 cP),673,13.011093173479392
High (>30 cP),674,4.4775184226762983
High (>30 cP),675,15.519289000000001
High (>30 cP),676,9.5712045596134168
High (>30 cP),677,3.7319388895006482
High (>30 cP),678,4.4775184226762983
High (>30 cP),679,3.7319388895006482
High (>30 cP),680,12.773712937847151
High (>30 cP),681,9.2459263122483488
High (>30 cP),682,9.5712045596134168
High (>30 cP),683,15.519289000000001
High (>30 cP),684,13.011093173479392
High (>30 cP),685,9.2459263122483488
High (>30 cP),686,9.2459263122483488
High (>30 cP),687,9.2459263122483488
High (>30 cP),688,5.1155619999999962
High (>30 cP),689,13.011093173479392
High (>30 cP),690,9.2459263122483488
High (>30 cP),691,9.5712045596134168
High (>30 cP),692,3.7319388895006482
High (>30 cP),693,9.2459263122483488
High (>30 cP),694,4.4775184226762983
High (>30 cP),695,9.2459263122483488
High (>30 cP),696,4.4775184226762983
High (>30 cP),697,9.8857857589775318
High (>30 cP),698,9.5712045596134168
High (>30 cP),699,2.7940230000000028
High (>30 cP),700,3.7319388895006482
High (>30 cP),701,9.5712045596134168
High (>30 cP),702,13.011093173479392
High (>30 cP),703,5.1155619999999962
High (>30 cP),704,12.773712937847151
High (>30 cP),705,9.2459263122483488
High (>30 cP),706,2.7940230000000028
High (>30 cP),707,9.5712045596134168
High (>30 cP),708,9.5712045596134168
High (>30 cP),709,5.1155619999999962
High (>30 cP),710,9.5712045596134168
High (>30 cP),711,13.011093173479392
High (>30 cP),712,13.011093173479392
High (>30 cP),713,3.7319388895006482
High (>30 cP),714,9.8857857589775318
High (>30 cP),715,4.4775184226762983
High (>30 cP),716,9.5712045596134168
High (>30 cP),717,4.4775184226762983
High (>30 cP),718,4.4775184226762983
High (>30 cP),719,9.2459263122483488
High (>30 cP),720,3.7319388895006482
High (>30 cP),721,13.011093173479392
High (>30 cP),722,5.1155619999999962
High (>30 cP),723,9.5712045596134168
High (>30 cP),724,9.2459263122483488
High (>30 cP),725,9.2459263122483488
High (>30 cP),726,15.519289000000001
High (>30 cP),727,9.8857857589775318
High (>30 cP),728,9.2459263122483488
High (>30 cP),729,9.2459263122483488
High (>30 cP),730,4.4775184226762983
High (>30 cP),731,9.2459263122483488
High (>30 cP),732,12.773712937847151
High (>30 cP),733,4.4775184226762983
High (>30 cP),734,9.5712045596134168
High (>30 cP),735,4.4775184226762983
High (>30 cP),736,9.2459263122483488
High (>30 cP),737,12.773712937847151
High (>30 cP),738,9.5712045596134168
High (>30 cP),739,2.7940230000000028
High (>30 cP),740,9.5712045596134168
High (>30 cP),741,9.5712045596134168
High (>30 cP),742,3.7319388895006482
High (>30 cP),743,9.2459263122483488
High (>30 cP),744,9.2459263122483488
High (>30 cP),745,13.011093173479392
High (>30 cP),746,4.4775184226762983
High (>30 cP),747,13.011093173479392
High (>30 cP),748,12.773712937847151
High (>30 cP),749,4.4775184226762983
High (>30 cP),750,9.8857857589775318
High (>30 cP),751,9.2459263122483488
High (>30 cP),752,9.2459263122483488
High (>30 cP),753,5.1155619999999962
High (>30 cP),754,13.011093173479392
High (>30 cP),755,9.5712045596134168
High (>30 cP),756,9.8857857589775318
High (>30 cP),757,12.773712937847151
High (>30 cP),758,9.5712045596134168
High (>30 cP),759,12.773712937847151
High (>30 cP),760,13.011093173479392
High (>30 cP),761,12.773712937847151
High (>30 cP),762,9.5712045596134168
High (>30 cP),763,5.1155619999999962
High (>30 cP),764,13.011093173479392
High (>30 cP),765,4.4775184226762983
High (>30 cP),766,4.4775184226762983
High (>30 cP),767,9.8857857589775318
High (>30 cP),768,3.7319388895006482
High (>30 cP),769,15.519289000000001
High (>30 cP),770,9.8857857589775318
High (>30 cP),771,13.011093173479392
High (>30 cP),772,15.519289000000001
High (>30 cP),773,9.8857857589775318
High (>30 cP),774,9.5712045596134168
High (>30 cP),775,13.011093173479392
High (>30 cP),776,9.5712045596134168
High (>30 cP),777,9.5712045596134168
High (>30 cP),778,3.7319388895006482
High (>30 cP),779,12.773712937847151
High (>30 cP),780,4.4775184226762983
High (>30 cP),781,4.4775184226762983
High (>30 cP),782,15.519289000000001
High (>30 cP),783,3.7319388895006482
High (>30 cP),784,4.4775184226762983
High (>30 cP),785,4.4775184226762983
High (>30 cP),786,2.7940230000000028
High (>30 cP),787,4.4775184226762983
High (>30 cP),788,2.7940230000000028
High (>30 cP),789,9.5712045596134168
High (>30 cP),790,12.773712937847151
High (>30 cP),791,4.4775184226762983
High (>30 cP),792,12.773712937847151
High (>30 cP),793,9.2459263122483488
High (>30 cP),794,15.519289000000001
High (>30 cP),795,9.5712045596134168
High (>30 cP),796,12.773712937847151
High (>30 cP),797,9.5712045596134168
High (>30 cP),798,3.7319388895006482
High (>30 cP),799,9.8857857589775318
High (>30 cP),800,5.1155619999999962
High (>30 cP),801,12.773712937847151
High (>30 cP),802,2.7940230000000028
High (>30 cP),803,13.011093173479392
High (>30 cP),804,4.4775184226762983
High (>30 cP),805,13.011093173479392
High (>30 cP),806,9.5712045596134168
High (>30 cP),807,2.7940230000000028
High (>30 cP),808,4.4775184226762983
High (>30 cP),809,9.5712045596134168
High (>30 cP),810,9.2459263122483488
High (>30 cP),811,9.5712045596134168
High (>30 cP),812,4.4775184226762983
High (>30 cP),813,12.773712937847151
High (>30 cP),814,9.2459263122483488
High (>30 cP),815,3.7319388895006482
High (>30 cP),816,15.519289000000001
High (>30 cP),817,9.2459263122483488
High (>30 cP),818,9.5712045596134168
High (>30 cP),819,9.5712045596134168
High (>30 cP),820,12.773712937847151
High (>30 cP),821,9.8857857589775318
High (>30 cP),822,3.7319388895006482
High (>30 cP),823,2.7940230000000028
High (>30 cP),824,4.4775184226762983
High (>30 cP),825,9.2459263122483488
High (>30 cP),826,13.011093173479392
High (>30 cP),827,9.8857857589775318
High (>30 cP),828,9.8857857589775318
High (>30 cP),829,12.773712937847151
High (>30 cP),830,12.773712937847151
High (>30 cP),831,3.7319388895006482
High (>30 cP),832,13.011093173479392
High (>30 cP),833,3.7319388895006482
High (>30 cP),834,13.011093173479392
High (>30 cP),835,12.773712937847151
High (>30 cP),836,15.519289000000001
High (>30 cP),837,3.7319388895006482
High (>30 cP),838,9.2459263122483488
High (>30 cP),839,9.5712045596134168
High (>30 cP),840,13.011093173479392
High (>30 cP),841,4.4775184226762983
High (>30 cP),842,9.2459263122483488
High (>30 cP),843,13.011093173479392
High (>30 cP),844,3.7319388895006482
High (>30 cP),845,12.773712937847151
High (>30 cP),846,9.2459263122483488
High (>30 cP),847,3.7319388895006482
High (>30 cP),848,12.773712937847151
High (>30 cP),849,13.011093173479392
High (>30 cP),850,9.8857857589775318
High (>30 cP),851,12.773712937847151
High (>30 cP),852,9.8857857589775318
High (>30 cP),853,13.011093173479392
High (>30 cP),854,13.011093173479392
High (>30 cP),855,9.5712045596134168
High (>30 cP),856,3.7319388895006482
High (>30 cP),857,9.5712045596134168
High (>30 cP),858,9.2459263122483488
High (>30 cP),859,9.5712045596134168
High (>30 cP),860,13.011093173479392
High (>30 cP),861,3.7319388895006482
High (>30 cP),862,9.5712045596134168
High (>30 cP),863,9.8857857589775318
High (>30 cP),864,3.7319388895006482
High (>30 cP),865,13.011093173479392
High (>30 cP),866,9.8857857589775318
High (>30 cP),867,9.5712045596134168
High (>30 cP),868,4.4775184226762983
High (>30 cP),869,9.5712045596134168
High (>30 cP),870,13.011093173479392
High (>30 cP),871,15.519289000000001
High (>30 cP),872,4.4775184226762983
High (>30 cP),873,9.5712045596134168
High (>30 cP),874,9.8857857589775318
High (>30 cP),875,12.773712937847151
High (>30 cP),876,9.2459263122483488
High (>30 cP),877,9.2459263122483488
High (>30 cP),878,15.519289000000001
High (>30 cP),879,12.773712937847151
High (>30 cP),880,9.8857857589775318
High (>30 cP),881,2.7940230000000028
High (>30 cP),882,12.773712937847151
High (>30 cP),883,3.7319388895006482
High (>30 cP),884,3.7319388895006482
High (>30 cP),885,9.5712045596134168
High (>30 cP),886,5.1155619999999962
High (>30 cP),887,3.7319388895006482
High (>30 cP),888,13.011093173479392
High (>30 cP),889,4.4775184226762983
High (>30 cP),890,9.8857857589775318
High (>30 cP),891,12.773712937847151
High (>30 cP),892,13.011093173479392
High (>30 cP),893,4.4775184226762983
High (>30 cP),894,4.4775184226762983
High (>30 cP),895,9.5712045596134168
High (>30 cP),896,4.4775184226762983
High (>30 cP),897,4.4775184226762983
High (>30 cP),898,9.5712045596134168
High (>30 cP),899,9.8857857589775318
High (>30 cP),900,9.8857857589775318
High (>30 cP),901,9.5712045596134168
High (>30 cP),902,9.5712045596134168
High (>30 cP),903,12.773712937847151
High (>30 cP),904,5.1155619999999962
High (>30 cP),905,4.4775184226762983
High (>30 cP),906,9.5712045596134168
High (>30 cP),907,9.8857857589775318
High (>30 cP),908,2.7940230000000028
High (>30 cP),909,9.8857857589775318
High (>30 cP),910,12.773712937847151
High (>30 cP),911,9.5712045596134168
High (>30 cP),912,5.1155619999999962
High (>30 cP),913,12.773712937847151
High (>30 cP),914,2.7940230000000028
High (>30 cP),915,12.773712937847151
High (>30 cP),916,12.773712937847151
High (>30 cP),917,9.8857857589775318
High (>30 cP),918,4.4775184226762983
High (>30 cP),919,9.8857857589775318
High (>30 cP),920,9.2459263122483488
High (>30 cP),921,9.8857857589775318
High (>30 cP),922,9.8857857589775318
High (>30 cP),923,9.2459263122483488
High (>30 cP),924,9.5712045596134168
High (>30 cP),925,9.5712045596134168
High (>30 cP),926,9.5712045596134168
High (>30 cP),927,9.5712045596134168
High (>30 cP),928,9.8857857589775318
High (>30 cP),929,9.8857857589775318
High (>30 cP),930,9.5712045596134168
High (>30 cP),931,3.7319388895006482
High (>30 cP),932,15.519289000000001
High (>30 cP),933,9.8857857589775318
High (>30 cP),934,15.519289000000001
High (>30 cP),935,9.8857857589775318
High (>30 cP),936,2.7940230000000028
High (>30 cP),937,9.2459263122483488
High (>30 cP),938,5.1155619999999962
High (>30 cP),939,4.4775184226762983
High (>30 cP),940,13.011093173479392
High (>30 cP),941,15.519289000000001
High (>30 cP),942,9.5712045596134168
High (>30 cP),943,9.8857857589775318
High (>30 cP),944,12.773712937847151
High (>30 cP),945,9.5712045596134168
High (>30 cP),946,9.8857857589775318
High (>30 cP),947,9.8857857589775318
High (>30 cP),948,13.011093173479392
High (>30 cP),949,5.1155619999999962
High (>30 cP),950,9.2459263122483488
High (>30 cP),951,13.011093173479392
High (>30 cP),952,4.4775184226762983
High (>30 cP),953,5.1155619999999962
High (>30 cP),954,3.7319388895006482
High (>30 cP),955,3.7319388895006482
High (>30 cP),956,3.7319388895006482
High (>30 cP),957,9.5712045596134168
High (>30 cP),958,13.011093173479392
High (>30 cP),959,2.7940230000000028
High (>30 cP),960,13.011093173479392
High (>30 cP),961,4.4775184226762983
High (>30 cP),962,3.7319388895006482
High (>30 cP),963,9.5712045596134168
High (>30 cP),964,12.773712937847151
High (>30 cP),965,15.519289000000001
High (>30 cP),966,9.5712045596134168
High (>30 cP),967,5.1155619999999962
High (>30 cP),968,4.4775184226762983
High (>30 cP),969,13.011093173479392
High (>30 cP),970,12.773712937847151
High (>30 cP),971,9.2459263122483488
High (>30 cP),972,4.4775184226762983
High (>30 cP),973,9.2459263122483488
High (>30 cP),974,4.4775184226762983
High (>30 cP),975,13.011093173479392
High (>30 cP),976,3.7319388895006482
High (>30 cP),977,4.4775184226762983
High (>30 cP),978,9.2459263122483488
High (>30 cP),979,4.4775184226762983
High (>30 cP),980,13.011093173479392
High (>30 cP),981,4.4775184226762983
High (>30 cP),982,4.4775184226762983
High (>30 cP),983,9.8857857589775318
High (>30 cP),984,9.2459263122483488
High (>30 cP),985,9.5712045596134168
High (>30 cP),986,9.2459263122483488
High (>30 cP),987,4.4775184226762983
High (>30 cP),988,4.4775184226762983
High (>30 cP),989,13.011093173479392
High (>30 cP),990,4.4775184226762983
High (>30 cP),991,13.011093173479392
High (>30 cP),992,9.5712045596134168
High (>30 cP),993,9.2459263122483488
High (>30 cP),994,2.7940230000000028
High (>30 cP),995,9.5712045596134168
High (>30 cP),996,9.8857857589775318
High (>30 cP),997,12.773712937847151
High (>30 cP),998,3.7319388895006482
High (>30 cP),999,12.773712937847151
High (>30 cP),1000,9.2459263122483488
