endpoint,mode,pooling,fold,epoch,loss,val_loss
clearance,full,avg,1,1,0.5454003810882568,0.2292419821023941
clearance,full,avg,1,2,0.28161385655403137,0.23294907808303833
clearance,full,avg,1,3,0.18095719814300537,0.12315602600574493
clearance,full,avg,1,4,0.14723330736160278,0.15303710103034973
clearance,full,avg,1,5,0.16115501523017883,0.14182694256305695
clearance,full,avg,1,6,0.14107078313827515,0.11804547160863876
clearance,full,avg,1,7,0.12341350317001343,0.1115536019206047
clearance,full,avg,1,8,0.12339445948600769,0.11302465945482254
clearance,full,avg,1,9,0.12274769693613052,0.10882013291120529
clearance,full,avg,1,10,0.11706381291151047,0.10589966177940369
clearance,full,avg,1,11,0.1135786771774292,0.10629680007696152
clearance,full,avg,1,12,0.11218689382076263,0.10498935729265213
clearance,full,avg,1,13,0.11001241207122803,0.10254734754562378
clearance,full,avg,1,14,0.10760939121246338,0.1012439951300621
clearance,full,avg,1,15,0.10642199218273163,0.10026097297668457
clearance,full,avg,1,16,0.10478371381759644,0.09894507378339767
clearance,full,avg,1,17,0.10339535027742386,0.09788893163204193
clearance,full,avg,1,18,0.1020805686712265,0.09687002003192902
clearance,full,avg,1,19,0.10089954733848572,0.0957728773355484
clearance,full,avg,1,20,0.09965827316045761,0.09466306865215302
clearance,full,avg,1,21,0.0985758975148201,0.09369666129350662
clearance,full,avg,1,22,0.09750425815582275,0.09279424697160721
clearance,full,avg,1,23,0.09651872515678406,0.0918378084897995
clearance,full,avg,1,24,0.09539702534675598,0.09096493571996689
clearance,full,avg,1,25,0.09458815306425095,0.09019327908754349
clearance,full,avg,1,26,0.09352909028530121,0.08917253464460373
clearance,full,avg,1,27,0.09260489791631699,0.08844297379255295
clearance,full,avg,1,28,0.09171838313341141,0.08752240985631943
clearance,full,avg,1,29,0.09105062484741211,0.08666328340768814
clearance,full,avg,1,30,0.09009882807731628,0.08587052673101425
clearance,full,avg,1,31,0.08947718888521194,0.08502271771430969
clearance,full,avg,1,32,0.08854245394468307,0.08458804339170456
clearance,full,avg,1,33,0.08793915063142776,0.08397418260574341
clearance,full,avg,1,34,0.08711004257202148,0.08325355499982834
clearance,full,avg,1,35,0.08649533987045288,0.08276641368865967
clearance,full,avg,1,36,0.08577266335487366,0.08199696987867355
clearance,full,avg,1,37,0.08511513471603394,0.08145753294229507
clearance,full,avg,1,38,0.08447162061929703,0.0808635950088501
clearance,full,avg,1,39,0.08392027020454407,0.08048222959041595
clearance,full,avg,1,40,0.08327338844537735,0.07994832843542099
clearance,full,avg,1,41,0.08282282948493958,0.07931491732597351
clearance,full,avg,1,42,0.08223747462034225,0.07863026857376099
clearance,full,avg,1,43,0.08168459683656693,0.07818430662155151
clearance,full,avg,1,44,0.08112405985593796,0.07796907424926758
clearance,full,avg,1,45,0.08065752685070038,0.07759832590818405
clearance,full,avg,1,46,0.08013757318258286,0.07689975202083588
clearance,full,avg,1,47,0.0796247273683548,0.07643778622150421
clearance,full,avg,1,48,0.07943350821733475,0.07630540430545807
clearance,full,avg,1,49,0.0787712037563324,0.07563485205173492
clearance,full,avg,1,50,0.07831524312496185,0.07490312308073044
clearance,full,avg,1,51,0.07793641835451126,0.07469314336776733
clearance,full,avg,1,52,0.07740125060081482,0.07456930726766586
clearance,full,avg,1,53,0.07696476578712463,0.0741652250289917
clearance,full,avg,1,54,0.07672443985939026,0.0734986662864685
clearance,full,avg,1,55,0.07625974714756012,0.07322897762060165
clearance,full,avg,1,56,0.07577139139175415,0.07299425452947617
clearance,full,avg,1,57,0.07554886490106583,0.0729348435997963
clearance,full,avg,1,58,0.07508575916290283,0.07219769805669785
clearance,full,avg,1,59,0.07476557791233063,0.07169763743877411
clearance,full,avg,1,60,0.07481615990400314,0.07201728224754333
clearance,full,avg,1,61,0.0739479511976242,0.07116836309432983
clearance,full,avg,1,62,0.07363289594650269,0.07081732898950577
clearance,full,avg,1,63,0.07332691550254822,0.07058693468570709
clearance,full,avg,1,64,0.07290762662887573,0.07037141919136047
clearance,full,avg,1,65,0.07278697192668915,0.06997308135032654
clearance,full,avg,1,66,0.0722915381193161,0.06948511302471161
clearance,full,avg,1,67,0.07201940566301346,0.06943204253911972
clearance,full,avg,1,68,0.07169657200574875,0.06929858028888702
clearance,full,avg,1,69,0.07145949453115463,0.0687260553240776
clearance,full,avg,1,70,0.07113119214773178,0.06835376471281052
clearance,full,avg,1,71,0.07091130316257477,0.06812066584825516
clearance,full,avg,1,72,0.07071884721517563,0.06845882534980774
clearance,full,avg,1,73,0.07017454504966736,0.06762052327394485
clearance,full,avg,1,74,0.06992021203041077,0.067278653383255
clearance,full,avg,1,75,0.06962601840496063,0.06745301932096481
clearance,full,avg,1,76,0.06928941607475281,0.06689281761646271
clearance,full,avg,1,77,0.06923820078372955,0.06659239530563354
clearance,full,avg,1,78,0.06921584159135818,0.06680189818143845
clearance,full,avg,1,79,0.06842364370822906,0.06576627492904663
clearance,full,avg,1,80,0.06854036450386047,0.0659993588924408
clearance,full,avg,1,81,0.06839032471179962,0.06633274257183075
clearance,full,avg,1,82,0.067771777510643,0.0653628259897232
clearance,full,avg,1,83,0.06760392338037491,0.06549485772848129
clearance,full,avg,1,84,0.06729061901569366,0.06525850296020508
clearance,full,avg,1,85,0.06690730154514313,0.06488226354122162
clearance,full,avg,1,86,0.066756971180439,0.06442570686340332
clearance,full,avg,1,87,0.06666221469640732,0.06387203186750412
clearance,full,avg,1,88,0.06628816574811935,0.06419687718153
clearance,full,avg,1,89,0.06636281311511993,0.06390298157930374
clearance,full,avg,1,90,0.06620608270168304,0.06322257965803146
clearance,full,avg,1,91,0.06548510491847992,0.0639292299747467
clearance,full,avg,1,92,0.06560409069061279,0.06312381476163864
clearance,full,avg,1,93,0.06517904251813889,0.06252150237560272
clearance,full,avg,1,94,0.06524957716464996,0.06340488791465759
clearance,full,avg,1,95,0.0646689385175705,0.06244915351271629
clearance,full,avg,1,96,0.064419686794281,0.06285814940929413
clearance,full,avg,1,97,0.06419262290000916,0.06208112835884094
clearance,full,avg,1,98,0.06375247240066528,0.06161460280418396
clearance,full,avg,1,99,0.06367181986570358,0.06188765540719032
clearance,full,avg,1,100,0.06335873156785965,0.061757221817970276
clearance,full,avg,1,101,0.06382371485233307,0.06062449514865875
clearance,full,avg,1,102,0.06378257274627686,0.06099022924900055
clearance,full,avg,1,103,0.06368108093738556,0.06253305822610855
clearance,full,avg,1,104,0.06342718005180359,0.060736026614904404
clearance,full,avg,1,105,0.06250786036252975,0.06142861768603325
clearance,full,avg,1,106,0.06236773356795311,0.05997791141271591
clearance,full,avg,1,107,0.06193837523460388,0.059711478650569916
clearance,full,avg,1,108,0.06169547140598297,0.059641093015670776
clearance,full,avg,1,109,0.061496660113334656,0.059655994176864624
clearance,full,avg,1,110,0.06204211711883545,0.05943221226334572
clearance,full,avg,1,111,0.0615793913602829,0.05898801609873772
clearance,full,avg,1,112,0.06120231747627258,0.05972853675484657
clearance,full,avg,1,113,0.06103839725255966,0.05867376551032066
clearance,full,avg,1,114,0.06049966812133789,0.05925653874874115
clearance,full,avg,1,115,0.06079333275556564,0.05859490483999252
clearance,full,avg,1,116,0.060389455407857895,0.05786362662911415
clearance,full,avg,1,117,0.06002901867032051,0.05916140228509903
clearance,full,avg,1,118,0.06025918573141098,0.05780705809593201
clearance,full,avg,1,119,0.05944877862930298,0.058287613093853
clearance,full,avg,1,120,0.05980381369590759,0.0573674812912941
clearance,full,avg,1,121,0.05934316664934158,0.05750792846083641
clearance,full,avg,1,122,0.0589299239218235,0.057762205600738525
clearance,full,avg,1,123,0.058922868221998215,0.05667395144701004
clearance,full,avg,1,124,0.0586593896150589,0.05689742788672447
clearance,full,avg,1,125,0.05886078625917435,0.056744471192359924
clearance,full,avg,1,126,0.05841103941202164,0.056777745485305786
clearance,full,avg,1,127,0.05798640102148056,0.05589757859706879
clearance,full,avg,1,128,0.05786162614822388,0.05626364424824715
clearance,full,avg,1,129,0.05757194757461548,0.05579156428575516
clearance,full,avg,1,130,0.05737995356321335,0.05598565936088562
clearance,full,avg,1,131,0.05751011520624161,0.05571684241294861
clearance,full,avg,1,132,0.056926362216472626,0.05538276210427284
clearance,full,avg,1,133,0.05680735409259796,0.05490361899137497
clearance,full,avg,1,134,0.056774117052555084,0.05511084944009781
clearance,full,avg,1,135,0.056404512375593185,0.05479462072253227
clearance,full,avg,1,136,0.05670816823840141,0.05507633835077286
clearance,full,avg,1,137,0.05617930740118027,0.054595787078142166
clearance,full,avg,1,138,0.055849261581897736,0.054226104170084
clearance,full,avg,1,139,0.05588521808385849,0.054635677486658096
clearance,full,avg,1,140,0.0557243712246418,0.053812965750694275
clearance,full,avg,1,141,0.05555570498108864,0.05411422997713089
clearance,full,avg,1,142,0.055394142866134644,0.05385711416602135
clearance,full,avg,1,143,0.055194806307554245,0.05331222712993622
clearance,full,avg,1,144,0.054937683045864105,0.053325504064559937
clearance,full,avg,1,145,0.054777584969997406,0.053007226437330246
clearance,full,avg,1,146,0.054671019315719604,0.053294189274311066
clearance,full,avg,1,147,0.05436591058969498,0.05336173623800278
clearance,full,avg,1,148,0.054459888488054276,0.05238892510533333
clearance,full,avg,1,149,0.05424012616276741,0.05310386046767235
clearance,full,avg,1,150,0.053988903760910034,0.052430979907512665
clearance,full,avg,1,151,0.05427738279104233,0.05266731604933739
clearance,full,avg,1,152,0.05369817465543747,0.051674116402864456
clearance,full,avg,1,153,0.05402178689837456,0.0518452450633049
clearance,full,avg,1,154,0.05347907543182373,0.05170515552163124
clearance,full,avg,1,155,0.05319366231560707,0.0518919862806797
clearance,full,avg,1,156,0.05306520313024521,0.05173853412270546
clearance,full,avg,1,157,0.053435031324625015,0.051121123135089874
clearance,full,avg,1,158,0.05287981033325195,0.05145208537578583
clearance,full,avg,1,159,0.053251221776008606,0.05103494971990585
clearance,full,avg,1,160,0.052853554487228394,0.051472172141075134
clearance,full,avg,1,161,0.05244795233011246,0.0504276417195797
clearance,full,avg,1,162,0.05208766460418701,0.050669774413108826
clearance,full,avg,1,163,0.051858436316251755,0.050632767379283905
clearance,full,avg,1,164,0.05161646381020546,0.05013158172369003
clearance,full,avg,1,165,0.0518077053129673,0.04979220777750015
clearance,full,avg,1,166,0.05131775513291359,0.04996125400066376
clearance,full,avg,1,167,0.05106833577156067,0.049854591488838196
clearance,full,avg,1,168,0.05128811299800873,0.04952581971883774
clearance,full,avg,1,169,0.05087670311331749,0.04992549493908882
clearance,full,avg,1,170,0.05093406140804291,0.04948880523443222
clearance,full,avg,1,171,0.050635166466236115,0.04894841089844704
clearance,full,avg,1,172,0.05050189048051834,0.049244605004787445
clearance,full,avg,1,173,0.05030550807714462,0.049177780747413635
clearance,full,avg,1,174,0.05055062845349312,0.049545757472515106
clearance,full,avg,1,175,0.05116178095340729,0.05026707053184509
clearance,full,avg,1,176,0.052569299936294556,0.05295596271753311
clearance,full,avg,1,177,0.05260251462459564,0.051519230008125305
clearance,full,avg,1,178,0.05206415429711342,0.04989166557788849
clearance,full,avg,1,179,0.05091312155127525,0.04823620989918709
clearance,full,avg,1,180,0.04982063174247742,0.0482538565993309
clearance,full,avg,1,181,0.0493893064558506,0.04777585715055466
clearance,full,avg,1,182,0.049337685108184814,0.04816843569278717
clearance,full,avg,1,183,0.049109816551208496,0.04797070100903511
clearance,full,avg,1,184,0.0494588166475296,0.04757712781429291
clearance,full,avg,1,185,0.049013614654541016,0.047447334975004196
clearance,full,avg,1,186,0.049223922193050385,0.047408491373062134
clearance,full,avg,1,187,0.04927932843565941,0.04774456098675728
clearance,full,avg,1,188,0.049249373376369476,0.047303080558776855
clearance,full,avg,1,189,0.04925961419939995,0.047568220645189285
clearance,full,avg,1,190,0.050394825637340546,0.046778008341789246
clearance,full,avg,1,191,0.05018266290426254,0.04669930413365364
clearance,full,avg,1,192,0.04837626591324806,0.04749010503292084
clearance,full,avg,1,193,0.04794616997241974,0.046796057373285294
clearance,full,avg,1,194,0.04788539558649063,0.04756089672446251
clearance,full,avg,1,195,0.047909390181303024,0.04674280434846878
clearance,full,avg,1,196,0.04764440283179283,0.046937309205532074
clearance,full,avg,1,197,0.04835452139377594,0.046420395374298096
clearance,full,avg,1,198,0.047919731587171555,0.04628922790288925
clearance,full,avg,1,199,0.04721250757575035,0.04609976336359978
clearance,full,avg,1,200,0.04708201438188553,0.04584567993879318
clearance,full,avg,1,201,0.046798985451459885,0.045608654618263245
clearance,full,avg,1,202,0.04672183841466904,0.045594722032547
clearance,full,avg,1,203,0.0467376634478569,0.045752547681331635
clearance,full,avg,1,204,0.0463600680232048,0.045466385781764984
clearance,full,avg,1,205,0.0465921051800251,0.04550152271986008
clearance,full,avg,1,206,0.04680933803319931,0.04522582143545151
clearance,full,avg,1,207,0.04644692689180374,0.045493271201848984
clearance,full,avg,1,208,0.04599528759717941,0.045142434537410736
clearance,full,avg,1,209,0.04596360772848129,0.04526832699775696
clearance,full,avg,1,210,0.04575338214635849,0.04479218274354935
clearance,full,avg,1,211,0.045690640807151794,0.04503273218870163
clearance,full,avg,1,212,0.045687343925237656,0.04476011544466019
clearance,full,avg,1,213,0.04621179401874542,0.04512104392051697
clearance,full,avg,1,214,0.046231940388679504,0.04423780366778374
clearance,full,avg,1,215,0.04642590135335922,0.044483643025159836
clearance,full,avg,1,216,0.047286394983530045,0.044088829308748245
clearance,full,avg,1,217,0.04598034545779228,0.04423149675130844
clearance,full,avg,1,218,0.045088592916727066,0.04431845247745514
clearance,full,avg,1,219,0.04558524489402771,0.044368594884872437
clearance,full,avg,1,220,0.0444796159863472,0.04519347473978996
clearance,full,avg,1,221,0.045057639479637146,0.0436842106282711
clearance,full,avg,1,222,0.045309633016586304,0.043767619878053665
clearance,full,avg,1,223,0.045347169041633606,0.04428275302052498
clearance,full,avg,1,224,0.04454461485147476,0.0432841032743454
clearance,full,avg,1,225,0.04451533406972885,0.043613892048597336
clearance,full,avg,1,226,0.04497145116329193,0.04343138262629509
clearance,full,avg,1,227,0.04399558901786804,0.04340779781341553
clearance,full,avg,1,228,0.04448632150888443,0.04313252866268158
clearance,full,avg,1,229,0.043946102261543274,0.04303015395998955
clearance,full,avg,1,230,0.04344969242811203,0.04293234273791313
clearance,full,avg,1,231,0.04363129287958145,0.04321649670600891
clearance,full,avg,1,232,0.043697111308574677,0.042843349277973175
clearance,full,avg,1,233,0.04429660737514496,0.04327347129583359
clearance,full,avg,1,234,0.04434104263782501,0.042546432465314865
clearance,full,avg,1,235,0.04367836192250252,0.04299801588058472
clearance,full,avg,1,236,0.04398168623447418,0.04242435842752457
clearance,full,avg,1,237,0.043422237038612366,0.042814455926418304
clearance,full,avg,1,238,0.04294179752469063,0.042191267013549805
clearance,full,avg,1,239,0.042576245963573456,0.042943086475133896
clearance,full,avg,1,240,0.042668480426073074,0.04209223389625549
clearance,full,avg,1,241,0.04275159910321236,0.04231375828385353
clearance,full,avg,1,242,0.04345604032278061,0.04185246303677559
clearance,full,avg,1,243,0.04356415569782257,0.04192058742046356
clearance,full,avg,1,244,0.04329468309879303,0.041831474751234055
clearance,full,avg,1,245,0.04303155839443207,0.04208478331565857
clearance,full,avg,1,246,0.042438656091690063,0.04175211489200592
clearance,full,avg,1,247,0.04190060496330261,0.04139293357729912
clearance,full,avg,1,248,0.04222717508673668,0.04200483113527298
clearance,full,avg,1,249,0.04195881634950638,0.04172591120004654
clearance,full,avg,1,250,0.04180759936571121,0.04171708598732948
clearance,full,avg,1,251,0.04136050119996071,0.04108968377113342
clearance,full,avg,1,252,0.0417051762342453,0.04164329543709755
clearance,full,avg,1,253,0.04157806187868118,0.041118837893009186
clearance,full,avg,1,254,0.041262321174144745,0.0410475879907608
clearance,full,avg,1,255,0.04150261729955673,0.04103028029203415
clearance,full,avg,1,256,0.04114218056201935,0.040723372250795364
clearance,full,avg,1,257,0.040969785302877426,0.04082869738340378
clearance,full,avg,1,258,0.04072900861501694,0.04074832797050476
clearance,full,avg,1,259,0.04084937274456024,0.041220687329769135
clearance,full,avg,1,260,0.04195437207818031,0.040825434029102325
clearance,full,avg,1,261,0.042067013680934906,0.0408705472946167
clearance,full,avg,1,262,0.04067012667655945,0.04051605612039566
clearance,full,avg,1,263,0.04089342802762985,0.04026421532034874
clearance,full,avg,1,264,0.04021403193473816,0.04043563827872276
clearance,full,avg,1,265,0.04038771241903305,0.0400143638253212
clearance,full,avg,1,266,0.040162213146686554,0.040222037583589554
clearance,full,avg,1,267,0.04013429209589958,0.0403595045208931
clearance,full,avg,1,268,0.03985600173473358,0.03998222574591637
clearance,full,avg,1,269,0.040266573429107666,0.039852891117334366
clearance,full,avg,1,270,0.04013378545641899,0.03967835754156113
clearance,full,avg,1,271,0.040679074823856354,0.03973684832453728
clearance,full,avg,1,272,0.04096389561891556,0.03999935835599899
clearance,full,avg,1,273,0.04094367101788521,0.03954243287444115
clearance,full,avg,1,274,0.04132693260908127,0.03973746672272682
clearance,full,avg,1,275,0.03990533947944641,0.039660681039094925
clearance,full,avg,1,276,0.04001840949058533,0.03933291882276535
clearance,full,avg,1,277,0.03954647481441498,0.03968524560332298
clearance,full,avg,1,278,0.040110841393470764,0.03905610367655754
clearance,full,avg,1,279,0.03953211382031441,0.04005064070224762
clearance,full,avg,1,280,0.03929564356803894,0.03919593244791031
clearance,full,avg,1,281,0.039409756660461426,0.04001161828637123
clearance,full,avg,1,282,0.039000362157821655,0.03876972198486328
clearance,full,avg,1,283,0.03979421779513359,0.03898558020591736
clearance,full,avg,1,284,0.039784736931324005,0.03880045935511589
clearance,full,avg,1,285,0.03874523192644119,0.03930680453777313
clearance,full,avg,1,286,0.03859426826238632,0.038631852716207504
clearance,full,avg,1,287,0.03873228281736374,0.03928380459547043
clearance,full,avg,1,288,0.039444878697395325,0.03840353339910507
clearance,full,avg,1,289,0.03824067860841751,0.038890596479177475
clearance,full,avg,1,290,0.03800199553370476,0.03827745467424393
clearance,full,avg,1,291,0.03804323449730873,0.03896515443921089
clearance,full,avg,1,292,0.038950636982917786,0.03838495537638664
clearance,full,avg,1,293,0.0387163981795311,0.038209084421396255
clearance,full,avg,1,294,0.03801603615283966,0.03815079480409622
clearance,full,avg,1,295,0.03811737522482872,0.03790924698114395
clearance,full,avg,1,296,0.037699420005083084,0.03791332617402077
clearance,full,avg,1,297,0.03856296092271805,0.03790688142180443
clearance,full,avg,1,298,0.038381632417440414,0.03795205429196358
clearance,full,avg,1,299,0.03883633017539978,0.037724126130342484
clearance,full,avg,1,300,0.03883078694343567,0.03780641034245491
clearance,full,avg,1,301,0.038000207394361496,0.03761103004217148
clearance,full,avg,1,302,0.03733494505286217,0.03822317346930504
clearance,full,avg,1,303,0.037250760942697525,0.037160132080316544
clearance,full,avg,1,304,0.037406984716653824,0.03746984526515007
clearance,full,avg,1,305,0.03860759362578392,0.03687319904565811
clearance,full,avg,1,306,0.03793564811348915,0.03705586493015289
clearance,full,avg,1,307,0.036594510078430176,0.03831745311617851
clearance,full,avg,1,308,0.03696015477180481,0.037010837346315384
clearance,full,avg,1,309,0.03790862858295441,0.036761511117219925
clearance,full,avg,1,310,0.038242585957050323,0.03729213401675224
clearance,full,avg,1,311,0.03767377883195877,0.03704904392361641
clearance,full,avg,1,312,0.03686464950442314,0.04006490111351013
clearance,full,avg,1,313,0.03693635016679764,0.03749246895313263
clearance,full,avg,1,314,0.03773406147956848,0.037629347294569016
clearance,full,avg,1,315,0.037740349769592285,0.036552026867866516
clearance,full,avg,1,316,0.036498285830020905,0.036427032202482224
clearance,full,avg,1,317,0.03606823831796646,0.03734331578016281
clearance,full,avg,1,318,0.03628765791654587,0.03637228161096573
clearance,full,avg,1,319,0.03594472259283066,0.03639283776283264
clearance,full,avg,1,320,0.03608476370573044,0.036171894520521164
clearance,full,avg,1,321,0.03581893444061279,0.03617910295724869
clearance,full,avg,1,322,0.03576169162988663,0.03608713299036026
clearance,full,avg,1,323,0.03549748286604881,0.03620651736855507
clearance,full,avg,1,324,0.03542730212211609,0.03608210012316704
clearance,full,avg,1,325,0.03558596968650818,0.03593548759818077
clearance,full,avg,1,326,0.03534602001309395,0.03593868017196655
clearance,full,avg,1,327,0.035183198750019073,0.036039188504219055
clearance,full,avg,1,328,0.03507518395781517,0.03593599051237106
clearance,full,avg,1,329,0.03509210795164108,0.03585729002952576
clearance,full,avg,1,330,0.035230766981840134,0.03587787225842476
clearance,full,avg,1,331,0.03487774729728699,0.03549742326140404
clearance,full,avg,1,332,0.03499584645032883,0.03568562865257263
clearance,full,avg,1,333,0.03519848734140396,0.035285595804452896
clearance,full,avg,1,334,0.03480863571166992,0.03520962595939636
clearance,full,avg,1,335,0.03479735925793648,0.03588367626070976
clearance,full,avg,1,336,0.03489299863576889,0.03524152562022209
clearance,full,avg,1,337,0.03477012738585472,0.03537911921739578
clearance,full,avg,1,338,0.03439204767346382,0.035109929740428925
clearance,full,avg,1,339,0.034685324877500534,0.03526046872138977
clearance,full,avg,1,340,0.034179672598838806,0.035744909197092056
clearance,full,avg,1,341,0.034593455493450165,0.03456632047891617
clearance,full,avg,1,342,0.03410538658499718,0.035177092999219894
clearance,full,avg,1,343,0.034228429198265076,0.03462875261902809
clearance,full,avg,1,344,0.03417455777525902,0.03469843044877052
clearance,full,avg,1,345,0.03399510309100151,0.034734152257442474
clearance,full,avg,1,346,0.0339592806994915,0.0343339778482914
clearance,full,avg,1,347,0.03392470255494118,0.03460647538304329
clearance,full,avg,1,348,0.03375173732638359,0.03432083502411842
clearance,full,avg,1,349,0.03411995992064476,0.03430091589689255
clearance,full,avg,1,350,0.03408065810799599,0.034382693469524384
clearance,full,avg,1,351,0.034186843782663345,0.03433753922581673
clearance,full,avg,1,352,0.03358640521764755,0.03392469510436058
clearance,full,avg,1,353,0.034249287098646164,0.034751344472169876
clearance,full,avg,1,354,0.03353497013449669,0.03391437605023384
clearance,full,avg,1,355,0.033607371151447296,0.03406720981001854
clearance,full,avg,1,356,0.03332092612981796,0.03366953507065773
clearance,full,avg,1,357,0.03333592787384987,0.03388455882668495
clearance,full,avg,1,358,0.0332137793302536,0.03386610746383667
clearance,full,avg,1,359,0.033350903540849686,0.03338794410228729
clearance,full,avg,1,360,0.03282942622900009,0.03432689234614372
clearance,full,avg,1,361,0.032851364463567734,0.0333188995718956
clearance,full,avg,1,362,0.03271840885281563,0.03384687379002571
clearance,full,avg,1,363,0.032858092337846756,0.033427052199840546
clearance,full,avg,1,364,0.03262070193886757,0.03325382247567177
clearance,full,avg,1,365,0.032564952969551086,0.033696629106998444
clearance,full,avg,1,366,0.032973479479551315,0.033348437398672104
clearance,full,avg,1,367,0.032652970403432846,0.03378082811832428
clearance,full,avg,1,368,0.03232515975832939,0.03307250887155533
clearance,full,avg,1,369,0.03239116072654724,0.03359055519104004
clearance,full,avg,1,370,0.032787784934043884,0.03265240788459778
clearance,full,avg,1,371,0.03338674455881119,0.032769475132226944
clearance,full,avg,1,372,0.032534316182136536,0.032831545919179916
clearance,full,avg,1,373,0.03286129608750343,0.03260531648993492
clearance,full,avg,1,374,0.03355357050895691,0.03249182179570198
clearance,full,avg,1,375,0.03358675166964531,0.03235625475645065
clearance,full,avg,1,376,0.03276403248310089,0.0331634096801281
clearance,full,avg,1,377,0.032689496874809265,0.03195757791399956
clearance,full,avg,1,378,0.0319451168179512,0.032412365078926086
clearance,full,avg,1,379,0.031877439469099045,0.03183300420641899
clearance,full,avg,1,380,0.031637851148843765,0.03236411511898041
clearance,full,avg,1,381,0.03172522783279419,0.032088201493024826
clearance,full,avg,1,382,0.031340692192316055,0.032954905182123184
clearance,full,avg,1,383,0.031580694019794464,0.03186371177434921
clearance,full,avg,1,384,0.03143513947725296,0.032496314495801926
clearance,full,avg,1,385,0.031288377940654755,0.03197327256202698
clearance,full,avg,1,386,0.03168665990233421,0.03256487473845482
clearance,full,avg,1,387,0.03105737641453743,0.031740330159664154
clearance,full,avg,1,388,0.0312848724424839,0.031756691634655
clearance,full,avg,1,389,0.030946001410484314,0.031365178525447845
clearance,full,avg,1,390,0.031067442148923874,0.032007116824388504
clearance,full,avg,1,391,0.030897952616214752,0.03198956325650215
clearance,full,avg,1,392,0.030698351562023163,0.03149104863405228
clearance,full,avg,1,393,0.031246870756149292,0.031184939667582512
clearance,full,avg,1,394,0.03130374103784561,0.0315556563436985
clearance,full,avg,1,395,0.03167370706796646,0.03095604106783867
clearance,full,avg,1,396,0.032418929040431976,0.03137705475091934
clearance,full,avg,1,397,0.032011643052101135,0.030986694619059563
clearance,full,avg,1,398,0.03049740195274353,0.030910631641745567
clearance,full,avg,1,399,0.0306236632168293,0.030851952731609344
clearance,full,avg,1,400,0.030520664528012276,0.030854810029268265
clearance,full,avg,1,401,0.030346404761075974,0.030563220381736755
clearance,full,avg,1,402,0.030163727700710297,0.030895713716745377
clearance,full,avg,1,403,0.03010730817914009,0.030570872128009796
clearance,full,avg,1,404,0.030009562149643898,0.030777594074606895
clearance,full,avg,1,405,0.029916245490312576,0.030875103548169136
clearance,full,avg,1,406,0.029756128787994385,0.030735298991203308
clearance,full,avg,1,407,0.029917240142822266,0.03087013214826584
clearance,full,avg,1,408,0.029754620045423508,0.030415399000048637
clearance,full,avg,1,409,0.029639411717653275,0.030972078442573547
clearance,full,avg,1,410,0.029875535517930984,0.030215922743082047
clearance,full,avg,1,411,0.029774688184261322,0.030303165316581726
clearance,full,avg,1,412,0.02954091504216194,0.030472036451101303
clearance,full,avg,1,413,0.02963309735059738,0.03009673021733761
clearance,full,avg,1,414,0.02928110398352146,0.030646054074168205
clearance,full,avg,1,415,0.029511122032999992,0.030064821243286133
clearance,full,avg,1,416,0.029235459864139557,0.030271975323557854
clearance,full,avg,1,417,0.029361151158809662,0.02981620281934738
clearance,full,avg,1,418,0.029094966128468513,0.030555497854948044
clearance,full,avg,1,419,0.029532909393310547,0.029790380969643593
clearance,full,avg,1,420,0.029682796448469162,0.029903868213295937
clearance,full,avg,1,421,0.030613690614700317,0.02960057184100151
clearance,full,avg,1,422,0.029402505606412888,0.03033418580889702
clearance,full,avg,1,423,0.029164474457502365,0.029640506953001022
clearance,full,avg,1,424,0.028915591537952423,0.030056098476052284
clearance,full,avg,1,425,0.02878994308412075,0.029324423521757126
clearance,full,avg,1,426,0.028658505529165268,0.029379114508628845
clearance,full,avg,1,427,0.028604689985513687,0.029086709022521973
clearance,full,avg,1,428,0.02882140874862671,0.029604392126202583
clearance,full,avg,1,429,0.02858532965183258,0.02945861406624317
clearance,full,avg,1,430,0.028502127155661583,0.02917983941733837
clearance,full,avg,1,431,0.028379252180457115,0.02914554812014103
clearance,full,avg,1,432,0.028625601902604103,0.02934183180332184
clearance,full,avg,1,433,0.028375722467899323,0.029019420966506004
clearance,full,avg,1,434,0.028214480727910995,0.029073473066091537
clearance,full,avg,1,435,0.0280647911131382,0.029383307322859764
clearance,full,avg,1,436,0.027990836650133133,0.029384171590209007
clearance,full,avg,1,437,0.028315454721450806,0.02898019552230835
clearance,full,avg,1,438,0.029139451682567596,0.028396446257829666
clearance,full,avg,1,439,0.02935497835278511,0.02943439781665802
clearance,full,avg,1,440,0.028961677104234695,0.028386764228343964
clearance,full,avg,1,441,0.028585124760866165,0.028592202812433243
clearance,full,avg,1,442,0.028429687023162842,0.028352733701467514
clearance,full,avg,1,443,0.027804527431726456,0.028875252231955528
clearance,full,avg,1,444,0.027822691947221756,0.02813517302274704
clearance,full,avg,1,445,0.027521461248397827,0.02824876829981804
clearance,full,avg,1,446,0.027481645345687866,0.02830217219889164
clearance,full,avg,1,447,0.027427908033132553,0.028797335922718048
clearance,full,avg,1,448,0.027344413101673126,0.02813839539885521
clearance,full,avg,1,449,0.0275714173913002,0.028935030102729797
clearance,full,avg,1,450,0.027574637904763222,0.02810715325176716
clearance,full,avg,1,451,0.027418190613389015,0.028218155726790428
clearance,full,avg,1,452,0.027289073914289474,0.02802480384707451
clearance,full,avg,1,453,0.02722524106502533,0.02824532240629196
clearance,full,avg,1,454,0.027051642537117004,0.028071241453289986
clearance,full,avg,1,455,0.02680397778749466,0.02753850445151329
clearance,full,avg,1,456,0.02733277902007103,0.027644142508506775
clearance,full,avg,1,457,0.026605304330587387,0.027659591287374496
clearance,full,avg,1,458,0.02685108780860901,0.027767660096287727
clearance,full,avg,1,459,0.026654047891497612,0.02786298841238022
clearance,full,avg,1,460,0.02698638290166855,0.027635304257273674
clearance,full,avg,1,461,0.02797885052859783,0.027519995346665382
clearance,full,avg,1,462,0.0272410549223423,0.02840373106300831
clearance,full,avg,1,463,0.028128471225500107,0.02833663299679756
clearance,full,avg,1,464,0.027668319642543793,0.028018435463309288
clearance,full,avg,1,465,0.027239203453063965,0.02730182558298111
clearance,full,avg,1,466,0.026643259450793266,0.027171483263373375
clearance,full,avg,1,467,0.026632152497768402,0.027538828551769257
clearance,full,avg,1,468,0.02622450515627861,0.027306923642754555
clearance,full,avg,1,469,0.026416480541229248,0.02691984921693802
clearance,full,avg,1,470,0.026512935757637024,0.027046093717217445
clearance,full,avg,1,471,0.02621000073850155,0.027752190828323364
clearance,full,avg,1,472,0.026149850338697433,0.027079951018095016
clearance,full,avg,1,473,0.026028592139482498,0.02743346244096756
clearance,full,avg,1,474,0.026385774835944176,0.026980623602867126
clearance,full,avg,1,475,0.02600233070552349,0.02708972990512848
clearance,full,avg,1,476,0.026071442291140556,0.027729565277695656
clearance,full,avg,1,477,0.02624768577516079,0.026544049382209778
clearance,full,avg,1,478,0.025746390223503113,0.026706794276833534
clearance,full,avg,1,479,0.025707416236400604,0.027237597852945328
clearance,full,avg,1,480,0.02600221522152424,0.026544835418462753
clearance,full,avg,1,481,0.025739595293998718,0.027156151831150055
clearance,full,avg,1,482,0.026094354689121246,0.026637673377990723
clearance,full,avg,1,483,0.02614523097872734,0.026270128786563873
clearance,full,avg,1,484,0.025904381647706032,0.026183824986219406
clearance,full,avg,1,485,0.025745421648025513,0.026095464825630188
clearance,full,avg,1,486,0.0254571083933115,0.02673833817243576
clearance,full,avg,1,487,0.025336768478155136,0.026336755603551865
clearance,full,avg,1,488,0.02541186287999153,0.026402363553643227
clearance,full,avg,1,489,0.025925811380147934,0.026266269385814667
clearance,full,avg,1,490,0.025672126561403275,0.02687782607972622
clearance,full,avg,1,491,0.025773687288165092,0.025780143216252327
clearance,full,avg,1,492,0.025402458384633064,0.026359399780631065
clearance,full,avg,1,493,0.02508835680782795,0.026050640270113945
clearance,full,avg,1,494,0.025232449173927307,0.02630511485040188
clearance,full,avg,1,495,0.024962734431028366,0.025491617619991302
clearance,full,avg,1,496,0.025215839967131615,0.02588793635368347
clearance,full,avg,1,497,0.024847429245710373,0.026781124994158745
clearance,full,avg,1,498,0.026217864826321602,0.02558719366788864
clearance,full,avg,1,499,0.02578776702284813,0.026324205100536346
clearance,full,avg,1,500,0.024942580610513687,0.02634122595191002
clearance,full,avg,1,501,0.025678616017103195,0.027209103107452393
clearance,full,avg,1,502,0.025899533182382584,0.02530280314385891
clearance,full,avg,1,503,0.02475694566965103,0.025847649201750755
clearance,full,avg,1,504,0.024464519694447517,0.02535529062151909
clearance,full,avg,1,505,0.024774473160505295,0.02586461417376995
clearance,full,avg,1,506,0.02537686377763748,0.02518480457365513
clearance,full,avg,1,507,0.02512311190366745,0.02605571411550045
clearance,full,avg,1,508,0.024590900167822838,0.02533513493835926
clearance,full,avg,1,509,0.02460917830467224,0.025141030550003052
clearance,full,avg,1,510,0.02469676360487938,0.02576627768576145
clearance,full,avg,1,511,0.023867232725024223,0.025406699627637863
clearance,full,avg,1,512,0.02435518428683281,0.02552080899477005
clearance,full,avg,1,513,0.024150202050805092,0.025169124826788902
clearance,full,avg,1,514,0.024210041388869286,0.02520960383117199
clearance,full,avg,1,515,0.024991240352392197,0.02490728348493576
clearance,full,avg,1,516,0.026474764570593834,0.028047531843185425
clearance,full,avg,1,517,0.02534087747335434,0.02564479596912861
clearance,full,avg,1,518,0.025671180337667465,0.025348924100399017
clearance,full,avg,1,519,0.024534229189157486,0.0249463003128767
clearance,full,avg,1,520,0.025096401572227478,0.025827694684267044
clearance,full,avg,1,521,0.02443777397274971,0.024100570008158684
clearance,full,avg,1,522,0.02392348274588585,0.025218261405825615
clearance,full,avg,1,523,0.024099696427583694,0.024532034993171692
clearance,full,avg,1,524,0.02407948672771454,0.024842487648129463
clearance,full,avg,1,525,0.0237357709556818,0.024873832240700722
clearance,full,avg,1,526,0.023907046765089035,0.02456560730934143
clearance,full,avg,1,527,0.024213669821619987,0.024543818086385727
clearance,full,avg,1,528,0.023885607719421387,0.02467403933405876
clearance,full,avg,1,529,0.023924654349684715,0.024491531774401665
clearance,full,avg,1,530,0.023668382316827774,0.024644387885928154
clearance,full,avg,1,531,0.02344628795981407,0.02462053671479225
clearance,full,avg,1,532,0.023196924477815628,0.02430889755487442
clearance,full,avg,1,533,0.022955117747187614,0.024720557034015656
clearance,full,avg,1,534,0.023095734417438507,0.02411690540611744
clearance,full,avg,1,535,0.023024767637252808,0.02418334223330021
clearance,full,avg,1,536,0.02295711450278759,0.024106208235025406
clearance,full,avg,1,537,0.02303498610854149,0.024566305801272392
clearance,full,avg,1,538,0.022968614473938942,0.02455904334783554
clearance,full,avg,1,539,0.022844504565000534,0.02401355281472206
clearance,full,avg,1,540,0.023007052019238472,0.024181324988603592
clearance,full,avg,1,541,0.02272344008088112,0.024792766198515892
clearance,full,avg,1,542,0.023048054426908493,0.02484986186027527
clearance,full,avg,1,543,0.022667348384857178,0.02403775230050087
clearance,full,avg,1,544,0.022831223905086517,0.02404472976922989
clearance,full,avg,1,545,0.02273501828312874,0.024319225922226906
clearance,full,avg,1,546,0.022751737385988235,0.024253608658909798
clearance,full,avg,1,547,0.022696565836668015,0.023950090631842613
clearance,full,avg,1,548,0.022657064720988274,0.024123890325427055
clearance,full,avg,1,549,0.02263554185628891,0.024233724921941757
clearance,full,avg,1,550,0.02259024791419506,0.02389472909271717
clearance,full,avg,1,551,0.02287704311311245,0.023919345811009407
clearance,full,avg,1,552,0.023322224617004395,0.024854425340890884
clearance,full,avg,1,553,0.022763334214687347,0.023864157497882843
clearance,full,avg,1,554,0.02286788821220398,0.023825405165553093
clearance,full,avg,1,555,0.02250722609460354,0.024256175383925438
clearance,full,avg,1,556,0.02259354293346405,0.024466680362820625
clearance,full,avg,1,557,0.022599495947360992,0.023843243718147278
clearance,full,avg,1,558,0.02251693606376648,0.0237607229501009
clearance,full,avg,1,559,0.022619185969233513,0.024152977392077446
clearance,full,avg,1,560,0.022547686472535133,0.02405523508787155
clearance,full,avg,1,561,0.02254444919526577,0.023861611261963844
clearance,full,avg,1,562,0.022428371012210846,0.023915275931358337
clearance,full,avg,1,563,0.02245575375854969,0.023970454931259155
clearance,full,avg,1,564,0.022693688049912453,0.024084724485874176
clearance,full,avg,1,565,0.022386392578482628,0.02379947155714035
clearance,full,avg,1,566,0.0224818903952837,0.023716896772384644
clearance,full,avg,1,567,0.022421203553676605,0.02389093115925789
clearance,full,avg,1,568,0.022359974682331085,0.024014795199036598
clearance,full,avg,1,569,0.02235949970781803,0.023951057344675064
clearance,full,avg,1,570,0.022342076525092125,0.023819316178560257
clearance,full,avg,1,571,0.02234513685107231,0.023754538968205452
clearance,full,avg,1,572,0.022383809089660645,0.023736314848065376
clearance,full,avg,1,573,0.022365018725395203,0.023941699415445328
clearance,full,avg,1,574,0.02233976498246193,0.023988209664821625
clearance,full,avg,1,575,0.02234508842229843,0.023907238617539406
clearance,full,avg,1,576,0.02252967283129692,0.023714665323495865
clearance,full,avg,1,577,0.022409632802009583,0.023723766207695007
clearance,full,avg,1,578,0.02231878601014614,0.023871712386608124
clearance,full,avg,1,579,0.02230304665863514,0.024021752178668976
clearance,full,avg,1,580,0.022312026470899582,0.024002129212021828
clearance,full,avg,1,581,0.022305097430944443,0.023877497762441635
clearance,full,avg,1,582,0.02228967472910881,0.023764414712786674
clearance,full,avg,1,583,0.02228223904967308,0.02373463660478592
clearance,full,avg,1,584,0.02227591723203659,0.02374543808400631
clearance,full,avg,1,585,0.022296302020549774,0.02375493198633194
clearance,full,avg,1,586,0.022273428738117218,0.023866042494773865
clearance,full,avg,1,587,0.022268176078796387,0.023904142901301384
clearance,full,avg,1,588,0.02226348966360092,0.023891538381576538
clearance,full,avg,1,589,0.022255729883909225,0.023858608677983284
clearance,full,avg,1,590,0.022254452109336853,0.023808833211660385
clearance,full,avg,1,591,0.022256189957261086,0.0237702876329422
clearance,full,avg,1,592,0.02225591614842415,0.02376369945704937
clearance,full,avg,1,593,0.022249644622206688,0.02376081608235836
clearance,full,avg,1,594,0.022246479988098145,0.02375703491270542
clearance,full,avg,1,595,0.022294070571660995,0.023828206583857536
clearance,full,avg,1,596,0.0222424678504467,0.023807425051927567
clearance,full,avg,2,1,0.2685086727142334,0.13249842822551727
clearance,full,avg,2,2,0.15624549984931946,0.15766608715057373
clearance,full,avg,2,3,0.14552369713783264,0.12260556221008301
clearance,full,avg,2,4,0.12920008599758148,0.11834803968667984
clearance,full,avg,2,5,0.12453518062829971,0.11678516864776611
clearance,full,avg,2,6,0.11933015286922455,0.11765195429325104
clearance,full,avg,2,7,0.11593344062566757,0.11684541404247284
clearance,full,avg,2,8,0.11262145638465881,0.11032043397426605
clearance,full,avg,2,9,0.11053141206502914,0.10798768699169159
clearance,full,avg,2,10,0.10816885530948639,0.10917722433805466
clearance,full,avg,2,11,0.10610084980726242,0.10790997743606567
clearance,full,avg,2,12,0.10370489954948425,0.10491378605365753
clearance,full,avg,2,13,0.10227097570896149,0.10503543168306351
clearance,full,avg,2,14,0.10030585527420044,0.10691732913255692
clearance,full,avg,2,15,0.09903571009635925,0.10284747928380966
clearance,full,avg,2,16,0.09804367274045944,0.10208747535943985
clearance,full,avg,2,17,0.09610431641340256,0.10413142293691635
clearance,full,avg,2,18,0.09494132548570633,0.09913995862007141
clearance,full,avg,2,19,0.09380640834569931,0.09888046234846115
clearance,full,avg,2,20,0.09226196259260178,0.09710515290498734
clearance,full,avg,2,21,0.09129032492637634,0.09602880477905273
clearance,full,avg,2,22,0.0899016335606575,0.09582466632127762
clearance,full,avg,2,23,0.08911482244729996,0.09356130659580231
clearance,full,avg,2,24,0.08824604749679565,0.0930817574262619
clearance,full,avg,2,25,0.08679261058568954,0.09060636907815933
clearance,full,avg,2,26,0.08604174852371216,0.09262104332447052
clearance,full,avg,2,27,0.08549672365188599,0.0893128365278244
clearance,full,avg,2,28,0.08418028801679611,0.09135448187589645
clearance,full,avg,2,29,0.08383116871118546,0.08697017282247543
clearance,full,avg,2,30,0.08236054331064224,0.08864130824804306
clearance,full,avg,2,31,0.08127401024103165,0.08630714565515518
clearance,full,avg,2,32,0.08065391331911087,0.0859328880906105
clearance,full,avg,2,33,0.08023031800985336,0.08563578128814697
clearance,full,avg,2,34,0.0790509581565857,0.08334623277187347
clearance,full,avg,2,35,0.07849135994911194,0.08384223282337189
clearance,full,avg,2,36,0.07764122635126114,0.08260798454284668
clearance,full,avg,2,37,0.07709092646837234,0.08191463351249695
clearance,full,avg,2,38,0.0764705017209053,0.08190817385911942
clearance,full,avg,2,39,0.07575218379497528,0.08076969534158707
clearance,full,avg,2,40,0.07494153827428818,0.0800468847155571
clearance,full,avg,2,41,0.07429014891386032,0.08035215735435486
clearance,full,avg,2,42,0.07360518723726273,0.08022552728652954
clearance,full,avg,2,43,0.07303643226623535,0.07967066764831543
clearance,full,avg,2,44,0.0724867433309555,0.07710742950439453
clearance,full,avg,2,45,0.07310766726732254,0.0802043080329895
clearance,full,avg,2,46,0.07209164649248123,0.07572565972805023
clearance,full,avg,2,47,0.0721670463681221,0.07924216985702515
clearance,full,avg,2,48,0.07144173979759216,0.07459942996501923
clearance,full,avg,2,49,0.07062028348445892,0.07661799341440201
clearance,full,avg,2,50,0.06947948038578033,0.07552485913038254
clearance,full,avg,2,51,0.06913243979215622,0.07409173250198364
clearance,full,avg,2,52,0.06855322420597076,0.0742536187171936
clearance,full,avg,2,53,0.06867965310811996,0.0733763799071312
clearance,full,avg,2,54,0.06838192790746689,0.0737815573811531
clearance,full,avg,2,55,0.06740095466375351,0.07371515035629272
clearance,full,avg,2,56,0.06702130287885666,0.07194547355175018
clearance,full,avg,2,57,0.06670495122671127,0.07270298898220062
clearance,full,avg,2,58,0.06661437451839447,0.07226425409317017
clearance,full,avg,2,59,0.06601551920175552,0.07149209827184677
clearance,full,avg,2,60,0.06618645787239075,0.07240939885377884
clearance,full,avg,2,61,0.06614305078983307,0.07071170955896378
clearance,full,avg,2,62,0.0647977665066719,0.07146960496902466
clearance,full,avg,2,63,0.06451991200447083,0.07138828188180923
clearance,full,avg,2,64,0.06410197913646698,0.06840088218450546
clearance,full,avg,2,65,0.06528341770172119,0.07333735376596451
clearance,full,avg,2,66,0.06517376005649567,0.06802500039339066
clearance,full,avg,2,67,0.06383759528398514,0.07226153463125229
clearance,full,avg,2,68,0.06259427964687347,0.06751911342144012
clearance,full,avg,2,69,0.06278958171606064,0.0697784423828125
clearance,full,avg,2,70,0.06229328364133835,0.06693284958600998
clearance,full,avg,2,71,0.06294503808021545,0.0704512894153595
clearance,full,avg,2,72,0.06378605961799622,0.06664388626813889
clearance,full,avg,2,73,0.06519415974617004,0.06922866404056549
clearance,full,avg,2,74,0.06768321990966797,0.06486742198467255
clearance,full,avg,2,75,0.06734347343444824,0.0648110955953598
clearance,full,avg,2,76,0.06483127921819687,0.06937889754772186
clearance,full,avg,2,77,0.06291187554597855,0.06545130908489227
clearance,full,avg,2,78,0.06339812278747559,0.07117845118045807
clearance,full,avg,2,79,0.06071089208126068,0.06321186572313309
clearance,full,avg,2,80,0.0606921948492527,0.0649833008646965
clearance,full,avg,2,81,0.06097525730729103,0.06600724905729294
clearance,full,avg,2,82,0.05954704061150551,0.06400732696056366
clearance,full,avg,2,83,0.059629376977682114,0.06792127341032028
clearance,full,avg,2,84,0.059842612594366074,0.06360414624214172
clearance,full,avg,2,85,0.05896630883216858,0.06588046997785568
clearance,full,avg,2,86,0.05755672603845596,0.06306514143943787
clearance,full,avg,2,87,0.05772341415286064,0.06503313034772873
clearance,full,avg,2,88,0.0571320615708828,0.06304795295000076
clearance,full,avg,2,89,0.057057444006204605,0.06338708102703094
clearance,full,avg,2,90,0.056684885174036026,0.0643700435757637
clearance,full,avg,2,91,0.0563722625374794,0.0626404881477356
clearance,full,avg,2,92,0.05607574060559273,0.06398696452379227
clearance,full,avg,2,93,0.05650892108678818,0.06247072294354439
clearance,full,avg,2,94,0.05588826909661293,0.06126106530427933
clearance,full,avg,2,95,0.055284544825553894,0.06320612877607346
clearance,full,avg,2,96,0.055605821311473846,0.06144478917121887
clearance,full,avg,2,97,0.055095624178647995,0.06188852712512016
clearance,full,avg,2,98,0.054971832782030106,0.061888065189123154
clearance,full,avg,2,99,0.05455227196216583,0.06078937649726868
clearance,full,avg,2,100,0.05532824620604515,0.06143902987241745
clearance,full,avg,2,101,0.054175302386283875,0.060174647718667984
clearance,full,avg,2,102,0.054379016160964966,0.06184455752372742
clearance,full,avg,2,103,0.05349702760577202,0.05999990925192833
clearance,full,avg,2,104,0.05348094552755356,0.06323592364788055
clearance,full,avg,2,105,0.05350212752819061,0.059268657118082047
clearance,full,avg,2,106,0.05359058082103729,0.05980079993605614
clearance,full,avg,2,107,0.05338827893137932,0.059825316071510315
clearance,full,avg,2,108,0.052164770662784576,0.05923756957054138
clearance,full,avg,2,109,0.052355360239744186,0.06199761852622032
clearance,full,avg,2,110,0.05236758291721344,0.05948628485202789
clearance,full,avg,2,111,0.05242658406496048,0.05895872041583061
clearance,full,avg,2,112,0.05212578549981117,0.0584796704351902
clearance,full,avg,2,113,0.05160863697528839,0.05927947536110878
clearance,full,avg,2,114,0.051278047263622284,0.059097688645124435
clearance,full,avg,2,115,0.05096804350614548,0.05866483598947525
clearance,full,avg,2,116,0.05080109462141991,0.05780055373907089
clearance,full,avg,2,117,0.05068343132734299,0.05901412293314934
clearance,full,avg,2,118,0.05045250803232193,0.05821476876735687
clearance,full,avg,2,119,0.050157610327005386,0.05826091393828392
clearance,full,avg,2,120,0.050159115344285965,0.05903037264943123
clearance,full,avg,2,121,0.049856510013341904,0.05731382966041565
clearance,full,avg,2,122,0.05094296485185623,0.059128373861312866
clearance,full,avg,2,123,0.05081966146826744,0.056009989231824875
clearance,full,avg,2,124,0.05029015243053436,0.05843770131468773
clearance,full,avg,2,125,0.049582548439502716,0.056336402893066406
clearance,full,avg,2,126,0.049220502376556396,0.05667353793978691
clearance,full,avg,2,127,0.04860071465373039,0.05626241862773895
clearance,full,avg,2,128,0.04917837306857109,0.0562419556081295
clearance,full,avg,2,129,0.0486128143966198,0.05703024938702583
clearance,full,avg,2,130,0.04829544946551323,0.057454582303762436
clearance,full,avg,2,131,0.04812729358673096,0.05585405230522156
clearance,full,avg,2,132,0.04790510982275009,0.05659060552716255
clearance,full,avg,2,133,0.0475543849170208,0.055984534323215485
clearance,full,avg,2,134,0.047478750348091125,0.05775751918554306
clearance,full,avg,2,135,0.04805782437324524,0.05375862866640091
clearance,full,avg,2,136,0.04804807901382446,0.05754636973142624
clearance,full,avg,2,137,0.04927467554807663,0.05478919297456741
clearance,full,avg,2,138,0.051797132939100266,0.05617978796362877
clearance,full,avg,2,139,0.05061611905694008,0.053656239062547684
clearance,full,avg,2,140,0.04997039586305618,0.05318629741668701
clearance,full,avg,2,141,0.04846056178212166,0.05524253100156784
clearance,full,avg,2,142,0.0478709451854229,0.05279359221458435
clearance,full,avg,2,143,0.047791752964258194,0.05539800599217415
clearance,full,avg,2,144,0.045941442251205444,0.05376654490828514
clearance,full,avg,2,145,0.04590081423521042,0.05791172385215759
clearance,full,avg,2,146,0.046050507575273514,0.05313051864504814
clearance,full,avg,2,147,0.046075426042079926,0.053914424031972885
clearance,full,avg,2,148,0.04549739509820938,0.054660696536302567
clearance,full,avg,2,149,0.045212503522634506,0.052976418286561966
clearance,full,avg,2,150,0.04570070281624794,0.05332321673631668
clearance,full,avg,2,151,0.04504280164837837,0.05336456373333931
clearance,full,avg,2,152,0.044599976390600204,0.052455492317676544
clearance,full,avg,2,153,0.04439987614750862,0.055029939860105515
clearance,full,avg,2,154,0.04452276602387428,0.05216175690293312
clearance,full,avg,2,155,0.04473378509283066,0.05285077542066574
clearance,full,avg,2,156,0.04390503466129303,0.05461472272872925
clearance,full,avg,2,157,0.04428083449602127,0.05247723311185837
clearance,full,avg,2,158,0.043537989258766174,0.05293482169508934
clearance,full,avg,2,159,0.04355061799287796,0.05169512704014778
clearance,full,avg,2,160,0.0442914217710495,0.054186251014471054
clearance,full,avg,2,161,0.043973229825496674,0.051301032304763794
clearance,full,avg,2,162,0.04383070766925812,0.05249159783124924
clearance,full,avg,2,163,0.043534208089113235,0.05096864327788353
clearance,full,avg,2,164,0.043642327189445496,0.051826223731040955
clearance,full,avg,2,165,0.043689023703336716,0.051763832569122314
clearance,full,avg,2,166,0.04379209503531456,0.051096111536026
clearance,full,avg,2,167,0.04417256638407707,0.05124736949801445
clearance,full,avg,2,168,0.04274304583668709,0.04974525794386864
clearance,full,avg,2,169,0.04207845404744148,0.0522080734372139
clearance,full,avg,2,170,0.042631007730960846,0.05135851725935936
clearance,full,avg,2,171,0.041994184255599976,0.05128394812345505
clearance,full,avg,2,172,0.04159386456012726,0.05038411542773247
clearance,full,avg,2,173,0.042054660618305206,0.0517924427986145
clearance,full,avg,2,174,0.041841018944978714,0.050795357674360275
clearance,full,avg,2,175,0.042617958039045334,0.050760116428136826
clearance,full,avg,2,176,0.041803620755672455,0.05039418861269951
clearance,full,avg,2,177,0.04088845103979111,0.0493655763566494
clearance,full,avg,2,178,0.04103438928723335,0.051978666335344315
clearance,full,avg,2,179,0.04129999130964279,0.0495452955365181
clearance,full,avg,2,180,0.04131107032299042,0.05070725828409195
clearance,full,avg,2,181,0.04172965884208679,0.048926129937171936
clearance,full,avg,2,182,0.040235091000795364,0.05112362280488014
clearance,full,avg,2,183,0.04075049236416817,0.048913028091192245
clearance,full,avg,2,184,0.0398872047662735,0.05191480368375778
clearance,full,avg,2,185,0.041089463979005814,0.04799523949623108
clearance,full,avg,2,186,0.04233803227543831,0.050785139203071594
clearance,full,avg,2,187,0.040814947336912155,0.04879850521683693
clearance,full,avg,2,188,0.040306996554136276,0.04830995947122574
clearance,full,avg,2,189,0.0393080972135067,0.049220118671655655
clearance,full,avg,2,190,0.0393327958881855,0.048581186681985855
clearance,full,avg,2,191,0.03923087567090988,0.05004304274916649
clearance,full,avg,2,192,0.0393679179251194,0.04805216193199158
clearance,full,avg,2,193,0.03879312425851822,0.04977983981370926
clearance,full,avg,2,194,0.03899349644780159,0.047774896025657654
clearance,full,avg,2,195,0.03857771307229996,0.048442523926496506
clearance,full,avg,2,196,0.038631338626146317,0.04766351729631424
clearance,full,avg,2,197,0.0388590469956398,0.04947349429130554
clearance,full,avg,2,198,0.03941354900598526,0.04727981984615326
clearance,full,avg,2,199,0.03871734440326691,0.04771949350833893
clearance,full,avg,2,200,0.038470882922410965,0.04721703380346298
clearance,full,avg,2,201,0.03815910592675209,0.04748879373073578
clearance,full,avg,2,202,0.03783305734395981,0.047799184918403625
clearance,full,avg,2,203,0.03765695169568062,0.04723162576556206
clearance,full,avg,2,204,0.03747737407684326,0.048190727829933167
clearance,full,avg,2,205,0.03740376606583595,0.047078121453523636
clearance,full,avg,2,206,0.03765159100294113,0.04669772461056709
clearance,full,avg,2,207,0.037441007792949677,0.049215834587812424
clearance,full,avg,2,208,0.03741791844367981,0.04681868478655815
clearance,full,avg,2,209,0.037192996591329575,0.04785369336605072
clearance,full,avg,2,210,0.0373617522418499,0.046031612902879715
clearance,full,avg,2,211,0.03700290992856026,0.04868362098932266
clearance,full,avg,2,212,0.03710215538740158,0.04612027481198311
clearance,full,avg,2,213,0.03762346878647804,0.047642581164836884
clearance,full,avg,2,214,0.037395771592855453,0.045541081577539444
clearance,full,avg,2,215,0.03690366446971893,0.046487387269735336
clearance,full,avg,2,216,0.036102160811424255,0.04590628296136856
clearance,full,avg,2,217,0.035876426845788956,0.04624433442950249
clearance,full,avg,2,218,0.035790201276540756,0.046605248004198074
clearance,full,avg,2,219,0.03582031652331352,0.045211441814899445
clearance,full,avg,2,220,0.03582138195633888,0.045687705278396606
clearance,full,avg,2,221,0.035553526133298874,0.04572223499417305
clearance,full,avg,2,222,0.03563812002539635,0.046483319252729416
clearance,full,avg,2,223,0.0353548489511013,0.04514344036579132
clearance,full,avg,2,224,0.03575431555509567,0.04738139733672142
clearance,full,avg,2,225,0.035447899252176285,0.045210082083940506
clearance,full,avg,2,226,0.03517946973443031,0.04530426859855652
clearance,full,avg,2,227,0.03550326079130173,0.04456330090761185
clearance,full,avg,2,228,0.03522105887532234,0.046220578253269196
clearance,full,avg,2,229,0.036178864538669586,0.045060575008392334
clearance,full,avg,2,230,0.03515451028943062,0.047819577157497406
clearance,full,avg,2,231,0.037110891193151474,0.04451235383749008
clearance,full,avg,2,232,0.03598306328058243,0.04625524580478668
clearance,full,avg,2,233,0.03517618030309677,0.043736327439546585
clearance,full,avg,2,234,0.03450613468885422,0.04500412568449974
clearance,full,avg,2,235,0.03406158834695816,0.044091157615184784
clearance,full,avg,2,236,0.03396214544773102,0.04441027343273163
clearance,full,avg,2,237,0.03369961678981781,0.04368433728814125
clearance,full,avg,2,238,0.033634260296821594,0.043565403670072556
clearance,full,avg,2,239,0.03355700895190239,0.04406563937664032
clearance,full,avg,2,240,0.033379245549440384,0.043835416436195374
clearance,full,avg,2,241,0.033700767904520035,0.044515471905469894
clearance,full,avg,2,242,0.03329554572701454,0.04336836561560631
clearance,full,avg,2,243,0.033452391624450684,0.045138485729694366
clearance,full,avg,2,244,0.0335884764790535,0.04312047362327576
clearance,full,avg,2,245,0.03312651440501213,0.04326394200325012
clearance,full,avg,2,246,0.032965611666440964,0.04331827536225319
clearance,full,avg,2,247,0.03328193351626396,0.04323285073041916
clearance,full,avg,2,248,0.033281728625297546,0.04360257089138031
clearance,full,avg,2,249,0.03349112719297409,0.04235817864537239
clearance,full,avg,2,250,0.034167032688856125,0.04314577206969261
clearance,full,avg,2,251,0.03278933838009834,0.04296593740582466
clearance,full,avg,2,252,0.032766055315732956,0.044588107615709305
clearance,full,avg,2,253,0.033205922693014145,0.04338390752673149
clearance,full,avg,2,254,0.03413016349077225,0.04499216377735138
clearance,full,avg,2,255,0.032415539026260376,0.04331168532371521
clearance,full,avg,2,256,0.03314356878399849,0.04474189132452011
clearance,full,avg,2,257,0.03332880511879921,0.04180681332945824
clearance,full,avg,2,258,0.032650820910930634,0.04334668815135956
clearance,full,avg,2,259,0.03284969553351402,0.04165247455239296
clearance,full,avg,2,260,0.031873513013124466,0.04231924191117287
clearance,full,avg,2,261,0.031587205827236176,0.0416988842189312
clearance,full,avg,2,262,0.03210768848657608,0.041874680668115616
clearance,full,avg,2,263,0.03154188022017479,0.041344933211803436
clearance,full,avg,2,264,0.032603755593299866,0.04156265780329704
clearance,full,avg,2,265,0.03198166936635971,0.04268345236778259
clearance,full,avg,2,266,0.03181866183876991,0.041283637285232544
clearance,full,avg,2,267,0.03132692724466324,0.04186936095356941
clearance,full,avg,2,268,0.0310357678681612,0.04134837165474892
clearance,full,avg,2,269,0.031203102320432663,0.0419582724571228
clearance,full,avg,2,270,0.03131142258644104,0.04133391007781029
clearance,full,avg,2,271,0.030797632411122322,0.041311442852020264
clearance,full,avg,2,272,0.03058481588959694,0.041184794157743454
clearance,full,avg,2,273,0.031156694516539574,0.04314563050866127
clearance,full,avg,2,274,0.03055066242814064,0.04161179065704346
clearance,full,avg,2,275,0.03092341497540474,0.042576879262924194
clearance,full,avg,2,276,0.030424438416957855,0.04158106446266174
clearance,full,avg,2,277,0.03150368109345436,0.04366851970553398
clearance,full,avg,2,278,0.030927056446671486,0.041776277124881744
clearance,full,avg,2,279,0.030833829194307327,0.04175105690956116
clearance,full,avg,2,280,0.03047185204923153,0.04089835286140442
clearance,full,avg,2,281,0.029902508482336998,0.04191739112138748
clearance,full,avg,2,282,0.029744675382971764,0.04075329005718231
clearance,full,avg,2,283,0.02981497533619404,0.041106659919023514
clearance,full,avg,2,284,0.02960844896733761,0.04043028876185417
clearance,full,avg,2,285,0.029488632455468178,0.041917286813259125
clearance,full,avg,2,286,0.029568739235401154,0.04099477827548981
clearance,full,avg,2,287,0.029848651960492134,0.041222263127565384
clearance,full,avg,2,288,0.029159292578697205,0.040639761835336685
clearance,full,avg,2,289,0.02899808995425701,0.04032154753804207
clearance,full,avg,2,290,0.02911863662302494,0.04035060852766037
clearance,full,avg,2,291,0.029522519558668137,0.03990161418914795
clearance,full,avg,2,292,0.02985439822077751,0.040470801293849945
clearance,full,avg,2,293,0.02893694117665291,0.04103166237473488
clearance,full,avg,2,294,0.02883879281580448,0.03996759653091431
clearance,full,avg,2,295,0.028746815398335457,0.03938790783286095
clearance,full,avg,2,296,0.028758922591805458,0.041378431022167206
clearance,full,avg,2,297,0.029614154249429703,0.03997286036610603
clearance,full,avg,2,298,0.028789076954126358,0.0396190881729126
clearance,full,avg,2,299,0.028836900368332863,0.039161983877420425
clearance,full,avg,2,300,0.02863350883126259,0.039733100682497025
clearance,full,avg,2,301,0.028711773455142975,0.040740739554166794
clearance,full,avg,2,302,0.028117645531892776,0.03936615586280823
clearance,full,avg,2,303,0.028518902137875557,0.03899586945772171
clearance,full,avg,2,304,0.028886225074529648,0.04048512876033783
clearance,full,avg,2,305,0.028821568936109543,0.03960445895791054
clearance,full,avg,2,306,0.02820715494453907,0.04156117886304855
clearance,full,avg,2,307,0.029134240001440048,0.03918762132525444
clearance,full,avg,2,308,0.028119578957557678,0.04110877215862274
clearance,full,avg,2,309,0.028163595125079155,0.039204731583595276
clearance,full,avg,2,310,0.028306595981121063,0.03910747170448303
clearance,full,avg,2,311,0.02753475122153759,0.03909996524453163
clearance,full,avg,2,312,0.027572935447096825,0.038493696600198746
clearance,full,avg,2,313,0.027587542310357094,0.03936094418168068
clearance,full,avg,2,314,0.027376722544431686,0.038787394762039185
clearance,full,avg,2,315,0.027206746861338615,0.039709530770778656
clearance,full,avg,2,316,0.027390241622924805,0.03853151947259903
clearance,full,avg,2,317,0.02748681977391243,0.04036387801170349
clearance,full,avg,2,318,0.02764027751982212,0.038729093968868256
clearance,full,avg,2,319,0.02678343653678894,0.03964332863688469
clearance,full,avg,2,320,0.0271624568849802,0.038514312356710434
clearance,full,avg,2,321,0.02808043546974659,0.04228854924440384
clearance,full,avg,2,322,0.02741197682917118,0.03970736265182495
clearance,full,avg,2,323,0.028332240879535675,0.039339419454336166
clearance,full,avg,2,324,0.028061486780643463,0.03892262279987335
clearance,full,avg,2,325,0.02737048640847206,0.03854424133896828
clearance,full,avg,2,326,0.027049638330936432,0.03993381932377815
clearance,full,avg,2,327,0.0271136537194252,0.03801260516047478
clearance,full,avg,2,328,0.026694539934396744,0.0379992350935936
clearance,full,avg,2,329,0.026858652010560036,0.03882976621389389
clearance,full,avg,2,330,0.026422200724482536,0.03806839883327484
clearance,full,avg,2,331,0.026448965072631836,0.03814610466361046
clearance,full,avg,2,332,0.02640305459499359,0.038330938667058945
clearance,full,avg,2,333,0.02620801143348217,0.03808149695396423
clearance,full,avg,2,334,0.02646179310977459,0.03844432532787323
clearance,full,avg,2,335,0.02618526481091976,0.03874874860048294
clearance,full,avg,2,336,0.026292314752936363,0.038125306367874146
clearance,full,avg,2,337,0.027035215869545937,0.038359276950359344
clearance,full,avg,2,338,0.02638506330549717,0.03796914592385292
clearance,full,avg,2,339,0.02627568691968918,0.03810012713074684
clearance,full,avg,2,340,0.02596784383058548,0.0385543517768383
clearance,full,avg,2,341,0.02611447498202324,0.038273029029369354
clearance,full,avg,2,342,0.0260457880795002,0.038007427006959915
clearance,full,avg,2,343,0.02605496346950531,0.03824390843510628
clearance,full,avg,2,344,0.025995610281825066,0.03828417882323265
clearance,full,avg,2,345,0.025927048176527023,0.03806300833821297
clearance,full,avg,2,346,0.025976361706852913,0.038187749683856964
clearance,full,avg,2,347,0.025915322825312614,0.038196295499801636
clearance,full,avg,2,348,0.025861326605081558,0.03818274289369583
clearance,full,avg,2,349,0.025840727612376213,0.038191720843315125
clearance,full,avg,2,350,0.025861818343400955,0.038151249289512634
clearance,full,avg,2,351,0.025866083800792694,0.03817981481552124
clearance,full,avg,2,352,0.02583620510995388,0.03802531957626343
clearance,full,avg,2,353,0.0258345790207386,0.038058727979660034
clearance,full,avg,2,354,0.025810416787862778,0.03804418072104454
clearance,full,avg,2,355,0.025857392698526382,0.03805716335773468
clearance,full,avg,2,356,0.025828039273619652,0.038123514503240585
clearance,full,avg,2,357,0.025790492072701454,0.03831055760383606
clearance,full,avg,2,358,0.02580593340098858,0.03824181482195854
clearance,full,avg,3,1,0.27382776141166687,0.1755860298871994
clearance,full,avg,3,2,0.15091505646705627,0.1638791263103485
clearance,full,avg,3,3,0.12583768367767334,0.13001605868339539
clearance,full,avg,3,4,0.12355592846870422,0.12362763285636902
clearance,full,avg,3,5,0.11645472049713135,0.1251126527786255
clearance,full,avg,3,6,0.11388780176639557,0.12057755887508392
clearance,full,avg,3,7,0.11237840354442596,0.11812173575162888
clearance,full,avg,3,8,0.10925602912902832,0.11694047600030899
clearance,full,avg,3,9,0.10564184188842773,0.11223791539669037
clearance,full,avg,3,10,0.10423585027456284,0.10847492516040802
clearance,full,avg,3,11,0.10234148800373077,0.10922539979219437
clearance,full,avg,3,12,0.10052543878555298,0.10852356255054474
clearance,full,avg,3,13,0.09886288642883301,0.10694027692079544
clearance,full,avg,3,14,0.09789752960205078,0.10630818456411362
clearance,full,avg,3,15,0.0974200963973999,0.10448047518730164
clearance,full,avg,3,16,0.09514383971691132,0.10163907706737518
clearance,full,avg,3,17,0.09422505646944046,0.1026809960603714
clearance,full,avg,3,18,0.09398041665554047,0.10241979360580444
clearance,full,avg,3,19,0.09277134388685226,0.09925644844770432
clearance,full,avg,3,20,0.09095653891563416,0.10069356858730316
clearance,full,avg,3,21,0.09028854966163635,0.09801502525806427
clearance,full,avg,3,22,0.08869551867246628,0.09701291471719742
clearance,full,avg,3,23,0.08783221244812012,0.0959157794713974
clearance,full,avg,3,24,0.08685511350631714,0.0963791161775589
clearance,full,avg,3,25,0.08637193590402603,0.09530556201934814
clearance,full,avg,3,26,0.08498946577310562,0.09328588098287582
clearance,full,avg,3,27,0.08475109934806824,0.09440373629331589
clearance,full,avg,3,28,0.08374591171741486,0.09267492592334747
clearance,full,avg,3,29,0.08394176512956619,0.09155147522687912
clearance,full,avg,3,30,0.08179005980491638,0.09338000416755676
clearance,full,avg,3,31,0.08156605064868927,0.08881562203168869
clearance,full,avg,3,32,0.0807357057929039,0.09005137532949448
clearance,full,avg,3,33,0.07980017364025116,0.08879701793193817
clearance,full,avg,3,34,0.07914511859416962,0.0886993408203125
clearance,full,avg,3,35,0.07851884514093399,0.08825615048408508
clearance,full,avg,3,36,0.07801714539527893,0.0889182984828949
clearance,full,avg,3,37,0.07746490836143494,0.08563884347677231
clearance,full,avg,3,38,0.07672416418790817,0.08531255275011063
clearance,full,avg,3,39,0.07594513893127441,0.08607020229101181
clearance,full,avg,3,40,0.07560817897319794,0.08425705134868622
clearance,full,avg,3,41,0.07485964894294739,0.08660417050123215
clearance,full,avg,3,42,0.07462776452302933,0.08511829376220703
clearance,full,avg,3,43,0.07371680438518524,0.08223038911819458
clearance,full,avg,3,44,0.0732610747218132,0.08304481953382492
clearance,full,avg,3,45,0.07316131889820099,0.08215302228927612
clearance,full,avg,3,46,0.07230587303638458,0.08251537382602692
clearance,full,avg,3,47,0.07167187333106995,0.0829419270157814
clearance,full,avg,3,48,0.0724165067076683,0.08130023628473282
clearance,full,avg,3,49,0.0729721263051033,0.08060158044099808
clearance,full,avg,3,50,0.07401514053344727,0.08185022324323654
clearance,full,avg,3,51,0.07326348125934601,0.0824275016784668
clearance,full,avg,3,52,0.07092878967523575,0.08763572573661804
clearance,full,avg,3,53,0.07171881198883057,0.07840923964977264
clearance,full,avg,3,54,0.07009807229042053,0.07637041807174683
clearance,full,avg,3,55,0.06857163459062576,0.07779303938150406
clearance,full,avg,3,56,0.06853066384792328,0.07701009511947632
clearance,full,avg,3,57,0.06773717701435089,0.07964111864566803
clearance,full,avg,3,58,0.06723909080028534,0.07959192991256714
clearance,full,avg,3,59,0.06697940826416016,0.07842867076396942
clearance,full,avg,3,60,0.06638690829277039,0.0771394819021225
clearance,full,avg,3,61,0.06619153916835785,0.07637134939432144
clearance,full,avg,3,62,0.06616908311843872,0.0761306881904602
clearance,full,avg,3,63,0.06564714014530182,0.07709541916847229
clearance,full,avg,3,64,0.06495971232652664,0.07563847303390503
clearance,full,avg,3,65,0.06495214998722076,0.07754774391651154
clearance,full,avg,3,66,0.06483522057533264,0.07548283040523529
clearance,full,avg,3,67,0.06387485563755035,0.0747239738702774
clearance,full,avg,3,68,0.06386808305978775,0.07431018352508545
clearance,full,avg,3,69,0.06367893517017365,0.0757339596748352
clearance,full,avg,3,70,0.06310945749282837,0.07345043867826462
clearance,full,avg,3,71,0.06274455785751343,0.07299643754959106
clearance,full,avg,3,72,0.06274531036615372,0.07482556253671646
clearance,full,avg,3,73,0.06211775541305542,0.07266880571842194
clearance,full,avg,3,74,0.061696767807006836,0.07244937121868134
clearance,full,avg,3,75,0.06294095516204834,0.07489551603794098
clearance,full,avg,3,76,0.06349451839923859,0.07110757380723953
clearance,full,avg,3,77,0.062419820576906204,0.0724606141448021
clearance,full,avg,3,78,0.06202945485711098,0.070534847676754
clearance,full,avg,3,79,0.060326360166072845,0.06982558965682983
clearance,full,avg,3,80,0.05984121561050415,0.0699271485209465
clearance,full,avg,3,81,0.059976913034915924,0.07072943449020386
clearance,full,avg,3,82,0.060029447078704834,0.06953321397304535
clearance,full,avg,3,83,0.05974050611257553,0.06921069324016571
clearance,full,avg,3,84,0.061397843062877655,0.07054656744003296
clearance,full,avg,3,85,0.05947675555944443,0.06770294904708862
clearance,full,avg,3,86,0.059581100940704346,0.06850937008857727
clearance,full,avg,3,87,0.058733079582452774,0.06862866133451462
clearance,full,avg,3,88,0.06017366424202919,0.06670436263084412
clearance,full,avg,3,89,0.0580691434442997,0.06800319254398346
clearance,full,avg,3,90,0.05809294804930687,0.068241648375988
clearance,full,avg,3,91,0.05694042146205902,0.06772497296333313
clearance,full,avg,3,92,0.05832821875810623,0.06672529876232147
clearance,full,avg,3,93,0.05756284296512604,0.06589683145284653
clearance,full,avg,3,94,0.056491486728191376,0.06616678833961487
clearance,full,avg,3,95,0.05624455213546753,0.06481992453336716
clearance,full,avg,3,96,0.05600304156541824,0.06501798331737518
clearance,full,avg,3,97,0.05644029378890991,0.06693732738494873
clearance,full,avg,3,98,0.055634163320064545,0.06233915686607361
clearance,full,avg,3,99,0.055481962859630585,0.0635637640953064
clearance,full,avg,3,100,0.05497700348496437,0.06320225447416306
clearance,full,avg,3,101,0.05445828661322594,0.06328274309635162
clearance,full,avg,3,102,0.054852522909641266,0.06356606632471085
clearance,full,avg,3,103,0.055320464074611664,0.06418916583061218
clearance,full,avg,3,104,0.0556807741522789,0.0633147805929184
clearance,full,avg,3,105,0.055589836090803146,0.06344974786043167
clearance,full,avg,3,106,0.05522331967949867,0.06323613226413727
clearance,full,avg,3,107,0.054165810346603394,0.060390979051589966
clearance,full,avg,3,108,0.05412708595395088,0.06291063129901886
clearance,full,avg,3,109,0.05439207702875137,0.060648925602436066
clearance,full,avg,3,110,0.05315791070461273,0.06151673197746277
clearance,full,avg,3,111,0.05268554389476776,0.06158541887998581
clearance,full,avg,3,112,0.05324361473321915,0.06100527569651604
clearance,full,avg,3,113,0.052759457379579544,0.059650056064128876
clearance,full,avg,3,114,0.05273357033729553,0.0626102164387703
clearance,full,avg,3,115,0.05242183431982994,0.058810651302337646
clearance,full,avg,3,116,0.05235036090016365,0.06013903766870499
clearance,full,avg,3,117,0.05310530588030815,0.06388860940933228
clearance,full,avg,3,118,0.05228126421570778,0.05635077878832817
clearance,full,avg,3,119,0.051995888352394104,0.0639415830373764
clearance,full,avg,3,120,0.05139788240194321,0.058605652302503586
clearance,full,avg,3,121,0.05147580802440643,0.056284621357917786
clearance,full,avg,3,122,0.050266895443201065,0.06045037880539894
clearance,full,avg,3,123,0.0501408651471138,0.058433789759874344
clearance,full,avg,3,124,0.049826376140117645,0.05719958245754242
clearance,full,avg,3,125,0.0507219135761261,0.05865253135561943
clearance,full,avg,3,126,0.050362806767225266,0.057130731642246246
clearance,full,avg,3,127,0.04990667849779129,0.056697580963373184
clearance,full,avg,3,128,0.04902133345603943,0.05943293496966362
clearance,full,avg,3,129,0.04943038523197174,0.05646980181336403
clearance,full,avg,3,130,0.04907377436757088,0.05603821948170662
clearance,full,avg,3,131,0.048708125948905945,0.05775732174515724
clearance,full,avg,3,132,0.04883456975221634,0.05789344385266304
clearance,full,avg,3,133,0.04856919124722481,0.05620979145169258
clearance,full,avg,3,134,0.04845351725816727,0.05569227784872055
clearance,full,avg,3,135,0.04832683131098747,0.0558021180331707
clearance,full,avg,3,136,0.04811469465494156,0.056062519550323486
clearance,full,avg,3,137,0.04808875918388367,0.056944698095321655
clearance,full,avg,3,138,0.04806530848145485,0.055170636624097824
clearance,full,avg,3,139,0.048040859401226044,0.055545415729284286
clearance,full,avg,3,140,0.04809174686670303,0.056194864213466644
clearance,full,avg,3,141,0.04780580475926399,0.056739721447229385
clearance,full,avg,3,142,0.04844001308083534,0.05469420552253723
clearance,full,avg,3,143,0.04807516187429428,0.05525033175945282
clearance,full,avg,3,144,0.04764421656727791,0.05625512823462486
clearance,full,avg,3,145,0.047812286764383316,0.054540786892175674
clearance,full,avg,3,146,0.04744396358728409,0.05571180582046509
clearance,full,avg,3,147,0.047173574566841125,0.0549638532102108
clearance,full,avg,3,148,0.04744318127632141,0.054002925753593445
clearance,full,avg,3,149,0.04753067344427109,0.05568447709083557
clearance,full,avg,3,150,0.04695694148540497,0.05624936521053314
clearance,full,avg,3,151,0.047080375254154205,0.05380420759320259
clearance,full,avg,3,152,0.04700228571891785,0.05434310808777809
clearance,full,avg,3,153,0.04664296656847,0.05538005009293556
clearance,full,avg,3,154,0.046660520136356354,0.05380939319729805
clearance,full,avg,3,155,0.04677087813615799,0.05490872263908386
clearance,full,avg,3,156,0.04660417139530182,0.05445239692926407
clearance,full,avg,3,157,0.046537816524505615,0.05437721312046051
clearance,full,avg,3,158,0.04655668884515762,0.05362419784069061
clearance,full,avg,3,159,0.046253643929958344,0.05399882793426514
clearance,full,avg,3,160,0.04625430703163147,0.05445929244160652
clearance,full,avg,3,161,0.04702349007129669,0.05337773263454437
clearance,full,avg,3,162,0.04628874361515045,0.054187946021556854
clearance,full,avg,3,163,0.046300020068883896,0.05496035888791084
clearance,full,avg,3,164,0.045704178512096405,0.05311983451247215
clearance,full,avg,3,165,0.045928310602903366,0.05292993411421776
clearance,full,avg,3,166,0.045838385820388794,0.05464157462120056
clearance,full,avg,3,167,0.04572395607829094,0.05270209163427353
clearance,full,avg,3,168,0.045403994619846344,0.05364474281668663
clearance,full,avg,3,169,0.045265115797519684,0.054361701011657715
clearance,full,avg,3,170,0.04522264376282692,0.05248454213142395
clearance,full,avg,3,171,0.045315831899642944,0.052649274468421936
clearance,full,avg,3,172,0.044889483600854874,0.05343841761350632
clearance,full,avg,3,173,0.04529104754328728,0.053233370184898376
clearance,full,avg,3,174,0.04517167806625366,0.052056215703487396
clearance,full,avg,3,175,0.04465913400053978,0.053850769996643066
clearance,full,avg,3,176,0.04476682469248772,0.05343931168317795
clearance,full,avg,3,177,0.04497915506362915,0.05187511444091797
clearance,full,avg,3,178,0.0448417067527771,0.051862724125385284
clearance,full,avg,3,179,0.0442461222410202,0.05405828356742859
clearance,full,avg,3,180,0.04510895162820816,0.053190816193819046
clearance,full,avg,3,181,0.04484253749251366,0.05067591741681099
clearance,full,avg,3,182,0.04419603943824768,0.05405260622501373
clearance,full,avg,3,183,0.04449567198753357,0.05409114435315132
clearance,full,avg,3,184,0.0443606823682785,0.050291985273361206
clearance,full,avg,3,185,0.04431869462132454,0.05185723304748535
clearance,full,avg,3,186,0.04399441182613373,0.053697824478149414
clearance,full,avg,3,187,0.04384007304906845,0.051770344376564026
clearance,full,avg,3,188,0.04388560354709625,0.051482345908880234
clearance,full,avg,3,189,0.04391542077064514,0.05342945456504822
clearance,full,avg,3,190,0.0442945696413517,0.0510445162653923
clearance,full,avg,3,191,0.044077761471271515,0.051738616079092026
clearance,full,avg,3,192,0.04334377869963646,0.05276838690042496
clearance,full,avg,3,193,0.0435202419757843,0.05252404138445854
clearance,full,avg,3,194,0.04357685148715973,0.051189590245485306
clearance,full,avg,3,195,0.04312290996313095,0.052152369171381
clearance,full,avg,3,196,0.04317646846175194,0.0530010387301445
clearance,full,avg,3,197,0.04321449249982834,0.051618218421936035
clearance,full,avg,3,198,0.043359965085983276,0.051520880311727524
clearance,full,avg,3,199,0.04292329400777817,0.052016887813806534
clearance,full,avg,3,200,0.043658867478370667,0.053122010082006454
clearance,full,avg,3,201,0.04290390759706497,0.052360113710165024
clearance,full,avg,3,202,0.043309539556503296,0.05118750035762787
clearance,full,avg,3,203,0.04275984689593315,0.05155528709292412
clearance,full,avg,3,204,0.04275995492935181,0.051825933158397675
clearance,full,avg,4,1,0.3900790512561798,0.18112465739250183
clearance,full,avg,4,2,0.1967221051454544,0.1459347903728485
clearance,full,avg,4,3,0.13578708469867706,0.13408082723617554
clearance,full,avg,4,4,0.13201257586479187,0.13014613091945648
clearance,full,avg,4,5,0.1170332059264183,0.12572966516017914
clearance,full,avg,4,6,0.11670266836881638,0.1285400241613388
clearance,full,avg,4,7,0.11181691288948059,0.11788491159677505
clearance,full,avg,4,8,0.11082283407449722,0.11398790776729584
clearance,full,avg,4,9,0.10784916579723358,0.1098734438419342
clearance,full,avg,4,10,0.106068454682827,0.1089087575674057
clearance,full,avg,4,11,0.10435450822114944,0.1069597527384758
clearance,full,avg,4,12,0.10271076112985611,0.10689319670200348
clearance,full,avg,4,13,0.1015300452709198,0.1052783653140068
clearance,full,avg,4,14,0.10010533779859543,0.1041250228881836
clearance,full,avg,4,15,0.09883852303028107,0.1026562750339508
clearance,full,avg,4,16,0.0976623073220253,0.10075642913579941
clearance,full,avg,4,17,0.09651291370391846,0.09988885372877121
clearance,full,avg,4,18,0.09541326761245728,0.09884117543697357
clearance,full,avg,4,19,0.0944024994969368,0.09825430810451508
clearance,full,avg,4,20,0.09339308738708496,0.09772811830043793
clearance,full,avg,4,21,0.09248443692922592,0.09715937823057175
clearance,full,avg,4,22,0.0917363241314888,0.09632174670696259
clearance,full,avg,4,23,0.09056846052408218,0.09457466751337051
clearance,full,avg,4,24,0.08986951410770416,0.09321246296167374
clearance,full,avg,4,25,0.08908302336931229,0.09292004257440567
clearance,full,avg,4,26,0.08832409232854843,0.09250953048467636
clearance,full,avg,4,27,0.08764850348234177,0.09238382428884506
clearance,full,avg,4,28,0.08666331321001053,0.09100838005542755
clearance,full,avg,4,29,0.08592123538255692,0.09000108391046524
clearance,full,avg,4,30,0.08528368920087814,0.08927744626998901
clearance,full,avg,4,31,0.08451813459396362,0.08899232000112534
clearance,full,avg,4,32,0.083859384059906,0.08830678462982178
clearance,full,avg,4,33,0.08318015187978745,0.08777286112308502
clearance,full,avg,4,34,0.08260150253772736,0.08723849803209305
clearance,full,avg,4,35,0.08252124488353729,0.08602362871170044
clearance,full,avg,4,36,0.0815887451171875,0.08593451231718063
clearance,full,avg,4,37,0.08101799339056015,0.08492142707109451
clearance,full,avg,4,38,0.08049534261226654,0.08496114611625671
clearance,full,avg,4,39,0.079704649746418,0.08422167599201202
clearance,full,avg,4,40,0.07925688475370407,0.08332774043083191
clearance,full,avg,4,41,0.07904066145420074,0.08337819576263428
clearance,full,avg,4,42,0.07804959267377853,0.08260924369096756
clearance,full,avg,4,43,0.07802815735340118,0.0819779634475708
clearance,full,avg,4,44,0.07727918773889542,0.081204354763031
clearance,full,avg,4,45,0.07700695842504501,0.08062855154275894
clearance,full,avg,4,46,0.07636119425296783,0.08100912719964981
clearance,full,avg,4,47,0.07605832815170288,0.08050618320703506
clearance,full,avg,4,48,0.07547246664762497,0.07957293093204498
clearance,full,avg,4,49,0.07497759163379669,0.07909628748893738
clearance,full,avg,4,50,0.07459381222724915,0.0788513794541359
clearance,full,avg,4,51,0.07417790591716766,0.07814083993434906
clearance,full,avg,4,52,0.07371549308300018,0.07804948091506958
clearance,full,avg,4,53,0.07350584864616394,0.07734625041484833
clearance,full,avg,4,54,0.07303708046674728,0.07678650319576263
clearance,full,avg,4,55,0.07262048125267029,0.07680047303438187
clearance,full,avg,4,56,0.0721929594874382,0.07629717886447906
clearance,full,avg,4,57,0.07196573168039322,0.07634834945201874
clearance,full,avg,4,58,0.07174617797136307,0.0758480653166771
clearance,full,avg,4,59,0.0716586709022522,0.07463325560092926
clearance,full,avg,4,60,0.07116007804870605,0.07445225119590759
clearance,full,avg,4,61,0.0705004557967186,0.07433774322271347
clearance,full,avg,4,62,0.07040407508611679,0.07439423352479935
clearance,full,avg,4,63,0.06991538405418396,0.07403628528118134
clearance,full,avg,4,64,0.06960251182317734,0.07347869873046875
clearance,full,avg,4,65,0.07028582692146301,0.0732947438955307
clearance,full,avg,4,66,0.06964409351348877,0.0730099081993103
clearance,full,avg,4,67,0.06839662790298462,0.07321079820394516
clearance,full,avg,4,68,0.06899945437908173,0.07188320904970169
clearance,full,avg,4,69,0.06866569072008133,0.07151167094707489
clearance,full,avg,4,70,0.06783366203308105,0.07236138731241226
clearance,full,avg,4,71,0.06801091879606247,0.07092469185590744
clearance,full,avg,4,72,0.06733357906341553,0.0714326798915863
clearance,full,avg,4,73,0.06706424057483673,0.07026336342096329
clearance,full,avg,4,74,0.06667463481426239,0.06989625841379166
clearance,full,avg,4,75,0.06647555530071259,0.07013928145170212
clearance,full,avg,4,76,0.06601560860872269,0.06970502436161041
clearance,full,avg,4,77,0.06588089466094971,0.07034994661808014
clearance,full,avg,4,78,0.06576202809810638,0.06919017434120178
clearance,full,avg,4,79,0.06519036740064621,0.06859786808490753
clearance,full,avg,4,80,0.06529239565134048,0.06865715980529785
clearance,full,avg,4,81,0.06511560827493668,0.06782091408967972
clearance,full,avg,4,82,0.06434931606054306,0.06826519966125488
clearance,full,avg,4,83,0.06462154537439346,0.06724447757005692
clearance,full,avg,4,84,0.06395301222801208,0.06800296902656555
clearance,full,avg,4,85,0.06428831070661545,0.0670110285282135
clearance,full,avg,4,86,0.06383974105119705,0.06761809438467026
clearance,full,avg,4,87,0.06360261887311935,0.06663767248392105
clearance,full,avg,4,88,0.0630049854516983,0.06727102398872375
clearance,full,avg,4,89,0.06326894462108612,0.06615239381790161
clearance,full,avg,4,90,0.06287447363138199,0.06538765132427216
clearance,full,avg,4,91,0.062171462923288345,0.06604476273059845
clearance,full,avg,4,92,0.06209586560726166,0.06468795984983444
clearance,full,avg,4,93,0.06250640004873276,0.0652744323015213
clearance,full,avg,4,94,0.06297431141138077,0.06409387290477753
clearance,full,avg,4,95,0.06119401380419731,0.06612514704465866
clearance,full,avg,4,96,0.06173133850097656,0.06495654582977295
clearance,full,avg,4,97,0.06104162707924843,0.06525023281574249
clearance,full,avg,4,98,0.06081753224134445,0.06401815265417099
clearance,full,avg,4,99,0.0607917346060276,0.06286212801933289
clearance,full,avg,4,100,0.06046123802661896,0.06361988186836243
clearance,full,avg,4,101,0.05990554764866829,0.063151516020298
clearance,full,avg,4,102,0.05982423573732376,0.06340575218200684
clearance,full,avg,4,103,0.05960193648934364,0.062593474984169
clearance,full,avg,4,104,0.059733204543590546,0.06233629211783409
clearance,full,avg,4,105,0.058966346085071564,0.06268958002328873
clearance,full,avg,4,106,0.058921873569488525,0.06144782155752182
clearance,full,avg,4,107,0.05854461342096329,0.061397235840559006
clearance,full,avg,4,108,0.058394771069288254,0.060960907489061356
clearance,full,avg,4,109,0.05821968615055084,0.06137041002511978
clearance,full,avg,4,110,0.05790092796087265,0.06169811263680458
clearance,full,avg,4,111,0.05773569270968437,0.06041109934449196
clearance,full,avg,4,112,0.05756913125514984,0.06013549491763115
clearance,full,avg,4,113,0.05744747817516327,0.059990230947732925
clearance,full,avg,4,114,0.057145990431308746,0.05947874113917351
clearance,full,avg,4,115,0.05709543079137802,0.06004790961742401
clearance,full,avg,4,116,0.05670110508799553,0.05946284160017967
clearance,full,avg,4,117,0.05660151690244675,0.0588642880320549
clearance,full,avg,4,118,0.05633297935128212,0.05865404009819031
clearance,full,avg,4,119,0.056303028017282486,0.057777490466833115
clearance,full,avg,4,120,0.056413620710372925,0.0586567148566246
clearance,full,avg,4,121,0.056080278009176254,0.05820101872086525
clearance,full,avg,4,122,0.05624993145465851,0.05862590670585632
clearance,full,avg,4,123,0.0561065599322319,0.0576140321791172
clearance,full,avg,4,124,0.05572760850191116,0.05754184350371361
clearance,full,avg,4,125,0.0547601655125618,0.0570569783449173
clearance,full,avg,4,126,0.054836902767419815,0.05671017989516258
clearance,full,avg,4,127,0.0549015998840332,0.057361748069524765
clearance,full,avg,4,128,0.05493108555674553,0.056938961148262024
clearance,full,avg,4,129,0.05523348227143288,0.05728430300951004
clearance,full,avg,4,130,0.055130138993263245,0.055952806025743484
clearance,full,avg,4,131,0.054181694984436035,0.0568147711455822
clearance,full,avg,4,132,0.053874120116233826,0.05637110024690628
clearance,full,avg,4,133,0.05399537831544876,0.05704053118824959
clearance,full,avg,4,134,0.053633298724889755,0.05588284507393837
clearance,full,avg,4,135,0.054146070033311844,0.05455524101853371
clearance,full,avg,4,136,0.05333556607365608,0.055784568190574646
clearance,full,avg,4,137,0.05290912836790085,0.05502361059188843
clearance,full,avg,4,138,0.053334448486566544,0.05677094683051109
clearance,full,avg,4,139,0.05282391607761383,0.055086083710193634
clearance,full,avg,4,140,0.052334025502204895,0.05430765077471733
clearance,full,avg,4,141,0.05226394906640053,0.05354176089167595
clearance,full,avg,4,142,0.05200150981545448,0.05406750738620758
clearance,full,avg,4,143,0.05162245035171509,0.0543348528444767
clearance,full,avg,4,144,0.05175259709358215,0.05315122753381729
clearance,full,avg,4,145,0.05153529345989227,0.054266225546598434
clearance,full,avg,4,146,0.051129113882780075,0.05350629240274429
clearance,full,avg,4,147,0.050915732979774475,0.052087295800447464
clearance,full,avg,4,148,0.051028694957494736,0.052348557859659195
clearance,full,avg,4,149,0.050990696996450424,0.05193177983164787
clearance,full,avg,4,150,0.05046422779560089,0.05298931151628494
clearance,full,avg,4,151,0.050345949828624725,0.053209979087114334
clearance,full,avg,4,152,0.05067332088947296,0.052909910678863525
clearance,full,avg,4,153,0.05014181509613991,0.05114162713289261
clearance,full,avg,4,154,0.05006662383675575,0.05131639912724495
clearance,full,avg,4,155,0.049871258437633514,0.051978182047605515
clearance,full,avg,4,156,0.04978538677096367,0.052369892597198486
clearance,full,avg,4,157,0.04952704906463623,0.05062878131866455
clearance,full,avg,4,158,0.049145907163619995,0.050299253314733505
clearance,full,avg,4,159,0.04895588010549545,0.050316222012043
clearance,full,avg,4,160,0.048931557685136795,0.051277756690979004
clearance,full,avg,4,161,0.04888283088803291,0.0508592464029789
clearance,full,avg,4,162,0.04871215298771858,0.04981851950287819
clearance,full,avg,4,163,0.04858824610710144,0.049030933529138565
clearance,full,avg,4,164,0.048399243503808975,0.04975390061736107
clearance,full,avg,4,165,0.04812262952327728,0.05066308006644249
clearance,full,avg,4,166,0.048054616898298264,0.049264997243881226
clearance,full,avg,4,167,0.04783526062965393,0.04978003352880478
clearance,full,avg,4,168,0.04776010662317276,0.0484321154654026
clearance,full,avg,4,169,0.04779389873147011,0.049695439636707306
clearance,full,avg,4,170,0.04730766639113426,0.049175798892974854
clearance,full,avg,4,171,0.047172240912914276,0.048283208161592484
clearance,full,avg,4,172,0.04703057184815407,0.0479549765586853
clearance,full,avg,4,173,0.04704810678958893,0.048839375376701355
clearance,full,avg,4,174,0.046935178339481354,0.04872410371899605
clearance,full,avg,4,175,0.047299791127443314,0.04819308966398239
clearance,full,avg,4,176,0.046671804040670395,0.04808647185564041
clearance,full,avg,4,177,0.04643029347062111,0.047113873064517975
clearance,full,avg,4,178,0.04619142413139343,0.048439059406518936
clearance,full,avg,4,179,0.04602992162108421,0.04749578237533569
clearance,full,avg,4,180,0.04589345306158066,0.04679739847779274
clearance,full,avg,4,181,0.04560893401503563,0.04710902273654938
clearance,full,avg,4,182,0.04558401554822922,0.047204289585351944
clearance,full,avg,4,183,0.04551239311695099,0.046565860509872437
clearance,full,avg,4,184,0.045403752475976944,0.046475719660520554
clearance,full,avg,4,185,0.045239221304655075,0.04670080170035362
clearance,full,avg,4,186,0.04504891484975815,0.04629543796181679
clearance,full,avg,4,187,0.04516363516449928,0.046549033373594284
clearance,full,avg,4,188,0.04491981863975525,0.04561508819460869
clearance,full,avg,4,189,0.04482414945960045,0.047039102762937546
clearance,full,avg,4,190,0.04479500651359558,0.04629227891564369
clearance,full,avg,4,191,0.0442771278321743,0.04451371729373932
clearance,full,avg,4,192,0.044252343475818634,0.04540196806192398
clearance,full,avg,4,193,0.04402920603752136,0.046499889343976974
clearance,full,avg,4,194,0.04442839324474335,0.04710083827376366
clearance,full,avg,4,195,0.04419878125190735,0.04487580806016922
clearance,full,avg,4,196,0.04409729316830635,0.04452376067638397
clearance,full,avg,4,197,0.043527424335479736,0.04458852484822273
clearance,full,avg,4,198,0.0435284785926342,0.045203741639852524
clearance,full,avg,4,199,0.043668221682310104,0.045186981558799744
clearance,full,avg,4,200,0.043800923973321915,0.04456821829080582
clearance,full,avg,4,201,0.04548904299736023,0.045768752694129944
clearance,full,avg,4,202,0.0445626936852932,0.0462268702685833
clearance,full,avg,4,203,0.04336933791637421,0.04477764666080475
clearance,full,avg,4,204,0.04319802299141884,0.044572606682777405
clearance,full,avg,4,205,0.04313887283205986,0.04438947141170502
clearance,full,avg,4,206,0.04324968531727791,0.04387941583991051
clearance,full,avg,4,207,0.0424451045691967,0.045018818229436874
clearance,full,avg,4,208,0.04265737906098366,0.04464254155755043
clearance,full,avg,4,209,0.04244252294301987,0.04392256215214729
clearance,full,avg,4,210,0.04228711500763893,0.04409586638212204
clearance,full,avg,4,211,0.042293936014175415,0.0439092256128788
clearance,full,avg,4,212,0.042633090168237686,0.043322306126356125
clearance,full,avg,4,213,0.042405858635902405,0.044546712189912796
clearance,full,avg,4,214,0.042168982326984406,0.04362717643380165
clearance,full,avg,4,215,0.04201119393110275,0.04321569204330444
clearance,full,avg,4,216,0.04207146167755127,0.04265298694372177
clearance,full,avg,4,217,0.04195237532258034,0.043912339955568314
clearance,full,avg,4,218,0.041746318340301514,0.043861210346221924
clearance,full,avg,4,219,0.04178285971283913,0.042939431965351105
clearance,full,avg,4,220,0.041681066155433655,0.04314594715833664
clearance,full,avg,4,221,0.0416385792195797,0.04274311661720276
clearance,full,avg,4,222,0.0414699949324131,0.04305706173181534
clearance,full,avg,4,223,0.04142193868756294,0.04294581711292267
clearance,full,avg,4,224,0.04154541343450546,0.04257819056510925
clearance,full,avg,4,225,0.041309256106615067,0.043074626475572586
clearance,full,avg,4,226,0.04153763875365257,0.042128391563892365
clearance,full,avg,4,227,0.04140648990869522,0.04357851296663284
clearance,full,avg,4,228,0.04111415520310402,0.042681608349084854
clearance,full,avg,4,229,0.04112103953957558,0.04223557934165001
clearance,full,avg,4,230,0.04096927493810654,0.04210873320698738
clearance,full,avg,4,231,0.04114207625389099,0.041840627789497375
clearance,full,avg,4,232,0.04074668139219284,0.0430920273065567
clearance,full,avg,4,233,0.040914349257946014,0.043116748332977295
clearance,full,avg,4,234,0.04109245911240578,0.041806660592556
clearance,full,avg,4,235,0.04074151813983917,0.04212259128689766
clearance,full,avg,4,236,0.04081626236438751,0.04113982990384102
clearance,full,avg,4,237,0.04065212979912758,0.04243595898151398
clearance,full,avg,4,238,0.040635593235492706,0.04257956147193909
clearance,full,avg,4,239,0.040412046015262604,0.04152819141745567
clearance,full,avg,4,240,0.040405020117759705,0.041069380939006805
clearance,full,avg,4,241,0.04030270501971245,0.04182334244251251
clearance,full,avg,4,242,0.04036283120512962,0.04157986864447594
clearance,full,avg,4,243,0.040742821991443634,0.042470529675483704
clearance,full,avg,4,244,0.040041957050561905,0.041610606014728546
clearance,full,avg,4,245,0.0400458425283432,0.04076886549592018
clearance,full,avg,4,246,0.04013688489794731,0.041049446910619736
clearance,full,avg,4,247,0.04005461186170578,0.04156963899731636
clearance,full,avg,4,248,0.03998933359980583,0.04193006083369255
clearance,full,avg,4,249,0.03989449888467789,0.041300442069768906
clearance,full,avg,4,250,0.03978637605905533,0.0407179594039917
clearance,full,avg,4,251,0.039682935923337936,0.04221378266811371
clearance,full,avg,4,252,0.03977104276418686,0.04065302386879921
clearance,full,avg,4,253,0.039628397673368454,0.04102158546447754
clearance,full,avg,4,254,0.03968473896384239,0.04089142382144928
clearance,full,avg,4,255,0.03931722417473793,0.04148004576563835
clearance,full,avg,4,256,0.0394442155957222,0.04120291769504547
clearance,full,avg,4,257,0.039614658802747726,0.039935413748025894
clearance,full,avg,4,258,0.039509616792201996,0.04149360582232475
clearance,full,avg,4,259,0.03922678157687187,0.04130459204316139
clearance,full,avg,4,260,0.03952784836292267,0.04013548046350479
clearance,full,avg,4,261,0.03924719989299774,0.04125700891017914
clearance,full,avg,4,262,0.0390658900141716,0.03998655080795288
clearance,full,avg,4,263,0.03919973224401474,0.04042310640215874
clearance,full,avg,4,264,0.03932281211018562,0.03978881612420082
clearance,full,avg,4,265,0.03868431597948074,0.04080316051840782
clearance,full,avg,4,266,0.0388132706284523,0.041154246777296066
clearance,full,avg,4,267,0.03870734944939613,0.04074674844741821
clearance,full,avg,4,268,0.03870009630918503,0.038931045681238174
clearance,full,avg,4,269,0.038851235061883926,0.03970701992511749
clearance,full,avg,4,270,0.03874056413769722,0.040248047560453415
clearance,full,avg,4,271,0.03865902125835419,0.04193252697587013
clearance,full,avg,4,272,0.03851985186338425,0.04000198096036911
clearance,full,avg,4,273,0.03839391842484474,0.039403777569532394
clearance,full,avg,4,274,0.03827420249581337,0.039240237325429916
clearance,full,avg,4,275,0.03823206573724747,0.0407506488263607
clearance,full,avg,4,276,0.0382760725915432,0.0402570515871048
clearance,full,avg,4,277,0.038324929773807526,0.0389133021235466
clearance,full,avg,4,278,0.03798960894346237,0.03875906020402908
clearance,full,avg,4,279,0.037955865263938904,0.0389835350215435
clearance,full,avg,4,280,0.038188181817531586,0.04037664830684662
clearance,full,avg,4,281,0.03797673061490059,0.03935452178120613
clearance,full,avg,4,282,0.03770671784877777,0.039109230041503906
clearance,full,avg,4,283,0.038374755531549454,0.03973371908068657
clearance,full,avg,4,284,0.037914764136075974,0.03916139528155327
clearance,full,avg,4,285,0.03776593506336212,0.039166390895843506
clearance,full,avg,4,286,0.037675805389881134,0.03847622498869896
clearance,full,avg,4,287,0.0375555083155632,0.039677347987890244
clearance,full,avg,4,288,0.03765535727143288,0.04031782224774361
clearance,full,avg,4,289,0.03770570456981659,0.03818325698375702
clearance,full,avg,4,290,0.037279024720191956,0.03889630362391472
clearance,full,avg,4,291,0.037406664341688156,0.03995191678404808
clearance,full,avg,4,292,0.037125635892152786,0.038618218153715134
clearance,full,avg,4,293,0.03730371594429016,0.03793981298804283
clearance,full,avg,4,294,0.03695104271173477,0.03887616842985153
clearance,full,avg,4,295,0.03702758252620697,0.039593860507011414
clearance,full,avg,4,296,0.036860641092061996,0.03872140869498253
clearance,full,avg,4,297,0.03694240376353264,0.037542082369327545
clearance,full,avg,4,298,0.036819592118263245,0.038040291517972946
clearance,full,avg,4,299,0.036751147359609604,0.03870738297700882
clearance,full,avg,4,300,0.0365494005382061,0.03930007666349411
clearance,full,avg,4,301,0.036726851016283035,0.0377466082572937
clearance,full,avg,4,302,0.03663003072142601,0.038014136254787445
clearance,full,avg,4,303,0.036486804485321045,0.03911282867193222
clearance,full,avg,4,304,0.03651006892323494,0.039232369512319565
clearance,full,avg,4,305,0.03666204959154129,0.03776566684246063
clearance,full,avg,4,306,0.03635697439312935,0.03691042587161064
clearance,full,avg,4,307,0.03641403093934059,0.038047906011343
clearance,full,avg,4,308,0.03653823211789131,0.03814977407455444
clearance,full,avg,4,309,0.03599047288298607,0.03897475078701973
clearance,full,avg,4,310,0.03663488104939461,0.03740725666284561
clearance,full,avg,4,311,0.035995129495859146,0.03906967118382454
clearance,full,avg,4,312,0.03597575053572655,0.03734581917524338
clearance,full,avg,4,313,0.03581549972295761,0.03794008120894432
clearance,full,avg,4,314,0.035949237644672394,0.038269564509391785
clearance,full,avg,4,315,0.035619668662548065,0.037636421620845795
clearance,full,avg,4,316,0.03623431175947189,0.03642704337835312
clearance,full,avg,4,317,0.03556150943040848,0.03887435793876648
clearance,full,avg,4,318,0.035912804305553436,0.038408249616622925
clearance,full,avg,4,319,0.03555890545248985,0.03760794177651405
clearance,full,avg,4,320,0.03565486520528793,0.03652550280094147
clearance,full,avg,4,321,0.035862553864717484,0.03750624507665634
clearance,full,avg,4,322,0.0357055626809597,0.039055176079273224
clearance,full,avg,4,323,0.035488396883010864,0.03596366569399834
clearance,full,avg,4,324,0.03528677672147751,0.03775972127914429
clearance,full,avg,4,325,0.03525694087147713,0.03797757998108864
clearance,full,avg,4,326,0.034973323345184326,0.036877065896987915
clearance,full,avg,4,327,0.03492478281259537,0.03751484677195549
clearance,full,avg,4,328,0.03496091440320015,0.03597983717918396
clearance,full,avg,4,329,0.03508484363555908,0.037811875343322754
clearance,full,avg,4,330,0.034845393151044846,0.036138616502285004
clearance,full,avg,4,331,0.034671101719141006,0.03718196600675583
clearance,full,avg,4,332,0.03483407199382782,0.03682972490787506
clearance,full,avg,4,333,0.03473697602748871,0.03653603792190552
clearance,full,avg,4,334,0.03429686278104782,0.03755775839090347
clearance,full,avg,4,335,0.034602586179971695,0.037995848804712296
clearance,full,avg,4,336,0.034293025732040405,0.03628281503915787
clearance,full,avg,4,337,0.03451569750905037,0.03576162829995155
clearance,full,avg,4,338,0.03450733795762062,0.03751285746693611
clearance,full,avg,4,339,0.034371599555015564,0.036537233740091324
clearance,full,avg,4,340,0.03411468490958214,0.03636593371629715
clearance,full,avg,4,341,0.03456113487482071,0.03577404096722603
clearance,full,avg,4,342,0.034278012812137604,0.037962015718221664
clearance,full,avg,4,343,0.03435704857110977,0.03684419021010399
clearance,full,avg,4,344,0.03416994959115982,0.036146171391010284
clearance,full,avg,4,345,0.03399364650249481,0.03634059429168701
clearance,full,avg,4,346,0.03400459885597229,0.03752410411834717
clearance,full,avg,4,347,0.03397740423679352,0.03666028007864952
clearance,full,avg,4,348,0.033923495560884476,0.036400191485881805
clearance,full,avg,4,349,0.03397853299975395,0.036125726997852325
clearance,full,avg,4,350,0.03381137549877167,0.03656250238418579
clearance,full,avg,4,351,0.033850181847810745,0.03695206344127655
clearance,full,avg,4,352,0.03386806324124336,0.036636702716350555
clearance,full,avg,4,353,0.03377373144030571,0.03647051006555557
clearance,full,avg,4,354,0.03380759060382843,0.03671620786190033
clearance,full,avg,4,355,0.03375519812107086,0.036655303090810776
clearance,full,avg,4,356,0.03372075408697128,0.03629615530371666
clearance,full,avg,4,357,0.033737242221832275,0.03609741851687431
clearance,full,avg,5,1,0.5682554244995117,0.16463375091552734
clearance,full,avg,5,2,0.15016552805900574,0.14184609055519104
clearance,full,avg,5,3,0.14272700250148773,0.1205366849899292
clearance,full,avg,5,4,0.12674666941165924,0.12372687458992004
clearance,full,avg,5,5,0.120011106133461,0.11768689751625061
clearance,full,avg,5,6,0.11774397641420364,0.11481750011444092
clearance,full,avg,5,7,0.11177842319011688,0.1148139089345932
clearance,full,avg,5,8,0.10842375457286835,0.11065873503684998
clearance,full,avg,5,9,0.10644508898258209,0.10814924538135529
clearance,full,avg,5,10,0.10516265779733658,0.10880132019519806
clearance,full,avg,5,11,0.10219681262969971,0.1047654002904892
clearance,full,avg,5,12,0.10029067099094391,0.10391055792570114
clearance,full,avg,5,13,0.09886083751916885,0.10400824248790741
clearance,full,avg,5,14,0.09731630235910416,0.10159122943878174
clearance,full,avg,5,15,0.0956806167960167,0.09930440038442612
clearance,full,avg,5,16,0.09421954303979874,0.09884242713451385
clearance,full,avg,5,17,0.09333018213510513,0.09717480838298798
clearance,full,avg,5,18,0.09223170578479767,0.09567144513130188
clearance,full,avg,5,19,0.09043508023023605,0.09500610083341599
clearance,full,avg,5,20,0.08939922600984573,0.0932205319404602
clearance,full,avg,5,21,0.08843138068914413,0.0922851711511612
clearance,full,avg,5,22,0.08769705891609192,0.09120538830757141
clearance,full,avg,5,23,0.08664803951978683,0.09104526042938232
clearance,full,avg,5,24,0.08552121371030807,0.08954047411680222
clearance,full,avg,5,25,0.08451632410287857,0.08897972106933594
clearance,full,avg,5,26,0.08360814303159714,0.08698117733001709
clearance,full,avg,5,27,0.08421079814434052,0.0876968577504158
clearance,full,avg,5,28,0.08341962844133377,0.08628998696804047
clearance,full,avg,5,29,0.08130266517400742,0.08556469529867172
clearance,full,avg,5,30,0.08047860860824585,0.08521290123462677
clearance,full,avg,5,31,0.07995167374610901,0.08373087644577026
clearance,full,avg,5,32,0.07946649938821793,0.08398357778787613
clearance,full,avg,5,33,0.07867876440286636,0.08302772045135498
clearance,full,avg,5,34,0.07791733741760254,0.08263865113258362
clearance,full,avg,5,35,0.07728657871484756,0.0811188742518425
clearance,full,avg,5,36,0.07675444334745407,0.08134090900421143
clearance,full,avg,5,37,0.07635930925607681,0.08097640424966812
clearance,full,avg,5,38,0.07659070193767548,0.08046753704547882
clearance,full,avg,5,39,0.07541477680206299,0.07980625331401825
clearance,full,avg,5,40,0.07439978420734406,0.07961764186620712
clearance,full,avg,5,41,0.07428662478923798,0.0797930434346199
clearance,full,avg,5,42,0.07573806494474411,0.07756006717681885
clearance,full,avg,5,43,0.07573147118091583,0.07734236866235733
clearance,full,avg,5,44,0.07341009378433228,0.0773630365729332
clearance,full,avg,5,45,0.07431115955114365,0.07603811472654343
clearance,full,avg,5,46,0.072540782392025,0.07524748146533966
clearance,full,avg,5,47,0.07187343388795853,0.07547938823699951
clearance,full,avg,5,48,0.07171515375375748,0.07537796348333359
clearance,full,avg,5,49,0.07132171839475632,0.07440558075904846
clearance,full,avg,5,50,0.07050810009241104,0.0742635652422905
clearance,full,avg,5,51,0.06969582289457321,0.07558184862136841
clearance,full,avg,5,52,0.07052662968635559,0.07597649842500687
clearance,full,avg,5,53,0.07087092101573944,0.07416961342096329
clearance,full,avg,5,54,0.06999373435974121,0.0731387734413147
clearance,full,avg,5,55,0.06848403811454773,0.07321703433990479
clearance,full,avg,5,56,0.06891913712024689,0.07320345938205719
clearance,full,avg,5,57,0.06867188960313797,0.07268272340297699
clearance,full,avg,5,58,0.06813354790210724,0.07231056690216064
clearance,full,avg,5,59,0.06723037362098694,0.07190251350402832
clearance,full,avg,5,60,0.06701838225126266,0.0710928663611412
clearance,full,avg,5,61,0.06660184264183044,0.07106417417526245
clearance,full,avg,5,62,0.06636133044958115,0.07126602530479431
clearance,full,avg,5,63,0.06657757610082626,0.07172789424657822
clearance,full,avg,5,64,0.06620344519615173,0.0702289566397667
clearance,full,avg,5,65,0.06560640782117844,0.07000534981489182
clearance,full,avg,5,66,0.06524564325809479,0.06949614733457565
clearance,full,avg,5,67,0.06502169370651245,0.06948395073413849
clearance,full,avg,5,68,0.06490331888198853,0.0707266554236412
clearance,full,avg,5,69,0.06467413902282715,0.06914065778255463
clearance,full,avg,5,70,0.0639219880104065,0.06841737776994705
clearance,full,avg,5,71,0.06378716230392456,0.068501316010952
clearance,full,avg,5,72,0.06370970606803894,0.06962764263153076
clearance,full,avg,5,73,0.06504297256469727,0.06900080293416977
clearance,full,avg,5,74,0.06413659453392029,0.07128159701824188
clearance,full,avg,5,75,0.06631474941968918,0.06811726093292236
clearance,full,avg,5,76,0.0636579766869545,0.0694204568862915
clearance,full,avg,5,77,0.06508209556341171,0.06809874624013901
clearance,full,avg,5,78,0.06350631266832352,0.06995198130607605
clearance,full,avg,5,79,0.06429846584796906,0.06763284653425217
clearance,full,avg,5,80,0.06370273232460022,0.06719175726175308
clearance,full,avg,5,81,0.06173281744122505,0.06659603863954544
clearance,full,avg,5,82,0.06374179571866989,0.0667019635438919
clearance,full,avg,5,83,0.06533516943454742,0.0663323923945427
clearance,full,avg,5,84,0.06395789980888367,0.06585223972797394
clearance,full,avg,5,85,0.0630011036992073,0.06770066916942596
clearance,full,avg,5,86,0.06145677715539932,0.06651560962200165
clearance,full,avg,5,87,0.06210523471236229,0.06735090911388397
clearance,full,avg,5,88,0.06109471246600151,0.06646367907524109
clearance,full,avg,5,89,0.06165236234664917,0.06775429099798203
clearance,full,avg,5,90,0.059637054800987244,0.06500249356031418
clearance,full,avg,5,91,0.05993831902742386,0.06508805602788925
clearance,full,avg,5,92,0.05926158279180527,0.06420139968395233
clearance,full,avg,5,93,0.05874127149581909,0.06395241618156433
clearance,full,avg,5,94,0.05923784524202347,0.06443243473768234
clearance,full,avg,5,95,0.05820508673787117,0.06412706524133682
clearance,full,avg,5,96,0.05791638046503067,0.06370817869901657
clearance,full,avg,5,97,0.057801730930805206,0.06282293796539307
clearance,full,avg,5,98,0.05770215392112732,0.06315688043832779
clearance,full,avg,5,99,0.057438746094703674,0.06300245970487595
clearance,full,avg,5,100,0.057359978556632996,0.06318392604589462
clearance,full,avg,5,101,0.05796753242611885,0.06229811906814575
clearance,full,avg,5,102,0.057312339544296265,0.06317533552646637
clearance,full,avg,5,103,0.056947626173496246,0.061921749264001846
clearance,full,avg,5,104,0.0568884052336216,0.06256430596113205
clearance,full,avg,5,105,0.05671904236078262,0.06166771799325943
clearance,full,avg,5,106,0.05653022602200508,0.06297700107097626
clearance,full,avg,5,107,0.055820267647504807,0.061811354011297226
clearance,full,avg,5,108,0.05572066456079483,0.06196635961532593
clearance,full,avg,5,109,0.05571822077035904,0.06124258041381836
clearance,full,avg,5,110,0.055849380791187286,0.0614742636680603
clearance,full,avg,5,111,0.056220121681690216,0.06158488988876343
clearance,full,avg,5,112,0.05653117224574089,0.06191253662109375
clearance,full,avg,5,113,0.05462079122662544,0.060514699667692184
clearance,full,avg,5,114,0.05534031242132187,0.060780834406614304
clearance,full,avg,5,115,0.05413426086306572,0.060537416487932205
clearance,full,avg,5,116,0.053938496857881546,0.06040612980723381
clearance,full,avg,5,117,0.05382595211267471,0.05993235856294632
clearance,full,avg,5,118,0.053668227046728134,0.059712350368499756
clearance,full,avg,5,119,0.05339493602514267,0.05984795466065407
clearance,full,avg,5,120,0.05328786373138428,0.060013215988874435
clearance,full,avg,5,121,0.052971214056015015,0.06078517809510231
clearance,full,avg,5,122,0.0538192018866539,0.05910540372133255
clearance,full,avg,5,123,0.053449846804142,0.05913159251213074
clearance,full,avg,5,124,0.05215158313512802,0.05996953696012497
clearance,full,avg,5,125,0.05227745324373245,0.05955108255147934
clearance,full,avg,5,126,0.05176296457648277,0.05973405763506889
clearance,full,avg,5,127,0.05167241394519806,0.059746697545051575
clearance,full,avg,5,128,0.05136513337492943,0.05914103984832764
clearance,full,avg,5,129,0.05124618858098984,0.058744825422763824
clearance,full,avg,5,130,0.051489900797605515,0.059077680110931396
clearance,full,avg,5,131,0.051127493381500244,0.05809977278113365
clearance,full,avg,5,132,0.051499586552381516,0.060094788670539856
clearance,full,avg,5,133,0.05142517387866974,0.05896788835525513
clearance,full,avg,5,134,0.050874240696430206,0.058433979749679565
clearance,full,avg,5,135,0.05004808306694031,0.05766711011528969
clearance,full,avg,5,136,0.05015026032924652,0.05771416798233986
clearance,full,avg,5,137,0.05008406192064285,0.057711973786354065
clearance,full,avg,5,138,0.05018365755677223,0.057882022112607956
clearance,full,avg,5,139,0.04964299499988556,0.05775321647524834
clearance,full,avg,5,140,0.04977614805102348,0.060004543513059616
clearance,full,avg,5,141,0.05078510195016861,0.057320356369018555
clearance,full,avg,5,142,0.04883036017417908,0.058729059994220734
clearance,full,avg,5,143,0.04876153916120529,0.057153549045324326
clearance,full,avg,5,144,0.04900333285331726,0.05928477272391319
clearance,full,avg,5,145,0.04955968260765076,0.05830604210495949
clearance,full,avg,5,146,0.049935780465602875,0.06021370738744736
clearance,full,avg,5,147,0.049111273139715195,0.05734406039118767
clearance,full,avg,5,148,0.047713927924633026,0.05803578346967697
clearance,full,avg,5,149,0.047834496945142746,0.056851860135793686
clearance,full,avg,5,150,0.048551447689533234,0.058500781655311584
clearance,full,avg,5,151,0.048192285001277924,0.05647241696715355
clearance,full,avg,5,152,0.04852623865008354,0.05822368338704109
clearance,full,avg,5,153,0.047463975846767426,0.05741811543703079
clearance,full,avg,5,154,0.050069164484739304,0.058668240904808044
clearance,full,avg,5,155,0.047176964581012726,0.05589812248945236
clearance,full,avg,5,156,0.04712342470884323,0.05625241994857788
clearance,full,avg,5,157,0.04654214531183243,0.05564907193183899
clearance,full,avg,5,158,0.046322014182806015,0.05696643516421318
clearance,full,avg,5,159,0.04646022245287895,0.056014422327280045
clearance,full,avg,5,160,0.045912567526102066,0.055900413542985916
clearance,full,avg,5,161,0.045722391456365585,0.05499718338251114
clearance,full,avg,5,162,0.045604147017002106,0.0556536465883255
clearance,full,avg,5,163,0.04551152512431145,0.05506918579339981
clearance,full,avg,5,164,0.04534875229001045,0.054680127650499344
clearance,full,avg,5,165,0.044831812381744385,0.05448262020945549
clearance,full,avg,5,166,0.045411694794893265,0.05398810654878616
clearance,full,avg,5,167,0.04491151124238968,0.05483749508857727
clearance,full,avg,5,168,0.04479534178972244,0.055723823606967926
clearance,full,avg,5,169,0.04437699541449547,0.054275959730148315
clearance,full,avg,5,170,0.044581089168787,0.05514078214764595
clearance,full,avg,5,171,0.044427670538425446,0.05467687547206879
clearance,full,avg,5,172,0.04474440962076187,0.056425824761390686
clearance,full,avg,5,173,0.04429621249437332,0.05480144917964935
clearance,full,avg,5,174,0.044017791748046875,0.05911296233534813
clearance,full,avg,5,175,0.044715262949466705,0.054927390068769455
clearance,full,avg,5,176,0.04398222267627716,0.05819282680749893
clearance,full,avg,5,177,0.044130951166152954,0.05467424914240837
clearance,full,avg,5,178,0.04356513172388077,0.0542936809360981
clearance,full,avg,5,179,0.04326267167925835,0.05449086055159569
clearance,full,avg,5,180,0.04353265091776848,0.05364815145730972
clearance,full,avg,5,181,0.04293855279684067,0.05501410365104675
clearance,full,avg,5,182,0.04342208802700043,0.053936898708343506
clearance,full,avg,5,183,0.0426575131714344,0.05457080528140068
clearance,full,avg,5,184,0.04272627457976341,0.05379512906074524
clearance,full,avg,5,185,0.04252579063177109,0.054812461137771606
clearance,full,avg,5,186,0.04282040148973465,0.054490674287080765
clearance,full,avg,5,187,0.04274924471974373,0.0541900098323822
clearance,full,avg,5,188,0.04238460212945938,0.0546884723007679
clearance,full,avg,5,189,0.04254315420985222,0.05307683348655701
clearance,full,avg,5,190,0.04214828088879585,0.05396399274468422
clearance,full,avg,5,191,0.04215748608112335,0.05346124991774559
clearance,full,avg,5,192,0.04194031283259392,0.05394650250673294
clearance,full,avg,5,193,0.041967086493968964,0.05375633016228676
clearance,full,avg,5,194,0.04192197695374489,0.053401440382003784
clearance,full,avg,5,195,0.04252106696367264,0.05326460674405098
clearance,full,avg,5,196,0.041681159287691116,0.054021190851926804
clearance,full,avg,5,197,0.04190102592110634,0.05264279246330261
clearance,full,avg,5,198,0.041809018701314926,0.05337671563029289
clearance,full,avg,5,199,0.04190296679735184,0.053136762231588364
clearance,full,avg,5,200,0.041796647012233734,0.05387419834733009
clearance,full,avg,5,201,0.04147135093808174,0.052852556109428406
clearance,full,avg,5,202,0.041281118988990784,0.0526772178709507
clearance,full,avg,5,203,0.04137114807963371,0.053575679659843445
clearance,full,avg,5,204,0.04111644998192787,0.05284208804368973
clearance,full,avg,5,205,0.04132629185914993,0.052874062210321426
clearance,full,avg,5,206,0.04121261090040207,0.053662750869989395
clearance,full,avg,5,207,0.04117554798722267,0.05308302119374275
clearance,full,avg,5,208,0.04085886478424072,0.05351018160581589
clearance,full,avg,5,209,0.04084340110421181,0.052691586315631866
clearance,full,avg,5,210,0.040648721158504486,0.05256541445851326
clearance,full,avg,5,211,0.040566034615039825,0.052827537059783936
clearance,full,avg,5,212,0.04063839092850685,0.05235449597239494
clearance,full,avg,5,213,0.040502265095710754,0.052570242434740067
clearance,full,avg,5,214,0.0406191386282444,0.052701450884342194
clearance,full,avg,5,215,0.04058835655450821,0.05223209410905838
clearance,full,avg,5,216,0.04070618748664856,0.05247148498892784
clearance,full,avg,5,217,0.04038248583674431,0.05336064100265503
clearance,full,avg,5,218,0.040545735508203506,0.05219592899084091
clearance,full,avg,5,219,0.040397319942712784,0.05221128836274147
clearance,full,avg,5,220,0.04046591743826866,0.05275413393974304
clearance,full,avg,5,221,0.04025307670235634,0.05217308551073074
clearance,full,avg,5,222,0.04034554958343506,0.05246360972523689
clearance,full,avg,5,223,0.040207527577877045,0.05297794193029404
clearance,full,avg,5,224,0.040354374796152115,0.05245821177959442
clearance,full,avg,5,225,0.040226396173238754,0.05257628113031387
clearance,full,avg,5,226,0.04003627225756645,0.05241670086979866
clearance,full,avg,5,227,0.040046270936727524,0.05235392972826958
clearance,full,avg,5,228,0.040025968104600906,0.0522591695189476
clearance,full,avg,5,229,0.04019291326403618,0.05206120014190674
clearance,full,avg,5,230,0.04006670415401459,0.052423715591430664
clearance,full,avg,5,231,0.039965756237506866,0.052491694688797
clearance,full,avg,5,232,0.03998469561338425,0.052387338131666183
clearance,full,avg,5,233,0.039888326078653336,0.05207943171262741
clearance,full,avg,5,234,0.040096599608659744,0.052217062562704086
clearance,full,avg,5,235,0.03991066664457321,0.05259619280695915
clearance,full,avg,5,236,0.03986474499106407,0.053258951753377914
clearance,full,avg,5,237,0.04008640721440315,0.052761904895305634
clearance,full,avg,5,238,0.03990396112203598,0.052206847816705704
clearance,full,avg,5,239,0.0398101769387722,0.052313148975372314
clearance,full,avg,5,240,0.03979342058300972,0.052552729845047
clearance,full,avg,5,241,0.03977523744106293,0.05244261398911476
clearance,full,avg,5,242,0.03972432762384415,0.05240960046648979
clearance,full,avg,5,243,0.03975856676697731,0.05235656723380089
clearance,full,avg,5,244,0.039714787155389786,0.052518125623464584
clearance,full,avg,5,245,0.039702534675598145,0.052519917488098145
clearance,full,avg,5,246,0.039734769612550735,0.05237124115228653
clearance,full,avg,5,247,0.03969962149858475,0.05240701884031296
clearance,full,avg,5,248,0.03967643529176712,0.05231239274144173
clearance,full,avg,5,249,0.03965218365192413,0.05223351716995239
