endpoint,mode,pooling,fold,epoch,loss,val_loss
clearance,full,avg,1,1,0.14792200922966003,0.12487074732780457
clearance,full,avg,1,2,0.12945222854614258,0.11793115735054016
clearance,full,avg,1,3,0.1205788180232048,0.11810086667537689
clearance,full,avg,1,4,0.11737839877605438,0.11765780299901962
clearance,full,avg,1,5,0.11518625169992447,0.11347314715385437
clearance,full,avg,1,6,0.11138469725847244,0.11041419953107834
clearance,full,avg,1,7,0.10955249518156052,0.10799035429954529
clearance,full,avg,1,8,0.10579431802034378,0.10681168735027313
clearance,full,avg,1,9,0.10410898923873901,0.1043981984257698
clearance,full,avg,1,10,0.10127893090248108,0.10255090892314911
clearance,full,avg,1,11,0.10001412034034729,0.10117056965827942
clearance,full,avg,1,12,0.0979621484875679,0.09936607629060745
clearance,full,avg,1,13,0.0955185815691948,0.09724230319261551
clearance,full,avg,1,14,0.09445812553167343,0.09588760882616043
clearance,full,avg,1,15,0.09297432750463486,0.09515107423067093
clearance,full,avg,1,16,0.09107368439435959,0.09263487905263901
clearance,full,avg,1,17,0.08989064395427704,0.09298943728208542
clearance,full,avg,1,18,0.08820831030607224,0.08998383581638336
clearance,full,avg,1,19,0.08596556633710861,0.08947382867336273
clearance,full,avg,1,20,0.08508502691984177,0.08713890612125397
clearance,full,avg,1,21,0.08363429456949234,0.08603299409151077
clearance,full,avg,1,22,0.08331388980150223,0.08553482592105865
clearance,full,avg,1,23,0.08164919912815094,0.0836709663271904
clearance,full,avg,1,24,0.08071319013834,0.08366523683071136
clearance,full,avg,1,25,0.07876540720462799,0.08157302439212799
clearance,full,avg,1,26,0.0767945870757103,0.08276194334030151
clearance,full,avg,1,27,0.07656601816415787,0.08012779802083969
clearance,full,avg,1,28,0.07518624514341354,0.07918693125247955
clearance,full,avg,1,29,0.07389108836650848,0.07688969373703003
clearance,full,avg,1,30,0.07308541983366013,0.07652196288108826
clearance,full,avg,1,31,0.0733293890953064,0.07780875265598297
clearance,full,avg,1,32,0.07257404178380966,0.07415164262056351
clearance,full,avg,1,33,0.0701892152428627,0.07525323331356049
clearance,full,avg,1,34,0.0701136663556099,0.07427749037742615
clearance,full,avg,1,35,0.06831709295511246,0.07394485175609589
clearance,full,avg,1,36,0.06827791035175323,0.07251819968223572
clearance,full,avg,1,37,0.06725023686885834,0.07086554169654846
clearance,full,avg,1,38,0.06614990532398224,0.07098595052957535
clearance,full,avg,1,39,0.0656096339225769,0.07042549550533295
clearance,full,avg,1,40,0.06446021795272827,0.07010418176651001
clearance,full,avg,1,41,0.06392402201890945,0.06851232796907425
clearance,full,avg,1,42,0.06330940872430801,0.06991749256849289
clearance,full,avg,1,43,0.06279309839010239,0.06808935105800629
clearance,full,avg,1,44,0.06212832033634186,0.06779920309782028
clearance,full,avg,1,45,0.06163419783115387,0.06739314645528793
clearance,full,avg,1,46,0.06091190129518509,0.06773501634597778
clearance,full,avg,1,47,0.06060601770877838,0.06564316898584366
clearance,full,avg,1,48,0.05931580439209938,0.06613780558109283
clearance,full,avg,1,49,0.059024013578891754,0.0644916370511055
clearance,full,avg,1,50,0.05902327224612236,0.06611303240060806
clearance,full,avg,1,51,0.05860428512096405,0.0629977136850357
clearance,full,avg,1,52,0.05959215760231018,0.0656924918293953
clearance,full,avg,1,53,0.05784830451011658,0.06416675448417664
clearance,full,avg,1,54,0.05701678991317749,0.06424426287412643
clearance,full,avg,1,55,0.056798841804265976,0.06063215062022209
clearance,full,avg,1,56,0.056243669241666794,0.0627945065498352
clearance,full,avg,1,57,0.055432602763175964,0.06167394295334816
clearance,full,avg,1,58,0.05536440387368202,0.062371402978897095
clearance,full,avg,1,59,0.05554322153329849,0.060068145394325256
clearance,full,avg,1,60,0.055368974804878235,0.06132011488080025
clearance,full,avg,1,61,0.05457771569490433,0.059111349284648895
clearance,full,avg,1,62,0.05352150648832321,0.06123090535402298
clearance,full,avg,1,63,0.052660416811704636,0.058279115706682205
clearance,full,avg,1,64,0.052878204733133316,0.057939592748880386
clearance,full,avg,1,65,0.05277404189109802,0.05922701209783554
clearance,full,avg,1,66,0.051902417093515396,0.05788322910666466
clearance,full,avg,1,67,0.05102195590734482,0.05728119984269142
clearance,full,avg,1,68,0.05146512761712074,0.05879173055291176
clearance,full,avg,1,69,0.05040261521935463,0.056658487766981125
clearance,full,avg,1,70,0.04993721842765808,0.058112479746341705
clearance,full,avg,1,71,0.04988531023263931,0.05847923830151558
clearance,full,avg,1,72,0.04930858686566353,0.05635654181241989
clearance,full,avg,1,73,0.04964853450655937,0.05884745717048645
clearance,full,avg,1,74,0.049323633313179016,0.05754965916275978
clearance,full,avg,1,75,0.050324566662311554,0.06238497048616409
clearance,full,avg,1,76,0.051758673042058945,0.05665745958685875
clearance,full,avg,1,77,0.051989294588565826,0.06398332118988037
clearance,full,avg,1,78,0.053401730954647064,0.052362777292728424
clearance,full,avg,1,79,0.05307852104306221,0.05371234193444252
clearance,full,avg,1,80,0.05162237584590912,0.056030601263046265
clearance,full,avg,1,81,0.04886232689023018,0.053676825016736984
clearance,full,avg,1,82,0.047946590930223465,0.058958929032087326
clearance,full,avg,1,83,0.04824554920196533,0.05349203944206238
clearance,full,avg,1,84,0.0473223514854908,0.05400002747774124
clearance,full,avg,1,85,0.0477156862616539,0.052566103637218475
clearance,full,avg,1,86,0.04599091783165932,0.05218641087412834
clearance,full,avg,1,87,0.04635210335254669,0.053120508790016174
clearance,full,avg,1,88,0.04600733146071434,0.05130346864461899
clearance,full,avg,1,89,0.04742834344506264,0.05362820252776146
clearance,full,avg,1,90,0.0468362532556057,0.05070771649479866
clearance,full,avg,1,91,0.04547760635614395,0.05294855684041977
clearance,full,avg,1,92,0.044809792190790176,0.05248859524726868
clearance,full,avg,1,93,0.04447181150317192,0.053473033010959625
clearance,full,avg,1,94,0.04420287534594536,0.0504843071103096
clearance,full,avg,1,95,0.04389231279492378,0.04987090826034546
clearance,full,avg,1,96,0.043599966913461685,0.051338814198970795
clearance,full,avg,1,97,0.04329013451933861,0.05137689411640167
clearance,full,avg,1,98,0.043713588267564774,0.05275367945432663
clearance,full,avg,1,99,0.04433530941605568,0.0494978129863739
clearance,full,avg,1,100,0.043494854122400284,0.05178369954228401
clearance,full,avg,1,101,0.043389126658439636,0.05073613300919533
clearance,full,avg,1,102,0.04321618378162384,0.049326032400131226
clearance,full,avg,1,103,0.043904587626457214,0.052989840507507324
clearance,full,avg,1,104,0.04340396821498871,0.048872288316488266
clearance,full,avg,1,105,0.0432012565433979,0.050354570150375366
clearance,full,avg,1,106,0.04369640722870827,0.050815075635910034
clearance,full,avg,1,107,0.04560846835374832,0.05702473223209381
clearance,full,avg,1,108,0.04291300103068352,0.04768488183617592
clearance,full,avg,1,109,0.042564909905195236,0.05087732523679733
clearance,full,avg,1,110,0.042760755866765976,0.04770351201295853
clearance,full,avg,1,111,0.042000044137239456,0.05140945315361023
clearance,full,avg,1,112,0.04227426275610924,0.047628335654735565
clearance,full,avg,1,113,0.04078271612524986,0.04661371558904648
clearance,full,avg,1,114,0.04042834788560867,0.047421764582395554
clearance,full,avg,1,115,0.04002577066421509,0.04846980795264244
clearance,full,avg,1,116,0.040604181587696075,0.04898098111152649
clearance,full,avg,1,117,0.03980475291609764,0.0478840209543705
clearance,full,avg,1,118,0.03977174311876297,0.0471283420920372
clearance,full,avg,1,119,0.03957264870405197,0.05005738511681557
clearance,full,avg,1,120,0.0397195890545845,0.046953946352005005
clearance,full,avg,1,121,0.039296213537454605,0.04858073964715004
clearance,full,avg,1,122,0.03870221972465515,0.04692985117435455
clearance,full,avg,1,123,0.03827565163373947,0.04884132742881775
clearance,full,avg,1,124,0.03891714662313461,0.047846026718616486
clearance,full,avg,1,125,0.03857097029685974,0.046361710876226425
clearance,full,avg,1,126,0.03810770437121391,0.04863870516419411
clearance,full,avg,1,127,0.03839510679244995,0.04771760478615761
clearance,full,avg,1,128,0.038664400577545166,0.04748702049255371
clearance,full,avg,1,129,0.037689704447984695,0.04901061952114105
clearance,full,avg,1,130,0.03826925531029701,0.04711613804101944
clearance,full,avg,1,131,0.03761992231011391,0.046593885868787766
clearance,full,avg,1,132,0.037643108516931534,0.04837063327431679
clearance,full,avg,1,133,0.03763975948095322,0.04762358218431473
clearance,full,avg,1,134,0.037437085062265396,0.04762941598892212
clearance,full,avg,1,135,0.037454891949892044,0.0484532006084919
clearance,full,avg,1,136,0.037212103605270386,0.047011882066726685
clearance,full,avg,1,137,0.03762368485331535,0.046116411685943604
clearance,full,avg,1,138,0.037123989313840866,0.047489479184150696
clearance,full,avg,1,139,0.037247125059366226,0.04809490218758583
clearance,full,avg,1,140,0.037189461290836334,0.04646265506744385
clearance,full,avg,1,141,0.0370357371866703,0.047114934772253036
clearance,full,avg,1,142,0.03686320781707764,0.04760901629924774
clearance,full,avg,1,143,0.036866527050733566,0.04732580482959747
clearance,full,avg,1,144,0.03685032203793526,0.047712016850709915
clearance,full,avg,1,145,0.03671678528189659,0.04703687131404877
clearance,full,avg,1,146,0.03669946268200874,0.047113873064517975
clearance,full,avg,1,147,0.036714646965265274,0.04714170843362808
clearance,full,avg,1,148,0.03677836060523987,0.04775071516633034
clearance,full,avg,1,149,0.036607470363378525,0.04707756265997887
clearance,full,avg,1,150,0.03653045371174812,0.04690298065543175
clearance,full,avg,1,151,0.036543235182762146,0.04669860005378723
clearance,full,avg,1,152,0.036494914442300797,0.046935372054576874
clearance,full,avg,1,153,0.036464106291532516,0.04725242033600807
clearance,full,avg,1,154,0.03647477179765701,0.04724351689219475
clearance,full,avg,1,155,0.036461200565099716,0.047084007412195206
clearance,full,avg,1,156,0.03643377125263214,0.047030970454216
clearance,full,avg,1,157,0.03639547526836395,0.04705511033535004
clearance,full,avg,2,1,1.4621256589889526,0.25162482261657715
clearance,full,avg,2,2,0.36867672204971313,0.35049882531166077
clearance,full,avg,2,3,0.23729202151298523,0.1334821730852127
clearance,full,avg,2,4,0.153996542096138,0.12168021500110626
clearance,full,avg,2,5,0.13015511631965637,0.13318029046058655
clearance,full,avg,2,6,0.1375085860490799,0.12431597709655762
clearance,full,avg,2,7,0.1251630038022995,0.12179335206747055
clearance,full,avg,2,8,0.12667015194892883,0.11717862635850906
clearance,full,avg,2,9,0.12148983031511307,0.11798173934221268
clearance,full,avg,2,10,0.12062902748584747,0.11339306831359863
clearance,full,avg,2,11,0.11754313856363297,0.11112254858016968
clearance,full,avg,2,12,0.11677166819572449,0.10980826616287231
clearance,full,avg,2,13,0.11587656289339066,0.11256036162376404
clearance,full,avg,2,14,0.11374320834875107,0.10832326114177704
clearance,full,avg,2,15,0.11224153637886047,0.10722821205854416
clearance,full,avg,2,16,0.11136630177497864,0.10672547668218613
clearance,full,avg,2,17,0.11016713082790375,0.1059446930885315
clearance,full,avg,2,18,0.10903039574623108,0.10434209555387497
clearance,full,avg,2,19,0.1082344800233841,0.1028524786233902
clearance,full,avg,2,20,0.10718430578708649,0.10203742235898972
clearance,full,avg,2,21,0.10627946257591248,0.1011471152305603
clearance,full,avg,2,22,0.10552990436553955,0.09993535280227661
clearance,full,avg,2,23,0.10473074018955231,0.09883712977170944
clearance,full,avg,2,24,0.1039929911494255,0.09823793172836304
clearance,full,avg,2,25,0.1030782163143158,0.09815193712711334
clearance,full,avg,2,26,0.10255487263202667,0.09692421555519104
clearance,full,avg,2,27,0.10165420919656754,0.095946304500103
clearance,full,avg,2,28,0.10105662047863007,0.09460119903087616
clearance,full,avg,2,29,0.10025301575660706,0.09476538002490997
clearance,full,avg,2,30,0.09971661865711212,0.09429993480443954
clearance,full,avg,2,31,0.09913861751556396,0.09271632134914398
clearance,full,avg,2,32,0.09899001568555832,0.09371023625135422
clearance,full,avg,2,33,0.09839970618486404,0.09220561385154724
clearance,full,avg,2,34,0.09717217087745667,0.09105757623910904
clearance,full,avg,2,35,0.09652649611234665,0.09096995741128922
clearance,full,avg,2,36,0.09618820995092392,0.09010674059391022
clearance,full,avg,2,37,0.09585724025964737,0.08906558901071548
clearance,full,avg,2,38,0.09531427174806595,0.08890911191701889
clearance,full,avg,2,39,0.09463660418987274,0.08878737688064575
clearance,full,avg,2,40,0.09422101825475693,0.08808320015668869
clearance,full,avg,2,41,0.0934690460562706,0.08758855611085892
clearance,full,avg,2,42,0.09313700348138809,0.08743163198232651
clearance,full,avg,2,43,0.09241969883441925,0.08575660735368729
clearance,full,avg,2,44,0.09248068928718567,0.0866035521030426
clearance,full,avg,2,45,0.0918869897723198,0.08525608479976654
clearance,full,avg,2,46,0.09112532436847687,0.08422344923019409
clearance,full,avg,2,47,0.09089266508817673,0.08486241102218628
clearance,full,avg,2,48,0.09077367931604385,0.08415404707193375
clearance,full,avg,2,49,0.09082901477813721,0.08365247398614883
clearance,full,avg,2,50,0.08962901681661606,0.0840156227350235
clearance,full,avg,2,51,0.08970090001821518,0.08219793438911438
clearance,full,avg,2,52,0.08911783248186111,0.08226265758275986
clearance,full,avg,2,53,0.08911603689193726,0.08235467225313187
clearance,full,avg,2,54,0.08849776536226273,0.0816885456442833
clearance,full,avg,2,55,0.08752245455980301,0.08269679546356201
clearance,full,avg,2,56,0.08816563338041306,0.08039453625679016
clearance,full,avg,2,57,0.08751238882541656,0.08140439540147781
clearance,full,avg,2,58,0.08724240213632584,0.08046315610408783
clearance,full,avg,2,59,0.08664796501398087,0.08199834823608398
clearance,full,avg,2,60,0.08730477839708328,0.07939320802688599
clearance,full,avg,2,61,0.08936302363872528,0.08019835501909256
clearance,full,avg,2,62,0.08813704550266266,0.07957874238491058
clearance,full,avg,2,63,0.08626310527324677,0.07945923507213593
clearance,full,avg,2,64,0.08612481504678726,0.08176378160715103
clearance,full,avg,2,65,0.08602375537157059,0.07855132967233658
clearance,full,avg,2,66,0.08491401374340057,0.079413503408432
clearance,full,avg,2,67,0.08488243818283081,0.077799491584301
clearance,full,avg,2,68,0.08443224430084229,0.07832866162061691
clearance,full,avg,2,69,0.08415970206260681,0.07853539288043976
clearance,full,avg,2,70,0.08457210659980774,0.07704954594373703
clearance,full,avg,2,71,0.08525899797677994,0.0780324712395668
clearance,full,avg,2,72,0.0855284109711647,0.07702905684709549
clearance,full,avg,2,73,0.08426277339458466,0.0774451345205307
clearance,full,avg,2,74,0.08422719687223434,0.07669669389724731
clearance,full,avg,2,75,0.08425780385732651,0.0757686197757721
clearance,full,avg,2,76,0.08462762087583542,0.07808592170476913
clearance,full,avg,2,77,0.08550439029932022,0.07686054706573486
clearance,full,avg,2,78,0.08280240744352341,0.07927623391151428
clearance,full,avg,2,79,0.08278676122426987,0.07541117072105408
clearance,full,avg,2,80,0.0827656239271164,0.07660187780857086
clearance,full,avg,2,81,0.08280286937952042,0.07560259848833084
clearance,full,avg,2,82,0.08296563476324081,0.0750921443104744
clearance,full,avg,2,83,0.08251269906759262,0.07640919089317322
clearance,full,avg,2,84,0.08209101110696793,0.07402905076742172
clearance,full,avg,2,85,0.08123361319303513,0.07549106329679489
clearance,full,avg,2,86,0.08099834620952606,0.07475259155035019
clearance,full,avg,2,87,0.08068975061178207,0.07426545768976212
clearance,full,avg,2,88,0.08022425323724747,0.0734938308596611
clearance,full,avg,2,89,0.08204157650470734,0.0747910887002945
clearance,full,avg,2,90,0.08085209876298904,0.07510456442832947
clearance,full,avg,2,91,0.07953581213951111,0.07279752194881439
clearance,full,avg,2,92,0.08078252524137497,0.0738656297326088
clearance,full,avg,2,93,0.08036702871322632,0.07425685971975327
clearance,full,avg,2,94,0.07918599992990494,0.07237821817398071
clearance,full,avg,2,95,0.07945975661277771,0.07380981743335724
clearance,full,avg,2,96,0.07880905270576477,0.07271995395421982
clearance,full,avg,2,97,0.07917942851781845,0.07287091016769409
clearance,full,avg,2,98,0.07894357293844223,0.07233067601919174
clearance,full,avg,2,99,0.07904157042503357,0.07198353856801987
clearance,full,avg,2,100,0.07990127801895142,0.07197891920804977
clearance,full,avg,2,101,0.0781157910823822,0.07149714231491089
clearance,full,avg,2,102,0.07793484628200531,0.07347579300403595
clearance,full,avg,2,103,0.07879870384931564,0.07066765427589417
clearance,full,avg,2,104,0.07819878309965134,0.07122601568698883
clearance,full,avg,2,105,0.07785173505544662,0.07200676947832108
clearance,full,avg,2,106,0.07755904644727707,0.07113419473171234
clearance,full,avg,2,107,0.07697304338216782,0.07157936692237854
clearance,full,avg,2,108,0.07701245695352554,0.07039091736078262
clearance,full,avg,2,109,0.07827514410018921,0.07232453674077988
clearance,full,avg,2,110,0.07936510443687439,0.06975048035383224
clearance,full,avg,2,111,0.08193589746952057,0.07052534073591232
clearance,full,avg,2,112,0.07938786596059799,0.07437854260206223
clearance,full,avg,2,113,0.0769539624452591,0.07193105667829514
clearance,full,avg,2,114,0.07831336557865143,0.0750395804643631
clearance,full,avg,2,115,0.07830088585615158,0.07007724046707153
clearance,full,avg,2,116,0.07635229080915451,0.06941821426153183
clearance,full,avg,2,117,0.07552330940961838,0.07090838253498077
clearance,full,avg,2,118,0.07565677911043167,0.06972967833280563
clearance,full,avg,2,119,0.07554398477077484,0.06857158988714218
clearance,full,avg,2,120,0.07554132491350174,0.06941358000040054
clearance,full,avg,2,121,0.07531959563493729,0.06967699527740479
clearance,full,avg,2,122,0.07512878626585007,0.06803859770298004
clearance,full,avg,2,123,0.07487513870000839,0.06918752938508987
clearance,full,avg,2,124,0.07523760944604874,0.06887757778167725
clearance,full,avg,2,125,0.07444842904806137,0.06914904713630676
clearance,full,avg,2,126,0.0742134153842926,0.06786561012268066
clearance,full,avg,2,127,0.0746622309088707,0.0684109553694725
clearance,full,avg,2,128,0.07465910166501999,0.06796333193778992
clearance,full,avg,2,129,0.07426058501005173,0.06739189475774765
clearance,full,avg,2,130,0.07415821403265,0.06892839819192886
clearance,full,avg,2,131,0.07367891818284988,0.0670478343963623
clearance,full,avg,2,132,0.07335036993026733,0.06742984801530838
clearance,full,avg,2,133,0.07339106500148773,0.06714505702257156
clearance,full,avg,2,134,0.07308407127857208,0.06745806336402893
clearance,full,avg,2,135,0.07382692396640778,0.06678354740142822
clearance,full,avg,2,136,0.07331005483865738,0.06686466932296753
clearance,full,avg,2,137,0.07256083190441132,0.06634525954723358
clearance,full,avg,2,138,0.07281177490949631,0.06822190433740616
clearance,full,avg,2,139,0.07293097674846649,0.06573958694934845
clearance,full,avg,2,140,0.07255116105079651,0.06568330526351929
clearance,full,avg,2,141,0.07251065969467163,0.0661095604300499
clearance,full,avg,2,142,0.07197369635105133,0.06583349406719208
clearance,full,avg,2,143,0.07180126756429672,0.06578986346721649
clearance,full,avg,2,144,0.07236301898956299,0.06556659936904907
clearance,full,avg,2,145,0.07247409224510193,0.06640255451202393
clearance,full,avg,2,146,0.07187466323375702,0.06545102596282959
clearance,full,avg,2,147,0.0713818147778511,0.06558400392532349
clearance,full,avg,2,148,0.07137645035982132,0.06523429602384567
clearance,full,avg,2,149,0.0713871493935585,0.06443579494953156
clearance,full,avg,2,150,0.07099892199039459,0.06537275016307831
clearance,full,avg,2,151,0.07157295197248459,0.06440360099077225
clearance,full,avg,2,152,0.07090503722429276,0.06573569774627686
clearance,full,avg,2,153,0.07259997725486755,0.06435289978981018
clearance,full,avg,2,154,0.07328639179468155,0.06417766958475113
clearance,full,avg,2,155,0.07060564309358597,0.06470593065023422
clearance,full,avg,2,156,0.07312234491109848,0.06640832126140594
clearance,full,avg,2,157,0.0712033286690712,0.06446950137615204
clearance,full,avg,2,158,0.07016371935606003,0.066682830452919
clearance,full,avg,2,159,0.07154397666454315,0.063143290579319
clearance,full,avg,2,160,0.07388682663440704,0.06451845914125443
clearance,full,avg,2,161,0.0717034563422203,0.06503447145223618
clearance,full,avg,2,162,0.07303797453641891,0.06362049281597137
clearance,full,avg,2,163,0.07001829892396927,0.06733463704586029
clearance,full,avg,2,164,0.07031172513961792,0.06367512047290802
clearance,full,avg,2,165,0.07028058916330338,0.06577961146831512
clearance,full,avg,2,166,0.06950230896472931,0.06276178359985352
clearance,full,avg,2,167,0.06949847936630249,0.06271981447935104
clearance,full,avg,2,168,0.06857675313949585,0.06399160623550415
clearance,full,avg,2,169,0.06872253865003586,0.06245021894574165
clearance,full,avg,2,170,0.0687599778175354,0.06235988810658455
clearance,full,avg,2,171,0.06875460594892502,0.0625620037317276
clearance,full,avg,2,172,0.06825743615627289,0.06214602664113045
clearance,full,avg,2,173,0.06784660369157791,0.06368820369243622
clearance,full,avg,2,174,0.0683848038315773,0.0621449239552021
clearance,full,avg,2,175,0.06775595247745514,0.061354223638772964
clearance,full,avg,2,176,0.06808202713727951,0.06306321918964386
clearance,full,avg,2,177,0.06783511489629745,0.062202565371990204
clearance,full,avg,2,178,0.06774508953094482,0.06126110628247261
clearance,full,avg,2,179,0.06764497607946396,0.06135892868041992
clearance,full,avg,2,180,0.06839149445295334,0.06157783791422844
clearance,full,avg,2,181,0.0670197457075119,0.060869526118040085
clearance,full,avg,2,182,0.0677182748913765,0.06135411188006401
clearance,full,avg,2,183,0.06761566549539566,0.06126777455210686
clearance,full,avg,2,184,0.0664045438170433,0.06278004497289658
clearance,full,avg,2,185,0.06707361340522766,0.06015858054161072
clearance,full,avg,2,186,0.06739111989736557,0.061749428510665894
clearance,full,avg,2,187,0.06862344592809677,0.060338687151670456
clearance,full,avg,2,188,0.06658043712377548,0.060442958027124405
clearance,full,avg,2,189,0.06652829796075821,0.06255269795656204
clearance,full,avg,2,190,0.06653096526861191,0.06022116541862488
clearance,full,avg,2,191,0.06687334924936295,0.062301311641931534
clearance,full,avg,2,192,0.06627187877893448,0.05999132990837097
clearance,full,avg,2,193,0.06571613997220993,0.059797972440719604
clearance,full,avg,2,194,0.06574852019548416,0.060230158269405365
clearance,full,avg,2,195,0.0656709223985672,0.059561777859926224
clearance,full,avg,2,196,0.0662759467959404,0.05998309329152107
clearance,full,avg,2,197,0.06656011193990707,0.059202566742897034
clearance,full,avg,2,198,0.06639441102743149,0.05996293947100639
clearance,full,avg,2,199,0.06606972217559814,0.05860479548573494
clearance,full,avg,2,200,0.067559614777565,0.06033870577812195
clearance,full,avg,2,201,0.06528086215257645,0.05979453772306442
clearance,full,avg,2,202,0.0663556307554245,0.06182924285531044
clearance,full,avg,2,203,0.06587027758359909,0.058072641491889954
clearance,full,avg,2,204,0.06552955508232117,0.06040261685848236
clearance,full,avg,2,205,0.06491973251104355,0.05986823886632919
clearance,full,avg,2,206,0.06476052850484848,0.05824137479066849
clearance,full,avg,2,207,0.06398385763168335,0.05881010368466377
clearance,full,avg,2,208,0.06421951949596405,0.05825429409742355
clearance,full,avg,2,209,0.06425495445728302,0.05873110517859459
clearance,full,avg,2,210,0.06381836533546448,0.05754958093166351
clearance,full,avg,2,211,0.06373517215251923,0.05777982994914055
clearance,full,avg,2,212,0.06382580101490021,0.05840728059411049
clearance,full,avg,2,213,0.06379334628582001,0.05737141892313957
clearance,full,avg,2,214,0.06477334350347519,0.057596396654844284
clearance,full,avg,2,215,0.06539205461740494,0.0576273575425148
clearance,full,avg,2,216,0.06472907215356827,0.058572687208652496
clearance,full,avg,2,217,0.06486611813306808,0.057705603539943695
clearance,full,avg,2,218,0.06288117170333862,0.05907481536269188
clearance,full,avg,2,219,0.06361539661884308,0.056854505091905594
clearance,full,avg,2,220,0.06332143396139145,0.05724138021469116
clearance,full,avg,2,221,0.06531158834695816,0.056741371750831604
clearance,full,avg,2,222,0.06315004825592041,0.05700485780835152
clearance,full,avg,2,223,0.06286986172199249,0.05930270999670029
clearance,full,avg,2,224,0.06279866397380829,0.0564480759203434
clearance,full,avg,2,225,0.06234392896294594,0.05680881813168526
clearance,full,avg,2,226,0.0624220035970211,0.056365031749010086
clearance,full,avg,2,227,0.06176553666591644,0.05681286379694939
clearance,full,avg,2,228,0.06283178180456161,0.05572294816374779
clearance,full,avg,2,229,0.06199329346418381,0.05637320503592491
clearance,full,avg,2,230,0.06157543510198593,0.05624442920088768
clearance,full,avg,2,231,0.06165425479412079,0.05650690197944641
clearance,full,avg,2,232,0.062120221555233,0.0559387132525444
clearance,full,avg,2,233,0.06133842468261719,0.05599721148610115
clearance,full,avg,2,234,0.061378929764032364,0.054995276033878326
clearance,full,avg,2,235,0.06133809685707092,0.05576068535447121
clearance,full,avg,2,236,0.06085827201604843,0.05536597967147827
clearance,full,avg,2,237,0.061347778886556625,0.05585488677024841
clearance,full,avg,2,238,0.060950733721256256,0.05513953045010567
clearance,full,avg,2,239,0.060526058077812195,0.05612369626760483
clearance,full,avg,2,240,0.061206091195344925,0.05458545312285423
clearance,full,avg,2,241,0.060763418674468994,0.05545292794704437
clearance,full,avg,2,242,0.06044229865074158,0.05514276400208473
clearance,full,avg,2,243,0.06071922555565834,0.05500883609056473
clearance,full,avg,2,244,0.060220252722501755,0.05508827790617943
clearance,full,avg,2,245,0.060335468500852585,0.054547134786844254
clearance,full,avg,2,246,0.06014708802103996,0.05486550182104111
clearance,full,avg,2,247,0.059889983385801315,0.0550975501537323
clearance,full,avg,2,248,0.06006385758519173,0.05393943935632706
clearance,full,avg,2,249,0.05992119759321213,0.05549437552690506
clearance,full,avg,2,250,0.05981592461466789,0.054331984370946884
clearance,full,avg,2,251,0.059706319123506546,0.05440660938620567
clearance,full,avg,2,252,0.059364479035139084,0.05401818826794624
clearance,full,avg,2,253,0.059146977961063385,0.054104745388031006
clearance,full,avg,2,254,0.05928570777177811,0.05368039757013321
clearance,full,avg,2,255,0.06028934568166733,0.05368419736623764
clearance,full,avg,2,256,0.059913408011198044,0.053829044103622437
clearance,full,avg,2,257,0.058551155030727386,0.05461243912577629
clearance,full,avg,2,258,0.058843936771154404,0.0531327947974205
clearance,full,avg,2,259,0.05885760113596916,0.05363614112138748
clearance,full,avg,2,260,0.05845409259200096,0.05314110964536667
clearance,full,avg,2,261,0.05817403271794319,0.05337688326835632
clearance,full,avg,2,262,0.05872499197721481,0.05300365760922432
clearance,full,avg,2,263,0.05865185707807541,0.053487543016672134
clearance,full,avg,2,264,0.05810336396098137,0.05288134515285492
clearance,full,avg,2,265,0.05803069472312927,0.053089845925569534
clearance,full,avg,2,266,0.05780426040291786,0.05282370746135712
clearance,full,avg,2,267,0.05773841217160225,0.05295976996421814
clearance,full,avg,2,268,0.05818631872534752,0.05288082733750343
clearance,full,avg,2,269,0.057701487094163895,0.052558429539203644
clearance,full,avg,2,270,0.05752617493271828,0.052155375480651855
clearance,full,avg,2,271,0.05751463770866394,0.05308281257748604
clearance,full,avg,2,272,0.057217273861169815,0.05211668089032173
clearance,full,avg,2,273,0.058631718158721924,0.05343727394938469
clearance,full,avg,2,274,0.0596369169652462,0.0520588718354702
clearance,full,avg,2,275,0.05931413918733597,0.05387574061751366
clearance,full,avg,2,276,0.06172160431742668,0.052272215485572815
clearance,full,avg,2,277,0.06142371520400047,0.052228666841983795
clearance,full,avg,2,278,0.05984817445278168,0.05364387482404709
clearance,full,avg,2,279,0.05838308855891228,0.05285792425274849
clearance,full,avg,2,280,0.056644704192876816,0.05464053153991699
clearance,full,avg,2,281,0.057357124984264374,0.05184534937143326
clearance,full,avg,2,282,0.057507697492837906,0.05181095004081726
clearance,full,avg,2,283,0.0565037801861763,0.05364575237035751
clearance,full,avg,2,284,0.05690065398812294,0.05217084288597107
clearance,full,avg,2,285,0.056148432195186615,0.05153931677341461
clearance,full,avg,2,286,0.05638682469725609,0.051840852946043015
clearance,full,avg,2,287,0.056109413504600525,0.05183899775147438
clearance,full,avg,2,288,0.05603305622935295,0.05186166614294052
clearance,full,avg,2,289,0.055940672755241394,0.05133761465549469
clearance,full,avg,2,290,0.05586177483201027,0.05125795677304268
clearance,full,avg,2,291,0.05587731674313545,0.05142310634255409
clearance,full,avg,2,292,0.055812183767557144,0.051526132971048355
clearance,full,avg,2,293,0.05581337586045265,0.05127420648932457
clearance,full,avg,2,294,0.05637398734688759,0.05100623890757561
clearance,full,avg,2,295,0.055847298353910446,0.05234403535723686
clearance,full,avg,2,296,0.05599098652601242,0.05106903240084648
clearance,full,avg,2,297,0.05563690885901451,0.05080436170101166
clearance,full,avg,2,298,0.05597717687487602,0.051601286977529526
clearance,full,avg,2,299,0.05556903034448624,0.05088941752910614
clearance,full,avg,2,300,0.05563215911388397,0.051177289336919785
clearance,full,avg,2,301,0.05541164055466652,0.051512375473976135
clearance,full,avg,2,302,0.05528698116540909,0.05075739324092865
clearance,full,avg,2,303,0.05550382286310196,0.05065955966711044
clearance,full,avg,2,304,0.055761586874723434,0.05191567540168762
clearance,full,avg,2,305,0.05539601668715477,0.05087968334555626
clearance,full,avg,2,306,0.055237505584955215,0.0506853349506855
clearance,full,avg,2,307,0.055166326463222504,0.051144782453775406
clearance,full,avg,2,308,0.05521084740757942,0.050567761063575745
clearance,full,avg,2,309,0.05493692681193352,0.050699442625045776
clearance,full,avg,2,310,0.05518476665019989,0.05066636949777603
clearance,full,avg,2,311,0.05495400354266167,0.05028267577290535
clearance,full,avg,2,312,0.05496441200375557,0.05073362588882446
clearance,full,avg,2,313,0.05484994873404503,0.050502579659223557
clearance,full,avg,2,314,0.05469324067234993,0.05079291760921478
clearance,full,avg,2,315,0.054861608892679214,0.05057421326637268
clearance,full,avg,2,316,0.05494983494281769,0.0499473474919796
clearance,full,avg,2,317,0.05513060465455055,0.051056910306215286
clearance,full,avg,2,318,0.055540427565574646,0.05039269104599953
clearance,full,avg,2,319,0.05470781400799751,0.051098112016916275
clearance,full,avg,2,320,0.054875366389751434,0.050225477665662766
clearance,full,avg,2,321,0.05448097363114357,0.050061941146850586
clearance,full,avg,2,322,0.054264135658741,0.05066881328821182
clearance,full,avg,2,323,0.05432153865695,0.05016326904296875
clearance,full,avg,2,324,0.05491343513131142,0.0498187281191349
clearance,full,avg,2,325,0.054581545293331146,0.051041070371866226
clearance,full,avg,2,326,0.054662447422742844,0.05026350915431976
clearance,full,avg,2,327,0.054450325667858124,0.050207916647195816
clearance,full,avg,2,328,0.05427136644721031,0.05004500970244408
clearance,full,avg,2,329,0.05384736508131027,0.04970185086131096
clearance,full,avg,2,330,0.05399828031659126,0.04993676394224167
clearance,full,avg,2,331,0.053914591670036316,0.050203289836645126
clearance,full,avg,2,332,0.05401677265763283,0.049836039543151855
clearance,full,avg,2,333,0.05378536880016327,0.049584079533815384
clearance,full,avg,2,334,0.05393160879611969,0.05007464811205864
clearance,full,avg,2,335,0.053741008043289185,0.04987421631813049
clearance,full,avg,2,336,0.0537056103348732,0.04955436289310455
clearance,full,avg,2,337,0.053536556661129,0.04987363889813423
clearance,full,avg,2,338,0.05377884954214096,0.04941001161932945
clearance,full,avg,2,339,0.05355576053261757,0.04965268820524216
clearance,full,avg,2,340,0.05367011949419975,0.049845416098833084
clearance,full,avg,2,341,0.05420286953449249,0.04926728829741478
clearance,full,avg,2,342,0.053278591483831406,0.05052782967686653
clearance,full,avg,2,343,0.053931597620248795,0.049355648458004
clearance,full,avg,2,344,0.05360379070043564,0.04931206628680229
clearance,full,avg,2,345,0.05353178456425667,0.04992259293794632
clearance,full,avg,2,346,0.053480543196201324,0.049340762197971344
clearance,full,avg,2,347,0.05306752398610115,0.04911963641643524
clearance,full,avg,2,348,0.05336327850818634,0.04942162334918976
clearance,full,avg,2,349,0.05349155515432358,0.049335796386003494
clearance,full,avg,2,350,0.05321488156914711,0.04897609353065491
clearance,full,avg,2,351,0.053105179220438004,0.04966971278190613
clearance,full,avg,2,352,0.05302197486162186,0.04923407360911369
clearance,full,avg,2,353,0.05300716310739517,0.049078017473220825
clearance,full,avg,2,354,0.05290282890200615,0.04876076802611351
clearance,full,avg,2,355,0.0537276491522789,0.048996299505233765
clearance,full,avg,2,356,0.05297818407416344,0.049033619463443756
clearance,full,avg,2,357,0.05283329263329506,0.049816545099020004
clearance,full,avg,2,358,0.05342268571257591,0.048942387104034424
clearance,full,avg,2,359,0.05262641981244087,0.04841805249452591
clearance,full,avg,2,360,0.05289621278643608,0.0490548312664032
clearance,full,avg,2,361,0.052702367305755615,0.04900209978222847
clearance,full,avg,2,362,0.052931807935237885,0.04895094037055969
clearance,full,avg,2,363,0.052538711577653885,0.04848720505833626
clearance,full,avg,2,364,0.05231832340359688,0.049057748168706894
clearance,full,avg,2,365,0.05306355282664299,0.04914289340376854
clearance,full,avg,2,366,0.05227570980787277,0.04887071251869202
clearance,full,avg,2,367,0.05284390226006508,0.04908275231719017
clearance,full,avg,2,368,0.05301583185791969,0.04874890297651291
clearance,full,avg,2,369,0.05261824652552605,0.04808300733566284
clearance,full,avg,2,370,0.0523209348320961,0.049309954047203064
clearance,full,avg,2,371,0.05262366682291031,0.048884984105825424
clearance,full,avg,2,372,0.05201259255409241,0.04839424043893814
clearance,full,avg,2,373,0.052384357899427414,0.048685818910598755
clearance,full,avg,2,374,0.052076324820518494,0.04829167574644089
clearance,full,avg,2,375,0.05198784917593002,0.04815587401390076
clearance,full,avg,2,376,0.05205672234296799,0.04849383234977722
clearance,full,avg,2,377,0.05210430175065994,0.04792250692844391
clearance,full,avg,2,378,0.05190996825695038,0.04840800166130066
clearance,full,avg,2,379,0.05171726644039154,0.048085227608680725
clearance,full,avg,2,380,0.051962513476610184,0.04807840660214424
clearance,full,avg,2,381,0.052037592977285385,0.04794693738222122
clearance,full,avg,2,382,0.0519057922065258,0.049193114042282104
clearance,full,avg,2,383,0.05171690881252289,0.04779919981956482
clearance,full,avg,2,384,0.05171707645058632,0.047868162393569946
clearance,full,avg,2,385,0.05142209306359291,0.048629987984895706
clearance,full,avg,2,386,0.05160826817154884,0.0480843149125576
clearance,full,avg,2,387,0.05117237940430641,0.04754188656806946
clearance,full,avg,2,388,0.05125029757618904,0.04760672152042389
clearance,full,avg,2,389,0.0514121949672699,0.04822654649615288
clearance,full,avg,2,390,0.05134563148021698,0.04766825959086418
clearance,full,avg,2,391,0.051339417695999146,0.047363538295030594
clearance,full,avg,2,392,0.05109309032559395,0.04750697314739227
clearance,full,avg,2,393,0.05093078687787056,0.04785289987921715
clearance,full,avg,2,394,0.050994109362363815,0.04776833951473236
clearance,full,avg,2,395,0.05102695897221565,0.04726928845047951
clearance,full,avg,2,396,0.05088053643703461,0.04751504212617874
clearance,full,avg,2,397,0.050765421241521835,0.04765177518129349
clearance,full,avg,2,398,0.050949037075042725,0.047286506742239
clearance,full,avg,2,399,0.05117231607437134,0.04717174172401428
clearance,full,avg,2,400,0.05100008100271225,0.0477866530418396
clearance,full,avg,2,401,0.050963371992111206,0.04746728762984276
clearance,full,avg,2,402,0.050802793353796005,0.0477270670235157
clearance,full,avg,2,403,0.05087509751319885,0.04735206067562103
clearance,full,avg,2,404,0.05077824741601944,0.04688584804534912
clearance,full,avg,2,405,0.05041684955358505,0.047282151877880096
clearance,full,avg,2,406,0.05074957758188248,0.04704795032739639
clearance,full,avg,2,407,0.050431881099939346,0.04744422063231468
clearance,full,avg,2,408,0.050326328724622726,0.04692003130912781
clearance,full,avg,2,409,0.050741083920001984,0.046823080629110336
clearance,full,avg,2,410,0.05098499730229378,0.04742569848895073
clearance,full,avg,2,411,0.0506182536482811,0.04698444902896881
clearance,full,avg,2,412,0.05046703666448593,0.047677308320999146
clearance,full,avg,2,413,0.050475120544433594,0.04689401760697365
clearance,full,avg,2,414,0.05012420564889908,0.04649748653173447
clearance,full,avg,2,415,0.05016280710697174,0.04668077826499939
clearance,full,avg,2,416,0.049964290112257004,0.04693334922194481
clearance,full,avg,2,417,0.050086311995983124,0.0469241663813591
clearance,full,avg,2,418,0.04997537285089493,0.046599380671978
clearance,full,avg,2,419,0.05017843842506409,0.04682118445634842
clearance,full,avg,2,420,0.04983849823474884,0.046551961451768875
clearance,full,avg,2,421,0.05011995881795883,0.047007493674755096
clearance,full,avg,2,422,0.05109862610697746,0.04707321524620056
clearance,full,avg,2,423,0.050402313470840454,0.04675433412194252
clearance,full,avg,2,424,0.050563909113407135,0.047367773950099945
clearance,full,avg,2,425,0.050526078790426254,0.04667869210243225
clearance,full,avg,2,426,0.04956437647342682,0.046449389308691025
clearance,full,avg,2,427,0.0501399040222168,0.04630473256111145
clearance,full,avg,2,428,0.049506086856126785,0.046755898743867874
clearance,full,avg,2,429,0.04960949346423149,0.04637462645769119
clearance,full,avg,2,430,0.04934386909008026,0.04626038670539856
clearance,full,avg,2,431,0.04947870597243309,0.04624249413609505
clearance,full,avg,2,432,0.049317777156829834,0.04640684649348259
clearance,full,avg,2,433,0.04933132603764534,0.046287890523672104
clearance,full,avg,2,434,0.04933905974030495,0.046137601137161255
clearance,full,avg,2,435,0.0499054417014122,0.04623514413833618
clearance,full,avg,2,436,0.04927252233028412,0.04651238024234772
clearance,full,avg,2,437,0.04936133325099945,0.04618709906935692
clearance,full,avg,2,438,0.04944143444299698,0.04598954692482948
clearance,full,avg,2,439,0.0494130402803421,0.0462459959089756
clearance,full,avg,2,440,0.04936894029378891,0.046094466000795364
clearance,full,avg,2,441,0.049262192100286484,0.04604269564151764
clearance,full,avg,2,442,0.04956738278269768,0.04617615044116974
clearance,full,avg,2,443,0.04926074668765068,0.04600963741540909
clearance,full,avg,2,444,0.0490938238799572,0.04587145149707794
clearance,full,avg,2,445,0.049200087785720825,0.0460982546210289
clearance,full,avg,2,446,0.049035560339689255,0.04600698500871658
clearance,full,avg,2,447,0.049577053636312485,0.04598584771156311
clearance,full,avg,2,448,0.048928357660770416,0.046051353216171265
clearance,full,avg,2,449,0.04987187311053276,0.04652735963463783
clearance,full,avg,2,450,0.0491030253469944,0.04565202444791794
clearance,full,avg,2,451,0.04927339404821396,0.045888811349868774
clearance,full,avg,2,452,0.04900047928094864,0.046181198209524155
clearance,full,avg,2,453,0.048959825187921524,0.04596588760614395
clearance,full,avg,2,454,0.04884597659111023,0.045723844319581985
clearance,full,avg,2,455,0.04882191866636276,0.04567129537463188
clearance,full,avg,2,456,0.048924654722213745,0.045703500509262085
clearance,full,avg,2,457,0.048974327743053436,0.04563487321138382
clearance,full,avg,2,458,0.048692721873521805,0.04590001702308655
clearance,full,avg,2,459,0.04887731000781059,0.045919086784124374
clearance,full,avg,2,460,0.04871855676174164,0.04556117206811905
clearance,full,avg,2,461,0.04874059185385704,0.04561902955174446
clearance,full,avg,2,462,0.04866563528776169,0.04564281180500984
clearance,full,avg,2,463,0.048692185431718826,0.045721378177404404
clearance,full,avg,2,464,0.0486239455640316,0.045712318271398544
clearance,full,avg,2,465,0.048616163432598114,0.04563899338245392
clearance,full,avg,2,466,0.04866264760494232,0.045641105622053146
clearance,full,avg,2,467,0.04858819395303726,0.04560638591647148
clearance,full,avg,2,468,0.0485665500164032,0.04561464861035347
clearance,full,avg,2,469,0.048744626343250275,0.04564730450510979
clearance,full,avg,2,470,0.04860539361834526,0.04550713300704956
clearance,full,avg,2,471,0.048677749931812286,0.045529160648584366
clearance,full,avg,2,472,0.04863356798887253,0.04559103026986122
clearance,full,avg,2,473,0.04849153757095337,0.045690882951021194
clearance,full,avg,2,474,0.048577338457107544,0.04558553919196129
clearance,full,avg,2,475,0.04853690788149834,0.04541437700390816
clearance,full,avg,2,476,0.048537272959947586,0.0454128198325634
clearance,full,avg,2,477,0.04865732043981552,0.04544835910201073
clearance,full,avg,2,478,0.04849806800484657,0.04550538212060928
clearance,full,avg,2,479,0.04843496158719063,0.04553079605102539
clearance,full,avg,2,480,0.048454999923706055,0.04555663466453552
clearance,full,avg,2,481,0.048469774425029755,0.04546166583895683
clearance,full,avg,2,482,0.04841338098049164,0.04545397683978081
clearance,full,avg,2,483,0.04839657247066498,0.04544304683804512
clearance,full,avg,2,484,0.048461027443408966,0.04540058970451355
clearance,full,avg,2,485,0.048392537981271744,0.0454118549823761
clearance,full,avg,2,486,0.04839709401130676,0.045468349009752274
clearance,full,avg,2,487,0.04839378595352173,0.04544411599636078
clearance,full,avg,2,488,0.048357803374528885,0.04544973373413086
clearance,full,avg,2,489,0.04836323857307434,0.0454309806227684
clearance,full,avg,2,490,0.04836373031139374,0.04543086141347885
clearance,full,avg,2,491,0.048390161246061325,0.04539480432868004
clearance,full,avg,2,492,0.04834562912583351,0.045388318598270416
clearance,full,avg,2,493,0.048332713544368744,0.04537688568234444
clearance,full,avg,2,494,0.048326924443244934,0.04537308216094971
clearance,full,avg,2,495,0.04832562431693077,0.045364730060100555
clearance,full,avg,2,496,0.04832156002521515,0.04537593945860863
clearance,full,avg,2,497,0.048321399837732315,0.045376650989055634
clearance,full,avg,2,498,0.04835594817996025,0.04534672573208809
clearance,full,avg,2,499,0.04833805188536644,0.045361265540122986
clearance,full,avg,2,500,0.048311688005924225,0.04536689072847366
clearance,full,avg,2,501,0.04830493405461311,0.04537111893296242
clearance,full,avg,2,502,0.04830184951424599,0.04535683989524841
clearance,full,avg,2,503,0.048304978758096695,0.04536415636539459
clearance,full,avg,2,504,0.048296838998794556,0.045355331152677536
clearance,full,avg,2,505,0.048285506665706635,0.0453527495265007
clearance,full,avg,2,506,0.04828472435474396,0.045345794409513474
clearance,full,avg,2,507,0.04829411953687668,0.045338742434978485
clearance,full,avg,2,508,0.04828161746263504,0.04534021019935608
clearance,full,avg,2,509,0.048277005553245544,0.04534631967544556
clearance,full,avg,2,510,0.04829777032136917,0.04535945877432823
clearance,full,avg,2,511,0.04827914014458656,0.045363131910562515
clearance,full,avg,2,512,0.04827726632356644,0.0453590452671051
clearance,full,avg,2,513,0.04828638583421707,0.04535022750496864
clearance,full,avg,2,514,0.04827292636036873,0.0453437902033329
clearance,full,avg,2,515,0.04827195033431053,0.04534774646162987
clearance,full,avg,2,516,0.04826747626066208,0.04534294456243515
clearance,full,avg,2,517,0.048271965235471725,0.04533761739730835
clearance,full,avg,2,518,0.0482650063931942,0.0453391969203949
clearance,full,avg,2,519,0.04826420173048973,0.04533424973487854
clearance,full,avg,2,520,0.04826563224196434,0.04533079266548157
clearance,full,avg,2,521,0.04826340451836586,0.0453304648399353
clearance,full,avg,2,522,0.048265837132930756,0.045336123555898666
clearance,full,avg,2,523,0.048261355608701706,0.04533464089035988
clearance,full,avg,2,524,0.04826066642999649,0.045334093272686005
clearance,full,avg,2,525,0.048260804265737534,0.04533146694302559
clearance,full,avg,2,526,0.04826000705361366,0.0453326590359211
clearance,full,avg,2,527,0.048260461539030075,0.04533487930893898
clearance,full,avg,2,528,0.048257675021886826,0.04533325135707855
clearance,full,avg,2,529,0.048257675021886826,0.04533402621746063
clearance,full,avg,2,530,0.04825662449002266,0.04533364623785019
clearance,full,avg,2,531,0.048256829380989075,0.045332226902246475
clearance,full,avg,2,532,0.04825729876756668,0.04532978683710098
clearance,full,avg,2,533,0.04825644567608833,0.045328885316848755
clearance,full,avg,2,534,0.048255547881126404,0.045330505818128586
clearance,full,avg,2,535,0.048254989087581635,0.045331232249736786
clearance,full,avg,2,536,0.0482543408870697,0.04533062130212784
clearance,full,avg,2,537,0.04825493320822716,0.04533030465245247
clearance,full,avg,2,538,0.048254091292619705,0.045330170542001724
clearance,full,avg,2,539,0.04825455695390701,0.04532911628484726
clearance,full,avg,2,540,0.04825346916913986,0.04532960429787636
clearance,full,avg,2,541,0.048253174871206284,0.04532912001013756
clearance,full,avg,2,542,0.04825406149029732,0.045329499989748
clearance,full,avg,2,543,0.04825311899185181,0.04532988369464874
clearance,full,avg,2,544,0.04825383052229881,0.04532955586910248
clearance,full,avg,2,545,0.04825226217508316,0.04532929137349129
clearance,full,avg,2,546,0.048252347856760025,0.04532955586910248
clearance,full,avg,2,547,0.04825196787714958,0.04532936215400696
clearance,full,avg,2,548,0.04825204610824585,0.04532927647233009
clearance,full,avg,2,549,0.04825172573328018,0.04532894492149353
clearance,full,avg,2,550,0.04825183376669884,0.045328378677368164
clearance,full,avg,2,551,0.04825284332036972,0.04532777518033981
clearance,full,avg,2,552,0.048251744359731674,0.0453280434012413
clearance,full,avg,2,553,0.04825201630592346,0.045328181236982346
clearance,full,avg,2,554,0.04825158417224884,0.04532870277762413
clearance,full,avg,2,555,0.04825112968683243,0.045328181236982346
clearance,full,avg,2,556,0.048251718282699585,0.04532821848988533
clearance,full,avg,2,557,0.04825102910399437,0.04532814398407936
clearance,full,avg,2,558,0.048250894993543625,0.045328378677368164
clearance,full,avg,2,559,0.04825116693973541,0.04532787948846817
clearance,full,avg,2,560,0.04825148358941078,0.045328252017498016
clearance,full,avg,2,561,0.04825108125805855,0.04532834514975548
clearance,full,avg,2,562,0.04825082793831825,0.04532740265130997
clearance,full,avg,2,563,0.04825026914477348,0.045327313244342804
clearance,full,avg,2,564,0.04825012385845184,0.04532730206847191
clearance,full,avg,2,565,0.048250604420900345,0.04532662779092789
clearance,full,avg,2,566,0.0482504777610302,0.045326754450798035
clearance,full,avg,2,567,0.048250019550323486,0.045326292514801025
clearance,full,avg,2,568,0.04824987053871155,0.04532609134912491
clearance,full,avg,2,569,0.048250507563352585,0.045326121151447296
clearance,full,avg,2,570,0.04824994131922722,0.04532640054821968
clearance,full,avg,2,571,0.04825122654438019,0.04532575607299805
clearance,full,avg,2,572,0.04824947938323021,0.04532623663544655
clearance,full,avg,2,573,0.04824963957071304,0.04532637447118759
clearance,full,avg,2,574,0.048249028623104095,0.045326486229896545
clearance,full,avg,2,575,0.04824967682361603,0.045326393097639084
clearance,full,avg,2,576,0.04824893921613693,0.04532628878951073
clearance,full,avg,2,577,0.04825005680322647,0.045326828956604004
clearance,full,avg,2,578,0.04824918881058693,0.04532695189118385
clearance,full,avg,2,579,0.04824887588620186,0.04532630369067192
clearance,full,avg,2,580,0.04824851453304291,0.045325856655836105
clearance,full,avg,2,581,0.048248834908008575,0.04532525688409805
clearance,full,avg,2,582,0.048248350620269775,0.04532536864280701
clearance,full,avg,2,583,0.04824887588620186,0.04532528296113014
clearance,full,avg,2,584,0.04824910685420036,0.04532615467905998
clearance,full,avg,2,585,0.048248205333948135,0.045326296240091324
clearance,full,avg,2,586,0.048247840255498886,0.04532571882009506
clearance,full,avg,2,587,0.04824768751859665,0.04532577097415924
clearance,full,avg,2,588,0.04824842885136604,0.04532534256577492
clearance,full,avg,2,589,0.048248160630464554,0.045324619859457016
clearance,full,avg,2,590,0.04824743792414665,0.04532475769519806
clearance,full,avg,2,591,0.048247188329696655,0.04532476142048836
clearance,full,avg,2,592,0.048247382044792175,0.04532482475042343
clearance,full,avg,2,593,0.048247080296278,0.04532472416758537
clearance,full,avg,2,594,0.048246920108795166,0.04532510042190552
clearance,full,avg,2,595,0.048247333616018295,0.04532550647854805
clearance,full,avg,2,596,0.04824663698673248,0.04532533884048462
clearance,full,avg,2,597,0.04824705421924591,0.04532552510499954
clearance,full,avg,2,598,0.04824663698673248,0.04532497376203537
clearance,full,avg,2,599,0.04824643209576607,0.04532451927661896
clearance,full,avg,2,600,0.048246435821056366,0.045323971658945084
clearance,full,avg,2,601,0.04824698716402054,0.04532334581017494
clearance,full,avg,2,602,0.04824734851717949,0.045324284583330154
clearance,full,avg,2,603,0.04824792221188545,0.045323263853788376
clearance,full,avg,2,604,0.048245932906866074,0.04532351717352867
clearance,full,avg,2,605,0.048245664685964584,0.045323703438043594
clearance,full,avg,2,606,0.048245638608932495,0.04532398283481598
clearance,full,avg,2,607,0.04824623465538025,0.045322977006435394
clearance,full,avg,2,608,0.04824522137641907,0.045322857797145844
clearance,full,avg,2,609,0.048245299607515335,0.045323021709918976
clearance,full,avg,2,610,0.04824531450867653,0.04532315582036972
clearance,full,avg,2,611,0.04824551194906235,0.045323412865400314
clearance,full,avg,2,612,0.04824522137641907,0.04532281309366226
clearance,full,avg,2,613,0.048245109617710114,0.04532287269830704
clearance,full,avg,2,614,0.048244658857584,0.04532303288578987
clearance,full,avg,2,615,0.04824478551745415,0.0453229658305645
clearance,full,avg,2,616,0.048244770616292953,0.045323003083467484
clearance,full,avg,2,617,0.04824453219771385,0.0453224778175354
clearance,full,avg,2,618,0.0482441671192646,0.045322008430957794
clearance,full,avg,2,619,0.04824402555823326,0.04532208293676376
clearance,full,avg,2,620,0.04824372008442879,0.04532206058502197
clearance,full,avg,2,621,0.04824371635913849,0.045321911573410034
clearance,full,avg,2,622,0.04824410378932953,0.0453215055167675
clearance,full,avg,2,623,0.04824346303939819,0.04532156512141228
clearance,full,avg,2,624,0.04824564978480339,0.04532210901379585
clearance,full,avg,2,625,0.048243626952171326,0.045321498066186905
clearance,full,avg,2,626,0.048243049532175064,0.04532131552696228
clearance,full,avg,2,627,0.048243239521980286,0.04532097280025482
clearance,full,avg,2,628,0.04824298247694969,0.0453210175037384
clearance,full,avg,2,629,0.048242758959531784,0.04532061517238617
clearance,full,avg,2,630,0.04824287071824074,0.04532056301832199
clearance,full,avg,2,631,0.04824277386069298,0.045320238918066025
clearance,full,avg,2,632,0.048242636024951935,0.045320749282836914
clearance,full,avg,2,633,0.04824383184313774,0.045320503413677216
clearance,full,avg,2,634,0.04824218526482582,0.04532041400671005
clearance,full,avg,2,635,0.048242662101984024,0.045320749282836914
clearance,full,avg,2,636,0.048242051154375076,0.04532087966799736
clearance,full,avg,2,637,0.048241741955280304,0.04532072693109512
clearance,full,avg,2,638,0.04824206978082657,0.04532044753432274
clearance,full,avg,2,639,0.04824167117476463,0.04532058909535408
clearance,full,avg,2,640,0.048241689801216125,0.045320719480514526
clearance,full,avg,2,641,0.04824135825037956,0.045320477336645126
clearance,full,avg,2,642,0.04824131354689598,0.04532014578580856
clearance,full,avg,2,643,0.04824232682585716,0.04532088339328766
clearance,full,avg,2,644,0.048241179436445236,0.045320749282836914
clearance,full,avg,2,645,0.04824240133166313,0.0453195795416832
clearance,full,avg,2,646,0.04824087396264076,0.045319393277168274
clearance,full,avg,2,647,0.04824066907167435,0.0453195795416832
clearance,full,avg,2,648,0.04824080690741539,0.04531973600387573
clearance,full,avg,2,649,0.04824065789580345,0.04531914368271828
clearance,full,avg,2,650,0.04824068024754524,0.04531855508685112
clearance,full,avg,2,651,0.04824046790599823,0.04531887546181679
clearance,full,avg,2,652,0.04824002459645271,0.04531864449381828
clearance,full,avg,2,653,0.048240166157484055,0.045318637043237686
clearance,full,avg,2,654,0.048240140080451965,0.045318569988012314
clearance,full,avg,2,655,0.04823979362845421,0.04531782120466232
clearance,full,avg,2,656,0.04824048653244972,0.04531755670905113
clearance,full,avg,2,657,0.04823927581310272,0.045317813754081726
clearance,full,avg,2,658,0.048239823430776596,0.04531720653176308
clearance,full,avg,2,659,0.04823914170265198,0.04531766474246979
clearance,full,avg,2,660,0.04824080318212509,0.04531821236014366
clearance,full,avg,2,661,0.04823928326368332,0.04531726986169815
clearance,full,avg,2,662,0.048239246010780334,0.045316774398088455
clearance,full,avg,2,663,0.04824024438858032,0.04531753063201904
clearance,full,avg,2,664,0.04823879152536392,0.045317139476537704
clearance,full,avg,2,665,0.048238951712846756,0.04531712457537651
clearance,full,avg,2,666,0.04823863133788109,0.04531697556376457
clearance,full,avg,2,667,0.048238277435302734,0.04531698301434517
clearance,full,avg,2,668,0.048238035291433334,0.04531649127602577
clearance,full,avg,2,669,0.04823949187994003,0.045316413044929504
clearance,full,avg,2,670,0.048238322138786316,0.04531596973538399
clearance,full,avg,2,671,0.04823841154575348,0.0453166700899601
clearance,full,avg,2,672,0.04823799058794975,0.0453166738152504
clearance,full,avg,2,673,0.04823823273181915,0.045316699892282486
clearance,full,avg,2,674,0.048237189650535583,0.045316651463508606
clearance,full,avg,2,675,0.04823753610253334,0.045315932482481
clearance,full,avg,2,676,0.048237573355436325,0.04531588405370712
clearance,full,avg,2,677,0.04823721945285797,0.04531588405370712
clearance,full,avg,2,678,0.04823697730898857,0.04531540349125862
clearance,full,avg,2,679,0.048236556351184845,0.04531523212790489
clearance,full,avg,2,680,0.04823686555027962,0.045315083116292953
clearance,full,avg,2,681,0.04823646321892738,0.04531528800725937
clearance,full,avg,2,682,0.04823637008666992,0.04531536251306534
clearance,full,avg,2,683,0.04823707044124603,0.045316096395254135
clearance,full,avg,2,684,0.04823603481054306,0.04531587287783623
clearance,full,avg,2,685,0.04823611304163933,0.04531633481383324
clearance,full,avg,2,686,0.04823644459247589,0.04531606286764145
clearance,full,avg,2,687,0.048235636204481125,0.04531622678041458
clearance,full,avg,2,688,0.04823533445596695,0.045315273106098175
clearance,full,avg,2,689,0.0482364222407341,0.04531566798686981
clearance,full,avg,2,690,0.048235006630420685,0.04531487077474594
clearance,full,avg,2,691,0.04823576658964157,0.045313894748687744
clearance,full,avg,2,692,0.04823527857661247,0.04531371220946312
clearance,full,avg,2,693,0.04823518171906471,0.045312732458114624
clearance,full,avg,2,694,0.048234693706035614,0.04531319811940193
clearance,full,avg,2,695,0.04823431745171547,0.045313142240047455
clearance,full,avg,2,696,0.0482352189719677,0.04531370475888252
clearance,full,avg,2,697,0.048235345631837845,0.045312825590372086
clearance,full,avg,2,698,0.04823406785726547,0.04531261697411537
clearance,full,avg,2,699,0.048234280198812485,0.045311685651540756
clearance,full,avg,2,700,0.04823383316397667,0.04531135410070419
clearance,full,avg,2,701,0.04823362082242966,0.045311421155929565
clearance,full,avg,2,702,0.04823382571339607,0.045310962945222855
clearance,full,avg,2,703,0.04823344573378563,0.04531088471412659
clearance,full,avg,2,704,0.048233531415462494,0.04531082510948181
clearance,full,avg,2,705,0.048233501613140106,0.045310504734516144
clearance,full,avg,2,706,0.04823354631662369,0.0453106053173542
clearance,full,avg,2,707,0.04823300987482071,0.045311085879802704
clearance,full,avg,2,708,0.048233333975076675,0.04531138390302658
clearance,full,avg,2,709,0.04823290929198265,0.04531090706586838
clearance,full,avg,2,710,0.04823312163352966,0.04531129449605942
clearance,full,avg,2,711,0.048232290893793106,0.04531070590019226
clearance,full,avg,2,712,0.04823337867856026,0.04531010985374451
clearance,full,avg,2,713,0.048232562839984894,0.045310210436582565
clearance,full,avg,2,714,0.04823235049843788,0.04531005024909973
clearance,full,avg,2,715,0.048231858760118484,0.04530981183052063
clearance,full,avg,2,716,0.04823194444179535,0.04531005397439003
clearance,full,avg,2,717,0.04823150485754013,0.045309584587812424
clearance,full,avg,2,718,0.048231422901153564,0.045309972018003464
clearance,full,avg,2,719,0.0482315793633461,0.04530957713723183
clearance,full,avg,2,720,0.0482310950756073,0.04531005769968033
clearance,full,avg,2,721,0.0482308603823185,0.045310165733098984
clearance,full,avg,2,722,0.048230964690446854,0.04530951380729675
clearance,full,avg,2,723,0.048231203109025955,0.045309294015169144
clearance,full,avg,2,724,0.04823189601302147,0.04530997574329376
clearance,full,avg,2,725,0.048230551183223724,0.04530959203839302
clearance,full,avg,2,726,0.048230819404125214,0.0453091524541378
clearance,full,avg,2,727,0.04822996258735657,0.04530885070562363
clearance,full,avg,2,728,0.04823090136051178,0.045309972018003464
clearance,full,avg,2,729,0.04822995141148567,0.045309942215681076
clearance,full,avg,2,730,0.048230383545160294,0.04530910402536392
clearance,full,avg,2,731,0.04822946712374687,0.045308977365493774
clearance,full,avg,2,732,0.04822968319058418,0.04530925303697586
clearance,full,avg,2,733,0.04822947829961777,0.04530848190188408
clearance,full,avg,2,734,0.04822895675897598,0.04530838131904602
clearance,full,avg,2,735,0.0482289120554924,0.04530812427401543
clearance,full,avg,2,736,0.04823119193315506,0.04530898109078407
clearance,full,avg,2,737,0.04822862893342972,0.045308444648981094
clearance,full,avg,2,738,0.04822862893342972,0.04530841112136841
clearance,full,avg,2,739,0.04822825640439987,0.04530786722898483
clearance,full,avg,2,740,0.048228420317173004,0.04530707746744156
clearance,full,avg,2,741,0.0482279397547245,0.0453072227537632
clearance,full,avg,2,742,0.048228394240140915,0.04530755802989006
clearance,full,avg,2,743,0.048228438943624496,0.045307647436857224
clearance,full,avg,2,744,0.04822868853807449,0.045307595282793045
clearance,full,avg,2,745,0.04822837933897972,0.045307256281375885
clearance,full,avg,2,746,0.04822777211666107,0.04530688747763634
clearance,full,avg,2,747,0.04822729527950287,0.045306578278541565
clearance,full,avg,2,748,0.04822739213705063,0.04530678316950798
clearance,full,avg,2,749,0.04822817072272301,0.04530629143118858
clearance,full,avg,2,750,0.04822679981589317,0.04530607536435127
clearance,full,avg,2,751,0.04822671040892601,0.0453057736158371
clearance,full,avg,2,752,0.04822641611099243,0.045305244624614716
clearance,full,avg,2,753,0.04822636768221855,0.045304883271455765
clearance,full,avg,2,754,0.048226963728666306,0.04530519247055054
clearance,full,avg,2,755,0.04822661355137825,0.0453055165708065
clearance,full,avg,2,756,0.048225827515125275,0.04530542716383934
clearance,full,avg,2,757,0.04822588711977005,0.04530506208539009
clearance,full,avg,2,758,0.04822782427072525,0.04530460759997368
clearance,full,avg,2,759,0.048227425664663315,0.04530327394604683
clearance,full,avg,2,760,0.048226792365312576,0.04530433192849159
clearance,full,avg,2,761,0.04822537302970886,0.04530373588204384
clearance,full,avg,2,762,0.04822523519396782,0.04530346393585205
clearance,full,avg,2,763,0.048225078731775284,0.04530346021056175
clearance,full,avg,2,764,0.048225317150354385,0.04530385881662369
clearance,full,avg,2,765,0.04822457954287529,0.045303553342819214
clearance,full,avg,2,766,0.04822438582777977,0.04530363529920578
clearance,full,avg,2,767,0.04822542890906334,0.04530411213636398
clearance,full,avg,2,768,0.04822470620274544,0.04530363902449608
clearance,full,avg,2,769,0.04822535067796707,0.04530337452888489
clearance,full,avg,2,770,0.048224031925201416,0.045303184539079666
clearance,full,avg,2,771,0.04822380468249321,0.0453030951321125
clearance,full,avg,2,772,0.04822444170713425,0.04530378803610802
clearance,full,avg,2,773,0.04822344332933426,0.04530343413352966
clearance,full,avg,2,774,0.04822397232055664,0.04530277103185654
clearance,full,avg,2,775,0.04822331294417381,0.04530298709869385
clearance,full,avg,2,776,0.04822315648198128,0.04530273377895355
clearance,full,avg,2,777,0.04822293296456337,0.045302946120500565
clearance,full,avg,2,778,0.04822486639022827,0.045301858335733414
clearance,full,avg,2,779,0.04822314903140068,0.04530275613069534
clearance,full,avg,2,780,0.04822234436869621,0.04530300945043564
clearance,full,avg,2,781,0.04822313040494919,0.045303281396627426
clearance,full,avg,2,782,0.04822284355759621,0.04530244693160057
clearance,full,avg,2,783,0.04822222515940666,0.04530205950140953
clearance,full,avg,2,784,0.048223063349723816,0.04530273377895355
clearance,full,avg,2,785,0.048221975564956665,0.04530221223831177
clearance,full,avg,2,786,0.04822172597050667,0.045302215963602066
clearance,full,avg,2,787,0.04822127893567085,0.04530217498540878
clearance,full,avg,2,788,0.04822120442986488,0.045302387326955795
clearance,full,avg,2,789,0.04822118952870369,0.04530177265405655
clearance,full,avg,2,790,0.04822230339050293,0.04530240222811699
clearance,full,avg,2,791,0.04822149500250816,0.04530241712927818
clearance,full,avg,2,792,0.04822201281785965,0.04530284181237221
clearance,full,avg,2,793,0.048220518976449966,0.04530264437198639
clearance,full,avg,2,794,0.0482204370200634,0.045302774757146835
clearance,full,avg,2,795,0.04822073504328728,0.04530266299843788
clearance,full,avg,2,796,0.04822017252445221,0.04530138894915581
clearance,full,avg,2,797,0.048219770193099976,0.04530121013522148
clearance,full,avg,2,798,0.04822125658392906,0.04529993236064911
clearance,full,avg,2,799,0.04821943864226341,0.045300036668777466
clearance,full,avg,2,800,0.04821956530213356,0.04530011862516403
clearance,full,avg,2,801,0.048219289630651474,0.04530011862516403
clearance,full,avg,2,802,0.04821915552020073,0.04529991373419762
clearance,full,avg,2,803,0.048218972980976105,0.04529964551329613
clearance,full,avg,2,804,0.048218630254268646,0.04529960826039314
clearance,full,avg,2,805,0.04821863770484924,0.045299552381038666
clearance,full,avg,2,806,0.04821893200278282,0.04529885575175285
clearance,full,avg,2,807,0.048218414187431335,0.045299332588911057
clearance,full,avg,2,808,0.04821857437491417,0.04529915750026703
clearance,full,avg,2,809,0.048218291252851486,0.04529959335923195
clearance,full,avg,2,810,0.04821871593594551,0.045298244804143906
clearance,full,avg,2,811,0.04821858927607536,0.04529913514852524
clearance,full,avg,2,812,0.04821756109595299,0.04529896378517151
clearance,full,avg,2,813,0.04821830242872238,0.0452994704246521
clearance,full,avg,2,814,0.048217326402664185,0.04529917240142822
clearance,full,avg,2,815,0.04821757599711418,0.04529888555407524
clearance,full,avg,2,816,0.04821719229221344,0.04529878869652748
clearance,full,avg,2,817,0.04821917787194252,0.045297957956790924
clearance,full,avg,2,818,0.04821755364537239,0.04529845714569092
clearance,full,avg,2,819,0.048216596245765686,0.045298021286726
clearance,full,avg,2,820,0.048216577619314194,0.045297909528017044
clearance,full,avg,2,821,0.04821594059467316,0.04529785364866257
clearance,full,avg,2,822,0.048217304050922394,0.045297395437955856
clearance,full,avg,2,823,0.048215799033641815,0.04529693350195885
clearance,full,avg,2,824,0.048216018825769424,0.045296356081962585
clearance,full,avg,2,825,0.048217009752988815,0.04529733210802078
clearance,full,avg,2,826,0.04821553826332092,0.04529767110943794
clearance,full,avg,2,827,0.04821532219648361,0.0452972874045372
clearance,full,avg,2,828,0.048215191811323166,0.04529707133769989
clearance,full,avg,2,829,0.0482148602604866,0.04529685154557228
clearance,full,avg,2,830,0.04821472987532616,0.045296281576156616
clearance,full,avg,2,831,0.04821467027068138,0.04529646411538124
clearance,full,avg,2,832,0.04821450635790825,0.04529542848467827
clearance,full,avg,2,833,0.04821677505970001,0.04529629275202751
clearance,full,avg,2,834,0.04821442812681198,0.045296017080545425
clearance,full,avg,2,835,0.04821417108178139,0.045295316725969315
clearance,full,avg,2,836,0.048214029520750046,0.04529483616352081
clearance,full,avg,2,837,0.04821476340293884,0.04529520124197006
clearance,full,avg,2,838,0.04821382090449333,0.0452939048409462
clearance,full,avg,2,839,0.04821321740746498,0.04529370740056038
clearance,full,avg,2,840,0.04821337014436722,0.04529387503862381
clearance,full,avg,2,841,0.04821328818798065,0.04529303312301636
clearance,full,avg,2,842,0.04821278527379036,0.045292943716049194
clearance,full,avg,2,843,0.04821351170539856,0.04529189690947533
clearance,full,avg,2,844,0.04821247234940529,0.04529242217540741
clearance,full,avg,2,845,0.048213474452495575,0.04529324173927307
clearance,full,avg,2,846,0.04821210727095604,0.04529314860701561
clearance,full,avg,2,847,0.04821297898888588,0.04529373347759247
clearance,full,avg,2,848,0.04821174964308739,0.045293353497982025
clearance,full,avg,2,849,0.048212263733148575,0.045293692499399185
clearance,full,avg,2,850,0.04821192845702171,0.04529319331049919
clearance,full,avg,2,851,0.048211611807346344,0.04529326781630516
clearance,full,avg,2,852,0.04821221902966499,0.04529380053281784
clearance,full,avg,2,853,0.04821328446269035,0.045292314141988754
clearance,full,avg,2,854,0.04821082204580307,0.04529197886586189
clearance,full,avg,2,855,0.048210833221673965,0.045291319489479065
clearance,full,avg,2,856,0.04821085184812546,0.04529168829321861
clearance,full,avg,2,857,0.04821053147315979,0.04529234766960144
clearance,full,avg,2,858,0.04821017384529114,0.04529193788766861
clearance,full,avg,2,859,0.048210494220256805,0.04529183357954025
clearance,full,avg,2,860,0.048210032284259796,0.045291315764188766
clearance,full,avg,2,861,0.04820960760116577,0.045291587710380554
clearance,full,avg,2,862,0.048209916800260544,0.04529176279902458
clearance,full,avg,2,863,0.048209257423877716,0.04529166966676712
clearance,full,avg,2,864,0.04820976406335831,0.04529073089361191
clearance,full,avg,2,865,0.04820903018116951,0.04529106616973877
clearance,full,avg,2,866,0.04820871353149414,0.045290883630514145
clearance,full,avg,2,867,0.048211876302957535,0.04528935253620148
clearance,full,avg,2,868,0.04820890352129936,0.04529030621051788
clearance,full,avg,2,869,0.04820853844285011,0.045289888978004456
clearance,full,avg,2,870,0.04820842668414116,0.045290276408195496
clearance,full,avg,2,871,0.04820939525961876,0.045290227979421616
clearance,full,avg,2,872,0.048208318650722504,0.04529038071632385
clearance,full,avg,2,873,0.04820801317691803,0.04529046267271042
clearance,full,avg,2,874,0.04820797219872475,0.04529055207967758
clearance,full,avg,2,875,0.04820756986737251,0.04528937488794327
clearance,full,avg,2,876,0.048207420855760574,0.045289356261491776
clearance,full,avg,2,877,0.048207156360149384,0.04528932645916939
clearance,full,avg,2,878,0.04820704087615013,0.045288629829883575
clearance,full,avg,2,879,0.0482073649764061,0.04528925567865372
clearance,full,avg,2,880,0.04820660129189491,0.04528981074690819
clearance,full,avg,2,881,0.04820640757679939,0.045289333909749985
clearance,full,avg,2,882,0.04820650443434715,0.045288991183042526
clearance,full,avg,2,883,0.04820628836750984,0.04528846964240074
clearance,full,avg,2,884,0.04820594936609268,0.045287929475307465
clearance,full,avg,2,885,0.04820583015680313,0.045287635177373886
clearance,full,avg,2,886,0.048205845057964325,0.04528706520795822
clearance,full,avg,2,887,0.04820554703474045,0.04528722167015076
clearance,full,avg,2,888,0.048205774277448654,0.04528724402189255
clearance,full,avg,2,889,0.048206232488155365,0.04528851434588432
clearance,full,avg,2,890,0.048205792903900146,0.04528776928782463
clearance,full,avg,2,891,0.04820508137345314,0.04528788477182388
clearance,full,avg,2,892,0.0482044443488121,0.04528762772679329
clearance,full,avg,2,893,0.048204533755779266,0.045288197696208954
clearance,full,avg,2,894,0.04820452257990837,0.04528769850730896
clearance,full,avg,2,895,0.04820451885461807,0.045288264751434326
clearance,full,avg,2,896,0.048203736543655396,0.04528793692588806
clearance,full,avg,2,897,0.0482037253677845,0.0452876091003418
clearance,full,avg,2,898,0.048204708844423294,0.04528578743338585
clearance,full,avg,2,899,0.04820328950881958,0.04528588056564331
clearance,full,avg,2,900,0.04820329323410988,0.04528604447841644
clearance,full,avg,2,901,0.048202838748693466,0.0452861487865448
clearance,full,avg,2,902,0.04820316657423973,0.045286402106285095
clearance,full,avg,2,903,0.0482025071978569,0.04528624564409256
clearance,full,avg,2,904,0.04820212721824646,0.04528573155403137
clearance,full,avg,2,905,0.04820207506418228,0.04528551921248436
clearance,full,avg,2,906,0.04820242151618004,0.04528423398733139
clearance,full,avg,2,907,0.048201948404312134,0.04528363421559334
clearance,full,avg,2,908,0.04820167273283005,0.04528360441327095
clearance,full,avg,2,909,0.0482015386223793,0.04528328776359558
clearance,full,avg,2,910,0.048201508820056915,0.0452839694917202
clearance,full,avg,2,911,0.048201847821474075,0.04528346285223961
clearance,full,avg,2,912,0.0482015386223793,0.04528306424617767
clearance,full,avg,2,913,0.04820065572857857,0.045283082872629166
clearance,full,avg,2,914,0.04820079728960991,0.04528281092643738
clearance,full,avg,2,915,0.04820101335644722,0.045282527804374695
clearance,full,avg,2,916,0.04820050299167633,0.045282382518053055
clearance,full,avg,2,917,0.048200175166130066,0.0452820248901844
clearance,full,avg,2,918,0.04820150509476662,0.04528103023767471
clearance,full,avg,2,919,0.04819999635219574,0.04528177157044411
clearance,full,avg,2,920,0.0481993705034256,0.04528152942657471
clearance,full,avg,2,921,0.04819940775632858,0.045281264930963516
clearance,full,avg,2,922,0.04819917678833008,0.04528158903121948
clearance,full,avg,2,923,0.04819898679852486,0.04528176039457321
clearance,full,avg,2,924,0.048199642449617386,0.04528152197599411
clearance,full,avg,2,925,0.04819851741194725,0.04528197646141052
clearance,full,avg,2,926,0.04819871485233307,0.04528271406888962
clearance,full,avg,2,927,0.04819886013865471,0.045282993465662
clearance,full,avg,2,928,0.048198308795690536,0.04528319835662842
clearance,full,avg,2,929,0.04819776490330696,0.0452830009162426
clearance,full,avg,2,930,0.048197757452726364,0.04528222233057022
clearance,full,avg,2,931,0.04819744452834129,0.04528186097741127
clearance,full,avg,2,932,0.04819733276963234,0.04528142511844635
clearance,full,avg,2,933,0.04819777235388756,0.045281097292900085
clearance,full,avg,2,934,0.048197053372859955,0.045281000435352325
clearance,full,avg,2,935,0.04819680377840996,0.04528125375509262
clearance,full,avg,2,936,0.048197224736213684,0.045281149446964264
clearance,full,avg,2,937,0.0481976754963398,0.04528185725212097
clearance,full,avg,2,938,0.04819653183221817,0.04528098180890083
clearance,full,avg,2,939,0.048196230083703995,0.04527993127703667
clearance,full,avg,2,940,0.04819692671298981,0.04527915269136429
clearance,full,avg,2,941,0.04819609597325325,0.04527956619858742
clearance,full,avg,2,942,0.04819571599364281,0.04527948424220085
clearance,full,avg,2,943,0.048195499926805496,0.045280132442712784
clearance,full,avg,2,944,0.048195309937000275,0.04527991637587547
clearance,full,avg,2,945,0.048195503652095795,0.045280151069164276
clearance,full,avg,2,946,0.04819536209106445,0.045280229300260544
clearance,full,avg,2,947,0.04819450154900551,0.045279424637556076
clearance,full,avg,2,948,0.048194799572229385,0.04527945816516876
clearance,full,avg,2,949,0.04819481074810028,0.045278310775756836
clearance,full,avg,2,950,0.04819384962320328,0.045277711004018784
clearance,full,avg,2,951,0.048193950206041336,0.04527679458260536
clearance,full,avg,2,952,0.048193514347076416,0.045277178287506104
clearance,full,avg,2,953,0.048193614929914474,0.04527749493718147
clearance,full,avg,2,954,0.04819366708397865,0.04527733847498894
clearance,full,avg,2,955,0.04819302633404732,0.045277394354343414
clearance,full,avg,2,956,0.04819326102733612,0.04527714475989342
clearance,full,avg,2,957,0.04819563403725624,0.04527774080634117
clearance,full,avg,2,958,0.04819413647055626,0.04527846351265907
clearance,full,avg,2,959,0.04819261282682419,0.04527682811021805
clearance,full,avg,2,960,0.04819231107831001,0.04527631402015686
clearance,full,avg,2,961,0.04819212853908539,0.045276083052158356
clearance,full,avg,2,962,0.048191994428634644,0.04527558758854866
clearance,full,avg,2,963,0.04819218069314957,0.045275602489709854
clearance,full,avg,2,964,0.04819142073392868,0.04527488723397255
clearance,full,avg,2,965,0.04819108173251152,0.04527485370635986
clearance,full,avg,2,966,0.048190999776124954,0.0452747568488121
clearance,full,avg,2,967,0.04819101095199585,0.04527391493320465
clearance,full,avg,2,968,0.04819238930940628,0.04527374729514122
clearance,full,avg,2,969,0.048190418630838394,0.04527369886636734
clearance,full,avg,2,970,0.048191722482442856,0.04527423158288002
clearance,full,avg,2,971,0.04819021001458168,0.045274343341588974
clearance,full,avg,2,972,0.04819115996360779,0.04527406021952629
clearance,full,avg,2,973,0.04818986728787422,0.045273806899785995
clearance,full,avg,2,974,0.04818973317742348,0.045273467898368835
clearance,full,avg,2,975,0.0481891855597496,0.045272812247276306
clearance,full,avg,2,976,0.04818936437368393,0.04527246579527855
clearance,full,avg,2,977,0.04818965494632721,0.04527251422405243
clearance,full,avg,2,978,0.048188816756010056,0.04527207836508751
clearance,full,avg,2,979,0.0481894351541996,0.04527214169502258
clearance,full,avg,2,980,0.0481894388794899,0.045272186398506165
clearance,full,avg,2,981,0.048188358545303345,0.045271433889865875
clearance,full,avg,2,982,0.04819050431251526,0.045271698385477066
clearance,full,avg,2,983,0.04818815737962723,0.04527134820818901
clearance,full,avg,2,984,0.04818768799304962,0.04527163505554199
clearance,full,avg,2,985,0.04818760231137276,0.04527173191308975
clearance,full,avg,2,986,0.04818781092762947,0.0452713668346405
clearance,full,avg,2,987,0.04818784072995186,0.04527190327644348
clearance,full,avg,2,988,0.048187755048274994,0.04527110233902931
clearance,full,avg,2,989,0.048187825828790665,0.045271944254636765
clearance,full,avg,2,990,0.04818686470389366,0.045272357761859894
clearance,full,avg,2,991,0.04818625748157501,0.04527214914560318
clearance,full,avg,2,992,0.04818703979253769,0.04527132958173752
clearance,full,avg,2,993,0.048186007887125015,0.04527062550187111
clearance,full,avg,2,994,0.04818737879395485,0.04526929184794426
clearance,full,avg,2,995,0.04818589612841606,0.04526965692639351
clearance,full,avg,2,996,0.04818562790751457,0.04527026042342186
clearance,full,avg,2,997,0.04818542301654816,0.045270856469869614
clearance,full,avg,2,998,0.048184916377067566,0.045271135866642
clearance,full,avg,2,999,0.04818471893668175,0.045270778238773346
clearance,full,avg,2,1000,0.04818512871861458,0.04527115449309349
clearance,full,avg,3,1,0.7988258600234985,0.16516593098640442
clearance,full,avg,3,2,0.2151738554239273,0.24030551314353943
clearance,full,avg,3,3,0.2431604117155075,0.1620880365371704
clearance,full,avg,3,4,0.1499817967414856,0.16704116761684418
clearance,full,avg,3,5,0.1579345464706421,0.1279154121875763
clearance,full,avg,3,6,0.12580710649490356,0.11608189344406128
clearance,full,avg,3,7,0.12448038905858994,0.11517088860273361
clearance,full,avg,3,8,0.12240348011255264,0.11266021430492401
clearance,full,avg,3,9,0.11985725909471512,0.11259441077709198
clearance,full,avg,3,10,0.11920872330665588,0.10930953919887543
clearance,full,avg,3,11,0.11439360678195953,0.10723713785409927
clearance,full,avg,3,12,0.11166621744632721,0.10551401972770691
clearance,full,avg,3,13,0.10997778177261353,0.10371328145265579
clearance,full,avg,3,14,0.10870576649904251,0.10607367753982544
clearance,full,avg,3,15,0.1082037091255188,0.10104309767484665
clearance,full,avg,3,16,0.10583513975143433,0.10003232210874557
clearance,full,avg,3,17,0.10477197915315628,0.10056925565004349
clearance,full,avg,3,18,0.10332445800304413,0.09906398504972458
clearance,full,avg,3,19,0.1031535342335701,0.10025126487016678
clearance,full,avg,3,20,0.10816679149866104,0.113222636282444
clearance,full,avg,3,21,0.10568606108427048,0.09631167352199554
clearance,full,avg,3,22,0.09879347681999207,0.09573469310998917
clearance,full,avg,3,23,0.09935891628265381,0.09686817973852158
clearance,full,avg,3,24,0.10043139010667801,0.0953080877661705
clearance,full,avg,3,25,0.09725559502840042,0.09429825097322464
clearance,full,avg,3,26,0.09557606279850006,0.09463122487068176
clearance,full,avg,3,27,0.09761592000722885,0.09637515246868134
clearance,full,avg,3,28,0.09823416918516159,0.09247322380542755
clearance,full,avg,3,29,0.09643145650625229,0.09353168308734894
clearance,full,avg,3,30,0.09726783633232117,0.0935373455286026
clearance,full,avg,3,31,0.09793557971715927,0.09086424112319946
clearance,full,avg,3,32,0.09289901703596115,0.09080419689416885
clearance,full,avg,3,33,0.09228775650262833,0.08958813548088074
clearance,full,avg,3,34,0.09176220744848251,0.08811559528112411
clearance,full,avg,3,35,0.08953648805618286,0.08721303194761276
clearance,full,avg,3,36,0.09144003689289093,0.08785252273082733
clearance,full,avg,3,37,0.09127897024154663,0.08535844087600708
clearance,full,avg,3,38,0.08750513195991516,0.08637368679046631
clearance,full,avg,3,39,0.08747720718383789,0.08452651649713516
clearance,full,avg,3,40,0.08634095638990402,0.08342065662145615
clearance,full,avg,3,41,0.08575887233018875,0.0849205031991005
clearance,full,avg,3,42,0.08658145368099213,0.08710081875324249
clearance,full,avg,3,43,0.08639088273048401,0.08205181360244751
clearance,full,avg,3,44,0.08748538047075272,0.0827319324016571
clearance,full,avg,3,45,0.08603906631469727,0.0826469287276268
clearance,full,avg,3,46,0.08464846760034561,0.0812341496348381
clearance,full,avg,3,47,0.08527196943759918,0.08098234981298447
clearance,full,avg,3,48,0.0842970758676529,0.08593595027923584
clearance,full,avg,3,49,0.08731536567211151,0.08745352923870087
clearance,full,avg,3,50,0.08950293809175491,0.08676773309707642
clearance,full,avg,3,51,0.08806061744689941,0.08410832285881042
clearance,full,avg,3,52,0.08531088382005692,0.08217623084783554
clearance,full,avg,3,53,0.08315645158290863,0.08055097609758377
clearance,full,avg,3,54,0.08315327018499374,0.08026906102895737
clearance,full,avg,3,55,0.08303024619817734,0.07975069433450699
clearance,full,avg,3,56,0.08188730478286743,0.08620207756757736
clearance,full,avg,3,57,0.085849829018116,0.08313653618097305
clearance,full,avg,3,58,0.08152757585048676,0.0809866264462471
clearance,full,avg,3,59,0.08407012373209,0.07843150943517685
clearance,full,avg,3,60,0.0812068060040474,0.08156261593103409
clearance,full,avg,3,61,0.08141563832759857,0.07846789062023163
clearance,full,avg,3,62,0.07974757254123688,0.07811097800731659
clearance,full,avg,3,63,0.08115970343351364,0.0773506611585617
clearance,full,avg,3,64,0.07904037088155746,0.08099831640720367
clearance,full,avg,3,65,0.083590567111969,0.0842728540301323
clearance,full,avg,3,66,0.08018490672111511,0.07694602012634277
clearance,full,avg,3,67,0.08204550296068192,0.07869133353233337
clearance,full,avg,3,68,0.0807064026594162,0.07671039551496506
clearance,full,avg,3,69,0.077289879322052,0.07729830592870712
clearance,full,avg,3,70,0.07629601657390594,0.07431062310934067
clearance,full,avg,3,71,0.0769859328866005,0.07386793196201324
clearance,full,avg,3,72,0.07683933526277542,0.07414786517620087
clearance,full,avg,3,73,0.07624295353889465,0.07567229866981506
clearance,full,avg,3,74,0.07539521902799606,0.07525353878736496
clearance,full,avg,3,75,0.07738183438777924,0.07493438571691513
clearance,full,avg,3,76,0.07629437744617462,0.076323501765728
clearance,full,avg,3,77,0.07571488618850708,0.07651165127754211
clearance,full,avg,3,78,0.07475637644529343,0.07227741926908493
clearance,full,avg,3,79,0.07710849493741989,0.07329357415437698
clearance,full,avg,3,80,0.07585108280181885,0.0744602307677269
clearance,full,avg,3,81,0.07489265501499176,0.07570198178291321
clearance,full,avg,3,82,0.07406611740589142,0.07193797081708908
clearance,full,avg,3,83,0.07474476844072342,0.07228581607341766
clearance,full,avg,3,84,0.0749630331993103,0.07214374840259552
clearance,full,avg,3,85,0.07410038262605667,0.07493621110916138
clearance,full,avg,3,86,0.07358813285827637,0.07693297415971756
clearance,full,avg,3,87,0.07870182394981384,0.07273845374584198
clearance,full,avg,3,88,0.07345890253782272,0.08233538269996643
clearance,full,avg,3,89,0.07736905664205551,0.07327140122652054
clearance,full,avg,3,90,0.07219177484512329,0.07353146374225616
clearance,full,avg,3,91,0.08233972638845444,0.07139639556407928
clearance,full,avg,3,92,0.07353579252958298,0.0746326893568039
clearance,full,avg,3,93,0.07673264294862747,0.07568762451410294
clearance,full,avg,3,94,0.07310499995946884,0.06999783962965012
clearance,full,avg,3,95,0.07384920865297318,0.07142247259616852
clearance,full,avg,3,96,0.07154832035303116,0.07745036482810974
clearance,full,avg,3,97,0.07579240947961807,0.07667695730924606
clearance,full,avg,3,98,0.0719999149441719,0.07173281908035278
clearance,full,avg,3,99,0.0715116411447525,0.07808144390583038
clearance,full,avg,3,100,0.07344315946102142,0.0722784474492073
clearance,full,avg,3,101,0.06981907784938812,0.06896758824586868
clearance,full,avg,3,102,0.0705907791852951,0.06928227841854095
clearance,full,avg,3,103,0.06909286230802536,0.07180792093276978
clearance,full,avg,3,104,0.06936078518629074,0.06810113787651062
clearance,full,avg,3,105,0.0697426125407219,0.0687856525182724
clearance,full,avg,3,106,0.07030080258846283,0.0705294981598854
clearance,full,avg,3,107,0.07031882554292679,0.07129848748445511
clearance,full,avg,3,108,0.06918245553970337,0.06804420053958893
clearance,full,avg,3,109,0.068090058863163,0.06889770179986954
clearance,full,avg,3,110,0.0679391399025917,0.06733928620815277
clearance,full,avg,3,111,0.06758303940296173,0.06685853004455566
clearance,full,avg,3,112,0.06712661683559418,0.0694628581404686
clearance,full,avg,3,113,0.06879453361034393,0.07101450860500336
clearance,full,avg,3,114,0.07195688039064407,0.06974958628416061
clearance,full,avg,3,115,0.07101545482873917,0.06575974076986313
clearance,full,avg,3,116,0.06976954638957977,0.06493281573057175
clearance,full,avg,3,117,0.06751793622970581,0.06563789397478104
clearance,full,avg,3,118,0.06744937598705292,0.06580856442451477
clearance,full,avg,3,119,0.06625698506832123,0.06502722203731537
clearance,full,avg,3,120,0.06606963276863098,0.06500868499279022
clearance,full,avg,3,121,0.0654173269867897,0.06506585329771042
clearance,full,avg,3,122,0.06715808063745499,0.06486701965332031
clearance,full,avg,3,123,0.06583002954721451,0.06902746856212616
clearance,full,avg,3,124,0.06650010496377945,0.06446430087089539
clearance,full,avg,3,125,0.0655839592218399,0.06567789614200592
clearance,full,avg,3,126,0.0661635622382164,0.06631166487932205
clearance,full,avg,3,127,0.064821258187294,0.06803861260414124
clearance,full,avg,3,128,0.0666646808385849,0.06752287596464157
clearance,full,avg,3,129,0.0652465745806694,0.0642114132642746
clearance,full,avg,3,130,0.065023273229599,0.06581594049930573
clearance,full,avg,3,131,0.06573614478111267,0.06318697333335876
clearance,full,avg,3,132,0.06499700993299484,0.06418368965387344
clearance,full,avg,3,133,0.06673868745565414,0.06412883847951889
clearance,full,avg,3,134,0.06380320340394974,0.06548383831977844
clearance,full,avg,3,135,0.06330563127994537,0.061774611473083496
clearance,full,avg,3,136,0.06433117389678955,0.06155485287308693
clearance,full,avg,3,137,0.06220102682709694,0.06655384600162506
clearance,full,avg,3,138,0.06397690623998642,0.06332509219646454
clearance,full,avg,3,139,0.06272339820861816,0.062011752277612686
clearance,full,avg,3,140,0.062183622270822525,0.06077282503247261
clearance,full,avg,3,141,0.06628107279539108,0.061991363763809204
clearance,full,avg,3,142,0.06679930537939072,0.06610860675573349
clearance,full,avg,3,143,0.0649125874042511,0.06528295576572418
clearance,full,avg,3,144,0.06430767476558685,0.0619516596198082
clearance,full,avg,3,145,0.0665460079908371,0.0618128702044487
clearance,full,avg,3,146,0.06347467005252838,0.07206332683563232
clearance,full,avg,3,147,0.06860334426164627,0.06431617587804794
clearance,full,avg,3,148,0.06269823759794235,0.0613819845020771
clearance,full,avg,3,149,0.06411612033843994,0.08110742270946503
clearance,full,avg,3,150,0.06661128252744675,0.06378385424613953
clearance,full,avg,3,151,0.06201943755149841,0.06643183529376984
clearance,full,avg,3,152,0.06301382184028625,0.06978708505630493
clearance,full,avg,3,153,0.0642201229929924,0.06596454232931137
clearance,full,avg,3,154,0.0614037811756134,0.06305156648159027
clearance,full,avg,3,155,0.060972005128860474,0.06387228518724442
clearance,full,avg,3,156,0.06109241396188736,0.06236126273870468
clearance,full,avg,3,157,0.05962282791733742,0.05984244495630264
clearance,full,avg,3,158,0.06001768633723259,0.05946103855967522
clearance,full,avg,3,159,0.05933978781104088,0.06034572795033455
clearance,full,avg,3,160,0.06006999686360359,0.061723750084638596
clearance,full,avg,3,161,0.05993188917636871,0.05959533900022507
clearance,full,avg,3,162,0.05897895619273186,0.058541957288980484
clearance,full,avg,3,163,0.05958612635731697,0.05896761268377304
clearance,full,avg,3,164,0.05943608283996582,0.05980624258518219
clearance,full,avg,3,165,0.061790525913238525,0.06447006016969681
clearance,full,avg,3,166,0.0633477121591568,0.06012891232967377
clearance,full,avg,3,167,0.06224023923277855,0.05915658548474312
clearance,full,avg,3,168,0.06129472330212593,0.058549802750349045
clearance,full,avg,3,169,0.059655968099832535,0.05843034386634827
clearance,full,avg,3,170,0.058836352080106735,0.05964772775769234
clearance,full,avg,3,171,0.058910708874464035,0.05993456766009331
clearance,full,avg,3,172,0.059058159589767456,0.06179041787981987
clearance,full,avg,3,173,0.05921410024166107,0.06010245531797409
clearance,full,avg,3,174,0.058474455028772354,0.0595729686319828
clearance,full,avg,3,175,0.058006707578897476,0.05871656537055969
clearance,full,avg,3,176,0.057667892426252365,0.05831298232078552
clearance,full,avg,3,177,0.057831574231386185,0.05941610410809517
clearance,full,avg,3,178,0.058061033487319946,0.061684537678956985
clearance,full,avg,3,179,0.05834581330418587,0.058959223330020905
clearance,full,avg,3,180,0.05771275609731674,0.057773392647504807
clearance,full,avg,3,181,0.057650696486234665,0.05756170675158501
clearance,full,avg,3,182,0.05722200870513916,0.057484857738018036
clearance,full,avg,3,183,0.05698443204164505,0.05709708482027054
clearance,full,avg,3,184,0.05814037099480629,0.05673070251941681
clearance,full,avg,3,185,0.057135265320539474,0.061397403478622437
clearance,full,avg,3,186,0.060099177062511444,0.06423347443342209
clearance,full,avg,3,187,0.060404133051633835,0.06066161021590233
clearance,full,avg,3,188,0.05714747682213783,0.057832032442092896
clearance,full,avg,3,189,0.05667503550648689,0.058719050139188766
clearance,full,avg,3,190,0.056934043765068054,0.058756567537784576
clearance,full,avg,3,191,0.056855443865060806,0.05928618088364601
clearance,full,avg,3,192,0.0574401393532753,0.06348305940628052
clearance,full,avg,3,193,0.058939144015312195,0.06065096706151962
clearance,full,avg,3,194,0.0569973923265934,0.05688700079917908
clearance,full,avg,3,195,0.05696440488100052,0.056885283440351486
clearance,full,avg,3,196,0.05715268477797508,0.05699073150753975
clearance,full,avg,3,197,0.05647901073098183,0.057281509041786194
clearance,full,avg,3,198,0.05632413923740387,0.05636485293507576
clearance,full,avg,3,199,0.056369975209236145,0.05614059045910835
clearance,full,avg,3,200,0.05602381005883217,0.05717085301876068
clearance,full,avg,3,201,0.05622630938887596,0.058733098208904266
clearance,full,avg,3,202,0.05671228468418121,0.058308616280555725
clearance,full,avg,3,203,0.05694762244820595,0.05838096886873245
clearance,full,avg,3,204,0.056681253015995026,0.05566900596022606
clearance,full,avg,3,205,0.056083474308252335,0.05504437908530235
clearance,full,avg,3,206,0.056481845676898956,0.05501846969127655
clearance,full,avg,3,207,0.056322190910577774,0.05505647510290146
clearance,full,avg,3,208,0.055925313383340836,0.05546347424387932
clearance,full,avg,3,209,0.05565648153424263,0.056463345885276794
clearance,full,avg,3,210,0.05599086359143257,0.05680311843752861
clearance,full,avg,3,211,0.055571720004081726,0.05556809902191162
clearance,full,avg,3,212,0.05527684837579727,0.05521560460329056
clearance,full,avg,3,213,0.055385977029800415,0.055109165608882904
clearance,full,avg,3,214,0.05535571649670601,0.055236659944057465
clearance,full,avg,3,215,0.05523533746600151,0.05534423515200615
clearance,full,avg,3,216,0.055243633687496185,0.055444855242967606
clearance,full,avg,3,217,0.0551317036151886,0.05648091807961464
clearance,full,avg,3,218,0.05518990010023117,0.05708123371005058
clearance,full,avg,3,219,0.05551659315824509,0.05746917426586151
clearance,full,avg,3,220,0.05534607172012329,0.056972939521074295
clearance,full,avg,3,221,0.055177632719278336,0.05682437866926193
clearance,full,avg,3,222,0.05517161265015602,0.05652187019586563
clearance,full,avg,3,223,0.054980047047138214,0.05579424649477005
clearance,full,avg,3,224,0.05544889718294144,0.05583767220377922
clearance,full,avg,3,225,0.05580567196011543,0.05589213967323303
clearance,full,avg,3,226,0.05548427626490593,0.05598535016179085
clearance,full,avg,4,1,0.2676590085029602,0.20308227837085724
clearance,full,avg,4,2,0.17612814903259277,0.22577014565467834
clearance,full,avg,4,3,0.15295353531837463,0.1750941127538681
clearance,full,avg,4,4,0.13875512778759003,0.15583428740501404
clearance,full,avg,4,5,0.12991741299629211,0.14034506678581238
clearance,full,avg,4,6,0.12335265427827835,0.1315619945526123
clearance,full,avg,4,7,0.11804638057947159,0.13547112047672272
clearance,full,avg,4,8,0.11734922230243683,0.12979768216609955
clearance,full,avg,4,9,0.11465457081794739,0.12625320255756378
clearance,full,avg,4,10,0.11099473387002945,0.12169382721185684
clearance,full,avg,4,11,0.10901431739330292,0.11929723620414734
clearance,full,avg,4,12,0.1075371578335762,0.11415695399045944
clearance,full,avg,4,13,0.10625512152910233,0.11158118396997452
clearance,full,avg,4,14,0.10502179712057114,0.11184131354093552
clearance,full,avg,4,15,0.10345038771629333,0.109536312520504
clearance,full,avg,4,16,0.10192186385393143,0.10964042693376541
clearance,full,avg,4,17,0.10055690258741379,0.10896144807338715
clearance,full,avg,4,18,0.09944115579128265,0.10842155665159225
clearance,full,avg,4,19,0.09841323643922806,0.10594762116670609
clearance,full,avg,4,20,0.09740620106458664,0.10540259629487991
clearance,full,avg,4,21,0.09640104323625565,0.10324767231941223
clearance,full,avg,4,22,0.09517811238765717,0.1032852903008461
clearance,full,avg,4,23,0.09447861462831497,0.10139548778533936
clearance,full,avg,4,24,0.09366831183433533,0.10205432027578354
clearance,full,avg,4,25,0.09222444891929626,0.0995696559548378
clearance,full,avg,4,26,0.09134995937347412,0.10020461678504944
clearance,full,avg,4,27,0.09051898121833801,0.09918569773435593
clearance,full,avg,4,28,0.0895438939332962,0.09768376499414444
clearance,full,avg,4,29,0.08865822106599808,0.09861394017934799
clearance,full,avg,4,30,0.08824951946735382,0.09610381722450256
clearance,full,avg,4,31,0.08701735734939575,0.09638017416000366
clearance,full,avg,4,32,0.0862535908818245,0.09494941681623459
clearance,full,avg,4,33,0.08573043346405029,0.09459099918603897
clearance,full,avg,4,34,0.08491697907447815,0.09533902257680893
clearance,full,avg,4,35,0.08421386033296585,0.09369263052940369
clearance,full,avg,4,36,0.08399080485105515,0.09257949888706207
clearance,full,avg,4,37,0.08308614790439606,0.09313952177762985
clearance,full,avg,4,38,0.08223997801542282,0.09165444225072861
clearance,full,avg,4,39,0.081766277551651,0.0918465182185173
clearance,full,avg,4,40,0.0810927078127861,0.09075212478637695
clearance,full,avg,4,41,0.08070128411054611,0.0903375893831253
clearance,full,avg,4,42,0.0797014981508255,0.0906672552227974
clearance,full,avg,4,43,0.08037099987268448,0.09021522849798203
clearance,full,avg,4,44,0.07967333495616913,0.0900493860244751
clearance,full,avg,4,45,0.07921790331602097,0.08933188766241074
clearance,full,avg,4,46,0.0781986340880394,0.08821535855531693
clearance,full,avg,4,47,0.07701544463634491,0.08899237960577011
clearance,full,avg,4,48,0.07791350781917572,0.08767121285200119
clearance,full,avg,4,49,0.07714973390102386,0.08873403072357178
clearance,full,avg,4,50,0.07573702186346054,0.08784911036491394
clearance,full,avg,4,51,0.07506821304559708,0.08940501511096954
clearance,full,avg,4,52,0.07527855783700943,0.08660480380058289
clearance,full,avg,4,53,0.0746038556098938,0.08759990334510803
clearance,full,avg,4,54,0.07551820576190948,0.08640984445810318
clearance,full,avg,4,55,0.07421910017728806,0.08590195327997208
clearance,full,avg,4,56,0.07386869937181473,0.08526933193206787
clearance,full,avg,4,57,0.07266876846551895,0.08594398200511932
clearance,full,avg,4,58,0.07219981402158737,0.08504444360733032
clearance,full,avg,4,59,0.07271501421928406,0.08727223426103592
clearance,full,avg,4,60,0.07191114127635956,0.0853237584233284
clearance,full,avg,4,61,0.07126983255147934,0.08563778549432755
clearance,full,avg,4,62,0.07149766385555267,0.08404632657766342
clearance,full,avg,4,63,0.07198354601860046,0.0834617167711258
clearance,full,avg,4,64,0.07131975889205933,0.08316947519779205
clearance,full,avg,4,65,0.07034055888652802,0.08351586014032364
clearance,full,avg,4,66,0.07050710171461105,0.08285367488861084
clearance,full,avg,4,67,0.06950001418590546,0.08286985009908676
clearance,full,avg,4,68,0.06964205950498581,0.08315089344978333
clearance,full,avg,4,69,0.0683588907122612,0.08315735310316086
clearance,full,avg,4,70,0.06811942160129547,0.08181682974100113
clearance,full,avg,4,71,0.0676441639661789,0.08268207311630249
clearance,full,avg,4,72,0.06738608330488205,0.08197219669818878
clearance,full,avg,4,73,0.06704902648925781,0.0819309651851654
clearance,full,avg,4,74,0.06720522791147232,0.08151090145111084
clearance,full,avg,4,75,0.06634416431188583,0.08149681985378265
clearance,full,avg,4,76,0.06632494181394577,0.08025363087654114
clearance,full,avg,4,77,0.06649263948202133,0.08066404610872269
clearance,full,avg,4,78,0.06696818768978119,0.08146461099386215
clearance,full,avg,4,79,0.06588582694530487,0.08058729767799377
clearance,full,avg,4,80,0.06485425680875778,0.0810619592666626
clearance,full,avg,4,81,0.06478163599967957,0.07976974546909332
clearance,full,avg,4,82,0.06440836936235428,0.07985886931419373
clearance,full,avg,4,83,0.0639568418264389,0.08067616820335388
clearance,full,avg,4,84,0.0636526569724083,0.07999653369188309
clearance,full,avg,4,85,0.06352560222148895,0.07956225425004959
clearance,full,avg,4,86,0.06361431628465652,0.08054976165294647
clearance,full,avg,4,87,0.06325659155845642,0.07842054218053818
clearance,full,avg,4,88,0.06301914155483246,0.07982584089040756
clearance,full,avg,4,89,0.06243257597088814,0.07818663865327835
clearance,full,avg,4,90,0.06242544949054718,0.07858233898878098
clearance,full,avg,4,91,0.06175921857357025,0.07821261882781982
clearance,full,avg,4,92,0.06216423213481903,0.07813313603401184
clearance,full,avg,4,93,0.06297223269939423,0.0790303498506546
clearance,full,avg,4,94,0.0620250478386879,0.07700516283512115
clearance,full,avg,4,95,0.06293145567178726,0.07641973346471786
clearance,full,avg,4,96,0.061500102281570435,0.07952120155096054
clearance,full,avg,4,97,0.062284085899591446,0.07582510262727737
clearance,full,avg,4,98,0.06146952882409096,0.07827378809452057
clearance,full,avg,4,99,0.06141054257750511,0.07664535939693451
clearance,full,avg,4,100,0.06006912142038345,0.07677680999040604
clearance,full,avg,4,101,0.05987165495753288,0.07558474689722061
clearance,full,avg,4,102,0.059897903352975845,0.07603216171264648
clearance,full,avg,4,103,0.05893216282129288,0.07541890442371368
clearance,full,avg,4,104,0.058865927159786224,0.07546485215425491
clearance,full,avg,4,105,0.05856693536043167,0.07604438811540604
clearance,full,avg,4,106,0.05917108431458473,0.07475554943084717
clearance,full,avg,4,107,0.05895566940307617,0.07501354068517685
clearance,full,avg,4,108,0.05805617943406105,0.07514768838882446
clearance,full,avg,4,109,0.057879768311977386,0.07516179978847504
clearance,full,avg,4,110,0.05899110436439514,0.07445836812257767
clearance,full,avg,4,111,0.05894147977232933,0.07513541728258133
clearance,full,avg,4,112,0.058132704347372055,0.07303418964147568
clearance,full,avg,4,113,0.05739228427410126,0.07358115911483765
clearance,full,avg,4,114,0.057114966213703156,0.07385815680027008
clearance,full,avg,4,115,0.05686186999082565,0.07387636601924896
clearance,full,avg,4,116,0.05666448920965195,0.07273297011852264
clearance,full,avg,4,117,0.056409649550914764,0.07271531969308853
clearance,full,avg,4,118,0.055875033140182495,0.07303806394338608
clearance,full,avg,4,119,0.05543343722820282,0.07313718646764755
clearance,full,avg,4,120,0.05539639666676521,0.07326079159975052
clearance,full,avg,4,121,0.055609170347452164,0.0723012164235115
clearance,full,avg,4,122,0.05510278791189194,0.07201685011386871
clearance,full,avg,4,123,0.05535736680030823,0.07111280411481857
clearance,full,avg,4,124,0.05523790791630745,0.07144312560558319
clearance,full,avg,4,125,0.05447496473789215,0.07168494910001755
clearance,full,avg,4,126,0.054304830729961395,0.07196271419525146
clearance,full,avg,4,127,0.05373931676149368,0.071950264275074
clearance,full,avg,4,128,0.05360247194766998,0.0711902379989624
clearance,full,avg,4,129,0.053440071642398834,0.0719033032655716
clearance,full,avg,4,130,0.05409024655818939,0.07122818380594254
clearance,full,avg,4,131,0.0533154271543026,0.07115945219993591
clearance,full,avg,4,132,0.053279802203178406,0.07084667682647705
clearance,full,avg,4,133,0.05362613499164581,0.07014309614896774
clearance,full,avg,4,134,0.05272572115063667,0.06973448395729065
clearance,full,avg,4,135,0.0527731217443943,0.0703110545873642
clearance,full,avg,4,136,0.05208800360560417,0.07083474844694138
clearance,full,avg,4,137,0.052086807787418365,0.06932556629180908
clearance,full,avg,4,138,0.05166095495223999,0.0686219111084938
clearance,full,avg,4,139,0.05161840468645096,0.06841626018285751
clearance,full,avg,4,140,0.05183010175824165,0.06851807981729507
clearance,full,avg,4,141,0.051167428493499756,0.06898753345012665
clearance,full,avg,4,142,0.050968293100595474,0.06944874674081802
clearance,full,avg,4,143,0.05125068128108978,0.06907264143228531
clearance,full,avg,4,144,0.05216367170214653,0.06967556476593018
clearance,full,avg,4,145,0.05286676436662674,0.06750714778900146
clearance,full,avg,4,146,0.05058163031935692,0.06764871627092361
clearance,full,avg,4,147,0.05067471042275429,0.06722857058048248
clearance,full,avg,4,148,0.04997270926833153,0.0671597421169281
clearance,full,avg,4,149,0.049571093171834946,0.06704448163509369
clearance,full,avg,4,150,0.050216469913721085,0.06815274059772491
clearance,full,avg,4,151,0.04935622960329056,0.06747113168239594
clearance,full,avg,4,152,0.049294404685497284,0.06708958745002747
clearance,full,avg,4,153,0.049498897045850754,0.06677842885255814
clearance,full,avg,4,154,0.04872555285692215,0.06640902906656265
clearance,full,avg,4,155,0.048667315393686295,0.06706288456916809
clearance,full,avg,4,156,0.049076005816459656,0.06756030768156052
clearance,full,avg,4,157,0.04943160340189934,0.065766841173172
clearance,full,avg,4,158,0.048424817621707916,0.06559531390666962
clearance,full,avg,4,159,0.048022493720054626,0.06578271836042404
clearance,full,avg,4,160,0.04852800443768501,0.06833388656377792
clearance,full,avg,4,161,0.048988163471221924,0.06659366190433502
clearance,full,avg,4,162,0.04826755076646805,0.06698402017354965
clearance,full,avg,4,163,0.04923956096172333,0.06654553860425949
clearance,full,avg,4,164,0.04777241870760918,0.06704366207122803
clearance,full,avg,4,165,0.04793870076537132,0.06436342000961304
clearance,full,avg,4,166,0.047550901770591736,0.0650487169623375
clearance,full,avg,4,167,0.04751625284552574,0.06448982656002045
clearance,full,avg,4,168,0.04762493818998337,0.06371558457612991
clearance,full,avg,4,169,0.04760533198714256,0.062412746250629425
clearance,full,avg,4,170,0.04737415909767151,0.06355299055576324
clearance,full,avg,4,171,0.046023525297641754,0.0640941709280014
clearance,full,avg,4,172,0.04559308663010597,0.06366508454084396
clearance,full,avg,4,173,0.04558228328824043,0.06312833726406097
clearance,full,avg,4,174,0.04506217688322067,0.06290947645902634
clearance,full,avg,4,175,0.04606063663959503,0.06281355768442154
clearance,full,avg,4,176,0.0455879345536232,0.06397167593240738
clearance,full,avg,4,177,0.04452649876475334,0.0632346048951149
clearance,full,avg,4,178,0.0444488599896431,0.06162646412849426
clearance,full,avg,4,179,0.04445261508226395,0.06290318816900253
clearance,full,avg,4,180,0.04400787502527237,0.06221788004040718
clearance,full,avg,4,181,0.043951746076345444,0.0622444748878479
clearance,full,avg,4,182,0.04391689971089363,0.06198609992861748
clearance,full,avg,4,183,0.04499107971787453,0.06275356560945511
clearance,full,avg,4,184,0.04475497826933861,0.059842146933078766
clearance,full,avg,4,185,0.04418734833598137,0.06199227645993233
clearance,full,avg,4,186,0.04363530874252319,0.06199420616030693
clearance,full,avg,4,187,0.043798062950372696,0.05990864709019661
clearance,full,avg,4,188,0.04429768770933151,0.060668084770441055
clearance,full,avg,4,189,0.04345705360174179,0.061590369790792465
clearance,full,avg,4,190,0.04326648265123367,0.06043734401464462
clearance,full,avg,4,191,0.04216922074556351,0.06009411811828613
clearance,full,avg,4,192,0.04225673899054527,0.06063931807875633
clearance,full,avg,4,193,0.0424552746117115,0.061097651720047
clearance,full,avg,4,194,0.04194038733839989,0.059536948800086975
clearance,full,avg,4,195,0.041985031217336655,0.06069955602288246
clearance,full,avg,4,196,0.04163597524166107,0.06057708337903023
clearance,full,avg,4,197,0.041954610496759415,0.06019306182861328
clearance,full,avg,4,198,0.04181843623518944,0.06035127118229866
clearance,full,avg,4,199,0.04174596071243286,0.059629879891872406
clearance,full,avg,4,200,0.04098875820636749,0.05821165069937706
clearance,full,avg,4,201,0.041225187480449677,0.05912037193775177
clearance,full,avg,4,202,0.04086260125041008,0.05988096445798874
clearance,full,avg,4,203,0.040746089071035385,0.05913883447647095
clearance,full,avg,4,204,0.04085635766386986,0.05748167634010315
clearance,full,avg,4,205,0.04026060923933983,0.05843731760978699
clearance,full,avg,4,206,0.04147617518901825,0.05925454944372177
clearance,full,avg,4,207,0.04049324616789818,0.05882684886455536
clearance,full,avg,4,208,0.04013983532786369,0.05678755044937134
clearance,full,avg,4,209,0.04028990492224693,0.057062000036239624
clearance,full,avg,4,210,0.04098258540034294,0.058691151440143585
clearance,full,avg,4,211,0.040322814136743546,0.057772114872932434
clearance,full,avg,4,212,0.0397651232779026,0.059697289019823074
clearance,full,avg,4,213,0.03973454609513283,0.056836508214473724
clearance,full,avg,4,214,0.038964226841926575,0.05680017173290253
clearance,full,avg,4,215,0.038959406316280365,0.05779040977358818
clearance,full,avg,4,216,0.03894835337996483,0.057260289788246155
clearance,full,avg,4,217,0.03891965374350548,0.05773233622312546
clearance,full,avg,4,218,0.038735296577215195,0.05639664828777313
clearance,full,avg,4,219,0.0385778546333313,0.056493934243917465
clearance,full,avg,4,220,0.038642533123493195,0.056606657803058624
clearance,full,avg,4,221,0.0383928120136261,0.05745130777359009
clearance,full,avg,4,222,0.04007790982723236,0.05852802097797394
clearance,full,avg,4,223,0.03907356783747673,0.05716041475534439
clearance,full,avg,4,224,0.040277983993291855,0.05560372397303581
clearance,full,avg,4,225,0.038970816880464554,0.0557415671646595
clearance,full,avg,4,226,0.03963806852698326,0.05729983001947403
clearance,full,avg,4,227,0.037455808371305466,0.05531063675880432
clearance,full,avg,4,228,0.03758157044649124,0.05503295734524727
clearance,full,avg,4,229,0.03781058266758919,0.05588621646165848
clearance,full,avg,4,230,0.03858532756567001,0.05631372705101967
clearance,full,avg,4,231,0.037841565907001495,0.05515188351273537
clearance,full,avg,4,232,0.03870347514748573,0.055332254618406296
clearance,full,avg,4,233,0.03684278950095177,0.05453189089894295
clearance,full,avg,4,234,0.03696087375283241,0.05433255434036255
clearance,full,avg,4,235,0.036884672939777374,0.05466550961136818
clearance,full,avg,4,236,0.03683363273739815,0.05461861193180084
clearance,full,avg,4,237,0.036837104707956314,0.05330264940857887
clearance,full,avg,4,238,0.036472659558057785,0.05359923839569092
clearance,full,avg,4,239,0.03622543811798096,0.052937477827072144
clearance,full,avg,4,240,0.03629649430513382,0.05415523797273636
clearance,full,avg,4,241,0.03615521267056465,0.05383836477994919
clearance,full,avg,4,242,0.03643810749053955,0.05448794364929199
clearance,full,avg,4,243,0.036881301552057266,0.05300697684288025
clearance,full,avg,4,244,0.03743116930127144,0.052610475569963455
clearance,full,avg,4,245,0.03582504019141197,0.052057020366191864
clearance,full,avg,4,246,0.03556343913078308,0.05328882113099098
clearance,full,avg,4,247,0.03592010959982872,0.053909290581941605
clearance,full,avg,4,248,0.035976871848106384,0.053092390298843384
clearance,full,avg,4,249,0.035882700234651566,0.05148719623684883
clearance,full,avg,4,250,0.036283835768699646,0.05429363623261452
clearance,full,avg,4,251,0.036086149513721466,0.05270509049296379
clearance,full,avg,4,252,0.035982973873615265,0.05302002280950546
clearance,full,avg,4,253,0.03554387018084526,0.051269061863422394
clearance,full,avg,4,254,0.03488753363490105,0.052222032099962234
clearance,full,avg,4,255,0.03521805629134178,0.05290082469582558
clearance,full,avg,4,256,0.035131387412548065,0.050971318036317825
clearance,full,avg,4,257,0.03487395495176315,0.050666049122810364
clearance,full,avg,4,258,0.03495217114686966,0.052332185208797455
clearance,full,avg,4,259,0.03453139215707779,0.05090009421110153
clearance,full,avg,4,260,0.035461362451314926,0.04970027878880501
clearance,full,avg,4,261,0.03491203486919403,0.0504840686917305
clearance,full,avg,4,262,0.034601371735334396,0.050928037613630295
clearance,full,avg,4,263,0.03382603079080582,0.05041602998971939
clearance,full,avg,4,264,0.03411934897303581,0.052160002291202545
clearance,full,avg,4,265,0.03496795520186424,0.04982291907072067
clearance,full,avg,4,266,0.03376730903983116,0.049719881266355515
clearance,full,avg,4,267,0.03371366858482361,0.050064366310834885
clearance,full,avg,4,268,0.03404035046696663,0.05105387419462204
clearance,full,avg,4,269,0.03432929888367653,0.05198114365339279
clearance,full,avg,4,270,0.034526385366916656,0.05051477998495102
clearance,full,avg,4,271,0.034242287278175354,0.05026647821068764
clearance,full,avg,4,272,0.03296412155032158,0.04941505193710327
clearance,full,avg,4,273,0.03301730379462242,0.04969176650047302
clearance,full,avg,4,274,0.03318226337432861,0.050596512854099274
clearance,full,avg,4,275,0.033204585313797,0.04977528750896454
clearance,full,avg,4,276,0.03300786390900612,0.04984632879495621
clearance,full,avg,4,277,0.032897621393203735,0.04974779486656189
clearance,full,avg,4,278,0.03289688378572464,0.04984915629029274
clearance,full,avg,4,279,0.032577063888311386,0.0495079942047596
clearance,full,avg,4,280,0.03311832621693611,0.04952048510313034
clearance,full,avg,4,281,0.032967500388622284,0.04945506900548935
clearance,full,avg,4,282,0.03223015367984772,0.05023613199591637
clearance,full,avg,4,283,0.03279893845319748,0.04947131872177124
clearance,full,avg,4,284,0.032316647469997406,0.04929910600185394
clearance,full,avg,4,285,0.03273191675543785,0.049218740314245224
clearance,full,avg,4,286,0.0324033759534359,0.04948541894555092
clearance,full,avg,4,287,0.032626017928123474,0.04917304590344429
clearance,full,avg,4,288,0.03231845796108246,0.04930472373962402
clearance,full,avg,4,289,0.032500989735126495,0.049568794667720795
clearance,full,avg,4,290,0.032241709530353546,0.04920773208141327
clearance,full,avg,4,291,0.0323607437312603,0.048918064683675766
clearance,full,avg,4,292,0.032465241849422455,0.04927092790603638
clearance,full,avg,4,293,0.03224610909819603,0.049079909920692444
clearance,full,avg,4,294,0.032217979431152344,0.04882989078760147
clearance,full,avg,4,295,0.03216869756579399,0.048955947160720825
clearance,full,avg,4,296,0.03231408819556236,0.04952329769730568
clearance,full,avg,4,297,0.032286740839481354,0.048964668065309525
clearance,full,avg,4,298,0.03234327584505081,0.04869843274354935
clearance,full,avg,4,299,0.03230241313576698,0.04937991499900818
clearance,full,avg,4,300,0.032272595912218094,0.04893498122692108
clearance,full,avg,4,301,0.03205592557787895,0.04869009554386139
clearance,full,avg,4,302,0.0321585088968277,0.04882662370800972
clearance,full,avg,4,303,0.031920548528432846,0.04875795915722847
clearance,full,avg,4,304,0.032198138535022736,0.04900207370519638
clearance,full,avg,4,305,0.03220982104539871,0.04857619106769562
clearance,full,avg,4,306,0.03207886591553688,0.048733219504356384
clearance,full,avg,4,307,0.03178869187831879,0.049386538565158844
clearance,full,avg,4,308,0.03207812458276749,0.048842716962099075
clearance,full,avg,4,309,0.03180726245045662,0.0486639067530632
clearance,full,avg,4,310,0.03187382593750954,0.04851502552628517
clearance,full,avg,4,311,0.03181536868214607,0.04827360808849335
clearance,full,avg,4,312,0.0318317636847496,0.048478711396455765
clearance,full,avg,4,313,0.0316862128674984,0.048638999462127686
clearance,full,avg,4,314,0.032177526503801346,0.04907872900366783
clearance,full,avg,4,315,0.03155689314007759,0.048550575971603394
clearance,full,avg,4,316,0.0319756343960762,0.04821615666151047
clearance,full,avg,4,317,0.0315699465572834,0.04852462559938431
clearance,full,avg,4,318,0.03228731453418732,0.04927058145403862
clearance,full,avg,4,319,0.03175407275557518,0.04832862317562103
clearance,full,avg,4,320,0.03191518783569336,0.0483752079308033
clearance,full,avg,4,321,0.03209715336561203,0.048799458891153336
clearance,full,avg,4,322,0.03181348741054535,0.04824180155992508
clearance,full,avg,4,323,0.03152471035718918,0.04809004068374634
clearance,full,avg,4,324,0.03160851448774338,0.04816002771258354
clearance,full,avg,4,325,0.031517039984464645,0.04839063808321953
clearance,full,avg,4,326,0.031487490981817245,0.04848073795437813
clearance,full,avg,4,327,0.03150719031691551,0.04835410788655281
clearance,full,avg,4,328,0.03143460303544998,0.04827755689620972
clearance,full,avg,4,329,0.031431522220373154,0.04824431985616684
clearance,full,avg,4,330,0.03143526241183281,0.0482131652534008
clearance,full,avg,4,331,0.0315045490860939,0.048476625233888626
clearance,full,avg,4,332,0.03142686188220978,0.04820505902171135
clearance,full,avg,4,333,0.03144668787717819,0.04803343862295151
clearance,full,avg,4,334,0.031412702053785324,0.048042040318250656
clearance,full,avg,4,335,0.03143753483891487,0.04825982451438904
clearance,full,avg,4,336,0.03138618916273117,0.048383161425590515
clearance,full,avg,4,337,0.03136453777551651,0.04827996343374252
clearance,full,avg,4,338,0.031393200159072876,0.048118576407432556
clearance,full,avg,4,339,0.031333424150943756,0.048098985105752945
clearance,full,avg,4,340,0.031330496072769165,0.048096757382154465
clearance,full,avg,4,341,0.03132248297333717,0.04809950664639473
clearance,full,avg,4,342,0.031333014369010925,0.04812997579574585
clearance,full,avg,4,343,0.03131955862045288,0.048185765743255615
clearance,full,avg,4,344,0.031303197145462036,0.048145972192287445
clearance,full,avg,4,345,0.0312868095934391,0.04814064875245094
clearance,full,avg,4,346,0.031305212527513504,0.04809112846851349
clearance,full,avg,4,347,0.03130614757537842,0.0481594055891037
clearance,full,avg,4,348,0.03128073737025261,0.048169612884521484
clearance,full,avg,4,349,0.03129086270928383,0.04817643761634827
clearance,full,avg,4,350,0.03129717707633972,0.04811018705368042
clearance,full,avg,4,351,0.031275589019060135,0.04813569411635399
clearance,full,avg,4,352,0.0312734916806221,0.04812043532729149
clearance,full,avg,4,353,0.03127152472734451,0.048122357577085495
clearance,full,avg,5,1,0.9593958854675293,0.3862738311290741
clearance,full,avg,5,2,0.2635601758956909,0.17452862858772278
clearance,full,avg,5,3,0.2185739427804947,0.1803002655506134
clearance,full,avg,5,4,0.1657707840204239,0.14329977333545685
clearance,full,avg,5,5,0.15157552063465118,0.16277623176574707
clearance,full,avg,5,6,0.15309259295463562,0.14197707176208496
clearance,full,avg,5,7,0.13462693989276886,0.12380630522966385
clearance,full,avg,5,8,0.12862038612365723,0.12576884031295776
clearance,full,avg,5,9,0.1280609518289566,0.12368297576904297
clearance,full,avg,5,10,0.12310569733381271,0.11976923793554306
clearance,full,avg,5,11,0.11959739774465561,0.1193590983748436
clearance,full,avg,5,12,0.11792175471782684,0.11674454808235168
clearance,full,avg,5,13,0.11484182626008987,0.11537452042102814
clearance,full,avg,5,14,0.11340559273958206,0.11469044536352158
clearance,full,avg,5,15,0.11165930330753326,0.11286541819572449
clearance,full,avg,5,16,0.10987287759780884,0.11182434111833572
clearance,full,avg,5,17,0.10823667794466019,0.1109132468700409
clearance,full,avg,5,18,0.10665286332368851,0.10976230353116989
clearance,full,avg,5,19,0.10528450459241867,0.10874868184328079
clearance,full,avg,5,20,0.1037733256816864,0.10759688168764114
clearance,full,avg,5,21,0.10280842334032059,0.10640865564346313
clearance,full,avg,5,22,0.10146889090538025,0.10553178191184998
clearance,full,avg,5,23,0.10026954114437103,0.10474507510662079
clearance,full,avg,5,24,0.09929133951663971,0.10398535430431366
clearance,full,avg,5,25,0.0981476679444313,0.10304917395114899
clearance,full,avg,5,26,0.09752502292394638,0.10245055705308914
clearance,full,avg,5,27,0.09647420793771744,0.10201381891965866
clearance,full,avg,5,28,0.09562081843614578,0.10136635601520538
clearance,full,avg,5,29,0.09491134434938431,0.10084620118141174
clearance,full,avg,5,30,0.09436134994029999,0.09995757043361664
clearance,full,avg,5,31,0.09348399937152863,0.09979554265737534
clearance,full,avg,5,32,0.0929948166012764,0.09930486232042313
clearance,full,avg,5,33,0.09218809753656387,0.09812895953655243
clearance,full,avg,5,34,0.09191326051950455,0.0976020023226738
clearance,full,avg,5,35,0.09114116430282593,0.09803315997123718
clearance,full,avg,5,36,0.09050286561250687,0.0973798856139183
clearance,full,avg,5,37,0.09018847346305847,0.09651689231395721
clearance,full,avg,5,38,0.08936549723148346,0.09631886333227158
clearance,full,avg,5,39,0.0891285091638565,0.0953393504023552
clearance,full,avg,5,40,0.08865330368280411,0.09509682655334473
clearance,full,avg,5,41,0.08807123452425003,0.09446858614683151
clearance,full,avg,5,42,0.08750876039266586,0.09526152163743973
clearance,full,avg,5,43,0.0871272161602974,0.09428910911083221
clearance,full,avg,5,44,0.08657903969287872,0.09373993426561356
clearance,full,avg,5,45,0.0862244963645935,0.09363463521003723
clearance,full,avg,5,46,0.08567871898412704,0.09282763302326202
clearance,full,avg,5,47,0.08542391657829285,0.09285137802362442
clearance,full,avg,5,48,0.08508999645709991,0.09193116426467896
clearance,full,avg,5,49,0.08473393321037292,0.09223067760467529
clearance,full,avg,5,50,0.0850449651479721,0.09103091061115265
clearance,full,avg,5,51,0.08401305973529816,0.0927167534828186
clearance,full,avg,5,52,0.08360530436038971,0.0909608006477356
clearance,full,avg,5,53,0.08353502303361893,0.08987048268318176
clearance,full,avg,5,54,0.08292563259601593,0.0926796942949295
clearance,full,avg,5,55,0.08295159786939621,0.09014128148555756
clearance,full,avg,5,56,0.08211611211299896,0.0897529125213623
clearance,full,avg,5,57,0.08188370615243912,0.08964166045188904
clearance,full,avg,5,58,0.08151298016309738,0.0900891125202179
clearance,full,avg,5,59,0.08148567378520966,0.08809847384691238
clearance,full,avg,5,60,0.08123303204774857,0.09023068845272064
clearance,full,avg,5,61,0.0804973915219307,0.08840812742710114
clearance,full,avg,5,62,0.08005044609308243,0.08808085322380066
clearance,full,avg,5,63,0.08001922070980072,0.08819062262773514
clearance,full,avg,5,64,0.0798146054148674,0.0884472206234932
clearance,full,avg,5,65,0.07910402119159698,0.08675548434257507
clearance,full,avg,5,66,0.07901117205619812,0.08678486943244934
clearance,full,avg,5,67,0.07863105833530426,0.08774639666080475
clearance,full,avg,5,68,0.07847468554973602,0.08646327257156372
clearance,full,avg,5,69,0.0783224031329155,0.08734584599733353
clearance,full,avg,5,70,0.07777668535709381,0.08572882413864136
clearance,full,avg,5,71,0.07787061482667923,0.08713389933109283
clearance,full,avg,5,72,0.07754230499267578,0.0873192623257637
clearance,full,avg,5,73,0.0768686980009079,0.08456924557685852
clearance,full,avg,5,74,0.07693257927894592,0.08506917208433151
clearance,full,avg,5,75,0.07641760259866714,0.08519988507032394
clearance,full,avg,5,76,0.0763760507106781,0.08496560901403427
clearance,full,avg,5,77,0.07597480714321136,0.0856565460562706
clearance,full,avg,5,78,0.07564686238765717,0.08546928316354752
clearance,full,avg,5,79,0.07536256313323975,0.08304627984762192
clearance,full,avg,5,80,0.07534299790859222,0.08395007252693176
clearance,full,avg,5,81,0.07499333471059799,0.08521118015050888
clearance,full,avg,5,82,0.07473815977573395,0.08349207788705826
clearance,full,avg,5,83,0.07482866197824478,0.08419355005025864
clearance,full,avg,5,84,0.07414603978395462,0.08266507834196091
clearance,full,avg,5,85,0.07382533699274063,0.08440446853637695
clearance,full,avg,5,86,0.07437589764595032,0.08285081386566162
clearance,full,avg,5,87,0.0744791105389595,0.08214758336544037
clearance,full,avg,5,88,0.07486388832330704,0.08460724353790283
clearance,full,avg,5,89,0.07443757355213165,0.08044359087944031
clearance,full,avg,5,90,0.07309827208518982,0.08587457239627838
clearance,full,avg,5,91,0.07366226613521576,0.08298633247613907
clearance,full,avg,5,92,0.0727062076330185,0.08080446720123291
clearance,full,avg,5,93,0.07219141721725464,0.08356068283319473
clearance,full,avg,5,94,0.07207994163036346,0.08120418339967728
clearance,full,avg,5,95,0.07170403748750687,0.08014009147882462
clearance,full,avg,5,96,0.0715535432100296,0.08236327767372131
clearance,full,avg,5,97,0.07115643471479416,0.07940012216567993
clearance,full,avg,5,98,0.07149983942508698,0.081417977809906
clearance,full,avg,5,99,0.07085009664297104,0.08144009858369827
clearance,full,avg,5,100,0.07088644057512283,0.07933589816093445
clearance,full,avg,5,101,0.0707000344991684,0.08103333413600922
clearance,full,avg,5,102,0.0709843710064888,0.08082624524831772
clearance,full,avg,5,103,0.07039625942707062,0.07698080688714981
clearance,full,avg,5,104,0.07017264515161514,0.08118072897195816
clearance,full,avg,5,105,0.06970775127410889,0.07978122681379318
clearance,full,avg,5,106,0.06924766302108765,0.07919739931821823
clearance,full,avg,5,107,0.06941354274749756,0.07813887298107147
clearance,full,avg,5,108,0.06893039494752884,0.07819414883852005
clearance,full,avg,5,109,0.06972641497850418,0.0813971608877182
clearance,full,avg,5,110,0.06888651847839355,0.07613823562860489
clearance,full,avg,5,111,0.06871823221445084,0.07846131920814514
clearance,full,avg,5,112,0.0681096613407135,0.08037768304347992
clearance,full,avg,5,113,0.06804346293210983,0.07805205881595612
clearance,full,avg,5,114,0.06796212494373322,0.07654603570699692
clearance,full,avg,5,115,0.06751193851232529,0.07946059107780457
clearance,full,avg,5,116,0.06798439472913742,0.07832754403352737
clearance,full,avg,5,117,0.06677941977977753,0.0767345279455185
clearance,full,avg,5,118,0.06802186369895935,0.07517225295305252
clearance,full,avg,5,119,0.06696368753910065,0.0774277001619339
clearance,full,avg,5,120,0.06696347147226334,0.0792284607887268
clearance,full,avg,5,121,0.06662814319133759,0.07485415041446686
clearance,full,avg,5,122,0.06628276407718658,0.07794549316167831
clearance,full,avg,5,123,0.06604661792516708,0.0767919048666954
clearance,full,avg,5,124,0.0657133087515831,0.07680211961269379
clearance,full,avg,5,125,0.06582986563444138,0.0740424320101738
clearance,full,avg,5,126,0.06528829038143158,0.07575707882642746
clearance,full,avg,5,127,0.06506873667240143,0.07642225921154022
clearance,full,avg,5,128,0.0648144856095314,0.07558935880661011
clearance,full,avg,5,129,0.06511133164167404,0.07582338899374008
clearance,full,avg,5,130,0.06469361484050751,0.07525550574064255
clearance,full,avg,5,131,0.0656815841794014,0.0752098560333252
clearance,full,avg,5,132,0.06478007137775421,0.07634292542934418
clearance,full,avg,5,133,0.06469536572694778,0.07330138981342316
clearance,full,avg,5,134,0.06470748037099838,0.07634994387626648
clearance,full,avg,5,135,0.06410054862499237,0.0738031417131424
clearance,full,avg,5,136,0.06405524164438248,0.07421010732650757
clearance,full,avg,5,137,0.06381375342607498,0.07493427395820618
clearance,full,avg,5,138,0.06338053941726685,0.0773310512304306
clearance,full,avg,5,139,0.06344347447156906,0.07223375141620636
clearance,full,avg,5,140,0.06308957189321518,0.07611986994743347
clearance,full,avg,5,141,0.06328637152910233,0.07186102122068405
clearance,full,avg,5,142,0.06286145746707916,0.07475132495164871
clearance,full,avg,5,143,0.06224223971366882,0.07199900597333908
clearance,full,avg,5,144,0.06287061423063278,0.07172398269176483
clearance,full,avg,5,145,0.062202002853155136,0.0765315517783165
clearance,full,avg,5,146,0.062343351542949677,0.07159953564405441
clearance,full,avg,5,147,0.06168115884065628,0.07148541510105133
clearance,full,avg,5,148,0.0612729974091053,0.07434812933206558
clearance,full,avg,5,149,0.061896368861198425,0.072125144302845
clearance,full,avg,5,150,0.06145068258047104,0.07204600423574448
clearance,full,avg,5,151,0.060961101204156876,0.07022695988416672
clearance,full,avg,5,152,0.06099334731698036,0.07305287569761276
clearance,full,avg,5,153,0.061148978769779205,0.07083498686552048
clearance,full,avg,5,154,0.06029534712433815,0.07330197840929031
clearance,full,avg,5,155,0.05999282747507095,0.07076941430568695
clearance,full,avg,5,156,0.06047292798757553,0.07154464721679688
clearance,full,avg,5,157,0.06000382453203201,0.07054582238197327
clearance,full,avg,5,158,0.05972859263420105,0.0730237290263176
clearance,full,avg,5,159,0.05936906486749649,0.07075188308954239
clearance,full,avg,5,160,0.05951075628399849,0.07129593193531036
clearance,full,avg,5,161,0.05941455438733101,0.07107523828744888
clearance,full,avg,5,162,0.059273675084114075,0.07020044326782227
clearance,full,avg,5,163,0.05868443474173546,0.07135574519634247
clearance,full,avg,5,164,0.05944901704788208,0.07091443985700607
clearance,full,avg,5,165,0.0585993267595768,0.06932922452688217
clearance,full,avg,5,166,0.059010230004787445,0.07163108885288239
clearance,full,avg,5,167,0.058514274656772614,0.07121255248785019
clearance,full,avg,5,168,0.05828649178147316,0.0703701376914978
clearance,full,avg,5,169,0.058177266269922256,0.07002963125705719
clearance,full,avg,5,170,0.05815204605460167,0.07029078900814056
clearance,full,avg,5,171,0.05814241245388985,0.07043134421110153
clearance,full,avg,5,172,0.05793195217847824,0.07009957730770111
clearance,full,avg,5,173,0.058053772896528244,0.06982895731925964
clearance,full,avg,5,174,0.05789082497358322,0.06951731443405151
clearance,full,avg,5,175,0.0583123080432415,0.07066380232572556
clearance,full,avg,5,176,0.057761382311582565,0.06935941427946091
clearance,full,avg,5,177,0.05759245529770851,0.06970785558223724
clearance,full,avg,5,178,0.057564571499824524,0.0701620876789093
clearance,full,avg,5,179,0.057453155517578125,0.07042185217142105
clearance,full,avg,5,180,0.05750959739089012,0.07017477601766586
clearance,full,avg,5,181,0.057407550513744354,0.0694001093506813
clearance,full,avg,5,182,0.05744164437055588,0.06927186995744705
clearance,full,avg,5,183,0.057407546788454056,0.06985566765069962
clearance,full,avg,5,184,0.057331833988428116,0.07038773596286774
clearance,full,avg,5,185,0.057234663516283035,0.06966547667980194
clearance,full,avg,5,186,0.05725577846169472,0.069115050137043
clearance,full,avg,5,187,0.05720887705683708,0.06935799866914749
clearance,full,avg,5,188,0.057123541831970215,0.06950121372938156
clearance,full,avg,5,189,0.05722127854824066,0.070121169090271
clearance,full,avg,5,190,0.05709473788738251,0.06972483545541763
clearance,full,avg,5,191,0.05708438903093338,0.06924816220998764
clearance,full,avg,5,192,0.05706709995865822,0.06933274865150452
clearance,full,avg,5,193,0.05703732743859291,0.0697227194905281
clearance,full,avg,5,194,0.05707843601703644,0.07016614824533463
clearance,full,avg,5,195,0.057044241577386856,0.06957325339317322
clearance,full,avg,5,196,0.05697685107588768,0.06918247044086456
clearance,full,avg,5,197,0.056935980916023254,0.06922542303800583
clearance,full,avg,5,198,0.056926529854536057,0.06924598664045334
clearance,full,avg,5,199,0.05699566751718521,0.06947794556617737
clearance,full,avg,5,200,0.05692030489444733,0.06956718116998672
clearance,full,avg,5,201,0.0568988099694252,0.0694224163889885
clearance,full,avg,5,202,0.056880004703998566,0.06934858113527298
clearance,full,avg,5,203,0.05686843767762184,0.0693390741944313
clearance,full,avg,5,204,0.05686236545443535,0.06930270791053772
clearance,full,avg,5,205,0.05686268210411072,0.06939350068569183
clearance,full,avg,5,206,0.05683742091059685,0.06951002776622772
