mAb_id,training_seed,feature,feature_display,repeat,row_index,true_viscosity,permuted_prediction,baseline_r2,permuted_r2,importance_delta_r2
VIS_052,0,DLS Interaction Parameter kD (mL/g),DLS kD,1,0,12.2,10.9,0.7408859217450339,-0.5382717417680767,1.2791576635131106
VIS_053,0,DLS Interaction Parameter kD (mL/g),DLS kD,1,1,10.8,11.7,0.7408859217450339,-0.5382717417680767,1.2791576635131106
VIS_054,0,DLS Interaction Parameter kD (mL/g),DLS kD,1,2,10.4,12.138111,0.7408859217450339,-0.5382717417680767,1.2791576635131106
VIS_055,0,DLS Interaction Parameter kD (mL/g),DLS kD,1,3,17.8,10.6,0.7408859217450339,-0.5382717417680767,1.2791576635131106
VIS_056,0,DLS Interaction Parameter kD (mL/g),DLS kD,1,4,9.1,17.947674,0.7408859217450339,-0.5382717417680767,1.2791576635131106
VIS_057,0,DLS Interaction Parameter kD (mL/g),DLS kD,1,5,40.0,27.180483,0.7408859217450339,-0.5382717417680767,1.2791576635131106
VIS_058,0,DLS Interaction Parameter kD (mL/g),DLS kD,1,6,10.8,10.3,0.7408859217450339,-0.5382717417680767,1.2791576635131106
VIS_059,0,DLS Interaction Parameter kD (mL/g),DLS kD,1,7,7.6,14.6,0.7408859217450339,-0.5382717417680767,1.2791576635131106
VIS_060,0,DLS Interaction Parameter kD (mL/g),DLS kD,1,8,20.1,31.213001,0.7408859217450339,-0.5382717417680767,1.2791576635131106
VIS_061,0,DLS Interaction Parameter kD (mL/g),DLS kD,1,9,25.9,12.4,0.7408859217450339,-0.5382717417680767,1.2791576635131106
VIS_062,0,DLS Interaction Parameter kD (mL/g),DLS kD,1,10,8.4,9.155977,0.7408859217450339,-0.5382717417680767,1.2791576635131106
VIS_063,0,DLS Interaction Parameter kD (mL/g),DLS kD,1,11,12.6,10.9,0.7408859217450339,-0.5382717417680767,1.2791576635131106
VIS_064,0,DLS Interaction Parameter kD (mL/g),DLS kD,1,12,30.1,9.96531,0.7408859217450339,-0.5382717417680767,1.2791576635131106
VIS_065,0,DLS Interaction Parameter kD (mL/g),DLS kD,1,13,25.6,32.91044,0.7408859217450339,-0.5382717417680767,1.2791576635131106
VIS_066,0,DLS Interaction Parameter kD (mL/g),DLS kD,1,14,15.0,19.692589,0.7408859217450339,-0.5382717417680767,1.2791576635131106
VIS_067,0,DLS Interaction Parameter kD (mL/g),DLS kD,1,15,9.9,21.497358,0.7408859217450339,-0.5382717417680767,1.2791576635131106
VIS_068,0,DLS Interaction Parameter kD (mL/g),DLS kD,1,16,42.1,19.603256,0.7408859217450339,-0.5382717417680767,1.2791576635131106
VIS_069,0,DLS Interaction Parameter kD (mL/g),DLS kD,1,17,16.8,23.414854,0.7408859217450339,-0.5382717417680767,1.2791576635131106
VIS_070,0,DLS Interaction Parameter kD (mL/g),DLS kD,1,18,13.8,8.861651,0.7408859217450339,-0.5382717417680767,1.2791576635131106
VIS_071,0,DLS Interaction Parameter kD (mL/g),DLS kD,1,19,13.9,13.1,0.7408859217450339,-0.5382717417680767,1.2791576635131106
VIS_072,0,DLS Interaction Parameter kD (mL/g),DLS kD,1,20,11.9,21.7,0.7408859217450339,-0.5382717417680767,1.2791576635131106
VIS_073,0,DLS Interaction Parameter kD (mL/g),DLS kD,1,21,11.4,27.806337,0.7408859217450339,-0.5382717417680767,1.2791576635131106
VIS_074,0,DLS Interaction Parameter kD (mL/g),DLS kD,1,22,15.2,45.0,0.7408859217450339,-0.5382717417680767,1.2791576635131106
VIS_052,0,DLS Interaction Parameter kD (mL/g),DLS kD,2,0,12.2,10.9,0.7408859217450339,0.1907246366150812,0.5501612851299527
VIS_053,0,DLS Interaction Parameter kD (mL/g),DLS kD,2,1,10.8,11.7,0.7408859217450339,0.1907246366150812,0.5501612851299527
VIS_054,0,DLS Interaction Parameter kD (mL/g),DLS kD,2,2,10.4,11.225889,0.7408859217450339,0.1907246366150812,0.5501612851299527
VIS_055,0,DLS Interaction Parameter kD (mL/g),DLS kD,2,3,17.8,19.621225,0.7408859217450339,0.1907246366150812,0.5501612851299527
VIS_056,0,DLS Interaction Parameter kD (mL/g),DLS kD,2,4,9.1,10.3,0.7408859217450339,0.1907246366150812,0.5501612851299527
VIS_057,0,DLS Interaction Parameter kD (mL/g),DLS kD,2,5,40.0,48.016487,0.7408859217450339,0.1907246366150812,0.5501612851299527
VIS_058,0,DLS Interaction Parameter kD (mL/g),DLS kD,2,6,10.8,17.1,0.7408859217450339,0.1907246366150812,0.5501612851299527
VIS_059,0,DLS Interaction Parameter kD (mL/g),DLS kD,2,7,7.6,10.374764,0.7408859217450339,0.1907246366150812,0.5501612851299527
VIS_060,0,DLS Interaction Parameter kD (mL/g),DLS kD,2,8,20.1,17.6,0.7408859217450339,0.1907246366150812,0.5501612851299527
VIS_061,0,DLS Interaction Parameter kD (mL/g),DLS kD,2,9,25.9,19.894218,0.7408859217450339,0.1907246366150812,0.5501612851299527
VIS_062,0,DLS Interaction Parameter kD (mL/g),DLS kD,2,10,8.4,21.7,0.7408859217450339,0.1907246366150812,0.5501612851299527
VIS_063,0,DLS Interaction Parameter kD (mL/g),DLS kD,2,11,12.6,21.293335,0.7408859217450339,0.1907246366150812,0.5501612851299527
VIS_064,0,DLS Interaction Parameter kD (mL/g),DLS kD,2,12,30.1,27.335796,0.7408859217450339,0.1907246366150812,0.5501612851299527
VIS_065,0,DLS Interaction Parameter kD (mL/g),DLS kD,2,13,25.6,17.6,0.7408859217450339,0.1907246366150812,0.5501612851299527
VIS_066,0,DLS Interaction Parameter kD (mL/g),DLS kD,2,14,15.0,13.1,0.7408859217450339,0.1907246366150812,0.5501612851299527
VIS_067,0,DLS Interaction Parameter kD (mL/g),DLS kD,2,15,9.9,22.638918,0.7408859217450339,0.1907246366150812,0.5501612851299527
VIS_068,0,DLS Interaction Parameter kD (mL/g),DLS kD,2,16,42.1,16.6,0.7408859217450339,0.1907246366150812,0.5501612851299527
VIS_069,0,DLS Interaction Parameter kD (mL/g),DLS kD,2,17,16.8,10.4,0.7408859217450339,0.1907246366150812,0.5501612851299527
VIS_070,0,DLS Interaction Parameter kD (mL/g),DLS kD,2,18,13.8,10.523831,0.7408859217450339,0.1907246366150812,0.5501612851299527
VIS_071,0,DLS Interaction Parameter kD (mL/g),DLS kD,2,19,13.9,16.4148,0.7408859217450339,0.1907246366150812,0.5501612851299527
VIS_072,0,DLS Interaction Parameter kD (mL/g),DLS kD,2,20,11.9,17.6,0.7408859217450339,0.1907246366150812,0.5501612851299527
VIS_073,0,DLS Interaction Parameter kD (mL/g),DLS kD,2,21,11.4,10.3,0.7408859217450339,0.1907246366150812,0.5501612851299527
VIS_074,0,DLS Interaction Parameter kD (mL/g),DLS kD,2,22,15.2,30.62855,0.7408859217450339,0.1907246366150812,0.5501612851299527
VIS_052,0,DLS Interaction Parameter kD (mL/g),DLS kD,3,0,12.2,21.29153,0.7408859217450339,-0.1995324205215376,0.9404183422665716
VIS_053,0,DLS Interaction Parameter kD (mL/g),DLS kD,3,1,10.8,21.7,0.7408859217450339,-0.1995324205215376,0.9404183422665716
VIS_054,0,DLS Interaction Parameter kD (mL/g),DLS kD,3,2,10.4,12.138111,0.7408859217450339,-0.1995324205215376,0.9404183422665716
VIS_055,0,DLS Interaction Parameter kD (mL/g),DLS kD,3,3,17.8,9.018718,0.7408859217450339,-0.1995324205215376,0.9404183422665716
VIS_056,0,DLS Interaction Parameter kD (mL/g),DLS kD,3,4,9.1,10.9,0.7408859217450339,-0.1995324205215376,0.9404183422665716
VIS_057,0,DLS Interaction Parameter kD (mL/g),DLS kD,3,5,40.0,20.797483,0.7408859217450339,-0.1995324205215376,0.9404183422665716
VIS_058,0,DLS Interaction Parameter kD (mL/g),DLS kD,3,6,10.8,13.710217,0.7408859217450339,-0.1995324205215376,0.9404183422665716
VIS_059,0,DLS Interaction Parameter kD (mL/g),DLS kD,3,7,7.6,14.6,0.7408859217450339,-0.1995324205215376,0.9404183422665716
VIS_060,0,DLS Interaction Parameter kD (mL/g),DLS kD,3,8,20.1,19.185692,0.7408859217450339,-0.1995324205215376,0.9404183422665716
VIS_061,0,DLS Interaction Parameter kD (mL/g),DLS kD,3,9,25.9,9.9,0.7408859217450339,-0.1995324205215376,0.9404183422665716
VIS_062,0,DLS Interaction Parameter kD (mL/g),DLS kD,3,10,8.4,15.0,0.7408859217450339,-0.1995324205215376,0.9404183422665716
VIS_063,0,DLS Interaction Parameter kD (mL/g),DLS kD,3,11,12.6,10.9,0.7408859217450339,-0.1995324205215376,0.9404183422665716
VIS_064,0,DLS Interaction Parameter kD (mL/g),DLS kD,3,12,30.1,26.319279,0.7408859217450339,-0.1995324205215376,0.9404183422665716
VIS_065,0,DLS Interaction Parameter kD (mL/g),DLS kD,3,13,25.6,45.373074,0.7408859217450339,-0.1995324205215376,0.9404183422665716
VIS_066,0,DLS Interaction Parameter kD (mL/g),DLS kD,3,14,15.0,30.257326,0.7408859217450339,-0.1995324205215376,0.9404183422665716
VIS_067,0,DLS Interaction Parameter kD (mL/g),DLS kD,3,15,9.9,14.458745,0.7408859217450339,-0.1995324205215376,0.9404183422665716
VIS_068,0,DLS Interaction Parameter kD (mL/g),DLS kD,3,16,42.1,21.7,0.7408859217450339,-0.1995324205215376,0.9404183422665716
VIS_069,0,DLS Interaction Parameter kD (mL/g),DLS kD,3,17,16.8,10.9,0.7408859217450339,-0.1995324205215376,0.9404183422665716
VIS_070,0,DLS Interaction Parameter kD (mL/g),DLS kD,3,18,13.8,9.30902,0.7408859217450339,-0.1995324205215376,0.9404183422665716
VIS_071,0,DLS Interaction Parameter kD (mL/g),DLS kD,3,19,13.9,20.285686,0.7408859217450339,-0.1995324205215376,0.9404183422665716
VIS_072,0,DLS Interaction Parameter kD (mL/g),DLS kD,3,20,11.9,10.6,0.7408859217450339,-0.1995324205215376,0.9404183422665716
VIS_073,0,DLS Interaction Parameter kD (mL/g),DLS kD,3,21,11.4,10.201234,0.7408859217450339,-0.1995324205215376,0.9404183422665716
VIS_074,0,DLS Interaction Parameter kD (mL/g),DLS kD,3,22,15.2,30.387611,0.7408859217450339,-0.1995324205215376,0.9404183422665716
VIS_052,0,DLS Interaction Parameter kD (mL/g),DLS kD,4,0,12.2,11.600064,0.7408859217450339,-0.0362592952785583,0.7771452170235922
VIS_053,0,DLS Interaction Parameter kD (mL/g),DLS kD,4,1,10.8,16.651531,0.7408859217450339,-0.0362592952785583,0.7771452170235922
VIS_054,0,DLS Interaction Parameter kD (mL/g),DLS kD,4,2,10.4,10.677389,0.7408859217450339,-0.0362592952785583,0.7771452170235922
VIS_055,0,DLS Interaction Parameter kD (mL/g),DLS kD,4,3,17.8,10.6,0.7408859217450339,-0.0362592952785583,0.7771452170235922
VIS_056,0,DLS Interaction Parameter kD (mL/g),DLS kD,4,4,9.1,10.3,0.7408859217450339,-0.0362592952785583,0.7771452170235922
VIS_057,0,DLS Interaction Parameter kD (mL/g),DLS kD,4,5,40.0,48.740814,0.7408859217450339,-0.0362592952785583,0.7771452170235922
VIS_058,0,DLS Interaction Parameter kD (mL/g),DLS kD,4,6,10.8,22.781174,0.7408859217450339,-0.0362592952785583,0.7771452170235922
VIS_059,0,DLS Interaction Parameter kD (mL/g),DLS kD,4,7,7.6,10.3,0.7408859217450339,-0.0362592952785583,0.7771452170235922
VIS_060,0,DLS Interaction Parameter kD (mL/g),DLS kD,4,8,20.1,22.097622,0.7408859217450339,-0.0362592952785583,0.7771452170235922
VIS_061,0,DLS Interaction Parameter kD (mL/g),DLS kD,4,9,25.9,19.7,0.7408859217450339,-0.0362592952785583,0.7771452170235922
VIS_062,0,DLS Interaction Parameter kD (mL/g),DLS kD,4,10,8.4,9.392257,0.7408859217450339,-0.0362592952785583,0.7771452170235922
VIS_063,0,DLS Interaction Parameter kD (mL/g),DLS kD,4,11,12.6,13.144019,0.7408859217450339,-0.0362592952785583,0.7771452170235922
VIS_064,0,DLS Interaction Parameter kD (mL/g),DLS kD,4,12,30.1,16.56874,0.7408859217450339,-0.0362592952785583,0.7771452170235922
VIS_065,0,DLS Interaction Parameter kD (mL/g),DLS kD,4,13,25.6,28.618439,0.7408859217450339,-0.0362592952785583,0.7771452170235922
VIS_066,0,DLS Interaction Parameter kD (mL/g),DLS kD,4,14,15.0,26.368715,0.7408859217450339,-0.0362592952785583,0.7771452170235922
VIS_067,0,DLS Interaction Parameter kD (mL/g),DLS kD,4,15,9.9,10.4,0.7408859217450339,-0.0362592952785583,0.7771452170235922
VIS_068,0,DLS Interaction Parameter kD (mL/g),DLS kD,4,16,42.1,14.6,0.7408859217450339,-0.0362592952785583,0.7771452170235922
VIS_069,0,DLS Interaction Parameter kD (mL/g),DLS kD,4,17,16.8,10.469369,0.7408859217450339,-0.0362592952785583,0.7771452170235922
VIS_070,0,DLS Interaction Parameter kD (mL/g),DLS kD,4,18,13.8,8.7031975,0.7408859217450339,-0.0362592952785583,0.7771452170235922
VIS_071,0,DLS Interaction Parameter kD (mL/g),DLS kD,4,19,13.9,22.7,0.7408859217450339,-0.0362592952785583,0.7771452170235922
VIS_072,0,DLS Interaction Parameter kD (mL/g),DLS kD,4,20,11.9,14.972845,0.7408859217450339,-0.0362592952785583,0.7771452170235922
VIS_073,0,DLS Interaction Parameter kD (mL/g),DLS kD,4,21,11.4,27.806337,0.7408859217450339,-0.0362592952785583,0.7771452170235922
VIS_074,0,DLS Interaction Parameter kD (mL/g),DLS kD,4,22,15.2,30.387611,0.7408859217450339,-0.0362592952785583,0.7771452170235922
VIS_052,0,DLS Interaction Parameter kD (mL/g),DLS kD,5,0,12.2,13.343842,0.7408859217450339,-0.5349344655660779,1.2758203873111118
VIS_053,0,DLS Interaction Parameter kD (mL/g),DLS kD,5,1,10.8,23.872837,0.7408859217450339,-0.5349344655660779,1.2758203873111118
VIS_054,0,DLS Interaction Parameter kD (mL/g),DLS kD,5,2,10.4,11.203211,0.7408859217450339,-0.5349344655660779,1.2758203873111118
VIS_055,0,DLS Interaction Parameter kD (mL/g),DLS kD,5,3,17.8,9.018718,0.7408859217450339,-0.5349344655660779,1.2758203873111118
VIS_056,0,DLS Interaction Parameter kD (mL/g),DLS kD,5,4,9.1,10.3,0.7408859217450339,-0.5349344655660779,1.2758203873111118
VIS_057,0,DLS Interaction Parameter kD (mL/g),DLS kD,5,5,40.0,21.7,0.7408859217450339,-0.5349344655660779,1.2758203873111118
VIS_058,0,DLS Interaction Parameter kD (mL/g),DLS kD,5,6,10.8,13.803293,0.7408859217450339,-0.5349344655660779,1.2758203873111118
VIS_059,0,DLS Interaction Parameter kD (mL/g),DLS kD,5,7,7.6,21.70462,0.7408859217450339,-0.5349344655660779,1.2758203873111118
VIS_060,0,DLS Interaction Parameter kD (mL/g),DLS kD,5,8,20.1,45.0,0.7408859217450339,-0.5349344655660779,1.2758203873111118
VIS_061,0,DLS Interaction Parameter kD (mL/g),DLS kD,5,9,25.9,9.766573,0.7408859217450339,-0.5349344655660779,1.2758203873111118
VIS_062,0,DLS Interaction Parameter kD (mL/g),DLS kD,5,10,8.4,15.0,0.7408859217450339,-0.5349344655660779,1.2758203873111118
VIS_063,0,DLS Interaction Parameter kD (mL/g),DLS kD,5,11,12.6,13.144019,0.7408859217450339,-0.5349344655660779,1.2758203873111118
VIS_064,0,DLS Interaction Parameter kD (mL/g),DLS kD,5,12,30.1,19.7,0.7408859217450339,-0.5349344655660779,1.2758203873111118
VIS_065,0,DLS Interaction Parameter kD (mL/g),DLS kD,5,13,25.6,32.41288,0.7408859217450339,-0.5349344655660779,1.2758203873111118
VIS_066,0,DLS Interaction Parameter kD (mL/g),DLS kD,5,14,15.0,30.319534,0.7408859217450339,-0.5349344655660779,1.2758203873111118
VIS_067,0,DLS Interaction Parameter kD (mL/g),DLS kD,5,15,9.9,10.461918,0.7408859217450339,-0.5349344655660779,1.2758203873111118
VIS_068,0,DLS Interaction Parameter kD (mL/g),DLS kD,5,16,42.1,15.0,0.7408859217450339,-0.5349344655660779,1.2758203873111118
VIS_069,0,DLS Interaction Parameter kD (mL/g),DLS kD,5,17,16.8,12.4,0.7408859217450339,-0.5349344655660779,1.2758203873111118
VIS_070,0,DLS Interaction Parameter kD (mL/g),DLS kD,5,18,13.8,9.3,0.7408859217450339,-0.5349344655660779,1.2758203873111118
VIS_071,0,DLS Interaction Parameter kD (mL/g),DLS kD,5,19,13.9,11.7,0.7408859217450339,-0.5349344655660779,1.2758203873111118
VIS_072,0,DLS Interaction Parameter kD (mL/g),DLS kD,5,20,11.9,21.7,0.7408859217450339,-0.5349344655660779,1.2758203873111118
VIS_073,0,DLS Interaction Parameter kD (mL/g),DLS kD,5,21,11.4,21.7,0.7408859217450339,-0.5349344655660779,1.2758203873111118
VIS_074,0,DLS Interaction Parameter kD (mL/g),DLS kD,5,22,15.2,17.697828,0.7408859217450339,-0.5349344655660779,1.2758203873111118
VIS_052,0,DLS Interaction Parameter kD (mL/g),DLS kD,6,0,12.2,11.2899275,0.7408859217450339,0.0420954058955888,0.6987905158494451
VIS_053,0,DLS Interaction Parameter kD (mL/g),DLS kD,6,1,10.8,14.6,0.7408859217450339,0.0420954058955888,0.6987905158494451
VIS_054,0,DLS Interaction Parameter kD (mL/g),DLS kD,6,2,10.4,11.250071,0.7408859217450339,0.0420954058955888,0.6987905158494451
VIS_055,0,DLS Interaction Parameter kD (mL/g),DLS kD,6,3,17.8,9.342749,0.7408859217450339,0.0420954058955888,0.6987905158494451
VIS_056,0,DLS Interaction Parameter kD (mL/g),DLS kD,6,4,9.1,10.264351,0.7408859217450339,0.0420954058955888,0.6987905158494451
VIS_057,0,DLS Interaction Parameter kD (mL/g),DLS kD,6,5,40.0,48.016487,0.7408859217450339,0.0420954058955888,0.6987905158494451
VIS_058,0,DLS Interaction Parameter kD (mL/g),DLS kD,6,6,10.8,11.7,0.7408859217450339,0.0420954058955888,0.6987905158494451
VIS_059,0,DLS Interaction Parameter kD (mL/g),DLS kD,6,7,7.6,9.9,0.7408859217450339,0.0420954058955888,0.6987905158494451
VIS_060,0,DLS Interaction Parameter kD (mL/g),DLS kD,6,8,20.1,31.400866,0.7408859217450339,0.0420954058955888,0.6987905158494451
VIS_061,0,DLS Interaction Parameter kD (mL/g),DLS kD,6,9,25.9,9.1,0.7408859217450339,0.0420954058955888,0.6987905158494451
VIS_062,0,DLS Interaction Parameter kD (mL/g),DLS kD,6,10,8.4,12.4,0.7408859217450339,0.0420954058955888,0.6987905158494451
VIS_063,0,DLS Interaction Parameter kD (mL/g),DLS kD,6,11,12.6,20.209116,0.7408859217450339,0.0420954058955888,0.6987905158494451
VIS_064,0,DLS Interaction Parameter kD (mL/g),DLS kD,6,12,30.1,9.977607,0.7408859217450339,0.0420954058955888,0.6987905158494451
VIS_065,0,DLS Interaction Parameter kD (mL/g),DLS kD,6,13,25.6,45.373074,0.7408859217450339,0.0420954058955888,0.6987905158494451
VIS_066,0,DLS Interaction Parameter kD (mL/g),DLS kD,6,14,15.0,10.9,0.7408859217450339,0.0420954058955888,0.6987905158494451
VIS_067,0,DLS Interaction Parameter kD (mL/g),DLS kD,6,15,9.9,10.3,0.7408859217450339,0.0420954058955888,0.6987905158494451
VIS_068,0,DLS Interaction Parameter kD (mL/g),DLS kD,6,16,42.1,33.66519,0.7408859217450339,0.0420954058955888,0.6987905158494451
VIS_069,0,DLS Interaction Parameter kD (mL/g),DLS kD,6,17,16.8,19.7,0.7408859217450339,0.0420954058955888,0.6987905158494451
VIS_070,0,DLS Interaction Parameter kD (mL/g),DLS kD,6,18,13.8,13.8,0.7408859217450339,0.0420954058955888,0.6987905158494451
VIS_071,0,DLS Interaction Parameter kD (mL/g),DLS kD,6,19,13.9,17.1,0.7408859217450339,0.0420954058955888,0.6987905158494451
VIS_072,0,DLS Interaction Parameter kD (mL/g),DLS kD,6,20,11.9,17.6,0.7408859217450339,0.0420954058955888,0.6987905158494451
VIS_073,0,DLS Interaction Parameter kD (mL/g),DLS kD,6,21,11.4,21.7,0.7408859217450339,0.0420954058955888,0.6987905158494451
VIS_074,0,DLS Interaction Parameter kD (mL/g),DLS kD,6,22,15.2,30.926157,0.7408859217450339,0.0420954058955888,0.6987905158494451
VIS_052,0,DLS Interaction Parameter kD (mL/g),DLS kD,7,0,12.2,10.9,0.7408859217450339,-0.4477511968356504,1.1886371185806843
VIS_053,0,DLS Interaction Parameter kD (mL/g),DLS kD,7,1,10.8,17.6,0.7408859217450339,-0.4477511968356504,1.1886371185806843
VIS_054,0,DLS Interaction Parameter kD (mL/g),DLS kD,7,2,10.4,10.810332,0.7408859217450339,-0.4477511968356504,1.1886371185806843
VIS_055,0,DLS Interaction Parameter kD (mL/g),DLS kD,7,3,17.8,12.040859,0.7408859217450339,-0.4477511968356504,1.1886371185806843
VIS_056,0,DLS Interaction Parameter kD (mL/g),DLS kD,7,4,9.1,21.246387,0.7408859217450339,-0.4477511968356504,1.1886371185806843
VIS_057,0,DLS Interaction Parameter kD (mL/g),DLS kD,7,5,40.0,48.740814,0.7408859217450339,-0.4477511968356504,1.1886371185806843
VIS_058,0,DLS Interaction Parameter kD (mL/g),DLS kD,7,6,10.8,11.7,0.7408859217450339,-0.4477511968356504,1.1886371185806843
VIS_059,0,DLS Interaction Parameter kD (mL/g),DLS kD,7,7,7.6,21.7,0.7408859217450339,-0.4477511968356504,1.1886371185806843
VIS_060,0,DLS Interaction Parameter kD (mL/g),DLS kD,7,8,20.1,22.097622,0.7408859217450339,-0.4477511968356504,1.1886371185806843
VIS_061,0,DLS Interaction Parameter kD (mL/g),DLS kD,7,9,25.9,9.3,0.7408859217450339,-0.4477511968356504,1.1886371185806843
VIS_062,0,DLS Interaction Parameter kD (mL/g),DLS kD,7,10,8.4,17.362347,0.7408859217450339,-0.4477511968356504,1.1886371185806843
VIS_063,0,DLS Interaction Parameter kD (mL/g),DLS kD,7,11,12.6,10.919256,0.7408859217450339,-0.4477511968356504,1.1886371185806843
VIS_064,0,DLS Interaction Parameter kD (mL/g),DLS kD,7,12,30.1,9.998184,0.7408859217450339,-0.4477511968356504,1.1886371185806843
VIS_065,0,DLS Interaction Parameter kD (mL/g),DLS kD,7,13,25.6,16.884119,0.7408859217450339,-0.4477511968356504,1.1886371185806843
VIS_066,0,DLS Interaction Parameter kD (mL/g),DLS kD,7,14,15.0,26.368715,0.7408859217450339,-0.4477511968356504,1.1886371185806843
VIS_067,0,DLS Interaction Parameter kD (mL/g),DLS kD,7,15,9.9,29.653961,0.7408859217450339,-0.4477511968356504,1.1886371185806843
VIS_068,0,DLS Interaction Parameter kD (mL/g),DLS kD,7,16,42.1,19.603256,0.7408859217450339,-0.4477511968356504,1.1886371185806843
VIS_069,0,DLS Interaction Parameter kD (mL/g),DLS kD,7,17,16.8,10.6,0.7408859217450339,-0.4477511968356504,1.1886371185806843
VIS_070,0,DLS Interaction Parameter kD (mL/g),DLS kD,7,18,13.8,8.81009,0.7408859217450339,-0.4477511968356504,1.1886371185806843
VIS_071,0,DLS Interaction Parameter kD (mL/g),DLS kD,7,19,13.9,17.1,0.7408859217450339,-0.4477511968356504,1.1886371185806843
VIS_072,0,DLS Interaction Parameter kD (mL/g),DLS kD,7,20,11.9,19.7,0.7408859217450339,-0.4477511968356504,1.1886371185806843
VIS_073,0,DLS Interaction Parameter kD (mL/g),DLS kD,7,21,11.4,27.823921,0.7408859217450339,-0.4477511968356504,1.1886371185806843
VIS_074,0,DLS Interaction Parameter kD (mL/g),DLS kD,7,22,15.2,27.12071,0.7408859217450339,-0.4477511968356504,1.1886371185806843
VIS_052,0,DLS Interaction Parameter kD (mL/g),DLS kD,8,0,12.2,11.2899275,0.7408859217450339,0.1636581972757468,0.577227724469287
VIS_053,0,DLS Interaction Parameter kD (mL/g),DLS kD,8,1,10.8,11.7,0.7408859217450339,0.1636581972757468,0.577227724469287
VIS_054,0,DLS Interaction Parameter kD (mL/g),DLS kD,8,2,10.4,11.7,0.7408859217450339,0.1636581972757468,0.577227724469287
VIS_055,0,DLS Interaction Parameter kD (mL/g),DLS kD,8,3,17.8,12.040859,0.7408859217450339,0.1636581972757468,0.577227724469287
VIS_056,0,DLS Interaction Parameter kD (mL/g),DLS kD,8,4,9.1,22.7,0.7408859217450339,0.1636581972757468,0.577227724469287
VIS_057,0,DLS Interaction Parameter kD (mL/g),DLS kD,8,5,40.0,19.698044,0.7408859217450339,0.1636581972757468,0.577227724469287
VIS_058,0,DLS Interaction Parameter kD (mL/g),DLS kD,8,6,10.8,13.710217,0.7408859217450339,0.1636581972757468,0.577227724469287
VIS_059,0,DLS Interaction Parameter kD (mL/g),DLS kD,8,7,7.6,14.6,0.7408859217450339,0.1636581972757468,0.577227724469287
VIS_060,0,DLS Interaction Parameter kD (mL/g),DLS kD,8,8,20.1,21.7,0.7408859217450339,0.1636581972757468,0.577227724469287
VIS_061,0,DLS Interaction Parameter kD (mL/g),DLS kD,8,9,25.9,9.1,0.7408859217450339,0.1636581972757468,0.577227724469287
VIS_062,0,DLS Interaction Parameter kD (mL/g),DLS kD,8,10,8.4,15.0,0.7408859217450339,0.1636581972757468,0.577227724469287
VIS_063,0,DLS Interaction Parameter kD (mL/g),DLS kD,8,11,12.6,11.67435,0.7408859217450339,0.1636581972757468,0.577227724469287
VIS_064,0,DLS Interaction Parameter kD (mL/g),DLS kD,8,12,30.1,21.76647,0.7408859217450339,0.1636581972757468,0.577227724469287
VIS_065,0,DLS Interaction Parameter kD (mL/g),DLS kD,8,13,25.6,32.91044,0.7408859217450339,0.1636581972757468,0.577227724469287
VIS_066,0,DLS Interaction Parameter kD (mL/g),DLS kD,8,14,15.0,13.1,0.7408859217450339,0.1636581972757468,0.577227724469287
VIS_067,0,DLS Interaction Parameter kD (mL/g),DLS kD,8,15,9.9,10.068308,0.7408859217450339,0.1636581972757468,0.577227724469287
VIS_068,0,DLS Interaction Parameter kD (mL/g),DLS kD,8,16,42.1,33.66519,0.7408859217450339,0.1636581972757468,0.577227724469287
VIS_069,0,DLS Interaction Parameter kD (mL/g),DLS kD,8,17,16.8,26.4,0.7408859217450339,0.1636581972757468,0.577227724469287
VIS_070,0,DLS Interaction Parameter kD (mL/g),DLS kD,8,18,13.8,8.837859,0.7408859217450339,0.1636581972757468,0.577227724469287
VIS_071,0,DLS Interaction Parameter kD (mL/g),DLS kD,8,19,13.9,20.651888,0.7408859217450339,0.1636581972757468,0.577227724469287
VIS_072,0,DLS Interaction Parameter kD (mL/g),DLS kD,8,20,11.9,10.9,0.7408859217450339,0.1636581972757468,0.577227724469287
VIS_073,0,DLS Interaction Parameter kD (mL/g),DLS kD,8,21,11.4,24.439281,0.7408859217450339,0.1636581972757468,0.577227724469287
VIS_074,0,DLS Interaction Parameter kD (mL/g),DLS kD,8,22,15.2,26.82387,0.7408859217450339,0.1636581972757468,0.577227724469287
VIS_052,0,DLS Interaction Parameter kD (mL/g),DLS kD,9,0,12.2,16.473022,0.7408859217450339,-0.2718949209914938,1.0127808427365277
VIS_053,0,DLS Interaction Parameter kD (mL/g),DLS kD,9,1,10.8,14.6,0.7408859217450339,-0.2718949209914938,1.0127808427365277
VIS_054,0,DLS Interaction Parameter kD (mL/g),DLS kD,9,2,10.4,10.6,0.7408859217450339,-0.2718949209914938,1.0127808427365277
VIS_055,0,DLS Interaction Parameter kD (mL/g),DLS kD,9,3,17.8,17.6,0.7408859217450339,-0.2718949209914938,1.0127808427365277
VIS_056,0,DLS Interaction Parameter kD (mL/g),DLS kD,9,4,9.1,18.636526,0.7408859217450339,-0.2718949209914938,1.0127808427365277
VIS_057,0,DLS Interaction Parameter kD (mL/g),DLS kD,9,5,40.0,32.894463,0.7408859217450339,-0.2718949209914938,1.0127808427365277
VIS_058,0,DLS Interaction Parameter kD (mL/g),DLS kD,9,6,10.8,15.144966,0.7408859217450339,-0.2718949209914938,1.0127808427365277
VIS_059,0,DLS Interaction Parameter kD (mL/g),DLS kD,9,7,7.6,9.946544,0.7408859217450339,-0.2718949209914938,1.0127808427365277
VIS_060,0,DLS Interaction Parameter kD (mL/g),DLS kD,9,8,20.1,45.0,0.7408859217450339,-0.2718949209914938,1.0127808427365277
VIS_061,0,DLS Interaction Parameter kD (mL/g),DLS kD,9,9,25.9,9.309042,0.7408859217450339,-0.2718949209914938,1.0127808427365277
VIS_062,0,DLS Interaction Parameter kD (mL/g),DLS kD,9,10,8.4,21.7,0.7408859217450339,-0.2718949209914938,1.0127808427365277
VIS_063,0,DLS Interaction Parameter kD (mL/g),DLS kD,9,11,12.6,11.7,0.7408859217450339,-0.2718949209914938,1.0127808427365277
VIS_064,0,DLS Interaction Parameter kD (mL/g),DLS kD,9,12,30.1,21.704857,0.7408859217450339,-0.2718949209914938,1.0127808427365277
VIS_065,0,DLS Interaction Parameter kD (mL/g),DLS kD,9,13,25.6,45.0,0.7408859217450339,-0.2718949209914938,1.0127808427365277
VIS_066,0,DLS Interaction Parameter kD (mL/g),DLS kD,9,14,15.0,10.9,0.7408859217450339,-0.2718949209914938,1.0127808427365277
VIS_067,0,DLS Interaction Parameter kD (mL/g),DLS kD,9,15,9.9,14.6,0.7408859217450339,-0.2718949209914938,1.0127808427365277
VIS_068,0,DLS Interaction Parameter kD (mL/g),DLS kD,9,16,42.1,16.76123,0.7408859217450339,-0.2718949209914938,1.0127808427365277
VIS_069,0,DLS Interaction Parameter kD (mL/g),DLS kD,9,17,16.8,10.9,0.7408859217450339,-0.2718949209914938,1.0127808427365277
VIS_070,0,DLS Interaction Parameter kD (mL/g),DLS kD,9,18,13.8,17.6,0.7408859217450339,-0.2718949209914938,1.0127808427365277
VIS_071,0,DLS Interaction Parameter kD (mL/g),DLS kD,9,19,13.9,22.360813,0.7408859217450339,-0.2718949209914938,1.0127808427365277
VIS_072,0,DLS Interaction Parameter kD (mL/g),DLS kD,9,20,11.9,10.9,0.7408859217450339,-0.2718949209914938,1.0127808427365277
VIS_073,0,DLS Interaction Parameter kD (mL/g),DLS kD,9,21,11.4,10.238956,0.7408859217450339,-0.2718949209914938,1.0127808427365277
VIS_074,0,DLS Interaction Parameter kD (mL/g),DLS kD,9,22,15.2,21.7,0.7408859217450339,-0.2718949209914938,1.0127808427365277
VIS_052,0,DLS Interaction Parameter kD (mL/g),DLS kD,10,0,12.2,11.150875,0.7408859217450339,-0.0798976874841266,0.8207836092291605
VIS_053,0,DLS Interaction Parameter kD (mL/g),DLS kD,10,1,10.8,21.7,0.7408859217450339,-0.0798976874841266,0.8207836092291605
VIS_054,0,DLS Interaction Parameter kD (mL/g),DLS kD,10,2,10.4,13.8,0.7408859217450339,-0.0798976874841266,0.8207836092291605
VIS_055,0,DLS Interaction Parameter kD (mL/g),DLS kD,10,3,17.8,19.612589,0.7408859217450339,-0.0798976874841266,0.8207836092291605
VIS_056,0,DLS Interaction Parameter kD (mL/g),DLS kD,10,4,9.1,10.3,0.7408859217450339,-0.0798976874841266,0.8207836092291605
VIS_057,0,DLS Interaction Parameter kD (mL/g),DLS kD,10,5,40.0,27.180483,0.7408859217450339,-0.0798976874841266,0.8207836092291605
VIS_058,0,DLS Interaction Parameter kD (mL/g),DLS kD,10,6,10.8,10.314425,0.7408859217450339,-0.0798976874841266,0.8207836092291605
VIS_059,0,DLS Interaction Parameter kD (mL/g),DLS kD,10,7,7.6,10.157198,0.7408859217450339,-0.0798976874841266,0.8207836092291605
VIS_060,0,DLS Interaction Parameter kD (mL/g),DLS kD,10,8,20.1,31.637241,0.7408859217450339,-0.0798976874841266,0.8207836092291605
VIS_061,0,DLS Interaction Parameter kD (mL/g),DLS kD,10,9,25.9,9.3,0.7408859217450339,-0.0798976874841266,0.8207836092291605
VIS_062,0,DLS Interaction Parameter kD (mL/g),DLS kD,10,10,8.4,9.3,0.7408859217450339,-0.0798976874841266,0.8207836092291605
VIS_063,0,DLS Interaction Parameter kD (mL/g),DLS kD,10,11,12.6,11.7,0.7408859217450339,-0.0798976874841266,0.8207836092291605
VIS_064,0,DLS Interaction Parameter kD (mL/g),DLS kD,10,12,30.1,9.96531,0.7408859217450339,-0.0798976874841266,0.8207836092291605
VIS_065,0,DLS Interaction Parameter kD (mL/g),DLS kD,10,13,25.6,45.0,0.7408859217450339,-0.0798976874841266,0.8207836092291605
VIS_066,0,DLS Interaction Parameter kD (mL/g),DLS kD,10,14,15.0,21.7,0.7408859217450339,-0.0798976874841266,0.8207836092291605
VIS_067,0,DLS Interaction Parameter kD (mL/g),DLS kD,10,15,9.9,14.458745,0.7408859217450339,-0.0798976874841266,0.8207836092291605
VIS_068,0,DLS Interaction Parameter kD (mL/g),DLS kD,10,16,42.1,21.7,0.7408859217450339,-0.0798976874841266,0.8207836092291605
VIS_069,0,DLS Interaction Parameter kD (mL/g),DLS kD,10,17,16.8,26.4,0.7408859217450339,-0.0798976874841266,0.8207836092291605
VIS_070,0,DLS Interaction Parameter kD (mL/g),DLS kD,10,18,13.8,19.393812,0.7408859217450339,-0.0798976874841266,0.8207836092291605
VIS_071,0,DLS Interaction Parameter kD (mL/g),DLS kD,10,19,13.9,16.6,0.7408859217450339,-0.0798976874841266,0.8207836092291605
VIS_072,0,DLS Interaction Parameter kD (mL/g),DLS kD,10,20,11.9,19.7,0.7408859217450339,-0.0798976874841266,0.8207836092291605
VIS_073,0,DLS Interaction Parameter kD (mL/g),DLS kD,10,21,11.4,13.1,0.7408859217450339,-0.0798976874841266,0.8207836092291605
VIS_074,0,DLS Interaction Parameter kD (mL/g),DLS kD,10,22,15.2,16.6,0.7408859217450339,-0.0798976874841266,0.8207836092291605
VIS_052,0,SE-UHPLC Main Peak Plates (EP),SE-UHPLC Plates,1,0,12.2,10.038223,0.7408859217450339,0.4883069991972162,0.2525789225478176
VIS_053,0,SE-UHPLC Main Peak Plates (EP),SE-UHPLC Plates,1,1,10.8,10.9,0.7408859217450339,0.4883069991972162,0.2525789225478176
VIS_054,0,SE-UHPLC Main Peak Plates (EP),SE-UHPLC Plates,1,2,10.4,12.138111,0.7408859217450339,0.4883069991972162,0.2525789225478176
VIS_055,0,SE-UHPLC Main Peak Plates (EP),SE-UHPLC Plates,1,3,17.8,25.212898,0.7408859217450339,0.4883069991972162,0.2525789225478176
VIS_056,0,SE-UHPLC Main Peak Plates (EP),SE-UHPLC Plates,1,4,9.1,11.7,0.7408859217450339,0.4883069991972162,0.2525789225478176
VIS_057,0,SE-UHPLC Main Peak Plates (EP),SE-UHPLC Plates,1,5,40.0,22.7,0.7408859217450339,0.4883069991972162,0.2525789225478176
VIS_058,0,SE-UHPLC Main Peak Plates (EP),SE-UHPLC Plates,1,6,10.8,11.1363325,0.7408859217450339,0.4883069991972162,0.2525789225478176
VIS_059,0,SE-UHPLC Main Peak Plates (EP),SE-UHPLC Plates,1,7,7.6,12.283923,0.7408859217450339,0.4883069991972162,0.2525789225478176
VIS_060,0,SE-UHPLC Main Peak Plates (EP),SE-UHPLC Plates,1,8,20.1,22.7,0.7408859217450339,0.4883069991972162,0.2525789225478176
VIS_061,0,SE-UHPLC Main Peak Plates (EP),SE-UHPLC Plates,1,9,25.9,20.191187,0.7408859217450339,0.4883069991972162,0.2525789225478176
VIS_062,0,SE-UHPLC Main Peak Plates (EP),SE-UHPLC Plates,1,10,8.4,12.764401,0.7408859217450339,0.4883069991972162,0.2525789225478176
VIS_063,0,SE-UHPLC Main Peak Plates (EP),SE-UHPLC Plates,1,11,12.6,10.4,0.7408859217450339,0.4883069991972162,0.2525789225478176
VIS_064,0,SE-UHPLC Main Peak Plates (EP),SE-UHPLC Plates,1,12,30.1,31.646935,0.7408859217450339,0.4883069991972162,0.2525789225478176
VIS_065,0,SE-UHPLC Main Peak Plates (EP),SE-UHPLC Plates,1,13,25.6,21.7,0.7408859217450339,0.4883069991972162,0.2525789225478176
VIS_066,0,SE-UHPLC Main Peak Plates (EP),SE-UHPLC Plates,1,14,15.0,10.6,0.7408859217450339,0.4883069991972162,0.2525789225478176
VIS_067,0,SE-UHPLC Main Peak Plates (EP),SE-UHPLC Plates,1,15,9.9,9.4,0.7408859217450339,0.4883069991972162,0.2525789225478176
VIS_068,0,SE-UHPLC Main Peak Plates (EP),SE-UHPLC Plates,1,16,42.1,21.125286,0.7408859217450339,0.4883069991972162,0.2525789225478176
VIS_069,0,SE-UHPLC Main Peak Plates (EP),SE-UHPLC Plates,1,17,16.8,16.957907,0.7408859217450339,0.4883069991972162,0.2525789225478176
VIS_070,0,SE-UHPLC Main Peak Plates (EP),SE-UHPLC Plates,1,18,13.8,20.999266,0.7408859217450339,0.4883069991972162,0.2525789225478176
VIS_071,0,SE-UHPLC Main Peak Plates (EP),SE-UHPLC Plates,1,19,13.9,14.6,0.7408859217450339,0.4883069991972162,0.2525789225478176
VIS_072,0,SE-UHPLC Main Peak Plates (EP),SE-UHPLC Plates,1,20,11.9,10.7276325,0.7408859217450339,0.4883069991972162,0.2525789225478176
VIS_073,0,SE-UHPLC Main Peak Plates (EP),SE-UHPLC Plates,1,21,11.4,16.6,0.7408859217450339,0.4883069991972162,0.2525789225478176
VIS_074,0,SE-UHPLC Main Peak Plates (EP),SE-UHPLC Plates,1,22,15.2,19.664194,0.7408859217450339,0.4883069991972162,0.2525789225478176
VIS_052,0,SE-UHPLC Main Peak Plates (EP),SE-UHPLC Plates,2,0,12.2,10.038223,0.7408859217450339,0.4890041015934236,0.2518818201516102
VIS_053,0,SE-UHPLC Main Peak Plates (EP),SE-UHPLC Plates,2,1,10.8,10.9,0.7408859217450339,0.4890041015934236,0.2518818201516102
VIS_054,0,SE-UHPLC Main Peak Plates (EP),SE-UHPLC Plates,2,2,10.4,14.6,0.7408859217450339,0.4890041015934236,0.2518818201516102
VIS_055,0,SE-UHPLC Main Peak Plates (EP),SE-UHPLC Plates,2,3,17.8,19.7,0.7408859217450339,0.4890041015934236,0.2518818201516102
VIS_056,0,SE-UHPLC Main Peak Plates (EP),SE-UHPLC Plates,2,4,9.1,10.3,0.7408859217450339,0.4890041015934236,0.2518818201516102
VIS_057,0,SE-UHPLC Main Peak Plates (EP),SE-UHPLC Plates,2,5,40.0,21.720495,0.7408859217450339,0.4890041015934236,0.2518818201516102
VIS_058,0,SE-UHPLC Main Peak Plates (EP),SE-UHPLC Plates,2,6,10.8,14.6,0.7408859217450339,0.4890041015934236,0.2518818201516102
VIS_059,0,SE-UHPLC Main Peak Plates (EP),SE-UHPLC Plates,2,7,7.6,10.374764,0.7408859217450339,0.4890041015934236,0.2518818201516102
VIS_060,0,SE-UHPLC Main Peak Plates (EP),SE-UHPLC Plates,2,8,20.1,15.0,0.7408859217450339,0.4890041015934236,0.2518818201516102
VIS_061,0,SE-UHPLC Main Peak Plates (EP),SE-UHPLC Plates,2,9,25.9,29.472467,0.7408859217450339,0.4890041015934236,0.2518818201516102
VIS_062,0,SE-UHPLC Main Peak Plates (EP),SE-UHPLC Plates,2,10,8.4,12.667586,0.7408859217450339,0.4890041015934236,0.2518818201516102
VIS_063,0,SE-UHPLC Main Peak Plates (EP),SE-UHPLC Plates,2,11,12.6,10.3,0.7408859217450339,0.4890041015934236,0.2518818201516102
VIS_064,0,SE-UHPLC Main Peak Plates (EP),SE-UHPLC Plates,2,12,30.1,27.851112,0.7408859217450339,0.4890041015934236,0.2518818201516102
VIS_065,0,SE-UHPLC Main Peak Plates (EP),SE-UHPLC Plates,2,13,25.6,17.352436,0.7408859217450339,0.4890041015934236,0.2518818201516102
VIS_066,0,SE-UHPLC Main Peak Plates (EP),SE-UHPLC Plates,2,14,15.0,13.1,0.7408859217450339,0.4890041015934236,0.2518818201516102
VIS_067,0,SE-UHPLC Main Peak Plates (EP),SE-UHPLC Plates,2,15,9.9,10.789918,0.7408859217450339,0.4890041015934236,0.2518818201516102
VIS_068,0,SE-UHPLC Main Peak Plates (EP),SE-UHPLC Plates,2,16,42.1,23.262453,0.7408859217450339,0.4890041015934236,0.2518818201516102
VIS_069,0,SE-UHPLC Main Peak Plates (EP),SE-UHPLC Plates,2,17,16.8,19.647446,0.7408859217450339,0.4890041015934236,0.2518818201516102
VIS_070,0,SE-UHPLC Main Peak Plates (EP),SE-UHPLC Plates,2,18,13.8,19.640654,0.7408859217450339,0.4890041015934236,0.2518818201516102
VIS_071,0,SE-UHPLC Main Peak Plates (EP),SE-UHPLC Plates,2,19,13.9,11.7,0.7408859217450339,0.4890041015934236,0.2518818201516102
VIS_072,0,SE-UHPLC Main Peak Plates (EP),SE-UHPLC Plates,2,20,11.9,11.7,0.7408859217450339,0.4890041015934236,0.2518818201516102
VIS_073,0,SE-UHPLC Main Peak Plates (EP),SE-UHPLC Plates,2,21,11.4,18.386848,0.7408859217450339,0.4890041015934236,0.2518818201516102
VIS_074,0,SE-UHPLC Main Peak Plates (EP),SE-UHPLC Plates,2,22,15.2,22.7,0.7408859217450339,0.4890041015934236,0.2518818201516102
VIS_052,0,SE-UHPLC Main Peak Plates (EP),SE-UHPLC Plates,3,0,12.2,11.799588,0.7408859217450339,0.2579775722072033,0.4829083495378306
VIS_053,0,SE-UHPLC Main Peak Plates (EP),SE-UHPLC Plates,3,1,10.8,10.703784,0.7408859217450339,0.2579775722072033,0.4829083495378306
VIS_054,0,SE-UHPLC Main Peak Plates (EP),SE-UHPLC Plates,3,2,10.4,12.138111,0.7408859217450339,0.2579775722072033,0.4829083495378306
VIS_055,0,SE-UHPLC Main Peak Plates (EP),SE-UHPLC Plates,3,3,17.8,22.7,0.7408859217450339,0.2579775722072033,0.4829083495378306
VIS_056,0,SE-UHPLC Main Peak Plates (EP),SE-UHPLC Plates,3,4,9.1,11.93581,0.7408859217450339,0.2579775722072033,0.4829083495378306
VIS_057,0,SE-UHPLC Main Peak Plates (EP),SE-UHPLC Plates,3,5,40.0,21.76803,0.7408859217450339,0.2579775722072033,0.4829083495378306
VIS_058,0,SE-UHPLC Main Peak Plates (EP),SE-UHPLC Plates,3,6,10.8,10.9,0.7408859217450339,0.2579775722072033,0.4829083495378306
VIS_059,0,SE-UHPLC Main Peak Plates (EP),SE-UHPLC Plates,3,7,7.6,10.6,0.7408859217450339,0.2579775722072033,0.4829083495378306
VIS_060,0,SE-UHPLC Main Peak Plates (EP),SE-UHPLC Plates,3,8,20.1,17.073017,0.7408859217450339,0.2579775722072033,0.4829083495378306
VIS_061,0,SE-UHPLC Main Peak Plates (EP),SE-UHPLC Plates,3,9,25.9,21.7,0.7408859217450339,0.2579775722072033,0.4829083495378306
VIS_062,0,SE-UHPLC Main Peak Plates (EP),SE-UHPLC Plates,3,10,8.4,12.63731,0.7408859217450339,0.2579775722072033,0.4829083495378306
VIS_063,0,SE-UHPLC Main Peak Plates (EP),SE-UHPLC Plates,3,11,12.6,10.4,0.7408859217450339,0.2579775722072033,0.4829083495378306
VIS_064,0,SE-UHPLC Main Peak Plates (EP),SE-UHPLC Plates,3,12,30.1,28.785706,0.7408859217450339,0.2579775722072033,0.4829083495378306
VIS_065,0,SE-UHPLC Main Peak Plates (EP),SE-UHPLC Plates,3,13,25.6,17.6,0.7408859217450339,0.2579775722072033,0.4829083495378306
VIS_066,0,SE-UHPLC Main Peak Plates (EP),SE-UHPLC Plates,3,14,15.0,10.6,0.7408859217450339,0.2579775722072033,0.4829083495378306
VIS_067,0,SE-UHPLC Main Peak Plates (EP),SE-UHPLC Plates,3,15,9.9,9.4,0.7408859217450339,0.2579775722072033,0.4829083495378306
VIS_068,0,SE-UHPLC Main Peak Plates (EP),SE-UHPLC Plates,3,16,42.1,31.533396,0.7408859217450339,0.2579775722072033,0.4829083495378306
VIS_069,0,SE-UHPLC Main Peak Plates (EP),SE-UHPLC Plates,3,17,16.8,19.884455,0.7408859217450339,0.2579775722072033,0.4829083495378306
VIS_070,0,SE-UHPLC Main Peak Plates (EP),SE-UHPLC Plates,3,18,13.8,17.79013,0.7408859217450339,0.2579775722072033,0.4829083495378306
VIS_071,0,SE-UHPLC Main Peak Plates (EP),SE-UHPLC Plates,3,19,13.9,18.379166,0.7408859217450339,0.2579775722072033,0.4829083495378306
VIS_072,0,SE-UHPLC Main Peak Plates (EP),SE-UHPLC Plates,3,20,11.9,10.864138,0.7408859217450339,0.2579775722072033,0.4829083495378306
VIS_073,0,SE-UHPLC Main Peak Plates (EP),SE-UHPLC Plates,3,21,11.4,16.371489,0.7408859217450339,0.2579775722072033,0.4829083495378306
VIS_074,0,SE-UHPLC Main Peak Plates (EP),SE-UHPLC Plates,3,22,15.2,43.515476,0.7408859217450339,0.2579775722072033,0.4829083495378306
VIS_052,0,SE-UHPLC Main Peak Plates (EP),SE-UHPLC Plates,4,0,12.2,11.7,0.7408859217450339,-0.019012398132937,0.759898319877971
VIS_053,0,SE-UHPLC Main Peak Plates (EP),SE-UHPLC Plates,4,1,10.8,10.9,0.7408859217450339,-0.019012398132937,0.759898319877971
VIS_054,0,SE-UHPLC Main Peak Plates (EP),SE-UHPLC Plates,4,2,10.4,13.1,0.7408859217450339,-0.019012398132937,0.759898319877971
VIS_055,0,SE-UHPLC Main Peak Plates (EP),SE-UHPLC Plates,4,3,17.8,25.212898,0.7408859217450339,-0.019012398132937,0.759898319877971
VIS_056,0,SE-UHPLC Main Peak Plates (EP),SE-UHPLC Plates,4,4,9.1,10.3,0.7408859217450339,-0.019012398132937,0.759898319877971
VIS_057,0,SE-UHPLC Main Peak Plates (EP),SE-UHPLC Plates,4,5,40.0,21.7,0.7408859217450339,-0.019012398132937,0.759898319877971
VIS_058,0,SE-UHPLC Main Peak Plates (EP),SE-UHPLC Plates,4,6,10.8,10.4,0.7408859217450339,-0.019012398132937,0.759898319877971
VIS_059,0,SE-UHPLC Main Peak Plates (EP),SE-UHPLC Plates,4,7,7.6,10.364356,0.7408859217450339,-0.019012398132937,0.759898319877971
VIS_060,0,SE-UHPLC Main Peak Plates (EP),SE-UHPLC Plates,4,8,20.1,16.947027,0.7408859217450339,-0.019012398132937,0.759898319877971
VIS_061,0,SE-UHPLC Main Peak Plates (EP),SE-UHPLC Plates,4,9,25.9,19.7,0.7408859217450339,-0.019012398132937,0.759898319877971
VIS_062,0,SE-UHPLC Main Peak Plates (EP),SE-UHPLC Plates,4,10,8.4,13.653331,0.7408859217450339,-0.019012398132937,0.759898319877971
VIS_063,0,SE-UHPLC Main Peak Plates (EP),SE-UHPLC Plates,4,11,12.6,10.6,0.7408859217450339,-0.019012398132937,0.759898319877971
VIS_064,0,SE-UHPLC Main Peak Plates (EP),SE-UHPLC Plates,4,12,30.1,45.0,0.7408859217450339,-0.019012398132937,0.759898319877971
VIS_065,0,SE-UHPLC Main Peak Plates (EP),SE-UHPLC Plates,4,13,25.6,23.243917,0.7408859217450339,-0.019012398132937,0.759898319877971
VIS_066,0,SE-UHPLC Main Peak Plates (EP),SE-UHPLC Plates,4,14,15.0,13.8,0.7408859217450339,-0.019012398132937,0.759898319877971
VIS_067,0,SE-UHPLC Main Peak Plates (EP),SE-UHPLC Plates,4,15,9.9,9.952248,0.7408859217450339,-0.019012398132937,0.759898319877971
VIS_068,0,SE-UHPLC Main Peak Plates (EP),SE-UHPLC Plates,4,16,42.1,21.10058,0.7408859217450339,-0.019012398132937,0.759898319877971
VIS_069,0,SE-UHPLC Main Peak Plates (EP),SE-UHPLC Plates,4,17,16.8,16.121866,0.7408859217450339,-0.019012398132937,0.759898319877971
VIS_070,0,SE-UHPLC Main Peak Plates (EP),SE-UHPLC Plates,4,18,13.8,21.7,0.7408859217450339,-0.019012398132937,0.759898319877971
VIS_071,0,SE-UHPLC Main Peak Plates (EP),SE-UHPLC Plates,4,19,13.9,11.548591,0.7408859217450339,-0.019012398132937,0.759898319877971
VIS_072,0,SE-UHPLC Main Peak Plates (EP),SE-UHPLC Plates,4,20,11.9,10.87253,0.7408859217450339,-0.019012398132937,0.759898319877971
VIS_073,0,SE-UHPLC Main Peak Plates (EP),SE-UHPLC Plates,4,21,11.4,16.6,0.7408859217450339,-0.019012398132937,0.759898319877971
VIS_074,0,SE-UHPLC Main Peak Plates (EP),SE-UHPLC Plates,4,22,15.2,43.515476,0.7408859217450339,-0.019012398132937,0.759898319877971
VIS_052,0,SE-UHPLC Main Peak Plates (EP),SE-UHPLC Plates,5,0,12.2,13.172306,0.7408859217450339,0.507130573339974,0.2337553484050598
VIS_053,0,SE-UHPLC Main Peak Plates (EP),SE-UHPLC Plates,5,1,10.8,11.7,0.7408859217450339,0.507130573339974,0.2337553484050598
VIS_054,0,SE-UHPLC Main Peak Plates (EP),SE-UHPLC Plates,5,2,10.4,12.4,0.7408859217450339,0.507130573339974,0.2337553484050598
VIS_055,0,SE-UHPLC Main Peak Plates (EP),SE-UHPLC Plates,5,3,17.8,22.7,0.7408859217450339,0.507130573339974,0.2337553484050598
VIS_056,0,SE-UHPLC Main Peak Plates (EP),SE-UHPLC Plates,5,4,9.1,10.3,0.7408859217450339,0.507130573339974,0.2337553484050598
VIS_057,0,SE-UHPLC Main Peak Plates (EP),SE-UHPLC Plates,5,5,40.0,26.4,0.7408859217450339,0.507130573339974,0.2337553484050598
VIS_058,0,SE-UHPLC Main Peak Plates (EP),SE-UHPLC Plates,5,6,10.8,10.3,0.7408859217450339,0.507130573339974,0.2337553484050598
VIS_059,0,SE-UHPLC Main Peak Plates (EP),SE-UHPLC Plates,5,7,7.6,10.9,0.7408859217450339,0.507130573339974,0.2337553484050598
VIS_060,0,SE-UHPLC Main Peak Plates (EP),SE-UHPLC Plates,5,8,20.1,14.6,0.7408859217450339,0.507130573339974,0.2337553484050598
VIS_061,0,SE-UHPLC Main Peak Plates (EP),SE-UHPLC Plates,5,9,25.9,22.7,0.7408859217450339,0.507130573339974,0.2337553484050598
VIS_062,0,SE-UHPLC Main Peak Plates (EP),SE-UHPLC Plates,5,10,8.4,12.63731,0.7408859217450339,0.507130573339974,0.2337553484050598
VIS_063,0,SE-UHPLC Main Peak Plates (EP),SE-UHPLC Plates,5,11,12.6,10.6,0.7408859217450339,0.507130573339974,0.2337553484050598
VIS_064,0,SE-UHPLC Main Peak Plates (EP),SE-UHPLC Plates,5,12,30.1,22.704203,0.7408859217450339,0.507130573339974,0.2337553484050598
VIS_065,0,SE-UHPLC Main Peak Plates (EP),SE-UHPLC Plates,5,13,25.6,32.58566,0.7408859217450339,0.507130573339974,0.2337553484050598
VIS_066,0,SE-UHPLC Main Peak Plates (EP),SE-UHPLC Plates,5,14,15.0,10.642894,0.7408859217450339,0.507130573339974,0.2337553484050598
VIS_067,0,SE-UHPLC Main Peak Plates (EP),SE-UHPLC Plates,5,15,9.9,9.4,0.7408859217450339,0.507130573339974,0.2337553484050598
VIS_068,0,SE-UHPLC Main Peak Plates (EP),SE-UHPLC Plates,5,16,42.1,21.7,0.7408859217450339,0.507130573339974,0.2337553484050598
VIS_069,0,SE-UHPLC Main Peak Plates (EP),SE-UHPLC Plates,5,17,16.8,22.7,0.7408859217450339,0.507130573339974,0.2337553484050598
VIS_070,0,SE-UHPLC Main Peak Plates (EP),SE-UHPLC Plates,5,18,13.8,21.7,0.7408859217450339,0.507130573339974,0.2337553484050598
VIS_071,0,SE-UHPLC Main Peak Plates (EP),SE-UHPLC Plates,5,19,13.9,11.7,0.7408859217450339,0.507130573339974,0.2337553484050598
VIS_072,0,SE-UHPLC Main Peak Plates (EP),SE-UHPLC Plates,5,20,11.9,10.7276325,0.7408859217450339,0.507130573339974,0.2337553484050598
VIS_073,0,SE-UHPLC Main Peak Plates (EP),SE-UHPLC Plates,5,21,11.4,17.6,0.7408859217450339,0.507130573339974,0.2337553484050598
VIS_074,0,SE-UHPLC Main Peak Plates (EP),SE-UHPLC Plates,5,22,15.2,20.033361,0.7408859217450339,0.507130573339974,0.2337553484050598
VIS_052,0,SE-UHPLC Main Peak Plates (EP),SE-UHPLC Plates,6,0,12.2,10.321313,0.7408859217450339,0.4730103310828304,0.2678755906622034
VIS_053,0,SE-UHPLC Main Peak Plates (EP),SE-UHPLC Plates,6,1,10.8,10.792753,0.7408859217450339,0.4730103310828304,0.2678755906622034
VIS_054,0,SE-UHPLC Main Peak Plates (EP),SE-UHPLC Plates,6,2,10.4,12.4,0.7408859217450339,0.4730103310828304,0.2678755906622034
VIS_055,0,SE-UHPLC Main Peak Plates (EP),SE-UHPLC Plates,6,3,17.8,21.7,0.7408859217450339,0.4730103310828304,0.2678755906622034
VIS_056,0,SE-UHPLC Main Peak Plates (EP),SE-UHPLC Plates,6,4,9.1,10.264351,0.7408859217450339,0.4730103310828304,0.2678755906622034
VIS_057,0,SE-UHPLC Main Peak Plates (EP),SE-UHPLC Plates,6,5,40.0,21.720495,0.7408859217450339,0.4730103310828304,0.2678755906622034
VIS_058,0,SE-UHPLC Main Peak Plates (EP),SE-UHPLC Plates,6,6,10.8,14.6,0.7408859217450339,0.4730103310828304,0.2678755906622034
VIS_059,0,SE-UHPLC Main Peak Plates (EP),SE-UHPLC Plates,6,7,7.6,10.995078,0.7408859217450339,0.4730103310828304,0.2678755906622034
VIS_060,0,SE-UHPLC Main Peak Plates (EP),SE-UHPLC Plates,6,8,20.1,19.304152,0.7408859217450339,0.4730103310828304,0.2678755906622034
VIS_061,0,SE-UHPLC Main Peak Plates (EP),SE-UHPLC Plates,6,9,25.9,22.7,0.7408859217450339,0.4730103310828304,0.2678755906622034
VIS_062,0,SE-UHPLC Main Peak Plates (EP),SE-UHPLC Plates,6,10,8.4,14.6,0.7408859217450339,0.4730103310828304,0.2678755906622034
VIS_063,0,SE-UHPLC Main Peak Plates (EP),SE-UHPLC Plates,6,11,12.6,14.531853,0.7408859217450339,0.4730103310828304,0.2678755906622034
VIS_064,0,SE-UHPLC Main Peak Plates (EP),SE-UHPLC Plates,6,12,30.1,31.04252,0.7408859217450339,0.4730103310828304,0.2678755906622034
VIS_065,0,SE-UHPLC Main Peak Plates (EP),SE-UHPLC Plates,6,13,25.6,17.6,0.7408859217450339,0.4730103310828304,0.2678755906622034
VIS_066,0,SE-UHPLC Main Peak Plates (EP),SE-UHPLC Plates,6,14,15.0,10.6,0.7408859217450339,0.4730103310828304,0.2678755906622034
VIS_067,0,SE-UHPLC Main Peak Plates (EP),SE-UHPLC Plates,6,15,9.9,9.4,0.7408859217450339,0.4730103310828304,0.2678755906622034
VIS_068,0,SE-UHPLC Main Peak Plates (EP),SE-UHPLC Plates,6,16,42.1,21.7,0.7408859217450339,0.4730103310828304,0.2678755906622034
VIS_069,0,SE-UHPLC Main Peak Plates (EP),SE-UHPLC Plates,6,17,16.8,22.688393,0.7408859217450339,0.4730103310828304,0.2678755906622034
VIS_070,0,SE-UHPLC Main Peak Plates (EP),SE-UHPLC Plates,6,18,13.8,21.7,0.7408859217450339,0.4730103310828304,0.2678755906622034
VIS_071,0,SE-UHPLC Main Peak Plates (EP),SE-UHPLC Plates,6,19,13.9,11.7,0.7408859217450339,0.4730103310828304,0.2678755906622034
VIS_072,0,SE-UHPLC Main Peak Plates (EP),SE-UHPLC Plates,6,20,11.9,11.7,0.7408859217450339,0.4730103310828304,0.2678755906622034
VIS_073,0,SE-UHPLC Main Peak Plates (EP),SE-UHPLC Plates,6,21,11.4,14.6,0.7408859217450339,0.4730103310828304,0.2678755906622034
VIS_074,0,SE-UHPLC Main Peak Plates (EP),SE-UHPLC Plates,6,22,15.2,18.745777,0.7408859217450339,0.4730103310828304,0.2678755906622034
VIS_052,0,SE-UHPLC Main Peak Plates (EP),SE-UHPLC Plates,7,0,12.2,11.7,0.7408859217450339,0.4194655303462938,0.32142039139874
VIS_053,0,SE-UHPLC Main Peak Plates (EP),SE-UHPLC Plates,7,1,10.8,11.7,0.7408859217450339,0.4194655303462938,0.32142039139874
VIS_054,0,SE-UHPLC Main Peak Plates (EP),SE-UHPLC Plates,7,2,10.4,12.784551,0.7408859217450339,0.4194655303462938,0.32142039139874
VIS_055,0,SE-UHPLC Main Peak Plates (EP),SE-UHPLC Plates,7,3,17.8,20.234058,0.7408859217450339,0.4194655303462938,0.32142039139874
VIS_056,0,SE-UHPLC Main Peak Plates (EP),SE-UHPLC Plates,7,4,9.1,10.250721,0.7408859217450339,0.4194655303462938,0.32142039139874
VIS_057,0,SE-UHPLC Main Peak Plates (EP),SE-UHPLC Plates,7,5,40.0,21.7,0.7408859217450339,0.4194655303462938,0.32142039139874
VIS_058,0,SE-UHPLC Main Peak Plates (EP),SE-UHPLC Plates,7,6,10.8,14.6,0.7408859217450339,0.4194655303462938,0.32142039139874
VIS_059,0,SE-UHPLC Main Peak Plates (EP),SE-UHPLC Plates,7,7,7.6,14.6,0.7408859217450339,0.4194655303462938,0.32142039139874
VIS_060,0,SE-UHPLC Main Peak Plates (EP),SE-UHPLC Plates,7,8,20.1,16.947027,0.7408859217450339,0.4194655303462938,0.32142039139874
VIS_061,0,SE-UHPLC Main Peak Plates (EP),SE-UHPLC Plates,7,9,25.9,21.566227,0.7408859217450339,0.4194655303462938,0.32142039139874
VIS_062,0,SE-UHPLC Main Peak Plates (EP),SE-UHPLC Plates,7,10,8.4,17.01072,0.7408859217450339,0.4194655303462938,0.32142039139874
VIS_063,0,SE-UHPLC Main Peak Plates (EP),SE-UHPLC Plates,7,11,12.6,10.450972,0.7408859217450339,0.4194655303462938,0.32142039139874
VIS_064,0,SE-UHPLC Main Peak Plates (EP),SE-UHPLC Plates,7,12,30.1,29.164888,0.7408859217450339,0.4194655303462938,0.32142039139874
VIS_065,0,SE-UHPLC Main Peak Plates (EP),SE-UHPLC Plates,7,13,25.6,17.1,0.7408859217450339,0.4194655303462938,0.32142039139874
VIS_066,0,SE-UHPLC Main Peak Plates (EP),SE-UHPLC Plates,7,14,15.0,13.8,0.7408859217450339,0.4194655303462938,0.32142039139874
VIS_067,0,SE-UHPLC Main Peak Plates (EP),SE-UHPLC Plates,7,15,9.9,9.4,0.7408859217450339,0.4194655303462938,0.32142039139874
VIS_068,0,SE-UHPLC Main Peak Plates (EP),SE-UHPLC Plates,7,16,42.1,21.125286,0.7408859217450339,0.4194655303462938,0.32142039139874
VIS_069,0,SE-UHPLC Main Peak Plates (EP),SE-UHPLC Plates,7,17,16.8,19.415895,0.7408859217450339,0.4194655303462938,0.32142039139874
VIS_070,0,SE-UHPLC Main Peak Plates (EP),SE-UHPLC Plates,7,18,13.8,21.7,0.7408859217450339,0.4194655303462938,0.32142039139874
VIS_071,0,SE-UHPLC Main Peak Plates (EP),SE-UHPLC Plates,7,19,13.9,11.7,0.7408859217450339,0.4194655303462938,0.32142039139874
VIS_072,0,SE-UHPLC Main Peak Plates (EP),SE-UHPLC Plates,7,20,11.9,17.1,0.7408859217450339,0.4194655303462938,0.32142039139874
VIS_073,0,SE-UHPLC Main Peak Plates (EP),SE-UHPLC Plates,7,21,11.4,16.803596,0.7408859217450339,0.4194655303462938,0.32142039139874
VIS_074,0,SE-UHPLC Main Peak Plates (EP),SE-UHPLC Plates,7,22,15.2,17.6,0.7408859217450339,0.4194655303462938,0.32142039139874
VIS_052,0,SE-UHPLC Main Peak Plates (EP),SE-UHPLC Plates,8,0,12.2,10.321313,0.7408859217450339,0.4110711065026995,0.3298148152423343
VIS_053,0,SE-UHPLC Main Peak Plates (EP),SE-UHPLC Plates,8,1,10.8,13.735443,0.7408859217450339,0.4110711065026995,0.3298148152423343
VIS_054,0,SE-UHPLC Main Peak Plates (EP),SE-UHPLC Plates,8,2,10.4,13.799022,0.7408859217450339,0.4110711065026995,0.3298148152423343
VIS_055,0,SE-UHPLC Main Peak Plates (EP),SE-UHPLC Plates,8,3,17.8,20.234058,0.7408859217450339,0.4110711065026995,0.3298148152423343
VIS_056,0,SE-UHPLC Main Peak Plates (EP),SE-UHPLC Plates,8,4,9.1,10.3,0.7408859217450339,0.4110711065026995,0.3298148152423343
VIS_057,0,SE-UHPLC Main Peak Plates (EP),SE-UHPLC Plates,8,5,40.0,21.7,0.7408859217450339,0.4110711065026995,0.3298148152423343
VIS_058,0,SE-UHPLC Main Peak Plates (EP),SE-UHPLC Plates,8,6,10.8,10.9,0.7408859217450339,0.4110711065026995,0.3298148152423343
VIS_059,0,SE-UHPLC Main Peak Plates (EP),SE-UHPLC Plates,8,7,7.6,12.283923,0.7408859217450339,0.4110711065026995,0.3298148152423343
VIS_060,0,SE-UHPLC Main Peak Plates (EP),SE-UHPLC Plates,8,8,20.1,21.7,0.7408859217450339,0.4110711065026995,0.3298148152423343
VIS_061,0,SE-UHPLC Main Peak Plates (EP),SE-UHPLC Plates,8,9,25.9,20.264196,0.7408859217450339,0.4110711065026995,0.3298148152423343
VIS_062,0,SE-UHPLC Main Peak Plates (EP),SE-UHPLC Plates,8,10,8.4,12.63731,0.7408859217450339,0.4110711065026995,0.3298148152423343
VIS_063,0,SE-UHPLC Main Peak Plates (EP),SE-UHPLC Plates,8,11,12.6,10.308231,0.7408859217450339,0.4110711065026995,0.3298148152423343
VIS_064,0,SE-UHPLC Main Peak Plates (EP),SE-UHPLC Plates,8,12,30.1,25.620075,0.7408859217450339,0.4110711065026995,0.3298148152423343
VIS_065,0,SE-UHPLC Main Peak Plates (EP),SE-UHPLC Plates,8,13,25.6,21.7,0.7408859217450339,0.4110711065026995,0.3298148152423343
VIS_066,0,SE-UHPLC Main Peak Plates (EP),SE-UHPLC Plates,8,14,15.0,13.1,0.7408859217450339,0.4110711065026995,0.3298148152423343
VIS_067,0,SE-UHPLC Main Peak Plates (EP),SE-UHPLC Plates,8,15,9.9,10.068308,0.7408859217450339,0.4110711065026995,0.3298148152423343
VIS_068,0,SE-UHPLC Main Peak Plates (EP),SE-UHPLC Plates,8,16,42.1,21.7,0.7408859217450339,0.4110711065026995,0.3298148152423343
VIS_069,0,SE-UHPLC Main Peak Plates (EP),SE-UHPLC Plates,8,17,16.8,16.611101,0.7408859217450339,0.4110711065026995,0.3298148152423343
VIS_070,0,SE-UHPLC Main Peak Plates (EP),SE-UHPLC Plates,8,18,13.8,19.4467,0.7408859217450339,0.4110711065026995,0.3298148152423343
VIS_071,0,SE-UHPLC Main Peak Plates (EP),SE-UHPLC Plates,8,19,13.9,10.9,0.7408859217450339,0.4110711065026995,0.3298148152423343
VIS_072,0,SE-UHPLC Main Peak Plates (EP),SE-UHPLC Plates,8,20,11.9,11.7,0.7408859217450339,0.4110711065026995,0.3298148152423343
VIS_073,0,SE-UHPLC Main Peak Plates (EP),SE-UHPLC Plates,8,21,11.4,21.935505,0.7408859217450339,0.4110711065026995,0.3298148152423343
VIS_074,0,SE-UHPLC Main Peak Plates (EP),SE-UHPLC Plates,8,22,15.2,26.82387,0.7408859217450339,0.4110711065026995,0.3298148152423343
VIS_052,0,SE-UHPLC Main Peak Plates (EP),SE-UHPLC Plates,9,0,12.2,13.097066,0.7408859217450339,0.442940670725865,0.2979452510191688
VIS_053,0,SE-UHPLC Main Peak Plates (EP),SE-UHPLC Plates,9,1,10.8,13.1,0.7408859217450339,0.442940670725865,0.2979452510191688
VIS_054,0,SE-UHPLC Main Peak Plates (EP),SE-UHPLC Plates,9,2,10.4,14.6,0.7408859217450339,0.442940670725865,0.2979452510191688
VIS_055,0,SE-UHPLC Main Peak Plates (EP),SE-UHPLC Plates,9,3,17.8,21.7,0.7408859217450339,0.442940670725865,0.2979452510191688
VIS_056,0,SE-UHPLC Main Peak Plates (EP),SE-UHPLC Plates,9,4,9.1,10.236867,0.7408859217450339,0.442940670725865,0.2979452510191688
VIS_057,0,SE-UHPLC Main Peak Plates (EP),SE-UHPLC Plates,9,5,40.0,32.984207,0.7408859217450339,0.442940670725865,0.2979452510191688
VIS_058,0,SE-UHPLC Main Peak Plates (EP),SE-UHPLC Plates,9,6,10.8,10.3,0.7408859217450339,0.442940670725865,0.2979452510191688
VIS_059,0,SE-UHPLC Main Peak Plates (EP),SE-UHPLC Plates,9,7,7.6,10.605915,0.7408859217450339,0.442940670725865,0.2979452510191688
VIS_060,0,SE-UHPLC Main Peak Plates (EP),SE-UHPLC Plates,9,8,20.1,14.6,0.7408859217450339,0.442940670725865,0.2979452510191688
VIS_061,0,SE-UHPLC Main Peak Plates (EP),SE-UHPLC Plates,9,9,25.9,21.167862,0.7408859217450339,0.442940670725865,0.2979452510191688
VIS_062,0,SE-UHPLC Main Peak Plates (EP),SE-UHPLC Plates,9,10,8.4,12.966945,0.7408859217450339,0.442940670725865,0.2979452510191688
VIS_063,0,SE-UHPLC Main Peak Plates (EP),SE-UHPLC Plates,9,11,12.6,10.3,0.7408859217450339,0.442940670725865,0.2979452510191688
VIS_064,0,SE-UHPLC Main Peak Plates (EP),SE-UHPLC Plates,9,12,30.1,45.9,0.7408859217450339,0.442940670725865,0.2979452510191688
VIS_065,0,SE-UHPLC Main Peak Plates (EP),SE-UHPLC Plates,9,13,25.6,18.28221,0.7408859217450339,0.442940670725865,0.2979452510191688
VIS_066,0,SE-UHPLC Main Peak Plates (EP),SE-UHPLC Plates,9,14,15.0,10.6,0.7408859217450339,0.442940670725865,0.2979452510191688
VIS_067,0,SE-UHPLC Main Peak Plates (EP),SE-UHPLC Plates,9,15,9.9,9.4,0.7408859217450339,0.442940670725865,0.2979452510191688
VIS_068,0,SE-UHPLC Main Peak Plates (EP),SE-UHPLC Plates,9,16,42.1,21.7,0.7408859217450339,0.442940670725865,0.2979452510191688
VIS_069,0,SE-UHPLC Main Peak Plates (EP),SE-UHPLC Plates,9,17,16.8,19.884455,0.7408859217450339,0.442940670725865,0.2979452510191688
VIS_070,0,SE-UHPLC Main Peak Plates (EP),SE-UHPLC Plates,9,18,13.8,17.6,0.7408859217450339,0.442940670725865,0.2979452510191688
VIS_071,0,SE-UHPLC Main Peak Plates (EP),SE-UHPLC Plates,9,19,13.9,16.6,0.7408859217450339,0.442940670725865,0.2979452510191688
VIS_072,0,SE-UHPLC Main Peak Plates (EP),SE-UHPLC Plates,9,20,11.9,13.9,0.7408859217450339,0.442940670725865,0.2979452510191688
VIS_073,0,SE-UHPLC Main Peak Plates (EP),SE-UHPLC Plates,9,21,11.4,15.0,0.7408859217450339,0.442940670725865,0.2979452510191688
VIS_074,0,SE-UHPLC Main Peak Plates (EP),SE-UHPLC Plates,9,22,15.2,27.794415,0.7408859217450339,0.442940670725865,0.2979452510191688
VIS_052,0,SE-UHPLC Main Peak Plates (EP),SE-UHPLC Plates,10,0,12.2,11.150875,0.7408859217450339,0.6202421528885965,0.1206437688564373
VIS_053,0,SE-UHPLC Main Peak Plates (EP),SE-UHPLC Plates,10,1,10.8,17.70522,0.7408859217450339,0.6202421528885965,0.1206437688564373
VIS_054,0,SE-UHPLC Main Peak Plates (EP),SE-UHPLC Plates,10,2,10.4,15.0,0.7408859217450339,0.6202421528885965,0.1206437688564373
VIS_055,0,SE-UHPLC Main Peak Plates (EP),SE-UHPLC Plates,10,3,17.8,24.543137,0.7408859217450339,0.6202421528885965,0.1206437688564373
VIS_056,0,SE-UHPLC Main Peak Plates (EP),SE-UHPLC Plates,10,4,9.1,10.3,0.7408859217450339,0.6202421528885965,0.1206437688564373
VIS_057,0,SE-UHPLC Main Peak Plates (EP),SE-UHPLC Plates,10,5,40.0,22.7,0.7408859217450339,0.6202421528885965,0.1206437688564373
VIS_058,0,SE-UHPLC Main Peak Plates (EP),SE-UHPLC Plates,10,6,10.8,10.4,0.7408859217450339,0.6202421528885965,0.1206437688564373
VIS_059,0,SE-UHPLC Main Peak Plates (EP),SE-UHPLC Plates,10,7,7.6,11.009322,0.7408859217450339,0.6202421528885965,0.1206437688564373
VIS_060,0,SE-UHPLC Main Peak Plates (EP),SE-UHPLC Plates,10,8,20.1,13.803308,0.7408859217450339,0.6202421528885965,0.1206437688564373
VIS_061,0,SE-UHPLC Main Peak Plates (EP),SE-UHPLC Plates,10,9,25.9,21.566227,0.7408859217450339,0.6202421528885965,0.1206437688564373
VIS_062,0,SE-UHPLC Main Peak Plates (EP),SE-UHPLC Plates,10,10,8.4,12.4,0.7408859217450339,0.6202421528885965,0.1206437688564373
VIS_063,0,SE-UHPLC Main Peak Plates (EP),SE-UHPLC Plates,10,11,12.6,13.1,0.7408859217450339,0.6202421528885965,0.1206437688564373
VIS_064,0,SE-UHPLC Main Peak Plates (EP),SE-UHPLC Plates,10,12,30.1,31.646935,0.7408859217450339,0.6202421528885965,0.1206437688564373
VIS_065,0,SE-UHPLC Main Peak Plates (EP),SE-UHPLC Plates,10,13,25.6,18.28221,0.7408859217450339,0.6202421528885965,0.1206437688564373
VIS_066,0,SE-UHPLC Main Peak Plates (EP),SE-UHPLC Plates,10,14,15.0,10.9,0.7408859217450339,0.6202421528885965,0.1206437688564373
VIS_067,0,SE-UHPLC Main Peak Plates (EP),SE-UHPLC Plates,10,15,9.9,9.4,0.7408859217450339,0.6202421528885965,0.1206437688564373
VIS_068,0,SE-UHPLC Main Peak Plates (EP),SE-UHPLC Plates,10,16,42.1,31.533396,0.7408859217450339,0.6202421528885965,0.1206437688564373
VIS_069,0,SE-UHPLC Main Peak Plates (EP),SE-UHPLC Plates,10,17,16.8,16.611101,0.7408859217450339,0.6202421528885965,0.1206437688564373
VIS_070,0,SE-UHPLC Main Peak Plates (EP),SE-UHPLC Plates,10,18,13.8,19.660078,0.7408859217450339,0.6202421528885965,0.1206437688564373
VIS_071,0,SE-UHPLC Main Peak Plates (EP),SE-UHPLC Plates,10,19,13.9,11.7,0.7408859217450339,0.6202421528885965,0.1206437688564373
VIS_072,0,SE-UHPLC Main Peak Plates (EP),SE-UHPLC Plates,10,20,11.9,10.6,0.7408859217450339,0.6202421528885965,0.1206437688564373
VIS_073,0,SE-UHPLC Main Peak Plates (EP),SE-UHPLC Plates,10,21,11.4,16.0465,0.7408859217450339,0.6202421528885965,0.1206437688564373
VIS_074,0,SE-UHPLC Main Peak Plates (EP),SE-UHPLC Plates,10,22,15.2,19.203539,0.7408859217450339,0.6202421528885965,0.1206437688564373
VIS_052,0,AC-SINS λmax (nm),AC-SINS Δλmax,1,0,12.2,13.611872,0.7408859217450339,0.5528926670605512,0.1879932546844827
VIS_053,0,AC-SINS λmax (nm),AC-SINS Δλmax,1,1,10.8,10.9,0.7408859217450339,0.5528926670605512,0.1879932546844827
VIS_054,0,AC-SINS λmax (nm),AC-SINS Δλmax,1,2,10.4,12.138111,0.7408859217450339,0.5528926670605512,0.1879932546844827
VIS_055,0,AC-SINS λmax (nm),AC-SINS Δλmax,1,3,17.8,28.625444,0.7408859217450339,0.5528926670605512,0.1879932546844827
VIS_056,0,AC-SINS λmax (nm),AC-SINS Δλmax,1,4,9.1,10.661245,0.7408859217450339,0.5528926670605512,0.1879932546844827
VIS_057,0,AC-SINS λmax (nm),AC-SINS Δλmax,1,5,40.0,25.066113,0.7408859217450339,0.5528926670605512,0.1879932546844827
VIS_058,0,AC-SINS λmax (nm),AC-SINS Δλmax,1,6,10.8,9.9,0.7408859217450339,0.5528926670605512,0.1879932546844827
VIS_059,0,AC-SINS λmax (nm),AC-SINS Δλmax,1,7,7.6,14.6,0.7408859217450339,0.5528926670605512,0.1879932546844827
VIS_060,0,AC-SINS λmax (nm),AC-SINS Δλmax,1,8,20.1,21.7,0.7408859217450339,0.5528926670605512,0.1879932546844827
VIS_061,0,AC-SINS λmax (nm),AC-SINS Δλmax,1,9,25.9,21.7,0.7408859217450339,0.5528926670605512,0.1879932546844827
VIS_062,0,AC-SINS λmax (nm),AC-SINS Δλmax,1,10,8.4,13.091284,0.7408859217450339,0.5528926670605512,0.1879932546844827
VIS_063,0,AC-SINS λmax (nm),AC-SINS Δλmax,1,11,12.6,16.955572,0.7408859217450339,0.5528926670605512,0.1879932546844827
VIS_064,0,AC-SINS λmax (nm),AC-SINS Δλmax,1,12,30.1,26.965164,0.7408859217450339,0.5528926670605512,0.1879932546844827
VIS_065,0,AC-SINS λmax (nm),AC-SINS Δλmax,1,13,25.6,26.18336,0.7408859217450339,0.5528926670605512,0.1879932546844827
VIS_066,0,AC-SINS λmax (nm),AC-SINS Δλmax,1,14,15.0,15.299168,0.7408859217450339,0.5528926670605512,0.1879932546844827
VIS_067,0,AC-SINS λmax (nm),AC-SINS Δλmax,1,15,9.9,10.3,0.7408859217450339,0.5528926670605512,0.1879932546844827
VIS_068,0,AC-SINS λmax (nm),AC-SINS Δλmax,1,16,42.1,28.426277,0.7408859217450339,0.5528926670605512,0.1879932546844827
VIS_069,0,AC-SINS λmax (nm),AC-SINS Δλmax,1,17,16.8,15.0,0.7408859217450339,0.5528926670605512,0.1879932546844827
VIS_070,0,AC-SINS λmax (nm),AC-SINS Δλmax,1,18,13.8,20.941252,0.7408859217450339,0.5528926670605512,0.1879932546844827
VIS_071,0,AC-SINS λmax (nm),AC-SINS Δλmax,1,19,13.9,10.4,0.7408859217450339,0.5528926670605512,0.1879932546844827
VIS_072,0,AC-SINS λmax (nm),AC-SINS Δλmax,1,20,11.9,10.248428,0.7408859217450339,0.5528926670605512,0.1879932546844827
VIS_073,0,AC-SINS λmax (nm),AC-SINS Δλmax,1,21,11.4,17.594275,0.7408859217450339,0.5528926670605512,0.1879932546844827
VIS_074,0,AC-SINS λmax (nm),AC-SINS Δλmax,1,22,15.2,26.94579,0.7408859217450339,0.5528926670605512,0.1879932546844827
VIS_052,0,AC-SINS λmax (nm),AC-SINS Δλmax,2,0,12.2,13.611872,0.7408859217450339,0.4577289052059892,0.2831570165390447
VIS_053,0,AC-SINS λmax (nm),AC-SINS Δλmax,2,1,10.8,10.9,0.7408859217450339,0.4577289052059892,0.2831570165390447
VIS_054,0,AC-SINS λmax (nm),AC-SINS Δλmax,2,2,10.4,14.6,0.7408859217450339,0.4577289052059892,0.2831570165390447
VIS_055,0,AC-SINS λmax (nm),AC-SINS Δλmax,2,3,17.8,29.17126,0.7408859217450339,0.4577289052059892,0.2831570165390447
VIS_056,0,AC-SINS λmax (nm),AC-SINS Δλmax,2,4,9.1,10.4386015,0.7408859217450339,0.4577289052059892,0.2831570165390447
VIS_057,0,AC-SINS λmax (nm),AC-SINS Δλmax,2,5,40.0,27.932734,0.7408859217450339,0.4577289052059892,0.2831570165390447
VIS_058,0,AC-SINS λmax (nm),AC-SINS Δλmax,2,6,10.8,10.9,0.7408859217450339,0.4577289052059892,0.2831570165390447
VIS_059,0,AC-SINS λmax (nm),AC-SINS Δλmax,2,7,7.6,10.374764,0.7408859217450339,0.4577289052059892,0.2831570165390447
VIS_060,0,AC-SINS λmax (nm),AC-SINS Δλmax,2,8,20.1,21.7,0.7408859217450339,0.4577289052059892,0.2831570165390447
VIS_061,0,AC-SINS λmax (nm),AC-SINS Δλmax,2,9,25.9,27.523643,0.7408859217450339,0.4577289052059892,0.2831570165390447
VIS_062,0,AC-SINS λmax (nm),AC-SINS Δλmax,2,10,8.4,10.6,0.7408859217450339,0.4577289052059892,0.2831570165390447
VIS_063,0,AC-SINS λmax (nm),AC-SINS Δλmax,2,11,12.6,11.7,0.7408859217450339,0.4577289052059892,0.2831570165390447
VIS_064,0,AC-SINS λmax (nm),AC-SINS Δλmax,2,12,30.1,21.7,0.7408859217450339,0.4577289052059892,0.2831570165390447
VIS_065,0,AC-SINS λmax (nm),AC-SINS Δλmax,2,13,25.6,25.720438,0.7408859217450339,0.4577289052059892,0.2831570165390447
VIS_066,0,AC-SINS λmax (nm),AC-SINS Δλmax,2,14,15.0,13.1,0.7408859217450339,0.4577289052059892,0.2831570165390447
VIS_067,0,AC-SINS λmax (nm),AC-SINS Δλmax,2,15,9.9,14.6,0.7408859217450339,0.4577289052059892,0.2831570165390447
VIS_068,0,AC-SINS λmax (nm),AC-SINS Δλmax,2,16,42.1,21.29269,0.7408859217450339,0.4577289052059892,0.2831570165390447
VIS_069,0,AC-SINS λmax (nm),AC-SINS Δλmax,2,17,16.8,14.6,0.7408859217450339,0.4577289052059892,0.2831570165390447
VIS_070,0,AC-SINS λmax (nm),AC-SINS Δλmax,2,18,13.8,20.7864,0.7408859217450339,0.4577289052059892,0.2831570165390447
VIS_071,0,AC-SINS λmax (nm),AC-SINS Δλmax,2,19,13.9,9.9,0.7408859217450339,0.4577289052059892,0.2831570165390447
VIS_072,0,AC-SINS λmax (nm),AC-SINS Δλmax,2,20,11.9,9.938549,0.7408859217450339,0.4577289052059892,0.2831570165390447
VIS_073,0,AC-SINS λmax (nm),AC-SINS Δλmax,2,21,11.4,18.248175,0.7408859217450339,0.4577289052059892,0.2831570165390447
VIS_074,0,AC-SINS λmax (nm),AC-SINS Δλmax,2,22,15.2,26.55642,0.7408859217450339,0.4577289052059892,0.2831570165390447
VIS_052,0,AC-SINS λmax (nm),AC-SINS Δλmax,3,0,12.2,14.6,0.7408859217450339,0.5947829003083234,0.1461030214367105
VIS_053,0,AC-SINS λmax (nm),AC-SINS Δλmax,3,1,10.8,10.3,0.7408859217450339,0.5947829003083234,0.1461030214367105
VIS_054,0,AC-SINS λmax (nm),AC-SINS Δλmax,3,2,10.4,12.138111,0.7408859217450339,0.5947829003083234,0.1461030214367105
VIS_055,0,AC-SINS λmax (nm),AC-SINS Δλmax,3,3,17.8,27.48775,0.7408859217450339,0.5947829003083234,0.1461030214367105
VIS_056,0,AC-SINS λmax (nm),AC-SINS Δλmax,3,4,9.1,10.589856,0.7408859217450339,0.5947829003083234,0.1461030214367105
VIS_057,0,AC-SINS λmax (nm),AC-SINS Δλmax,3,5,40.0,45.117958,0.7408859217450339,0.5947829003083234,0.1461030214367105
VIS_058,0,AC-SINS λmax (nm),AC-SINS Δλmax,3,6,10.8,9.4,0.7408859217450339,0.5947829003083234,0.1461030214367105
VIS_059,0,AC-SINS λmax (nm),AC-SINS Δλmax,3,7,7.6,10.374764,0.7408859217450339,0.5947829003083234,0.1461030214367105
VIS_060,0,AC-SINS λmax (nm),AC-SINS Δλmax,3,8,20.1,13.034261,0.7408859217450339,0.5947829003083234,0.1461030214367105
VIS_061,0,AC-SINS λmax (nm),AC-SINS Δλmax,3,9,25.9,26.4,0.7408859217450339,0.5947829003083234,0.1461030214367105
VIS_062,0,AC-SINS λmax (nm),AC-SINS Δλmax,3,10,8.4,12.218389,0.7408859217450339,0.5947829003083234,0.1461030214367105
VIS_063,0,AC-SINS λmax (nm),AC-SINS Δλmax,3,11,12.6,16.955572,0.7408859217450339,0.5947829003083234,0.1461030214367105
VIS_064,0,AC-SINS λmax (nm),AC-SINS Δλmax,3,12,30.1,21.7,0.7408859217450339,0.5947829003083234,0.1461030214367105
VIS_065,0,AC-SINS λmax (nm),AC-SINS Δλmax,3,13,25.6,20.991842,0.7408859217450339,0.5947829003083234,0.1461030214367105
VIS_066,0,AC-SINS λmax (nm),AC-SINS Δλmax,3,14,15.0,10.9,0.7408859217450339,0.5947829003083234,0.1461030214367105
VIS_067,0,AC-SINS λmax (nm),AC-SINS Δλmax,3,15,9.9,10.3,0.7408859217450339,0.5947829003083234,0.1461030214367105
VIS_068,0,AC-SINS λmax (nm),AC-SINS Δλmax,3,16,42.1,27.130774,0.7408859217450339,0.5947829003083234,0.1461030214367105
VIS_069,0,AC-SINS λmax (nm),AC-SINS Δλmax,3,17,16.8,15.0,0.7408859217450339,0.5947829003083234,0.1461030214367105
VIS_070,0,AC-SINS λmax (nm),AC-SINS Δλmax,3,18,13.8,21.7,0.7408859217450339,0.5947829003083234,0.1461030214367105
VIS_071,0,AC-SINS λmax (nm),AC-SINS Δλmax,3,19,13.9,12.414147,0.7408859217450339,0.5947829003083234,0.1461030214367105
VIS_072,0,AC-SINS λmax (nm),AC-SINS Δλmax,3,20,11.9,10.563578,0.7408859217450339,0.5947829003083234,0.1461030214367105
VIS_073,0,AC-SINS λmax (nm),AC-SINS Δλmax,3,21,11.4,18.439709,0.7408859217450339,0.5947829003083234,0.1461030214367105
VIS_074,0,AC-SINS λmax (nm),AC-SINS Δλmax,3,22,15.2,27.049036,0.7408859217450339,0.5947829003083234,0.1461030214367105
VIS_052,0,AC-SINS λmax (nm),AC-SINS Δλmax,4,0,12.2,10.9,0.7408859217450339,0.6184263242657477,0.1224595974792861
VIS_053,0,AC-SINS λmax (nm),AC-SINS Δλmax,4,1,10.8,10.6,0.7408859217450339,0.6184263242657477,0.1224595974792861
VIS_054,0,AC-SINS λmax (nm),AC-SINS Δλmax,4,2,10.4,11.7,0.7408859217450339,0.6184263242657477,0.1224595974792861
VIS_055,0,AC-SINS λmax (nm),AC-SINS Δλmax,4,3,17.8,28.625444,0.7408859217450339,0.6184263242657477,0.1224595974792861
VIS_056,0,AC-SINS λmax (nm),AC-SINS Δλmax,4,4,9.1,10.4,0.7408859217450339,0.6184263242657477,0.1224595974792861
VIS_057,0,AC-SINS λmax (nm),AC-SINS Δλmax,4,5,40.0,45.393837,0.7408859217450339,0.6184263242657477,0.1224595974792861
VIS_058,0,AC-SINS λmax (nm),AC-SINS Δλmax,4,6,10.8,9.1,0.7408859217450339,0.6184263242657477,0.1224595974792861
VIS_059,0,AC-SINS λmax (nm),AC-SINS Δλmax,4,7,7.6,11.980649,0.7408859217450339,0.6184263242657477,0.1224595974792861
VIS_060,0,AC-SINS λmax (nm),AC-SINS Δλmax,4,8,20.1,13.034261,0.7408859217450339,0.6184263242657477,0.1224595974792861
VIS_061,0,AC-SINS λmax (nm),AC-SINS Δλmax,4,9,25.9,27.281982,0.7408859217450339,0.6184263242657477,0.1224595974792861
VIS_062,0,AC-SINS λmax (nm),AC-SINS Δλmax,4,10,8.4,13.9,0.7408859217450339,0.6184263242657477,0.1224595974792861
VIS_063,0,AC-SINS λmax (nm),AC-SINS Δλmax,4,11,12.6,11.060304,0.7408859217450339,0.6184263242657477,0.1224595974792861
VIS_064,0,AC-SINS λmax (nm),AC-SINS Δλmax,4,12,30.1,28.36462,0.7408859217450339,0.6184263242657477,0.1224595974792861
VIS_065,0,AC-SINS λmax (nm),AC-SINS Δλmax,4,13,25.6,26.4,0.7408859217450339,0.6184263242657477,0.1224595974792861
VIS_066,0,AC-SINS λmax (nm),AC-SINS Δλmax,4,14,15.0,16.6995,0.7408859217450339,0.6184263242657477,0.1224595974792861
VIS_067,0,AC-SINS λmax (nm),AC-SINS Δλmax,4,15,9.9,10.9,0.7408859217450339,0.6184263242657477,0.1224595974792861
VIS_068,0,AC-SINS λmax (nm),AC-SINS Δλmax,4,16,42.1,26.4,0.7408859217450339,0.6184263242657477,0.1224595974792861
VIS_069,0,AC-SINS λmax (nm),AC-SINS Δλmax,4,17,16.8,16.338013,0.7408859217450339,0.6184263242657477,0.1224595974792861
VIS_070,0,AC-SINS λmax (nm),AC-SINS Δλmax,4,18,13.8,21.7,0.7408859217450339,0.6184263242657477,0.1224595974792861
VIS_071,0,AC-SINS λmax (nm),AC-SINS Δλmax,4,19,13.9,10.4,0.7408859217450339,0.6184263242657477,0.1224595974792861
VIS_072,0,AC-SINS λmax (nm),AC-SINS Δλmax,4,20,11.9,9.938549,0.7408859217450339,0.6184263242657477,0.1224595974792861
VIS_073,0,AC-SINS λmax (nm),AC-SINS Δλmax,4,21,11.4,17.594275,0.7408859217450339,0.6184263242657477,0.1224595974792861
VIS_074,0,AC-SINS λmax (nm),AC-SINS Δλmax,4,22,15.2,27.049036,0.7408859217450339,0.6184263242657477,0.1224595974792861
VIS_052,0,AC-SINS λmax (nm),AC-SINS Δλmax,5,0,12.2,15.0,0.7408859217450339,0.6289394956739522,0.1119464260710816
VIS_053,0,AC-SINS λmax (nm),AC-SINS Δλmax,5,1,10.8,9.3,0.7408859217450339,0.6289394956739522,0.1119464260710816
VIS_054,0,AC-SINS λmax (nm),AC-SINS Δλmax,5,2,10.4,14.6,0.7408859217450339,0.6289394956739522,0.1119464260710816
VIS_055,0,AC-SINS λmax (nm),AC-SINS Δλmax,5,3,17.8,27.48775,0.7408859217450339,0.6289394956739522,0.1119464260710816
VIS_056,0,AC-SINS λmax (nm),AC-SINS Δλmax,5,4,9.1,10.264351,0.7408859217450339,0.6289394956739522,0.1119464260710816
VIS_057,0,AC-SINS λmax (nm),AC-SINS Δλmax,5,5,40.0,45.439735,0.7408859217450339,0.6289394956739522,0.1119464260710816
VIS_058,0,AC-SINS λmax (nm),AC-SINS Δλmax,5,6,10.8,10.021109,0.7408859217450339,0.6289394956739522,0.1119464260710816
VIS_059,0,AC-SINS λmax (nm),AC-SINS Δλmax,5,7,7.6,14.0017805,0.7408859217450339,0.6289394956739522,0.1119464260710816
VIS_060,0,AC-SINS λmax (nm),AC-SINS Δλmax,5,8,20.1,14.6,0.7408859217450339,0.6289394956739522,0.1119464260710816
VIS_061,0,AC-SINS λmax (nm),AC-SINS Δλmax,5,9,25.9,22.01067,0.7408859217450339,0.6289394956739522,0.1119464260710816
VIS_062,0,AC-SINS λmax (nm),AC-SINS Δλmax,5,10,8.4,12.218389,0.7408859217450339,0.6289394956739522,0.1119464260710816
VIS_063,0,AC-SINS λmax (nm),AC-SINS Δλmax,5,11,12.6,11.060304,0.7408859217450339,0.6289394956739522,0.1119464260710816
VIS_064,0,AC-SINS λmax (nm),AC-SINS Δλmax,5,12,30.1,28.36462,0.7408859217450339,0.6289394956739522,0.1119464260710816
VIS_065,0,AC-SINS λmax (nm),AC-SINS Δλmax,5,13,25.6,26.4,0.7408859217450339,0.6289394956739522,0.1119464260710816
VIS_066,0,AC-SINS λmax (nm),AC-SINS Δλmax,5,14,15.0,10.9,0.7408859217450339,0.6289394956739522,0.1119464260710816
VIS_067,0,AC-SINS λmax (nm),AC-SINS Δλmax,5,15,9.9,13.8,0.7408859217450339,0.6289394956739522,0.1119464260710816
VIS_068,0,AC-SINS λmax (nm),AC-SINS Δλmax,5,16,42.1,26.48867,0.7408859217450339,0.6289394956739522,0.1119464260710816
VIS_069,0,AC-SINS λmax (nm),AC-SINS Δλmax,5,17,16.8,16.658554,0.7408859217450339,0.6289394956739522,0.1119464260710816
VIS_070,0,AC-SINS λmax (nm),AC-SINS Δλmax,5,18,13.8,17.6,0.7408859217450339,0.6289394956739522,0.1119464260710816
VIS_071,0,AC-SINS λmax (nm),AC-SINS Δλmax,5,19,13.9,10.9,0.7408859217450339,0.6289394956739522,0.1119464260710816
VIS_072,0,AC-SINS λmax (nm),AC-SINS Δλmax,5,20,11.9,10.248428,0.7408859217450339,0.6289394956739522,0.1119464260710816
VIS_073,0,AC-SINS λmax (nm),AC-SINS Δλmax,5,21,11.4,18.152218,0.7408859217450339,0.6289394956739522,0.1119464260710816
VIS_074,0,AC-SINS λmax (nm),AC-SINS Δλmax,5,22,15.2,27.059048,0.7408859217450339,0.6289394956739522,0.1119464260710816
VIS_052,0,AC-SINS λmax (nm),AC-SINS Δλmax,6,0,12.2,14.6,0.7408859217450339,0.6043879098331737,0.1364980119118601
VIS_053,0,AC-SINS λmax (nm),AC-SINS Δλmax,6,1,10.8,9.3,0.7408859217450339,0.6043879098331737,0.1364980119118601
VIS_054,0,AC-SINS λmax (nm),AC-SINS Δλmax,6,2,10.4,11.737917,0.7408859217450339,0.6043879098331737,0.1364980119118601
VIS_055,0,AC-SINS λmax (nm),AC-SINS Δλmax,6,3,17.8,29.355902,0.7408859217450339,0.6043879098331737,0.1364980119118601
VIS_056,0,AC-SINS λmax (nm),AC-SINS Δλmax,6,4,9.1,10.264351,0.7408859217450339,0.6043879098331737,0.1364980119118601
VIS_057,0,AC-SINS λmax (nm),AC-SINS Δλmax,6,5,40.0,27.932734,0.7408859217450339,0.6043879098331737,0.1364980119118601
VIS_058,0,AC-SINS λmax (nm),AC-SINS Δλmax,6,6,10.8,10.9,0.7408859217450339,0.6043879098331737,0.1364980119118601
VIS_059,0,AC-SINS λmax (nm),AC-SINS Δλmax,6,7,7.6,11.7,0.7408859217450339,0.6043879098331737,0.1364980119118601
VIS_060,0,AC-SINS λmax (nm),AC-SINS Δλmax,6,8,20.1,21.7,0.7408859217450339,0.6043879098331737,0.1364980119118601
VIS_061,0,AC-SINS λmax (nm),AC-SINS Δλmax,6,9,25.9,26.649942,0.7408859217450339,0.6043879098331737,0.1364980119118601
VIS_062,0,AC-SINS λmax (nm),AC-SINS Δλmax,6,10,8.4,9.3,0.7408859217450339,0.6043879098331737,0.1364980119118601
VIS_063,0,AC-SINS λmax (nm),AC-SINS Δλmax,6,11,12.6,17.1,0.7408859217450339,0.6043879098331737,0.1364980119118601
VIS_064,0,AC-SINS λmax (nm),AC-SINS Δλmax,6,12,30.1,20.050905,0.7408859217450339,0.6043879098331737,0.1364980119118601
VIS_065,0,AC-SINS λmax (nm),AC-SINS Δλmax,6,13,25.6,20.991842,0.7408859217450339,0.6043879098331737,0.1364980119118601
VIS_066,0,AC-SINS λmax (nm),AC-SINS Δλmax,6,14,15.0,16.6,0.7408859217450339,0.6043879098331737,0.1364980119118601
VIS_067,0,AC-SINS λmax (nm),AC-SINS Δλmax,6,15,9.9,11.772146,0.7408859217450339,0.6043879098331737,0.1364980119118601
VIS_068,0,AC-SINS λmax (nm),AC-SINS Δλmax,6,16,42.1,27.018616,0.7408859217450339,0.6043879098331737,0.1364980119118601
VIS_069,0,AC-SINS λmax (nm),AC-SINS Δλmax,6,17,16.8,16.747717,0.7408859217450339,0.6043879098331737,0.1364980119118601
VIS_070,0,AC-SINS λmax (nm),AC-SINS Δλmax,6,18,13.8,20.867687,0.7408859217450339,0.6043879098331737,0.1364980119118601
VIS_071,0,AC-SINS λmax (nm),AC-SINS Δλmax,6,19,13.9,10.9,0.7408859217450339,0.6043879098331737,0.1364980119118601
VIS_072,0,AC-SINS λmax (nm),AC-SINS Δλmax,6,20,11.9,9.938549,0.7408859217450339,0.6043879098331737,0.1364980119118601
VIS_073,0,AC-SINS λmax (nm),AC-SINS Δλmax,6,21,11.4,18.140251,0.7408859217450339,0.6043879098331737,0.1364980119118601
VIS_074,0,AC-SINS λmax (nm),AC-SINS Δλmax,6,22,15.2,16.773302,0.7408859217450339,0.6043879098331737,0.1364980119118601
VIS_052,0,AC-SINS λmax (nm),AC-SINS Δλmax,7,0,12.2,10.3,0.7408859217450339,0.6676248801308147,0.0732610416142192
VIS_053,0,AC-SINS λmax (nm),AC-SINS Δλmax,7,1,10.8,10.138811,0.7408859217450339,0.6676248801308147,0.0732610416142192
VIS_054,0,AC-SINS λmax (nm),AC-SINS Δλmax,7,2,10.4,11.7,0.7408859217450339,0.6676248801308147,0.0732610416142192
VIS_055,0,AC-SINS λmax (nm),AC-SINS Δλmax,7,3,17.8,21.582266,0.7408859217450339,0.6676248801308147,0.0732610416142192
VIS_056,0,AC-SINS λmax (nm),AC-SINS Δλmax,7,4,9.1,8.856613,0.7408859217450339,0.6676248801308147,0.0732610416142192
VIS_057,0,AC-SINS λmax (nm),AC-SINS Δλmax,7,5,40.0,45.393837,0.7408859217450339,0.6676248801308147,0.0732610416142192
VIS_058,0,AC-SINS λmax (nm),AC-SINS Δλmax,7,6,10.8,10.9,0.7408859217450339,0.6676248801308147,0.0732610416142192
VIS_059,0,AC-SINS λmax (nm),AC-SINS Δλmax,7,7,7.6,14.6,0.7408859217450339,0.6676248801308147,0.0732610416142192
VIS_060,0,AC-SINS λmax (nm),AC-SINS Δλmax,7,8,20.1,13.034261,0.7408859217450339,0.6676248801308147,0.0732610416142192
VIS_061,0,AC-SINS λmax (nm),AC-SINS Δλmax,7,9,25.9,26.461771,0.7408859217450339,0.6676248801308147,0.0732610416142192
VIS_062,0,AC-SINS λmax (nm),AC-SINS Δλmax,7,10,8.4,13.860934,0.7408859217450339,0.6676248801308147,0.0732610416142192
VIS_063,0,AC-SINS λmax (nm),AC-SINS Δλmax,7,11,12.6,17.1,0.7408859217450339,0.6676248801308147,0.0732610416142192
VIS_064,0,AC-SINS λmax (nm),AC-SINS Δλmax,7,12,30.1,28.62879,0.7408859217450339,0.6676248801308147,0.0732610416142192
VIS_065,0,AC-SINS λmax (nm),AC-SINS Δλmax,7,13,25.6,25.720438,0.7408859217450339,0.6676248801308147,0.0732610416142192
VIS_066,0,AC-SINS λmax (nm),AC-SINS Δλmax,7,14,15.0,16.6995,0.7408859217450339,0.6676248801308147,0.0732610416142192
VIS_067,0,AC-SINS λmax (nm),AC-SINS Δλmax,7,15,9.9,10.3,0.7408859217450339,0.6676248801308147,0.0732610416142192
VIS_068,0,AC-SINS λmax (nm),AC-SINS Δλmax,7,16,42.1,28.426277,0.7408859217450339,0.6676248801308147,0.0732610416142192
VIS_069,0,AC-SINS λmax (nm),AC-SINS Δλmax,7,17,16.8,10.6,0.7408859217450339,0.6676248801308147,0.0732610416142192
VIS_070,0,AC-SINS λmax (nm),AC-SINS Δλmax,7,18,13.8,21.351574,0.7408859217450339,0.6676248801308147,0.0732610416142192
VIS_071,0,AC-SINS λmax (nm),AC-SINS Δλmax,7,19,13.9,10.9,0.7408859217450339,0.6676248801308147,0.0732610416142192
VIS_072,0,AC-SINS λmax (nm),AC-SINS Δλmax,7,20,11.9,11.7,0.7408859217450339,0.6676248801308147,0.0732610416142192
VIS_073,0,AC-SINS λmax (nm),AC-SINS Δλmax,7,21,11.4,17.594275,0.7408859217450339,0.6676248801308147,0.0732610416142192
VIS_074,0,AC-SINS λmax (nm),AC-SINS Δλmax,7,22,15.2,26.889654,0.7408859217450339,0.6676248801308147,0.0732610416142192
VIS_052,0,AC-SINS λmax (nm),AC-SINS Δλmax,8,0,12.2,14.6,0.7408859217450339,0.6591330909594593,0.0817528307855746
VIS_053,0,AC-SINS λmax (nm),AC-SINS Δλmax,8,1,10.8,10.3,0.7408859217450339,0.6591330909594593,0.0817528307855746
VIS_054,0,AC-SINS λmax (nm),AC-SINS Δλmax,8,2,10.4,11.737917,0.7408859217450339,0.6591330909594593,0.0817528307855746
VIS_055,0,AC-SINS λmax (nm),AC-SINS Δλmax,8,3,17.8,21.582266,0.7408859217450339,0.6591330909594593,0.0817528307855746
VIS_056,0,AC-SINS λmax (nm),AC-SINS Δλmax,8,4,9.1,8.6,0.7408859217450339,0.6591330909594593,0.0817528307855746
VIS_057,0,AC-SINS λmax (nm),AC-SINS Δλmax,8,5,40.0,45.08424,0.7408859217450339,0.6591330909594593,0.0817528307855746
VIS_058,0,AC-SINS λmax (nm),AC-SINS Δλmax,8,6,10.8,9.4,0.7408859217450339,0.6591330909594593,0.0817528307855746
VIS_059,0,AC-SINS λmax (nm),AC-SINS Δλmax,8,7,7.6,14.6,0.7408859217450339,0.6591330909594593,0.0817528307855746
VIS_060,0,AC-SINS λmax (nm),AC-SINS Δλmax,8,8,20.1,21.7,0.7408859217450339,0.6591330909594593,0.0817528307855746
VIS_061,0,AC-SINS λmax (nm),AC-SINS Δλmax,8,9,25.9,26.4,0.7408859217450339,0.6591330909594593,0.0817528307855746
VIS_062,0,AC-SINS λmax (nm),AC-SINS Δλmax,8,10,8.4,12.218389,0.7408859217450339,0.6591330909594593,0.0817528307855746
VIS_063,0,AC-SINS λmax (nm),AC-SINS Δλmax,8,11,12.6,11.060304,0.7408859217450339,0.6591330909594593,0.0817528307855746
VIS_064,0,AC-SINS λmax (nm),AC-SINS Δλmax,8,12,30.1,20.050905,0.7408859217450339,0.6591330909594593,0.0817528307855746
VIS_065,0,AC-SINS λmax (nm),AC-SINS Δλmax,8,13,25.6,26.18336,0.7408859217450339,0.6591330909594593,0.0817528307855746
VIS_066,0,AC-SINS λmax (nm),AC-SINS Δλmax,8,14,15.0,13.1,0.7408859217450339,0.6591330909594593,0.0817528307855746
VIS_067,0,AC-SINS λmax (nm),AC-SINS Δλmax,8,15,9.9,10.068308,0.7408859217450339,0.6591330909594593,0.0817528307855746
VIS_068,0,AC-SINS λmax (nm),AC-SINS Δλmax,8,16,42.1,27.018616,0.7408859217450339,0.6591330909594593,0.0817528307855746
VIS_069,0,AC-SINS λmax (nm),AC-SINS Δλmax,8,17,16.8,15.0,0.7408859217450339,0.6591330909594593,0.0817528307855746
VIS_070,0,AC-SINS λmax (nm),AC-SINS Δλmax,8,18,13.8,20.902021,0.7408859217450339,0.6591330909594593,0.0817528307855746
VIS_071,0,AC-SINS λmax (nm),AC-SINS Δλmax,8,19,13.9,12.55387,0.7408859217450339,0.6591330909594593,0.0817528307855746
VIS_072,0,AC-SINS λmax (nm),AC-SINS Δλmax,8,20,11.9,12.0857725,0.7408859217450339,0.6591330909594593,0.0817528307855746
VIS_073,0,AC-SINS λmax (nm),AC-SINS Δλmax,8,21,11.4,18.136915,0.7408859217450339,0.6591330909594593,0.0817528307855746
VIS_074,0,AC-SINS λmax (nm),AC-SINS Δλmax,8,22,15.2,26.82387,0.7408859217450339,0.6591330909594593,0.0817528307855746
VIS_052,0,AC-SINS λmax (nm),AC-SINS Δλmax,9,0,12.2,15.0,0.7408859217450339,0.6392572276557926,0.1016286940892412
VIS_053,0,AC-SINS λmax (nm),AC-SINS Δλmax,9,1,10.8,10.3,0.7408859217450339,0.6392572276557926,0.1016286940892412
VIS_054,0,AC-SINS λmax (nm),AC-SINS Δλmax,9,2,10.4,11.203024,0.7408859217450339,0.6392572276557926,0.1016286940892412
VIS_055,0,AC-SINS λmax (nm),AC-SINS Δλmax,9,3,17.8,28.177067,0.7408859217450339,0.6392572276557926,0.1016286940892412
VIS_056,0,AC-SINS λmax (nm),AC-SINS Δλmax,9,4,9.1,10.767203,0.7408859217450339,0.6392572276557926,0.1016286940892412
VIS_057,0,AC-SINS λmax (nm),AC-SINS Δλmax,9,5,40.0,45.08192,0.7408859217450339,0.6392572276557926,0.1016286940892412
VIS_058,0,AC-SINS λmax (nm),AC-SINS Δλmax,9,6,10.8,10.4,0.7408859217450339,0.6392572276557926,0.1016286940892412
VIS_059,0,AC-SINS λmax (nm),AC-SINS Δλmax,9,7,7.6,14.6,0.7408859217450339,0.6392572276557926,0.1016286940892412
VIS_060,0,AC-SINS λmax (nm),AC-SINS Δλmax,9,8,20.1,14.6,0.7408859217450339,0.6392572276557926,0.1016286940892412
VIS_061,0,AC-SINS λmax (nm),AC-SINS Δλmax,9,9,25.9,26.4,0.7408859217450339,0.6392572276557926,0.1016286940892412
VIS_062,0,AC-SINS λmax (nm),AC-SINS Δλmax,9,10,8.4,12.10973,0.7408859217450339,0.6392572276557926,0.1016286940892412
VIS_063,0,AC-SINS λmax (nm),AC-SINS Δλmax,9,11,12.6,13.839946,0.7408859217450339,0.6392572276557926,0.1016286940892412
VIS_064,0,AC-SINS λmax (nm),AC-SINS Δλmax,9,12,30.1,28.613985,0.7408859217450339,0.6392572276557926,0.1016286940892412
VIS_065,0,AC-SINS λmax (nm),AC-SINS Δλmax,9,13,25.6,20.991842,0.7408859217450339,0.6392572276557926,0.1016286940892412
VIS_066,0,AC-SINS λmax (nm),AC-SINS Δλmax,9,14,15.0,16.6,0.7408859217450339,0.6392572276557926,0.1016286940892412
VIS_067,0,AC-SINS λmax (nm),AC-SINS Δλmax,9,15,9.9,10.3,0.7408859217450339,0.6392572276557926,0.1016286940892412
VIS_068,0,AC-SINS λmax (nm),AC-SINS Δλmax,9,16,42.1,26.4263,0.7408859217450339,0.6392572276557926,0.1016286940892412
VIS_069,0,AC-SINS λmax (nm),AC-SINS Δλmax,9,17,16.8,15.0,0.7408859217450339,0.6392572276557926,0.1016286940892412
VIS_070,0,AC-SINS λmax (nm),AC-SINS Δλmax,9,18,13.8,17.6,0.7408859217450339,0.6392572276557926,0.1016286940892412
VIS_071,0,AC-SINS λmax (nm),AC-SINS Δλmax,9,19,13.9,11.843165,0.7408859217450339,0.6392572276557926,0.1016286940892412
VIS_072,0,AC-SINS λmax (nm),AC-SINS Δλmax,9,20,11.9,10.248428,0.7408859217450339,0.6392572276557926,0.1016286940892412
VIS_073,0,AC-SINS λmax (nm),AC-SINS Δλmax,9,21,11.4,19.15872,0.7408859217450339,0.6392572276557926,0.1016286940892412
VIS_074,0,AC-SINS λmax (nm),AC-SINS Δλmax,9,22,15.2,26.636559,0.7408859217450339,0.6392572276557926,0.1016286940892412
VIS_052,0,AC-SINS λmax (nm),AC-SINS Δλmax,10,0,12.2,11.150875,0.7408859217450339,0.5095152076002929,0.2313707141447409
VIS_053,0,AC-SINS λmax (nm),AC-SINS Δλmax,10,1,10.8,11.7,0.7408859217450339,0.5095152076002929,0.2313707141447409
VIS_054,0,AC-SINS λmax (nm),AC-SINS Δλmax,10,2,10.4,11.7,0.7408859217450339,0.5095152076002929,0.2313707141447409
VIS_055,0,AC-SINS λmax (nm),AC-SINS Δλmax,10,3,17.8,29.04739,0.7408859217450339,0.5095152076002929,0.2313707141447409
VIS_056,0,AC-SINS λmax (nm),AC-SINS Δλmax,10,4,9.1,10.4,0.7408859217450339,0.5095152076002929,0.2313707141447409
VIS_057,0,AC-SINS λmax (nm),AC-SINS Δλmax,10,5,40.0,25.066113,0.7408859217450339,0.5095152076002929,0.2313707141447409
VIS_058,0,AC-SINS λmax (nm),AC-SINS Δλmax,10,6,10.8,11.445068,0.7408859217450339,0.5095152076002929,0.2313707141447409
VIS_059,0,AC-SINS λmax (nm),AC-SINS Δλmax,10,7,7.6,10.6,0.7408859217450339,0.5095152076002929,0.2313707141447409
VIS_060,0,AC-SINS λmax (nm),AC-SINS Δλmax,10,8,20.1,13.034261,0.7408859217450339,0.5095152076002929,0.2313707141447409
VIS_061,0,AC-SINS λmax (nm),AC-SINS Δλmax,10,9,25.9,26.461771,0.7408859217450339,0.5095152076002929,0.2313707141447409
VIS_062,0,AC-SINS λmax (nm),AC-SINS Δλmax,10,10,8.4,11.7,0.7408859217450339,0.5095152076002929,0.2313707141447409
VIS_063,0,AC-SINS λmax (nm),AC-SINS Δλmax,10,11,12.6,17.1,0.7408859217450339,0.5095152076002929,0.2313707141447409
VIS_064,0,AC-SINS λmax (nm),AC-SINS Δλmax,10,12,30.1,26.965164,0.7408859217450339,0.5095152076002929,0.2313707141447409
VIS_065,0,AC-SINS λmax (nm),AC-SINS Δλmax,10,13,25.6,20.991842,0.7408859217450339,0.5095152076002929,0.2313707141447409
VIS_066,0,AC-SINS λmax (nm),AC-SINS Δλmax,10,14,15.0,10.4,0.7408859217450339,0.5095152076002929,0.2313707141447409
VIS_067,0,AC-SINS λmax (nm),AC-SINS Δλmax,10,15,9.9,10.3,0.7408859217450339,0.5095152076002929,0.2313707141447409
VIS_068,0,AC-SINS λmax (nm),AC-SINS Δλmax,10,16,42.1,27.130774,0.7408859217450339,0.5095152076002929,0.2313707141447409
VIS_069,0,AC-SINS λmax (nm),AC-SINS Δλmax,10,17,16.8,15.0,0.7408859217450339,0.5095152076002929,0.2313707141447409
VIS_070,0,AC-SINS λmax (nm),AC-SINS Δλmax,10,18,13.8,21.7,0.7408859217450339,0.5095152076002929,0.2313707141447409
VIS_071,0,AC-SINS λmax (nm),AC-SINS Δλmax,10,19,13.9,10.127643,0.7408859217450339,0.5095152076002929,0.2313707141447409
VIS_072,0,AC-SINS λmax (nm),AC-SINS Δλmax,10,20,11.9,11.803285,0.7408859217450339,0.5095152076002929,0.2313707141447409
VIS_073,0,AC-SINS λmax (nm),AC-SINS Δλmax,10,21,11.4,18.956491,0.7408859217450339,0.5095152076002929,0.2313707141447409
VIS_074,0,AC-SINS λmax (nm),AC-SINS Δλmax,10,22,15.2,26.60204,0.7408859217450339,0.5095152076002929,0.2313707141447409
VIS_052,0,SE-UHPLC Main Peak FWHM (min),SE-UHPLC FWHM,1,0,12.2,10.346624,0.7408859217450339,0.7578309848644839,-0.0169450631194499
VIS_053,0,SE-UHPLC Main Peak FWHM (min),SE-UHPLC FWHM,1,1,10.8,10.891715,0.7408859217450339,0.7578309848644839,-0.0169450631194499
VIS_054,0,SE-UHPLC Main Peak FWHM (min),SE-UHPLC FWHM,1,2,10.4,12.138111,0.7408859217450339,0.7578309848644839,-0.0169450631194499
VIS_055,0,SE-UHPLC Main Peak FWHM (min),SE-UHPLC FWHM,1,3,17.8,19.805246,0.7408859217450339,0.7578309848644839,-0.0169450631194499
VIS_056,0,SE-UHPLC Main Peak FWHM (min),SE-UHPLC FWHM,1,4,9.1,10.485908,0.7408859217450339,0.7578309848644839,-0.0169450631194499
VIS_057,0,SE-UHPLC Main Peak FWHM (min),SE-UHPLC FWHM,1,5,40.0,45.0,0.7408859217450339,0.7578309848644839,-0.0169450631194499
VIS_058,0,SE-UHPLC Main Peak FWHM (min),SE-UHPLC FWHM,1,6,10.8,10.651256,0.7408859217450339,0.7578309848644839,-0.0169450631194499
VIS_059,0,SE-UHPLC Main Peak FWHM (min),SE-UHPLC FWHM,1,7,7.6,10.558211,0.7408859217450339,0.7578309848644839,-0.0169450631194499
VIS_060,0,SE-UHPLC Main Peak FWHM (min),SE-UHPLC FWHM,1,8,20.1,21.7,0.7408859217450339,0.7578309848644839,-0.0169450631194499
VIS_061,0,SE-UHPLC Main Peak FWHM (min),SE-UHPLC FWHM,1,9,25.9,21.7,0.7408859217450339,0.7578309848644839,-0.0169450631194499
VIS_062,0,SE-UHPLC Main Peak FWHM (min),SE-UHPLC FWHM,1,10,8.4,11.7,0.7408859217450339,0.7578309848644839,-0.0169450631194499
VIS_063,0,SE-UHPLC Main Peak FWHM (min),SE-UHPLC FWHM,1,11,12.6,10.891161,0.7408859217450339,0.7578309848644839,-0.0169450631194499
VIS_064,0,SE-UHPLC Main Peak FWHM (min),SE-UHPLC FWHM,1,12,30.1,26.4,0.7408859217450339,0.7578309848644839,-0.0169450631194499
VIS_065,0,SE-UHPLC Main Peak FWHM (min),SE-UHPLC FWHM,1,13,25.6,25.92707,0.7408859217450339,0.7578309848644839,-0.0169450631194499
VIS_066,0,SE-UHPLC Main Peak FWHM (min),SE-UHPLC FWHM,1,14,15.0,11.353888,0.7408859217450339,0.7578309848644839,-0.0169450631194499
VIS_067,0,SE-UHPLC Main Peak FWHM (min),SE-UHPLC FWHM,1,15,9.9,9.976663,0.7408859217450339,0.7578309848644839,-0.0169450631194499
VIS_068,0,SE-UHPLC Main Peak FWHM (min),SE-UHPLC FWHM,1,16,42.1,27.274452,0.7408859217450339,0.7578309848644839,-0.0169450631194499
VIS_069,0,SE-UHPLC Main Peak FWHM (min),SE-UHPLC FWHM,1,17,16.8,15.816266,0.7408859217450339,0.7578309848644839,-0.0169450631194499
VIS_070,0,SE-UHPLC Main Peak FWHM (min),SE-UHPLC FWHM,1,18,13.8,17.1,0.7408859217450339,0.7578309848644839,-0.0169450631194499
VIS_071,0,SE-UHPLC Main Peak FWHM (min),SE-UHPLC FWHM,1,19,13.9,13.8,0.7408859217450339,0.7578309848644839,-0.0169450631194499
VIS_072,0,SE-UHPLC Main Peak FWHM (min),SE-UHPLC FWHM,1,20,11.9,10.9,0.7408859217450339,0.7578309848644839,-0.0169450631194499
VIS_073,0,SE-UHPLC Main Peak FWHM (min),SE-UHPLC FWHM,1,21,11.4,15.027713,0.7408859217450339,0.7578309848644839,-0.0169450631194499
VIS_074,0,SE-UHPLC Main Peak FWHM (min),SE-UHPLC FWHM,1,22,15.2,26.828655,0.7408859217450339,0.7578309848644839,-0.0169450631194499
VIS_052,0,SE-UHPLC Main Peak FWHM (min),SE-UHPLC FWHM,2,0,12.2,10.346624,0.7408859217450339,0.7258003063357004,0.0150856154093335
VIS_053,0,SE-UHPLC Main Peak FWHM (min),SE-UHPLC FWHM,2,1,10.8,10.891715,0.7408859217450339,0.7258003063357004,0.0150856154093335
VIS_054,0,SE-UHPLC Main Peak FWHM (min),SE-UHPLC FWHM,2,2,10.4,17.6,0.7408859217450339,0.7258003063357004,0.0150856154093335
VIS_055,0,SE-UHPLC Main Peak FWHM (min),SE-UHPLC FWHM,2,3,17.8,17.805134,0.7408859217450339,0.7258003063357004,0.0150856154093335
VIS_056,0,SE-UHPLC Main Peak FWHM (min),SE-UHPLC FWHM,2,4,9.1,10.3,0.7408859217450339,0.7258003063357004,0.0150856154093335
VIS_057,0,SE-UHPLC Main Peak FWHM (min),SE-UHPLC FWHM,2,5,40.0,45.0,0.7408859217450339,0.7258003063357004,0.0150856154093335
VIS_058,0,SE-UHPLC Main Peak FWHM (min),SE-UHPLC FWHM,2,6,10.8,10.9,0.7408859217450339,0.7258003063357004,0.0150856154093335
VIS_059,0,SE-UHPLC Main Peak FWHM (min),SE-UHPLC FWHM,2,7,7.6,10.374764,0.7408859217450339,0.7258003063357004,0.0150856154093335
VIS_060,0,SE-UHPLC Main Peak FWHM (min),SE-UHPLC FWHM,2,8,20.1,21.7,0.7408859217450339,0.7258003063357004,0.0150856154093335
VIS_061,0,SE-UHPLC Main Peak FWHM (min),SE-UHPLC FWHM,2,9,25.9,21.428093,0.7408859217450339,0.7258003063357004,0.0150856154093335
VIS_062,0,SE-UHPLC Main Peak FWHM (min),SE-UHPLC FWHM,2,10,8.4,11.7,0.7408859217450339,0.7258003063357004,0.0150856154093335
VIS_063,0,SE-UHPLC Main Peak FWHM (min),SE-UHPLC FWHM,2,11,12.6,10.4,0.7408859217450339,0.7258003063357004,0.0150856154093335
VIS_064,0,SE-UHPLC Main Peak FWHM (min),SE-UHPLC FWHM,2,12,30.1,26.939135,0.7408859217450339,0.7258003063357004,0.0150856154093335
VIS_065,0,SE-UHPLC Main Peak FWHM (min),SE-UHPLC FWHM,2,13,25.6,26.238012,0.7408859217450339,0.7258003063357004,0.0150856154093335
VIS_066,0,SE-UHPLC Main Peak FWHM (min),SE-UHPLC FWHM,2,14,15.0,13.1,0.7408859217450339,0.7258003063357004,0.0150856154093335
VIS_067,0,SE-UHPLC Main Peak FWHM (min),SE-UHPLC FWHM,2,15,9.9,10.3,0.7408859217450339,0.7258003063357004,0.0150856154093335
VIS_068,0,SE-UHPLC Main Peak FWHM (min),SE-UHPLC FWHM,2,16,42.1,26.887695,0.7408859217450339,0.7258003063357004,0.0150856154093335
VIS_069,0,SE-UHPLC Main Peak FWHM (min),SE-UHPLC FWHM,2,17,16.8,16.592245,0.7408859217450339,0.7258003063357004,0.0150856154093335
VIS_070,0,SE-UHPLC Main Peak FWHM (min),SE-UHPLC FWHM,2,18,13.8,17.1,0.7408859217450339,0.7258003063357004,0.0150856154093335
VIS_071,0,SE-UHPLC Main Peak FWHM (min),SE-UHPLC FWHM,2,19,13.9,12.103556,0.7408859217450339,0.7258003063357004,0.0150856154093335
VIS_072,0,SE-UHPLC Main Peak FWHM (min),SE-UHPLC FWHM,2,20,11.9,11.7,0.7408859217450339,0.7258003063357004,0.0150856154093335
VIS_073,0,SE-UHPLC Main Peak FWHM (min),SE-UHPLC FWHM,2,21,11.4,17.067287,0.7408859217450339,0.7258003063357004,0.0150856154093335
VIS_074,0,SE-UHPLC Main Peak FWHM (min),SE-UHPLC FWHM,2,22,15.2,26.745808,0.7408859217450339,0.7258003063357004,0.0150856154093335
VIS_052,0,SE-UHPLC Main Peak FWHM (min),SE-UHPLC FWHM,3,0,12.2,11.352049,0.7408859217450339,0.7348049651073529,0.0060809566376809
VIS_053,0,SE-UHPLC Main Peak FWHM (min),SE-UHPLC FWHM,3,1,10.8,10.6,0.7408859217450339,0.7348049651073529,0.0060809566376809
VIS_054,0,SE-UHPLC Main Peak FWHM (min),SE-UHPLC FWHM,3,2,10.4,12.138111,0.7408859217450339,0.7348049651073529,0.0060809566376809
VIS_055,0,SE-UHPLC Main Peak FWHM (min),SE-UHPLC FWHM,3,3,17.8,19.918303,0.7408859217450339,0.7348049651073529,0.0060809566376809
VIS_056,0,SE-UHPLC Main Peak FWHM (min),SE-UHPLC FWHM,3,4,9.1,10.543882,0.7408859217450339,0.7348049651073529,0.0060809566376809
VIS_057,0,SE-UHPLC Main Peak FWHM (min),SE-UHPLC FWHM,3,5,40.0,45.0,0.7408859217450339,0.7348049651073529,0.0060809566376809
VIS_058,0,SE-UHPLC Main Peak FWHM (min),SE-UHPLC FWHM,3,6,10.8,10.9,0.7408859217450339,0.7348049651073529,0.0060809566376809
VIS_059,0,SE-UHPLC Main Peak FWHM (min),SE-UHPLC FWHM,3,7,7.6,10.4,0.7408859217450339,0.7348049651073529,0.0060809566376809
VIS_060,0,SE-UHPLC Main Peak FWHM (min),SE-UHPLC FWHM,3,8,20.1,21.7,0.7408859217450339,0.7348049651073529,0.0060809566376809
VIS_061,0,SE-UHPLC Main Peak FWHM (min),SE-UHPLC FWHM,3,9,25.9,21.7,0.7408859217450339,0.7348049651073529,0.0060809566376809
VIS_062,0,SE-UHPLC Main Peak FWHM (min),SE-UHPLC FWHM,3,10,8.4,11.7,0.7408859217450339,0.7348049651073529,0.0060809566376809
VIS_063,0,SE-UHPLC Main Peak FWHM (min),SE-UHPLC FWHM,3,11,12.6,10.891161,0.7408859217450339,0.7348049651073529,0.0060809566376809
VIS_064,0,SE-UHPLC Main Peak FWHM (min),SE-UHPLC FWHM,3,12,30.1,26.939135,0.7408859217450339,0.7348049651073529,0.0060809566376809
VIS_065,0,SE-UHPLC Main Peak FWHM (min),SE-UHPLC FWHM,3,13,25.6,26.4,0.7408859217450339,0.7348049651073529,0.0060809566376809
VIS_066,0,SE-UHPLC Main Peak FWHM (min),SE-UHPLC FWHM,3,14,15.0,10.593562,0.7408859217450339,0.7348049651073529,0.0060809566376809
VIS_067,0,SE-UHPLC Main Peak FWHM (min),SE-UHPLC FWHM,3,15,9.9,10.3,0.7408859217450339,0.7348049651073529,0.0060809566376809
VIS_068,0,SE-UHPLC Main Peak FWHM (min),SE-UHPLC FWHM,3,16,42.1,26.4,0.7408859217450339,0.7348049651073529,0.0060809566376809
VIS_069,0,SE-UHPLC Main Peak FWHM (min),SE-UHPLC FWHM,3,17,16.8,16.6,0.7408859217450339,0.7348049651073529,0.0060809566376809
VIS_070,0,SE-UHPLC Main Peak FWHM (min),SE-UHPLC FWHM,3,18,13.8,17.444761,0.7408859217450339,0.7348049651073529,0.0060809566376809
VIS_071,0,SE-UHPLC Main Peak FWHM (min),SE-UHPLC FWHM,3,19,13.9,13.929532,0.7408859217450339,0.7348049651073529,0.0060809566376809
VIS_072,0,SE-UHPLC Main Peak FWHM (min),SE-UHPLC FWHM,3,20,11.9,10.9,0.7408859217450339,0.7348049651073529,0.0060809566376809
VIS_073,0,SE-UHPLC Main Peak FWHM (min),SE-UHPLC FWHM,3,21,11.4,16.705345,0.7408859217450339,0.7348049651073529,0.0060809566376809
VIS_074,0,SE-UHPLC Main Peak FWHM (min),SE-UHPLC FWHM,3,22,15.2,26.96382,0.7408859217450339,0.7348049651073529,0.0060809566376809
VIS_052,0,SE-UHPLC Main Peak FWHM (min),SE-UHPLC FWHM,4,0,12.2,11.352705,0.7408859217450339,0.6949802621157706,0.0459056596292632
VIS_053,0,SE-UHPLC Main Peak FWHM (min),SE-UHPLC FWHM,4,1,10.8,10.891715,0.7408859217450339,0.6949802621157706,0.0459056596292632
VIS_054,0,SE-UHPLC Main Peak FWHM (min),SE-UHPLC FWHM,4,2,10.4,17.6,0.7408859217450339,0.6949802621157706,0.0459056596292632
VIS_055,0,SE-UHPLC Main Peak FWHM (min),SE-UHPLC FWHM,4,3,17.8,19.805246,0.7408859217450339,0.6949802621157706,0.0459056596292632
VIS_056,0,SE-UHPLC Main Peak FWHM (min),SE-UHPLC FWHM,4,4,9.1,10.3,0.7408859217450339,0.6949802621157706,0.0459056596292632
VIS_057,0,SE-UHPLC Main Peak FWHM (min),SE-UHPLC FWHM,4,5,40.0,45.0,0.7408859217450339,0.6949802621157706,0.0459056596292632
VIS_058,0,SE-UHPLC Main Peak FWHM (min),SE-UHPLC FWHM,4,6,10.8,10.3,0.7408859217450339,0.6949802621157706,0.0459056596292632
VIS_059,0,SE-UHPLC Main Peak FWHM (min),SE-UHPLC FWHM,4,7,7.6,10.457615,0.7408859217450339,0.6949802621157706,0.0459056596292632
VIS_060,0,SE-UHPLC Main Peak FWHM (min),SE-UHPLC FWHM,4,8,20.1,21.7,0.7408859217450339,0.6949802621157706,0.0459056596292632
VIS_061,0,SE-UHPLC Main Peak FWHM (min),SE-UHPLC FWHM,4,9,25.9,16.6,0.7408859217450339,0.6949802621157706,0.0459056596292632
VIS_062,0,SE-UHPLC Main Peak FWHM (min),SE-UHPLC FWHM,4,10,8.4,11.7,0.7408859217450339,0.6949802621157706,0.0459056596292632
VIS_063,0,SE-UHPLC Main Peak FWHM (min),SE-UHPLC FWHM,4,11,12.6,10.932916,0.7408859217450339,0.6949802621157706,0.0459056596292632
VIS_064,0,SE-UHPLC Main Peak FWHM (min),SE-UHPLC FWHM,4,12,30.1,26.4,0.7408859217450339,0.6949802621157706,0.0459056596292632
VIS_065,0,SE-UHPLC Main Peak FWHM (min),SE-UHPLC FWHM,4,13,25.6,26.4,0.7408859217450339,0.6949802621157706,0.0459056596292632
VIS_066,0,SE-UHPLC Main Peak FWHM (min),SE-UHPLC FWHM,4,14,15.0,13.1,0.7408859217450339,0.6949802621157706,0.0459056596292632
VIS_067,0,SE-UHPLC Main Peak FWHM (min),SE-UHPLC FWHM,4,15,9.9,9.990701,0.7408859217450339,0.6949802621157706,0.0459056596292632
VIS_068,0,SE-UHPLC Main Peak FWHM (min),SE-UHPLC FWHM,4,16,42.1,26.692902,0.7408859217450339,0.6949802621157706,0.0459056596292632
VIS_069,0,SE-UHPLC Main Peak FWHM (min),SE-UHPLC FWHM,4,17,16.8,16.389927,0.7408859217450339,0.6949802621157706,0.0459056596292632
VIS_070,0,SE-UHPLC Main Peak FWHM (min),SE-UHPLC FWHM,4,18,13.8,17.058987,0.7408859217450339,0.6949802621157706,0.0459056596292632
VIS_071,0,SE-UHPLC Main Peak FWHM (min),SE-UHPLC FWHM,4,19,13.9,12.4,0.7408859217450339,0.6949802621157706,0.0459056596292632
VIS_072,0,SE-UHPLC Main Peak FWHM (min),SE-UHPLC FWHM,4,20,11.9,10.9,0.7408859217450339,0.6949802621157706,0.0459056596292632
VIS_073,0,SE-UHPLC Main Peak FWHM (min),SE-UHPLC FWHM,4,21,11.4,15.027713,0.7408859217450339,0.6949802621157706,0.0459056596292632
VIS_074,0,SE-UHPLC Main Peak FWHM (min),SE-UHPLC FWHM,4,22,15.2,26.96382,0.7408859217450339,0.6949802621157706,0.0459056596292632
VIS_052,0,SE-UHPLC Main Peak FWHM (min),SE-UHPLC FWHM,5,0,12.2,11.255721,0.7408859217450339,0.6719951561295434,0.0688907656154904
VIS_053,0,SE-UHPLC Main Peak FWHM (min),SE-UHPLC FWHM,5,1,10.8,10.711562,0.7408859217450339,0.6719951561295434,0.0688907656154904
VIS_054,0,SE-UHPLC Main Peak FWHM (min),SE-UHPLC FWHM,5,2,10.4,17.221865,0.7408859217450339,0.6719951561295434,0.0688907656154904
VIS_055,0,SE-UHPLC Main Peak FWHM (min),SE-UHPLC FWHM,5,3,17.8,19.918303,0.7408859217450339,0.6719951561295434,0.0688907656154904
VIS_056,0,SE-UHPLC Main Peak FWHM (min),SE-UHPLC FWHM,5,4,9.1,10.3,0.7408859217450339,0.6719951561295434,0.0688907656154904
VIS_057,0,SE-UHPLC Main Peak FWHM (min),SE-UHPLC FWHM,5,5,40.0,45.0,0.7408859217450339,0.6719951561295434,0.0688907656154904
VIS_058,0,SE-UHPLC Main Peak FWHM (min),SE-UHPLC FWHM,5,6,10.8,10.3,0.7408859217450339,0.6719951561295434,0.0688907656154904
VIS_059,0,SE-UHPLC Main Peak FWHM (min),SE-UHPLC FWHM,5,7,7.6,10.454352,0.7408859217450339,0.6719951561295434,0.0688907656154904
VIS_060,0,SE-UHPLC Main Peak FWHM (min),SE-UHPLC FWHM,5,8,20.1,21.50859,0.7408859217450339,0.6719951561295434,0.0688907656154904
VIS_061,0,SE-UHPLC Main Peak FWHM (min),SE-UHPLC FWHM,5,9,25.9,21.672989,0.7408859217450339,0.6719951561295434,0.0688907656154904
VIS_062,0,SE-UHPLC Main Peak FWHM (min),SE-UHPLC FWHM,5,10,8.4,11.7,0.7408859217450339,0.6719951561295434,0.0688907656154904
VIS_063,0,SE-UHPLC Main Peak FWHM (min),SE-UHPLC FWHM,5,11,12.6,10.932916,0.7408859217450339,0.6719951561295434,0.0688907656154904
VIS_064,0,SE-UHPLC Main Peak FWHM (min),SE-UHPLC FWHM,5,12,30.1,19.403172,0.7408859217450339,0.6719951561295434,0.0688907656154904
VIS_065,0,SE-UHPLC Main Peak FWHM (min),SE-UHPLC FWHM,5,13,25.6,26.4,0.7408859217450339,0.6719951561295434,0.0688907656154904
VIS_066,0,SE-UHPLC Main Peak FWHM (min),SE-UHPLC FWHM,5,14,15.0,10.6,0.7408859217450339,0.6719951561295434,0.0688907656154904
VIS_067,0,SE-UHPLC Main Peak FWHM (min),SE-UHPLC FWHM,5,15,9.9,9.947725,0.7408859217450339,0.6719951561295434,0.0688907656154904
VIS_068,0,SE-UHPLC Main Peak FWHM (min),SE-UHPLC FWHM,5,16,42.1,27.090403,0.7408859217450339,0.6719951561295434,0.0688907656154904
VIS_069,0,SE-UHPLC Main Peak FWHM (min),SE-UHPLC FWHM,5,17,16.8,16.6,0.7408859217450339,0.6719951561295434,0.0688907656154904
VIS_070,0,SE-UHPLC Main Peak FWHM (min),SE-UHPLC FWHM,5,18,13.8,17.024832,0.7408859217450339,0.6719951561295434,0.0688907656154904
VIS_071,0,SE-UHPLC Main Peak FWHM (min),SE-UHPLC FWHM,5,19,13.9,12.4,0.7408859217450339,0.6719951561295434,0.0688907656154904
VIS_072,0,SE-UHPLC Main Peak FWHM (min),SE-UHPLC FWHM,5,20,11.9,10.9,0.7408859217450339,0.6719951561295434,0.0688907656154904
VIS_073,0,SE-UHPLC Main Peak FWHM (min),SE-UHPLC FWHM,5,21,11.4,17.037596,0.7408859217450339,0.6719951561295434,0.0688907656154904
VIS_074,0,SE-UHPLC Main Peak FWHM (min),SE-UHPLC FWHM,5,22,15.2,26.860138,0.7408859217450339,0.6719951561295434,0.0688907656154904
VIS_052,0,SE-UHPLC Main Peak FWHM (min),SE-UHPLC FWHM,6,0,12.2,10.9,0.7408859217450339,0.7362496112734097,0.0046363104716241
VIS_053,0,SE-UHPLC Main Peak FWHM (min),SE-UHPLC FWHM,6,1,10.8,10.585675,0.7408859217450339,0.7362496112734097,0.0046363104716241
VIS_054,0,SE-UHPLC Main Peak FWHM (min),SE-UHPLC FWHM,6,2,10.4,17.6,0.7408859217450339,0.7362496112734097,0.0046363104716241
VIS_055,0,SE-UHPLC Main Peak FWHM (min),SE-UHPLC FWHM,6,3,17.8,20.323965,0.7408859217450339,0.7362496112734097,0.0046363104716241
VIS_056,0,SE-UHPLC Main Peak FWHM (min),SE-UHPLC FWHM,6,4,9.1,10.264351,0.7408859217450339,0.7362496112734097,0.0046363104716241
VIS_057,0,SE-UHPLC Main Peak FWHM (min),SE-UHPLC FWHM,6,5,40.0,45.0,0.7408859217450339,0.7362496112734097,0.0046363104716241
VIS_058,0,SE-UHPLC Main Peak FWHM (min),SE-UHPLC FWHM,6,6,10.8,10.9,0.7408859217450339,0.7362496112734097,0.0046363104716241
VIS_059,0,SE-UHPLC Main Peak FWHM (min),SE-UHPLC FWHM,6,7,7.6,10.4738245,0.7408859217450339,0.7362496112734097,0.0046363104716241
VIS_060,0,SE-UHPLC Main Peak FWHM (min),SE-UHPLC FWHM,6,8,20.1,21.7,0.7408859217450339,0.7362496112734097,0.0046363104716241
VIS_061,0,SE-UHPLC Main Peak FWHM (min),SE-UHPLC FWHM,6,9,25.9,21.579174,0.7408859217450339,0.7362496112734097,0.0046363104716241
VIS_062,0,SE-UHPLC Main Peak FWHM (min),SE-UHPLC FWHM,6,10,8.4,11.7,0.7408859217450339,0.7362496112734097,0.0046363104716241
VIS_063,0,SE-UHPLC Main Peak FWHM (min),SE-UHPLC FWHM,6,11,12.6,11.7,0.7408859217450339,0.7362496112734097,0.0046363104716241
VIS_064,0,SE-UHPLC Main Peak FWHM (min),SE-UHPLC FWHM,6,12,30.1,26.4,0.7408859217450339,0.7362496112734097,0.0046363104716241
VIS_065,0,SE-UHPLC Main Peak FWHM (min),SE-UHPLC FWHM,6,13,25.6,26.4,0.7408859217450339,0.7362496112734097,0.0046363104716241
VIS_066,0,SE-UHPLC Main Peak FWHM (min),SE-UHPLC FWHM,6,14,15.0,11.794662,0.7408859217450339,0.7362496112734097,0.0046363104716241
VIS_067,0,SE-UHPLC Main Peak FWHM (min),SE-UHPLC FWHM,6,15,9.9,9.965349,0.7408859217450339,0.7362496112734097,0.0046363104716241
VIS_068,0,SE-UHPLC Main Peak FWHM (min),SE-UHPLC FWHM,6,16,42.1,26.970633,0.7408859217450339,0.7362496112734097,0.0046363104716241
VIS_069,0,SE-UHPLC Main Peak FWHM (min),SE-UHPLC FWHM,6,17,16.8,16.6,0.7408859217450339,0.7362496112734097,0.0046363104716241
VIS_070,0,SE-UHPLC Main Peak FWHM (min),SE-UHPLC FWHM,6,18,13.8,16.972832,0.7408859217450339,0.7362496112734097,0.0046363104716241
VIS_071,0,SE-UHPLC Main Peak FWHM (min),SE-UHPLC FWHM,6,19,13.9,12.4,0.7408859217450339,0.7362496112734097,0.0046363104716241
VIS_072,0,SE-UHPLC Main Peak FWHM (min),SE-UHPLC FWHM,6,20,11.9,11.7,0.7408859217450339,0.7362496112734097,0.0046363104716241
VIS_073,0,SE-UHPLC Main Peak FWHM (min),SE-UHPLC FWHM,6,21,11.4,13.884246,0.7408859217450339,0.7362496112734097,0.0046363104716241
VIS_074,0,SE-UHPLC Main Peak FWHM (min),SE-UHPLC FWHM,6,22,15.2,26.701351,0.7408859217450339,0.7362496112734097,0.0046363104716241
VIS_052,0,SE-UHPLC Main Peak FWHM (min),SE-UHPLC FWHM,7,0,12.2,11.315744,0.7408859217450339,0.7989235473354823,-0.0580376255904484
VIS_053,0,SE-UHPLC Main Peak FWHM (min),SE-UHPLC FWHM,7,1,10.8,10.9,0.7408859217450339,0.7989235473354823,-0.0580376255904484
VIS_054,0,SE-UHPLC Main Peak FWHM (min),SE-UHPLC FWHM,7,2,10.4,17.6,0.7408859217450339,0.7989235473354823,-0.0580376255904484
VIS_055,0,SE-UHPLC Main Peak FWHM (min),SE-UHPLC FWHM,7,3,17.8,21.744392,0.7408859217450339,0.7989235473354823,-0.0580376255904484
VIS_056,0,SE-UHPLC Main Peak FWHM (min),SE-UHPLC FWHM,7,4,9.1,10.264351,0.7408859217450339,0.7989235473354823,-0.0580376255904484
VIS_057,0,SE-UHPLC Main Peak FWHM (min),SE-UHPLC FWHM,7,5,40.0,45.0,0.7408859217450339,0.7989235473354823,-0.0580376255904484
VIS_058,0,SE-UHPLC Main Peak FWHM (min),SE-UHPLC FWHM,7,6,10.8,10.9,0.7408859217450339,0.7989235473354823,-0.0580376255904484
VIS_059,0,SE-UHPLC Main Peak FWHM (min),SE-UHPLC FWHM,7,7,7.6,10.573685,0.7408859217450339,0.7989235473354823,-0.0580376255904484
VIS_060,0,SE-UHPLC Main Peak FWHM (min),SE-UHPLC FWHM,7,8,20.1,21.7,0.7408859217450339,0.7989235473354823,-0.0580376255904484
VIS_061,0,SE-UHPLC Main Peak FWHM (min),SE-UHPLC FWHM,7,9,25.9,21.7,0.7408859217450339,0.7989235473354823,-0.0580376255904484
VIS_062,0,SE-UHPLC Main Peak FWHM (min),SE-UHPLC FWHM,7,10,8.4,11.717463,0.7408859217450339,0.7989235473354823,-0.0580376255904484
VIS_063,0,SE-UHPLC Main Peak FWHM (min),SE-UHPLC FWHM,7,11,12.6,10.9,0.7408859217450339,0.7989235473354823,-0.0580376255904484
VIS_064,0,SE-UHPLC Main Peak FWHM (min),SE-UHPLC FWHM,7,12,30.1,26.4,0.7408859217450339,0.7989235473354823,-0.0580376255904484
VIS_065,0,SE-UHPLC Main Peak FWHM (min),SE-UHPLC FWHM,7,13,25.6,26.4,0.7408859217450339,0.7989235473354823,-0.0580376255904484
VIS_066,0,SE-UHPLC Main Peak FWHM (min),SE-UHPLC FWHM,7,14,15.0,13.1,0.7408859217450339,0.7989235473354823,-0.0580376255904484
VIS_067,0,SE-UHPLC Main Peak FWHM (min),SE-UHPLC FWHM,7,15,9.9,10.1087475,0.7408859217450339,0.7989235473354823,-0.0580376255904484
VIS_068,0,SE-UHPLC Main Peak FWHM (min),SE-UHPLC FWHM,7,16,42.1,27.274452,0.7408859217450339,0.7989235473354823,-0.0580376255904484
VIS_069,0,SE-UHPLC Main Peak FWHM (min),SE-UHPLC FWHM,7,17,16.8,16.592594,0.7408859217450339,0.7989235473354823,-0.0580376255904484
VIS_070,0,SE-UHPLC Main Peak FWHM (min),SE-UHPLC FWHM,7,18,13.8,17.018812,0.7408859217450339,0.7989235473354823,-0.0580376255904484
VIS_071,0,SE-UHPLC Main Peak FWHM (min),SE-UHPLC FWHM,7,19,13.9,12.4,0.7408859217450339,0.7989235473354823,-0.0580376255904484
VIS_072,0,SE-UHPLC Main Peak FWHM (min),SE-UHPLC FWHM,7,20,11.9,12.780091,0.7408859217450339,0.7989235473354823,-0.0580376255904484
VIS_073,0,SE-UHPLC Main Peak FWHM (min),SE-UHPLC FWHM,7,21,11.4,15.027713,0.7408859217450339,0.7989235473354823,-0.0580376255904484
VIS_074,0,SE-UHPLC Main Peak FWHM (min),SE-UHPLC FWHM,7,22,15.2,17.1,0.7408859217450339,0.7989235473354823,-0.0580376255904484
VIS_052,0,SE-UHPLC Main Peak FWHM (min),SE-UHPLC FWHM,8,0,12.2,10.9,0.7408859217450339,0.7201163875729815,0.0207695341720524
VIS_053,0,SE-UHPLC Main Peak FWHM (min),SE-UHPLC FWHM,8,1,10.8,11.510926,0.7408859217450339,0.7201163875729815,0.0207695341720524
VIS_054,0,SE-UHPLC Main Peak FWHM (min),SE-UHPLC FWHM,8,2,10.4,17.6,0.7408859217450339,0.7201163875729815,0.0207695341720524
VIS_055,0,SE-UHPLC Main Peak FWHM (min),SE-UHPLC FWHM,8,3,17.8,21.744392,0.7408859217450339,0.7201163875729815,0.0207695341720524
VIS_056,0,SE-UHPLC Main Peak FWHM (min),SE-UHPLC FWHM,8,4,9.1,10.3,0.7408859217450339,0.7201163875729815,0.0207695341720524
VIS_057,0,SE-UHPLC Main Peak FWHM (min),SE-UHPLC FWHM,8,5,40.0,45.0,0.7408859217450339,0.7201163875729815,0.0207695341720524
VIS_058,0,SE-UHPLC Main Peak FWHM (min),SE-UHPLC FWHM,8,6,10.8,10.9,0.7408859217450339,0.7201163875729815,0.0207695341720524
VIS_059,0,SE-UHPLC Main Peak FWHM (min),SE-UHPLC FWHM,8,7,7.6,10.558211,0.7408859217450339,0.7201163875729815,0.0207695341720524
VIS_060,0,SE-UHPLC Main Peak FWHM (min),SE-UHPLC FWHM,8,8,20.1,21.7,0.7408859217450339,0.7201163875729815,0.0207695341720524
VIS_061,0,SE-UHPLC Main Peak FWHM (min),SE-UHPLC FWHM,8,9,25.9,21.7,0.7408859217450339,0.7201163875729815,0.0207695341720524
VIS_062,0,SE-UHPLC Main Peak FWHM (min),SE-UHPLC FWHM,8,10,8.4,11.7,0.7408859217450339,0.7201163875729815,0.0207695341720524
VIS_063,0,SE-UHPLC Main Peak FWHM (min),SE-UHPLC FWHM,8,11,12.6,10.6,0.7408859217450339,0.7201163875729815,0.0207695341720524
VIS_064,0,SE-UHPLC Main Peak FWHM (min),SE-UHPLC FWHM,8,12,30.1,27.497292,0.7408859217450339,0.7201163875729815,0.0207695341720524
VIS_065,0,SE-UHPLC Main Peak FWHM (min),SE-UHPLC FWHM,8,13,25.6,25.92707,0.7408859217450339,0.7201163875729815,0.0207695341720524
VIS_066,0,SE-UHPLC Main Peak FWHM (min),SE-UHPLC FWHM,8,14,15.0,13.1,0.7408859217450339,0.7201163875729815,0.0207695341720524
VIS_067,0,SE-UHPLC Main Peak FWHM (min),SE-UHPLC FWHM,8,15,9.9,10.068308,0.7408859217450339,0.7201163875729815,0.0207695341720524
VIS_068,0,SE-UHPLC Main Peak FWHM (min),SE-UHPLC FWHM,8,16,42.1,26.970633,0.7408859217450339,0.7201163875729815,0.0207695341720524
VIS_069,0,SE-UHPLC Main Peak FWHM (min),SE-UHPLC FWHM,8,17,16.8,15.816266,0.7408859217450339,0.7201163875729815,0.0207695341720524
VIS_070,0,SE-UHPLC Main Peak FWHM (min),SE-UHPLC FWHM,8,18,13.8,17.233324,0.7408859217450339,0.7201163875729815,0.0207695341720524
VIS_071,0,SE-UHPLC Main Peak FWHM (min),SE-UHPLC FWHM,8,19,13.9,11.7,0.7408859217450339,0.7201163875729815,0.0207695341720524
VIS_072,0,SE-UHPLC Main Peak FWHM (min),SE-UHPLC FWHM,8,20,11.9,11.7,0.7408859217450339,0.7201163875729815,0.0207695341720524
VIS_073,0,SE-UHPLC Main Peak FWHM (min),SE-UHPLC FWHM,8,21,11.4,17.086594,0.7408859217450339,0.7201163875729815,0.0207695341720524
VIS_074,0,SE-UHPLC Main Peak FWHM (min),SE-UHPLC FWHM,8,22,15.2,26.82387,0.7408859217450339,0.7201163875729815,0.0207695341720524
VIS_052,0,SE-UHPLC Main Peak FWHM (min),SE-UHPLC FWHM,9,0,12.2,11.318162,0.7408859217450339,0.733622182184577,0.0072637395604568
VIS_053,0,SE-UHPLC Main Peak FWHM (min),SE-UHPLC FWHM,9,1,10.8,11.7,0.7408859217450339,0.733622182184577,0.0072637395604568
VIS_054,0,SE-UHPLC Main Peak FWHM (min),SE-UHPLC FWHM,9,2,10.4,17.6,0.7408859217450339,0.733622182184577,0.0072637395604568
VIS_055,0,SE-UHPLC Main Peak FWHM (min),SE-UHPLC FWHM,9,3,17.8,20.107405,0.7408859217450339,0.733622182184577,0.0072637395604568
VIS_056,0,SE-UHPLC Main Peak FWHM (min),SE-UHPLC FWHM,9,4,9.1,10.875053,0.7408859217450339,0.733622182184577,0.0072637395604568
VIS_057,0,SE-UHPLC Main Peak FWHM (min),SE-UHPLC FWHM,9,5,40.0,45.029873,0.7408859217450339,0.733622182184577,0.0072637395604568
VIS_058,0,SE-UHPLC Main Peak FWHM (min),SE-UHPLC FWHM,9,6,10.8,10.3,0.7408859217450339,0.733622182184577,0.0072637395604568
VIS_059,0,SE-UHPLC Main Peak FWHM (min),SE-UHPLC FWHM,9,7,7.6,10.4,0.7408859217450339,0.733622182184577,0.0072637395604568
VIS_060,0,SE-UHPLC Main Peak FWHM (min),SE-UHPLC FWHM,9,8,20.1,21.50859,0.7408859217450339,0.733622182184577,0.0072637395604568
VIS_061,0,SE-UHPLC Main Peak FWHM (min),SE-UHPLC FWHM,9,9,25.9,21.7,0.7408859217450339,0.733622182184577,0.0072637395604568
VIS_062,0,SE-UHPLC Main Peak FWHM (min),SE-UHPLC FWHM,9,10,8.4,11.7,0.7408859217450339,0.733622182184577,0.0072637395604568
VIS_063,0,SE-UHPLC Main Peak FWHM (min),SE-UHPLC FWHM,9,11,12.6,10.4,0.7408859217450339,0.733622182184577,0.0072637395604568
VIS_064,0,SE-UHPLC Main Peak FWHM (min),SE-UHPLC FWHM,9,12,30.1,26.4,0.7408859217450339,0.733622182184577,0.0072637395604568
VIS_065,0,SE-UHPLC Main Peak FWHM (min),SE-UHPLC FWHM,9,13,25.6,26.4,0.7408859217450339,0.733622182184577,0.0072637395604568
VIS_066,0,SE-UHPLC Main Peak FWHM (min),SE-UHPLC FWHM,9,14,15.0,11.794662,0.7408859217450339,0.733622182184577,0.0072637395604568
VIS_067,0,SE-UHPLC Main Peak FWHM (min),SE-UHPLC FWHM,9,15,9.9,10.1087475,0.7408859217450339,0.733622182184577,0.0072637395604568
VIS_068,0,SE-UHPLC Main Peak FWHM (min),SE-UHPLC FWHM,9,16,42.1,27.314596,0.7408859217450339,0.733622182184577,0.0072637395604568
VIS_069,0,SE-UHPLC Main Peak FWHM (min),SE-UHPLC FWHM,9,17,16.8,16.6,0.7408859217450339,0.733622182184577,0.0072637395604568
VIS_070,0,SE-UHPLC Main Peak FWHM (min),SE-UHPLC FWHM,9,18,13.8,17.6,0.7408859217450339,0.733622182184577,0.0072637395604568
VIS_071,0,SE-UHPLC Main Peak FWHM (min),SE-UHPLC FWHM,9,19,13.9,13.9,0.7408859217450339,0.733622182184577,0.0072637395604568
VIS_072,0,SE-UHPLC Main Peak FWHM (min),SE-UHPLC FWHM,9,20,11.9,11.878933,0.7408859217450339,0.733622182184577,0.0072637395604568
VIS_073,0,SE-UHPLC Main Peak FWHM (min),SE-UHPLC FWHM,9,21,11.4,14.855564,0.7408859217450339,0.733622182184577,0.0072637395604568
VIS_074,0,SE-UHPLC Main Peak FWHM (min),SE-UHPLC FWHM,9,22,15.2,26.897467,0.7408859217450339,0.733622182184577,0.0072637395604568
VIS_052,0,SE-UHPLC Main Peak FWHM (min),SE-UHPLC FWHM,10,0,12.2,11.150875,0.7408859217450339,0.7174173761947052,0.0234685455503286
VIS_053,0,SE-UHPLC Main Peak FWHM (min),SE-UHPLC FWHM,10,1,10.8,11.991493,0.7408859217450339,0.7174173761947052,0.0234685455503286
VIS_054,0,SE-UHPLC Main Peak FWHM (min),SE-UHPLC FWHM,10,2,10.4,17.6,0.7408859217450339,0.7174173761947052,0.0234685455503286
VIS_055,0,SE-UHPLC Main Peak FWHM (min),SE-UHPLC FWHM,10,3,17.8,19.812544,0.7408859217450339,0.7174173761947052,0.0234685455503286
VIS_056,0,SE-UHPLC Main Peak FWHM (min),SE-UHPLC FWHM,10,4,9.1,10.3,0.7408859217450339,0.7174173761947052,0.0234685455503286
VIS_057,0,SE-UHPLC Main Peak FWHM (min),SE-UHPLC FWHM,10,5,40.0,45.0,0.7408859217450339,0.7174173761947052,0.0234685455503286
VIS_058,0,SE-UHPLC Main Peak FWHM (min),SE-UHPLC FWHM,10,6,10.8,10.398275,0.7408859217450339,0.7174173761947052,0.0234685455503286
VIS_059,0,SE-UHPLC Main Peak FWHM (min),SE-UHPLC FWHM,10,7,7.6,10.429568,0.7408859217450339,0.7174173761947052,0.0234685455503286
VIS_060,0,SE-UHPLC Main Peak FWHM (min),SE-UHPLC FWHM,10,8,20.1,21.39645,0.7408859217450339,0.7174173761947052,0.0234685455503286
VIS_061,0,SE-UHPLC Main Peak FWHM (min),SE-UHPLC FWHM,10,9,25.9,21.7,0.7408859217450339,0.7174173761947052,0.0234685455503286
VIS_062,0,SE-UHPLC Main Peak FWHM (min),SE-UHPLC FWHM,10,10,8.4,11.7,0.7408859217450339,0.7174173761947052,0.0234685455503286
VIS_063,0,SE-UHPLC Main Peak FWHM (min),SE-UHPLC FWHM,10,11,12.6,11.7,0.7408859217450339,0.7174173761947052,0.0234685455503286
VIS_064,0,SE-UHPLC Main Peak FWHM (min),SE-UHPLC FWHM,10,12,30.1,26.4,0.7408859217450339,0.7174173761947052,0.0234685455503286
VIS_065,0,SE-UHPLC Main Peak FWHM (min),SE-UHPLC FWHM,10,13,25.6,26.4,0.7408859217450339,0.7174173761947052,0.0234685455503286
VIS_066,0,SE-UHPLC Main Peak FWHM (min),SE-UHPLC FWHM,10,14,15.0,12.193495,0.7408859217450339,0.7174173761947052,0.0234685455503286
VIS_067,0,SE-UHPLC Main Peak FWHM (min),SE-UHPLC FWHM,10,15,9.9,10.3,0.7408859217450339,0.7174173761947052,0.0234685455503286
VIS_068,0,SE-UHPLC Main Peak FWHM (min),SE-UHPLC FWHM,10,16,42.1,26.4,0.7408859217450339,0.7174173761947052,0.0234685455503286
VIS_069,0,SE-UHPLC Main Peak FWHM (min),SE-UHPLC FWHM,10,17,16.8,15.816266,0.7408859217450339,0.7174173761947052,0.0234685455503286
VIS_070,0,SE-UHPLC Main Peak FWHM (min),SE-UHPLC FWHM,10,18,13.8,17.6,0.7408859217450339,0.7174173761947052,0.0234685455503286
VIS_071,0,SE-UHPLC Main Peak FWHM (min),SE-UHPLC FWHM,10,19,13.9,12.4,0.7408859217450339,0.7174173761947052,0.0234685455503286
VIS_072,0,SE-UHPLC Main Peak FWHM (min),SE-UHPLC FWHM,10,20,11.9,11.7,0.7408859217450339,0.7174173761947052,0.0234685455503286
VIS_073,0,SE-UHPLC Main Peak FWHM (min),SE-UHPLC FWHM,10,21,11.4,16.59201,0.7408859217450339,0.7174173761947052,0.0234685455503286
VIS_074,0,SE-UHPLC Main Peak FWHM (min),SE-UHPLC FWHM,10,22,15.2,26.701351,0.7408859217450339,0.7174173761947052,0.0234685455503286
VIS_052,1,DLS Interaction Parameter kD (mL/g),DLS kD,1,0,12.2,26.538095,0.712128945922085,-0.3061811614251764,1.0183101073472614
VIS_053,1,DLS Interaction Parameter kD (mL/g),DLS kD,1,1,10.8,11.49621,0.712128945922085,-0.3061811614251764,1.0183101073472614
VIS_054,1,DLS Interaction Parameter kD (mL/g),DLS kD,1,2,10.4,13.9,0.712128945922085,-0.3061811614251764,1.0183101073472614
VIS_055,1,DLS Interaction Parameter kD (mL/g),DLS kD,1,3,17.8,10.284577,0.712128945922085,-0.3061811614251764,1.0183101073472614
VIS_056,1,DLS Interaction Parameter kD (mL/g),DLS kD,1,4,9.1,27.227049,0.712128945922085,-0.3061811614251764,1.0183101073472614
VIS_057,1,DLS Interaction Parameter kD (mL/g),DLS kD,1,5,40.0,19.521214,0.712128945922085,-0.3061811614251764,1.0183101073472614
VIS_058,1,DLS Interaction Parameter kD (mL/g),DLS kD,1,6,10.8,10.4,0.712128945922085,-0.3061811614251764,1.0183101073472614
VIS_059,1,DLS Interaction Parameter kD (mL/g),DLS kD,1,7,7.6,9.9,0.712128945922085,-0.3061811614251764,1.0183101073472614
VIS_060,1,DLS Interaction Parameter kD (mL/g),DLS kD,1,8,20.1,19.7,0.712128945922085,-0.3061811614251764,1.0183101073472614
VIS_061,1,DLS Interaction Parameter kD (mL/g),DLS kD,1,9,25.9,10.422686,0.712128945922085,-0.3061811614251764,1.0183101073472614
VIS_062,1,DLS Interaction Parameter kD (mL/g),DLS kD,1,10,8.4,13.9,0.712128945922085,-0.3061811614251764,1.0183101073472614
VIS_063,1,DLS Interaction Parameter kD (mL/g),DLS kD,1,11,12.6,11.7,0.712128945922085,-0.3061811614251764,1.0183101073472614
VIS_064,1,DLS Interaction Parameter kD (mL/g),DLS kD,1,12,30.1,10.455844,0.712128945922085,-0.3061811614251764,1.0183101073472614
VIS_065,1,DLS Interaction Parameter kD (mL/g),DLS kD,1,13,25.6,17.965633,0.712128945922085,-0.3061811614251764,1.0183101073472614
VIS_066,1,DLS Interaction Parameter kD (mL/g),DLS kD,1,14,15.0,24.192724,0.712128945922085,-0.3061811614251764,1.0183101073472614
VIS_067,1,DLS Interaction Parameter kD (mL/g),DLS kD,1,15,9.9,16.763643,0.712128945922085,-0.3061811614251764,1.0183101073472614
VIS_068,1,DLS Interaction Parameter kD (mL/g),DLS kD,1,16,42.1,21.861612,0.712128945922085,-0.3061811614251764,1.0183101073472614
VIS_069,1,DLS Interaction Parameter kD (mL/g),DLS kD,1,17,16.8,15.254544,0.712128945922085,-0.3061811614251764,1.0183101073472614
VIS_070,1,DLS Interaction Parameter kD (mL/g),DLS kD,1,18,13.8,10.5,0.712128945922085,-0.3061811614251764,1.0183101073472614
VIS_071,1,DLS Interaction Parameter kD (mL/g),DLS kD,1,19,13.9,29.574121,0.712128945922085,-0.3061811614251764,1.0183101073472614
VIS_072,1,DLS Interaction Parameter kD (mL/g),DLS kD,1,20,11.9,21.287256,0.712128945922085,-0.3061811614251764,1.0183101073472614
VIS_073,1,DLS Interaction Parameter kD (mL/g),DLS kD,1,21,11.4,10.675707,0.712128945922085,-0.3061811614251764,1.0183101073472614
VIS_074,1,DLS Interaction Parameter kD (mL/g),DLS kD,1,22,15.2,16.6,0.712128945922085,-0.3061811614251764,1.0183101073472614
VIS_052,1,DLS Interaction Parameter kD (mL/g),DLS kD,2,0,12.2,21.225748,0.712128945922085,-0.1244348383757432,0.8365637842978282
VIS_053,1,DLS Interaction Parameter kD (mL/g),DLS kD,2,1,10.8,13.9281845,0.712128945922085,-0.1244348383757432,0.8365637842978282
VIS_054,1,DLS Interaction Parameter kD (mL/g),DLS kD,2,2,10.4,11.74601,0.712128945922085,-0.1244348383757432,0.8365637842978282
VIS_055,1,DLS Interaction Parameter kD (mL/g),DLS kD,2,3,17.8,10.0,0.712128945922085,-0.1244348383757432,0.8365637842978282
VIS_056,1,DLS Interaction Parameter kD (mL/g),DLS kD,2,4,9.1,27.227049,0.712128945922085,-0.1244348383757432,0.8365637842978282
VIS_057,1,DLS Interaction Parameter kD (mL/g),DLS kD,2,5,40.0,21.752123,0.712128945922085,-0.1244348383757432,0.8365637842978282
VIS_058,1,DLS Interaction Parameter kD (mL/g),DLS kD,2,6,10.8,11.7,0.712128945922085,-0.1244348383757432,0.8365637842978282
VIS_059,1,DLS Interaction Parameter kD (mL/g),DLS kD,2,7,7.6,10.3,0.712128945922085,-0.1244348383757432,0.8365637842978282
VIS_060,1,DLS Interaction Parameter kD (mL/g),DLS kD,2,8,20.1,17.216784,0.712128945922085,-0.1244348383757432,0.8365637842978282
VIS_061,1,DLS Interaction Parameter kD (mL/g),DLS kD,2,9,25.9,15.3,0.712128945922085,-0.1244348383757432,0.8365637842978282
VIS_062,1,DLS Interaction Parameter kD (mL/g),DLS kD,2,10,8.4,10.0,0.712128945922085,-0.1244348383757432,0.8365637842978282
VIS_063,1,DLS Interaction Parameter kD (mL/g),DLS kD,2,11,12.6,16.500267,0.712128945922085,-0.1244348383757432,0.8365637842978282
VIS_064,1,DLS Interaction Parameter kD (mL/g),DLS kD,2,12,30.1,17.004393,0.712128945922085,-0.1244348383757432,0.8365637842978282
VIS_065,1,DLS Interaction Parameter kD (mL/g),DLS kD,2,13,25.6,18.196375,0.712128945922085,-0.1244348383757432,0.8365637842978282
VIS_066,1,DLS Interaction Parameter kD (mL/g),DLS kD,2,14,15.0,25.20676,0.712128945922085,-0.1244348383757432,0.8365637842978282
VIS_067,1,DLS Interaction Parameter kD (mL/g),DLS kD,2,15,9.9,10.9,0.712128945922085,-0.1244348383757432,0.8365637842978282
VIS_068,1,DLS Interaction Parameter kD (mL/g),DLS kD,2,16,42.1,20.461088,0.712128945922085,-0.1244348383757432,0.8365637842978282
VIS_069,1,DLS Interaction Parameter kD (mL/g),DLS kD,2,17,16.8,12.083618,0.712128945922085,-0.1244348383757432,0.8365637842978282
VIS_070,1,DLS Interaction Parameter kD (mL/g),DLS kD,2,18,13.8,9.308068,0.712128945922085,-0.1244348383757432,0.8365637842978282
VIS_071,1,DLS Interaction Parameter kD (mL/g),DLS kD,2,19,13.9,26.955648,0.712128945922085,-0.1244348383757432,0.8365637842978282
VIS_072,1,DLS Interaction Parameter kD (mL/g),DLS kD,2,20,11.9,28.602259,0.712128945922085,-0.1244348383757432,0.8365637842978282
VIS_073,1,DLS Interaction Parameter kD (mL/g),DLS kD,2,21,11.4,14.6,0.712128945922085,-0.1244348383757432,0.8365637842978282
VIS_074,1,DLS Interaction Parameter kD (mL/g),DLS kD,2,22,15.2,17.1,0.712128945922085,-0.1244348383757432,0.8365637842978282
VIS_052,1,DLS Interaction Parameter kD (mL/g),DLS kD,3,0,12.2,26.538095,0.712128945922085,0.6613456614177999,0.050783284504285
VIS_053,1,DLS Interaction Parameter kD (mL/g),DLS kD,3,1,10.8,10.9,0.712128945922085,0.6613456614177999,0.050783284504285
VIS_054,1,DLS Interaction Parameter kD (mL/g),DLS kD,3,2,10.4,11.74601,0.712128945922085,0.6613456614177999,0.050783284504285
VIS_055,1,DLS Interaction Parameter kD (mL/g),DLS kD,3,3,17.8,15.171878,0.712128945922085,0.6613456614177999,0.050783284504285
VIS_056,1,DLS Interaction Parameter kD (mL/g),DLS kD,3,4,9.1,10.3,0.712128945922085,0.6613456614177999,0.050783284504285
VIS_057,1,DLS Interaction Parameter kD (mL/g),DLS kD,3,5,40.0,30.565924,0.712128945922085,0.6613456614177999,0.050783284504285
VIS_058,1,DLS Interaction Parameter kD (mL/g),DLS kD,3,6,10.8,10.9,0.712128945922085,0.6613456614177999,0.050783284504285
VIS_059,1,DLS Interaction Parameter kD (mL/g),DLS kD,3,7,7.6,10.4,0.712128945922085,0.6613456614177999,0.050783284504285
VIS_060,1,DLS Interaction Parameter kD (mL/g),DLS kD,3,8,20.1,17.1,0.712128945922085,0.6613456614177999,0.050783284504285
VIS_061,1,DLS Interaction Parameter kD (mL/g),DLS kD,3,9,25.9,15.3,0.712128945922085,0.6613456614177999,0.050783284504285
VIS_062,1,DLS Interaction Parameter kD (mL/g),DLS kD,3,10,8.4,10.21258,0.712128945922085,0.6613456614177999,0.050783284504285
VIS_063,1,DLS Interaction Parameter kD (mL/g),DLS kD,3,11,12.6,10.9,0.712128945922085,0.6613456614177999,0.050783284504285
VIS_064,1,DLS Interaction Parameter kD (mL/g),DLS kD,3,12,30.1,28.761497,0.712128945922085,0.6613456614177999,0.050783284504285
VIS_065,1,DLS Interaction Parameter kD (mL/g),DLS kD,3,13,25.6,30.861286,0.712128945922085,0.6613456614177999,0.050783284504285
VIS_066,1,DLS Interaction Parameter kD (mL/g),DLS kD,3,14,15.0,12.490348,0.712128945922085,0.6613456614177999,0.050783284504285
VIS_067,1,DLS Interaction Parameter kD (mL/g),DLS kD,3,15,9.9,13.1,0.712128945922085,0.6613456614177999,0.050783284504285
VIS_068,1,DLS Interaction Parameter kD (mL/g),DLS kD,3,16,42.1,32.37483,0.712128945922085,0.6613456614177999,0.050783284504285
VIS_069,1,DLS Interaction Parameter kD (mL/g),DLS kD,3,17,16.8,13.8,0.712128945922085,0.6613456614177999,0.050783284504285
VIS_070,1,DLS Interaction Parameter kD (mL/g),DLS kD,3,18,13.8,11.771264,0.712128945922085,0.6613456614177999,0.050783284504285
VIS_071,1,DLS Interaction Parameter kD (mL/g),DLS kD,3,19,13.9,19.691748,0.712128945922085,0.6613456614177999,0.050783284504285
VIS_072,1,DLS Interaction Parameter kD (mL/g),DLS kD,3,20,11.9,12.827546,0.712128945922085,0.6613456614177999,0.050783284504285
VIS_073,1,DLS Interaction Parameter kD (mL/g),DLS kD,3,21,11.4,10.307924,0.712128945922085,0.6613456614177999,0.050783284504285
VIS_074,1,DLS Interaction Parameter kD (mL/g),DLS kD,3,22,15.2,22.511688,0.712128945922085,0.6613456614177999,0.050783284504285
VIS_052,1,DLS Interaction Parameter kD (mL/g),DLS kD,4,0,12.2,29.478334,0.712128945922085,-0.4472971335506501,1.1594260794727351
VIS_053,1,DLS Interaction Parameter kD (mL/g),DLS kD,4,1,10.8,12.70361,0.712128945922085,-0.4472971335506501,1.1594260794727351
VIS_054,1,DLS Interaction Parameter kD (mL/g),DLS kD,4,2,10.4,14.178497,0.712128945922085,-0.4472971335506501,1.1594260794727351
VIS_055,1,DLS Interaction Parameter kD (mL/g),DLS kD,4,3,17.8,10.0,0.712128945922085,-0.4472971335506501,1.1594260794727351
VIS_056,1,DLS Interaction Parameter kD (mL/g),DLS kD,4,4,9.1,10.342246,0.712128945922085,-0.4472971335506501,1.1594260794727351
VIS_057,1,DLS Interaction Parameter kD (mL/g),DLS kD,4,5,40.0,32.454773,0.712128945922085,-0.4472971335506501,1.1594260794727351
VIS_058,1,DLS Interaction Parameter kD (mL/g),DLS kD,4,6,10.8,10.9,0.712128945922085,-0.4472971335506501,1.1594260794727351
VIS_059,1,DLS Interaction Parameter kD (mL/g),DLS kD,4,7,7.6,13.1,0.712128945922085,-0.4472971335506501,1.1594260794727351
VIS_060,1,DLS Interaction Parameter kD (mL/g),DLS kD,4,8,20.1,17.216784,0.712128945922085,-0.4472971335506501,1.1594260794727351
VIS_061,1,DLS Interaction Parameter kD (mL/g),DLS kD,4,9,25.9,10.422686,0.712128945922085,-0.4472971335506501,1.1594260794727351
VIS_062,1,DLS Interaction Parameter kD (mL/g),DLS kD,4,10,8.4,10.0,0.712128945922085,-0.4472971335506501,1.1594260794727351
VIS_063,1,DLS Interaction Parameter kD (mL/g),DLS kD,4,11,12.6,10.9,0.712128945922085,-0.4472971335506501,1.1594260794727351
VIS_064,1,DLS Interaction Parameter kD (mL/g),DLS kD,4,12,30.1,14.397579,0.712128945922085,-0.4472971335506501,1.1594260794727351
VIS_065,1,DLS Interaction Parameter kD (mL/g),DLS kD,4,13,25.6,20.428278,0.712128945922085,-0.4472971335506501,1.1594260794727351
VIS_066,1,DLS Interaction Parameter kD (mL/g),DLS kD,4,14,15.0,30.819462,0.712128945922085,-0.4472971335506501,1.1594260794727351
VIS_067,1,DLS Interaction Parameter kD (mL/g),DLS kD,4,15,9.9,20.333086,0.712128945922085,-0.4472971335506501,1.1594260794727351
VIS_068,1,DLS Interaction Parameter kD (mL/g),DLS kD,4,16,42.1,15.10732,0.712128945922085,-0.4472971335506501,1.1594260794727351
VIS_069,1,DLS Interaction Parameter kD (mL/g),DLS kD,4,17,16.8,13.8,0.712128945922085,-0.4472971335506501,1.1594260794727351
VIS_070,1,DLS Interaction Parameter kD (mL/g),DLS kD,4,18,13.8,9.3,0.712128945922085,-0.4472971335506501,1.1594260794727351
VIS_071,1,DLS Interaction Parameter kD (mL/g),DLS kD,4,19,13.9,21.77968,0.712128945922085,-0.4472971335506501,1.1594260794727351
VIS_072,1,DLS Interaction Parameter kD (mL/g),DLS kD,4,20,11.9,12.827546,0.712128945922085,-0.4472971335506501,1.1594260794727351
VIS_073,1,DLS Interaction Parameter kD (mL/g),DLS kD,4,21,11.4,17.158812,0.712128945922085,-0.4472971335506501,1.1594260794727351
VIS_074,1,DLS Interaction Parameter kD (mL/g),DLS kD,4,22,15.2,41.897984,0.712128945922085,-0.4472971335506501,1.1594260794727351
VIS_052,1,DLS Interaction Parameter kD (mL/g),DLS kD,5,0,12.2,29.478334,0.712128945922085,-0.3760059670656264,1.0881349129877114
VIS_053,1,DLS Interaction Parameter kD (mL/g),DLS kD,5,1,10.8,13.081755,0.712128945922085,-0.3760059670656264,1.0881349129877114
VIS_054,1,DLS Interaction Parameter kD (mL/g),DLS kD,5,2,10.4,11.652457,0.712128945922085,-0.3760059670656264,1.0881349129877114
VIS_055,1,DLS Interaction Parameter kD (mL/g),DLS kD,5,3,17.8,10.367775,0.712128945922085,-0.3760059670656264,1.0881349129877114
VIS_056,1,DLS Interaction Parameter kD (mL/g),DLS kD,5,4,9.1,10.3,0.712128945922085,-0.3760059670656264,1.0881349129877114
VIS_057,1,DLS Interaction Parameter kD (mL/g),DLS kD,5,5,40.0,21.721216,0.712128945922085,-0.3760059670656264,1.0881349129877114
VIS_058,1,DLS Interaction Parameter kD (mL/g),DLS kD,5,6,10.8,23.414106,0.712128945922085,-0.3760059670656264,1.0881349129877114
VIS_059,1,DLS Interaction Parameter kD (mL/g),DLS kD,5,7,7.6,16.119457,0.712128945922085,-0.3760059670656264,1.0881349129877114
VIS_060,1,DLS Interaction Parameter kD (mL/g),DLS kD,5,8,20.1,19.7,0.712128945922085,-0.3760059670656264,1.0881349129877114
VIS_061,1,DLS Interaction Parameter kD (mL/g),DLS kD,5,9,25.9,10.278052,0.712128945922085,-0.3760059670656264,1.0881349129877114
VIS_062,1,DLS Interaction Parameter kD (mL/g),DLS kD,5,10,8.4,14.740425,0.712128945922085,-0.3760059670656264,1.0881349129877114
VIS_063,1,DLS Interaction Parameter kD (mL/g),DLS kD,5,11,12.6,10.900827,0.712128945922085,-0.3760059670656264,1.0881349129877114
VIS_064,1,DLS Interaction Parameter kD (mL/g),DLS kD,5,12,30.1,10.007123,0.712128945922085,-0.3760059670656264,1.0881349129877114
VIS_065,1,DLS Interaction Parameter kD (mL/g),DLS kD,5,13,25.6,31.043514,0.712128945922085,-0.3760059670656264,1.0881349129877114
VIS_066,1,DLS Interaction Parameter kD (mL/g),DLS kD,5,14,15.0,12.1,0.712128945922085,-0.3760059670656264,1.0881349129877114
VIS_067,1,DLS Interaction Parameter kD (mL/g),DLS kD,5,15,9.9,16.748472,0.712128945922085,-0.3760059670656264,1.0881349129877114
VIS_068,1,DLS Interaction Parameter kD (mL/g),DLS kD,5,16,42.1,20.471691,0.712128945922085,-0.3760059670656264,1.0881349129877114
VIS_069,1,DLS Interaction Parameter kD (mL/g),DLS kD,5,17,16.8,10.720147,0.712128945922085,-0.3760059670656264,1.0881349129877114
VIS_070,1,DLS Interaction Parameter kD (mL/g),DLS kD,5,18,13.8,9.4,0.712128945922085,-0.3760059670656264,1.0881349129877114
VIS_071,1,DLS Interaction Parameter kD (mL/g),DLS kD,5,19,13.9,19.691748,0.712128945922085,-0.3760059670656264,1.0881349129877114
VIS_072,1,DLS Interaction Parameter kD (mL/g),DLS kD,5,20,11.9,28.799488,0.712128945922085,-0.3760059670656264,1.0881349129877114
VIS_073,1,DLS Interaction Parameter kD (mL/g),DLS kD,5,21,11.4,12.045137,0.712128945922085,-0.3760059670656264,1.0881349129877114
VIS_074,1,DLS Interaction Parameter kD (mL/g),DLS kD,5,22,15.2,30.27671,0.712128945922085,-0.3760059670656264,1.0881349129877114
VIS_052,1,DLS Interaction Parameter kD (mL/g),DLS kD,6,0,12.2,10.9,0.712128945922085,0.0692022516975043,0.6429266942245806
VIS_053,1,DLS Interaction Parameter kD (mL/g),DLS kD,6,1,10.8,13.081755,0.712128945922085,0.0692022516975043,0.6429266942245806
VIS_054,1,DLS Interaction Parameter kD (mL/g),DLS kD,6,2,10.4,11.7,0.712128945922085,0.0692022516975043,0.6429266942245806
VIS_055,1,DLS Interaction Parameter kD (mL/g),DLS kD,6,3,17.8,14.109702,0.712128945922085,0.0692022516975043,0.6429266942245806
VIS_056,1,DLS Interaction Parameter kD (mL/g),DLS kD,6,4,9.1,27.227049,0.712128945922085,0.0692022516975043,0.6429266942245806
VIS_057,1,DLS Interaction Parameter kD (mL/g),DLS kD,6,5,40.0,19.521214,0.712128945922085,0.0692022516975043,0.6429266942245806
VIS_058,1,DLS Interaction Parameter kD (mL/g),DLS kD,6,6,10.8,17.1,0.712128945922085,0.0692022516975043,0.6429266942245806
VIS_059,1,DLS Interaction Parameter kD (mL/g),DLS kD,6,7,7.6,10.9,0.712128945922085,0.0692022516975043,0.6429266942245806
VIS_060,1,DLS Interaction Parameter kD (mL/g),DLS kD,6,8,20.1,16.932707,0.712128945922085,0.0692022516975043,0.6429266942245806
VIS_061,1,DLS Interaction Parameter kD (mL/g),DLS kD,6,9,25.9,14.880256,0.712128945922085,0.0692022516975043,0.6429266942245806
VIS_062,1,DLS Interaction Parameter kD (mL/g),DLS kD,6,10,8.4,9.862642,0.712128945922085,0.0692022516975043,0.6429266942245806
VIS_063,1,DLS Interaction Parameter kD (mL/g),DLS kD,6,11,12.6,11.614192,0.712128945922085,0.0692022516975043,0.6429266942245806
VIS_064,1,DLS Interaction Parameter kD (mL/g),DLS kD,6,12,30.1,28.761497,0.712128945922085,0.0692022516975043,0.6429266942245806
VIS_065,1,DLS Interaction Parameter kD (mL/g),DLS kD,6,13,25.6,18.850126,0.712128945922085,0.0692022516975043,0.6429266942245806
VIS_066,1,DLS Interaction Parameter kD (mL/g),DLS kD,6,14,15.0,24.192724,0.712128945922085,0.0692022516975043,0.6429266942245806
VIS_067,1,DLS Interaction Parameter kD (mL/g),DLS kD,6,15,9.9,16.748472,0.712128945922085,0.0692022516975043,0.6429266942245806
VIS_068,1,DLS Interaction Parameter kD (mL/g),DLS kD,6,16,42.1,26.836464,0.712128945922085,0.0692022516975043,0.6429266942245806
VIS_069,1,DLS Interaction Parameter kD (mL/g),DLS kD,6,17,16.8,10.566078,0.712128945922085,0.0692022516975043,0.6429266942245806
VIS_070,1,DLS Interaction Parameter kD (mL/g),DLS kD,6,18,13.8,9.4,0.712128945922085,0.0692022516975043,0.6429266942245806
VIS_071,1,DLS Interaction Parameter kD (mL/g),DLS kD,6,19,13.9,14.584294,0.712128945922085,0.0692022516975043,0.6429266942245806
VIS_072,1,DLS Interaction Parameter kD (mL/g),DLS kD,6,20,11.9,12.018893,0.712128945922085,0.0692022516975043,0.6429266942245806
VIS_073,1,DLS Interaction Parameter kD (mL/g),DLS kD,6,21,11.4,26.362814,0.712128945922085,0.0692022516975043,0.6429266942245806
VIS_074,1,DLS Interaction Parameter kD (mL/g),DLS kD,6,22,15.2,30.27671,0.712128945922085,0.0692022516975043,0.6429266942245806
VIS_052,1,DLS Interaction Parameter kD (mL/g),DLS kD,7,0,12.2,11.360665,0.712128945922085,0.1996979344477527,0.5124310114743322
VIS_053,1,DLS Interaction Parameter kD (mL/g),DLS kD,7,1,10.8,27.89881,0.712128945922085,0.1996979344477527,0.5124310114743322
VIS_054,1,DLS Interaction Parameter kD (mL/g),DLS kD,7,2,10.4,11.74601,0.712128945922085,0.1996979344477527,0.5124310114743322
VIS_055,1,DLS Interaction Parameter kD (mL/g),DLS kD,7,3,17.8,15.171878,0.712128945922085,0.1996979344477527,0.5124310114743322
VIS_056,1,DLS Interaction Parameter kD (mL/g),DLS kD,7,4,9.1,12.267851,0.712128945922085,0.1996979344477527,0.5124310114743322
VIS_057,1,DLS Interaction Parameter kD (mL/g),DLS kD,7,5,40.0,21.247627,0.712128945922085,0.1996979344477527,0.5124310114743322
VIS_058,1,DLS Interaction Parameter kD (mL/g),DLS kD,7,6,10.8,11.7,0.712128945922085,0.1996979344477527,0.5124310114743322
VIS_059,1,DLS Interaction Parameter kD (mL/g),DLS kD,7,7,7.6,16.119457,0.712128945922085,0.1996979344477527,0.5124310114743322
VIS_060,1,DLS Interaction Parameter kD (mL/g),DLS kD,7,8,20.1,16.932707,0.712128945922085,0.1996979344477527,0.5124310114743322
VIS_061,1,DLS Interaction Parameter kD (mL/g),DLS kD,7,9,25.9,14.6,0.712128945922085,0.1996979344477527,0.5124310114743322
VIS_062,1,DLS Interaction Parameter kD (mL/g),DLS kD,7,10,8.4,18.011433,0.712128945922085,0.1996979344477527,0.5124310114743322
VIS_063,1,DLS Interaction Parameter kD (mL/g),DLS kD,7,11,12.6,10.9,0.712128945922085,0.1996979344477527,0.5124310114743322
VIS_064,1,DLS Interaction Parameter kD (mL/g),DLS kD,7,12,30.1,25.15794,0.712128945922085,0.1996979344477527,0.5124310114743322
VIS_065,1,DLS Interaction Parameter kD (mL/g),DLS kD,7,13,25.6,30.861286,0.712128945922085,0.1996979344477527,0.5124310114743322
VIS_066,1,DLS Interaction Parameter kD (mL/g),DLS kD,7,14,15.0,17.999727,0.712128945922085,0.1996979344477527,0.5124310114743322
VIS_067,1,DLS Interaction Parameter kD (mL/g),DLS kD,7,15,9.9,11.7,0.712128945922085,0.1996979344477527,0.5124310114743322
VIS_068,1,DLS Interaction Parameter kD (mL/g),DLS kD,7,16,42.1,21.861612,0.712128945922085,0.1996979344477527,0.5124310114743322
VIS_069,1,DLS Interaction Parameter kD (mL/g),DLS kD,7,17,16.8,10.720147,0.712128945922085,0.1996979344477527,0.5124310114743322
VIS_070,1,DLS Interaction Parameter kD (mL/g),DLS kD,7,18,13.8,9.3,0.712128945922085,0.1996979344477527,0.5124310114743322
VIS_071,1,DLS Interaction Parameter kD (mL/g),DLS kD,7,19,13.9,12.069896,0.712128945922085,0.1996979344477527,0.5124310114743322
VIS_072,1,DLS Interaction Parameter kD (mL/g),DLS kD,7,20,11.9,21.287256,0.712128945922085,0.1996979344477527,0.5124310114743322
VIS_073,1,DLS Interaction Parameter kD (mL/g),DLS kD,7,21,11.4,10.357185,0.712128945922085,0.1996979344477527,0.5124310114743322
VIS_074,1,DLS Interaction Parameter kD (mL/g),DLS kD,7,22,15.2,19.7,0.712128945922085,0.1996979344477527,0.5124310114743322
VIS_052,1,DLS Interaction Parameter kD (mL/g),DLS kD,8,0,12.2,10.895964,0.712128945922085,0.0444485466502853,0.6676803992717997
VIS_053,1,DLS Interaction Parameter kD (mL/g),DLS kD,8,1,10.8,12.1,0.712128945922085,0.0444485466502853,0.6676803992717997
VIS_054,1,DLS Interaction Parameter kD (mL/g),DLS kD,8,2,10.4,14.6,0.712128945922085,0.0444485466502853,0.6676803992717997
VIS_055,1,DLS Interaction Parameter kD (mL/g),DLS kD,8,3,17.8,10.284577,0.712128945922085,0.0444485466502853,0.6676803992717997
VIS_056,1,DLS Interaction Parameter kD (mL/g),DLS kD,8,4,9.1,16.6,0.712128945922085,0.0444485466502853,0.6676803992717997
VIS_057,1,DLS Interaction Parameter kD (mL/g),DLS kD,8,5,40.0,45.01171,0.712128945922085,0.0444485466502853,0.6676803992717997
VIS_058,1,DLS Interaction Parameter kD (mL/g),DLS kD,8,6,10.8,10.476218,0.712128945922085,0.0444485466502853,0.6676803992717997
VIS_059,1,DLS Interaction Parameter kD (mL/g),DLS kD,8,7,7.6,10.4,0.712128945922085,0.0444485466502853,0.6676803992717997
VIS_060,1,DLS Interaction Parameter kD (mL/g),DLS kD,8,8,20.1,16.6,0.712128945922085,0.0444485466502853,0.6676803992717997
VIS_061,1,DLS Interaction Parameter kD (mL/g),DLS kD,8,9,25.9,15.3,0.712128945922085,0.0444485466502853,0.6676803992717997
VIS_062,1,DLS Interaction Parameter kD (mL/g),DLS kD,8,10,8.4,11.060452,0.712128945922085,0.0444485466502853,0.6676803992717997
VIS_063,1,DLS Interaction Parameter kD (mL/g),DLS kD,8,11,12.6,10.9,0.712128945922085,0.0444485466502853,0.6676803992717997
VIS_064,1,DLS Interaction Parameter kD (mL/g),DLS kD,8,12,30.1,16.612371,0.712128945922085,0.0444485466502853,0.6676803992717997
VIS_065,1,DLS Interaction Parameter kD (mL/g),DLS kD,8,13,25.6,45.0,0.712128945922085,0.0444485466502853,0.6676803992717997
VIS_066,1,DLS Interaction Parameter kD (mL/g),DLS kD,8,14,15.0,31.8,0.712128945922085,0.0444485466502853,0.6676803992717997
VIS_067,1,DLS Interaction Parameter kD (mL/g),DLS kD,8,15,9.9,16.763643,0.712128945922085,0.0444485466502853,0.6676803992717997
VIS_068,1,DLS Interaction Parameter kD (mL/g),DLS kD,8,16,42.1,16.6,0.712128945922085,0.0444485466502853,0.6676803992717997
VIS_069,1,DLS Interaction Parameter kD (mL/g),DLS kD,8,17,16.8,20.336271,0.712128945922085,0.0444485466502853,0.6676803992717997
VIS_070,1,DLS Interaction Parameter kD (mL/g),DLS kD,8,18,13.8,9.4,0.712128945922085,0.0444485466502853,0.6676803992717997
VIS_071,1,DLS Interaction Parameter kD (mL/g),DLS kD,8,19,13.9,12.069896,0.712128945922085,0.0444485466502853,0.6676803992717997
VIS_072,1,DLS Interaction Parameter kD (mL/g),DLS kD,8,20,11.9,15.735935,0.712128945922085,0.0444485466502853,0.6676803992717997
VIS_073,1,DLS Interaction Parameter kD (mL/g),DLS kD,8,21,11.4,10.4,0.712128945922085,0.0444485466502853,0.6676803992717997
VIS_074,1,DLS Interaction Parameter kD (mL/g),DLS kD,8,22,15.2,21.256006,0.712128945922085,0.0444485466502853,0.6676803992717997
VIS_052,1,DLS Interaction Parameter kD (mL/g),DLS kD,9,0,12.2,10.9,0.712128945922085,-0.1865102827609872,0.8986392286830722
VIS_053,1,DLS Interaction Parameter kD (mL/g),DLS kD,9,1,10.8,10.9,0.712128945922085,-0.1865102827609872,0.8986392286830722
VIS_054,1,DLS Interaction Parameter kD (mL/g),DLS kD,9,2,10.4,11.652457,0.712128945922085,-0.1865102827609872,0.8986392286830722
VIS_055,1,DLS Interaction Parameter kD (mL/g),DLS kD,9,3,17.8,11.343882,0.712128945922085,-0.1865102827609872,0.8986392286830722
VIS_056,1,DLS Interaction Parameter kD (mL/g),DLS kD,9,4,9.1,10.799432,0.712128945922085,-0.1865102827609872,0.8986392286830722
VIS_057,1,DLS Interaction Parameter kD (mL/g),DLS kD,9,5,40.0,26.454987,0.712128945922085,-0.1865102827609872,0.8986392286830722
VIS_058,1,DLS Interaction Parameter kD (mL/g),DLS kD,9,6,10.8,11.788199,0.712128945922085,-0.1865102827609872,0.8986392286830722
VIS_059,1,DLS Interaction Parameter kD (mL/g),DLS kD,9,7,7.6,26.4,0.712128945922085,-0.1865102827609872,0.8986392286830722
VIS_060,1,DLS Interaction Parameter kD (mL/g),DLS kD,9,8,20.1,27.509272,0.712128945922085,-0.1865102827609872,0.8986392286830722
VIS_061,1,DLS Interaction Parameter kD (mL/g),DLS kD,9,9,25.9,10.422686,0.712128945922085,-0.1865102827609872,0.8986392286830722
VIS_062,1,DLS Interaction Parameter kD (mL/g),DLS kD,9,10,8.4,13.892053,0.712128945922085,-0.1865102827609872,0.8986392286830722
VIS_063,1,DLS Interaction Parameter kD (mL/g),DLS kD,9,11,12.6,11.614192,0.712128945922085,-0.1865102827609872,0.8986392286830722
VIS_064,1,DLS Interaction Parameter kD (mL/g),DLS kD,9,12,30.1,9.926951,0.712128945922085,-0.1865102827609872,0.8986392286830722
VIS_065,1,DLS Interaction Parameter kD (mL/g),DLS kD,9,13,25.6,36.36027,0.712128945922085,-0.1865102827609872,0.8986392286830722
VIS_066,1,DLS Interaction Parameter kD (mL/g),DLS kD,9,14,15.0,31.8,0.712128945922085,-0.1865102827609872,0.8986392286830722
VIS_067,1,DLS Interaction Parameter kD (mL/g),DLS kD,9,15,9.9,22.862198,0.712128945922085,-0.1865102827609872,0.8986392286830722
VIS_068,1,DLS Interaction Parameter kD (mL/g),DLS kD,9,16,42.1,26.4,0.712128945922085,-0.1865102827609872,0.8986392286830722
VIS_069,1,DLS Interaction Parameter kD (mL/g),DLS kD,9,17,16.8,15.254544,0.712128945922085,-0.1865102827609872,0.8986392286830722
VIS_070,1,DLS Interaction Parameter kD (mL/g),DLS kD,9,18,13.8,9.308068,0.712128945922085,-0.1865102827609872,0.8986392286830722
VIS_071,1,DLS Interaction Parameter kD (mL/g),DLS kD,9,19,13.9,12.4084635,0.712128945922085,-0.1865102827609872,0.8986392286830722
VIS_072,1,DLS Interaction Parameter kD (mL/g),DLS kD,9,20,11.9,13.9,0.712128945922085,-0.1865102827609872,0.8986392286830722
VIS_073,1,DLS Interaction Parameter kD (mL/g),DLS kD,9,21,11.4,10.393008,0.712128945922085,-0.1865102827609872,0.8986392286830722
VIS_074,1,DLS Interaction Parameter kD (mL/g),DLS kD,9,22,15.2,30.43233,0.712128945922085,-0.1865102827609872,0.8986392286830722
VIS_052,1,DLS Interaction Parameter kD (mL/g),DLS kD,10,0,12.2,26.538095,0.712128945922085,0.0156892853021756,0.6964396606199094
VIS_053,1,DLS Interaction Parameter kD (mL/g),DLS kD,10,1,10.8,10.9,0.712128945922085,0.0156892853021756,0.6964396606199094
VIS_054,1,DLS Interaction Parameter kD (mL/g),DLS kD,10,2,10.4,10.9,0.712128945922085,0.0156892853021756,0.6964396606199094
VIS_055,1,DLS Interaction Parameter kD (mL/g),DLS kD,10,3,17.8,14.6,0.712128945922085,0.0156892853021756,0.6964396606199094
VIS_056,1,DLS Interaction Parameter kD (mL/g),DLS kD,10,4,9.1,19.65351,0.712128945922085,0.0156892853021756,0.6964396606199094
VIS_057,1,DLS Interaction Parameter kD (mL/g),DLS kD,10,5,40.0,21.721216,0.712128945922085,0.0156892853021756,0.6964396606199094
VIS_058,1,DLS Interaction Parameter kD (mL/g),DLS kD,10,6,10.8,10.4,0.712128945922085,0.0156892853021756,0.6964396606199094
VIS_059,1,DLS Interaction Parameter kD (mL/g),DLS kD,10,7,7.6,9.9,0.712128945922085,0.0156892853021756,0.6964396606199094
VIS_060,1,DLS Interaction Parameter kD (mL/g),DLS kD,10,8,20.1,27.509272,0.712128945922085,0.0156892853021756,0.6964396606199094
VIS_061,1,DLS Interaction Parameter kD (mL/g),DLS kD,10,9,25.9,10.422686,0.712128945922085,0.0156892853021756,0.6964396606199094
VIS_062,1,DLS Interaction Parameter kD (mL/g),DLS kD,10,10,8.4,13.657237,0.712128945922085,0.0156892853021756,0.6964396606199094
VIS_063,1,DLS Interaction Parameter kD (mL/g),DLS kD,10,11,12.6,10.9,0.712128945922085,0.0156892853021756,0.6964396606199094
VIS_064,1,DLS Interaction Parameter kD (mL/g),DLS kD,10,12,30.1,10.9,0.712128945922085,0.0156892853021756,0.6964396606199094
VIS_065,1,DLS Interaction Parameter kD (mL/g),DLS kD,10,13,25.6,22.775757,0.712128945922085,0.0156892853021756,0.6964396606199094
VIS_066,1,DLS Interaction Parameter kD (mL/g),DLS kD,10,14,15.0,13.835829,0.712128945922085,0.0156892853021756,0.6964396606199094
VIS_067,1,DLS Interaction Parameter kD (mL/g),DLS kD,10,15,9.9,22.862198,0.712128945922085,0.0156892853021756,0.6964396606199094
VIS_068,1,DLS Interaction Parameter kD (mL/g),DLS kD,10,16,42.1,32.37483,0.712128945922085,0.0156892853021756,0.6964396606199094
VIS_069,1,DLS Interaction Parameter kD (mL/g),DLS kD,10,17,16.8,13.8,0.712128945922085,0.0156892853021756,0.6964396606199094
VIS_070,1,DLS Interaction Parameter kD (mL/g),DLS kD,10,18,13.8,17.1,0.712128945922085,0.0156892853021756,0.6964396606199094
VIS_071,1,DLS Interaction Parameter kD (mL/g),DLS kD,10,19,13.9,12.069896,0.712128945922085,0.0156892853021756,0.6964396606199094
VIS_072,1,DLS Interaction Parameter kD (mL/g),DLS kD,10,20,11.9,10.9,0.712128945922085,0.0156892853021756,0.6964396606199094
VIS_073,1,DLS Interaction Parameter kD (mL/g),DLS kD,10,21,11.4,28.944866,0.712128945922085,0.0156892853021756,0.6964396606199094
VIS_074,1,DLS Interaction Parameter kD (mL/g),DLS kD,10,22,15.2,19.7,0.712128945922085,0.0156892853021756,0.6964396606199094
VIS_052,1,SE-UHPLC Main Peak Plates (EP),SE-UHPLC Plates,1,0,12.2,10.375809,0.712128945922085,0.5075277066911701,0.2046012392309149
VIS_053,1,SE-UHPLC Main Peak Plates (EP),SE-UHPLC Plates,1,1,10.8,10.9,0.712128945922085,0.5075277066911701,0.2046012392309149
VIS_054,1,SE-UHPLC Main Peak Plates (EP),SE-UHPLC Plates,1,2,10.4,21.8,0.712128945922085,0.5075277066911701,0.2046012392309149
VIS_055,1,SE-UHPLC Main Peak Plates (EP),SE-UHPLC Plates,1,3,17.8,19.478601,0.712128945922085,0.5075277066911701,0.2046012392309149
VIS_056,1,SE-UHPLC Main Peak Plates (EP),SE-UHPLC Plates,1,4,9.1,10.356891,0.712128945922085,0.5075277066911701,0.2046012392309149
VIS_057,1,SE-UHPLC Main Peak Plates (EP),SE-UHPLC Plates,1,5,40.0,23.838978,0.712128945922085,0.5075277066911701,0.2046012392309149
VIS_058,1,SE-UHPLC Main Peak Plates (EP),SE-UHPLC Plates,1,6,10.8,10.4673395,0.712128945922085,0.5075277066911701,0.2046012392309149
VIS_059,1,SE-UHPLC Main Peak Plates (EP),SE-UHPLC Plates,1,7,7.6,11.708873,0.712128945922085,0.5075277066911701,0.2046012392309149
VIS_060,1,SE-UHPLC Main Peak Plates (EP),SE-UHPLC Plates,1,8,20.1,12.539817,0.712128945922085,0.5075277066911701,0.2046012392309149
VIS_061,1,SE-UHPLC Main Peak Plates (EP),SE-UHPLC Plates,1,9,25.9,20.098831,0.712128945922085,0.5075277066911701,0.2046012392309149
VIS_062,1,SE-UHPLC Main Peak Plates (EP),SE-UHPLC Plates,1,10,8.4,10.814734,0.712128945922085,0.5075277066911701,0.2046012392309149
VIS_063,1,SE-UHPLC Main Peak Plates (EP),SE-UHPLC Plates,1,11,12.6,11.7,0.712128945922085,0.5075277066911701,0.2046012392309149
VIS_064,1,SE-UHPLC Main Peak Plates (EP),SE-UHPLC Plates,1,12,30.1,45.0,0.712128945922085,0.5075277066911701,0.2046012392309149
VIS_065,1,SE-UHPLC Main Peak Plates (EP),SE-UHPLC Plates,1,13,25.6,17.339909,0.712128945922085,0.5075277066911701,0.2046012392309149
VIS_066,1,SE-UHPLC Main Peak Plates (EP),SE-UHPLC Plates,1,14,15.0,13.337626,0.712128945922085,0.5075277066911701,0.2046012392309149
VIS_067,1,SE-UHPLC Main Peak Plates (EP),SE-UHPLC Plates,1,15,9.9,10.4,0.712128945922085,0.5075277066911701,0.2046012392309149
VIS_068,1,SE-UHPLC Main Peak Plates (EP),SE-UHPLC Plates,1,16,42.1,30.482552,0.712128945922085,0.5075277066911701,0.2046012392309149
VIS_069,1,SE-UHPLC Main Peak Plates (EP),SE-UHPLC Plates,1,17,16.8,19.794743,0.712128945922085,0.5075277066911701,0.2046012392309149
VIS_070,1,SE-UHPLC Main Peak Plates (EP),SE-UHPLC Plates,1,18,13.8,19.342117,0.712128945922085,0.5075277066911701,0.2046012392309149
VIS_071,1,SE-UHPLC Main Peak Plates (EP),SE-UHPLC Plates,1,19,13.9,11.899244,0.712128945922085,0.5075277066911701,0.2046012392309149
VIS_072,1,SE-UHPLC Main Peak Plates (EP),SE-UHPLC Plates,1,20,11.9,10.796859,0.712128945922085,0.5075277066911701,0.2046012392309149
VIS_073,1,SE-UHPLC Main Peak Plates (EP),SE-UHPLC Plates,1,21,11.4,13.139961,0.712128945922085,0.5075277066911701,0.2046012392309149
VIS_074,1,SE-UHPLC Main Peak Plates (EP),SE-UHPLC Plates,1,22,15.2,17.1,0.712128945922085,0.5075277066911701,0.2046012392309149
VIS_052,1,SE-UHPLC Main Peak Plates (EP),SE-UHPLC Plates,2,0,12.2,13.9,0.712128945922085,0.5745103240624738,0.1376186218596111
VIS_053,1,SE-UHPLC Main Peak Plates (EP),SE-UHPLC Plates,2,1,10.8,10.9,0.712128945922085,0.5745103240624738,0.1376186218596111
VIS_054,1,SE-UHPLC Main Peak Plates (EP),SE-UHPLC Plates,2,2,10.4,16.196629,0.712128945922085,0.5745103240624738,0.1376186218596111
VIS_055,1,SE-UHPLC Main Peak Plates (EP),SE-UHPLC Plates,2,3,17.8,21.8,0.712128945922085,0.5745103240624738,0.1376186218596111
VIS_056,1,SE-UHPLC Main Peak Plates (EP),SE-UHPLC Plates,2,4,9.1,10.356891,0.712128945922085,0.5745103240624738,0.1376186218596111
VIS_057,1,SE-UHPLC Main Peak Plates (EP),SE-UHPLC Plates,2,5,40.0,19.72805,0.712128945922085,0.5745103240624738,0.1376186218596111
VIS_058,1,SE-UHPLC Main Peak Plates (EP),SE-UHPLC Plates,2,6,10.8,10.4,0.712128945922085,0.5745103240624738,0.1376186218596111
VIS_059,1,SE-UHPLC Main Peak Plates (EP),SE-UHPLC Plates,2,7,7.6,15.035107,0.712128945922085,0.5745103240624738,0.1376186218596111
VIS_060,1,SE-UHPLC Main Peak Plates (EP),SE-UHPLC Plates,2,8,20.1,13.538444,0.712128945922085,0.5745103240624738,0.1376186218596111
VIS_061,1,SE-UHPLC Main Peak Plates (EP),SE-UHPLC Plates,2,9,25.9,20.917112,0.712128945922085,0.5745103240624738,0.1376186218596111
VIS_062,1,SE-UHPLC Main Peak Plates (EP),SE-UHPLC Plates,2,10,8.4,11.980584,0.712128945922085,0.5745103240624738,0.1376186218596111
VIS_063,1,SE-UHPLC Main Peak Plates (EP),SE-UHPLC Plates,2,11,12.6,13.496792,0.712128945922085,0.5745103240624738,0.1376186218596111
VIS_064,1,SE-UHPLC Main Peak Plates (EP),SE-UHPLC Plates,2,12,30.1,25.266567,0.712128945922085,0.5745103240624738,0.1376186218596111
VIS_065,1,SE-UHPLC Main Peak Plates (EP),SE-UHPLC Plates,2,13,25.6,19.7,0.712128945922085,0.5745103240624738,0.1376186218596111
VIS_066,1,SE-UHPLC Main Peak Plates (EP),SE-UHPLC Plates,2,14,15.0,10.50831,0.712128945922085,0.5745103240624738,0.1376186218596111
VIS_067,1,SE-UHPLC Main Peak Plates (EP),SE-UHPLC Plates,2,15,9.9,10.240318,0.712128945922085,0.5745103240624738,0.1376186218596111
VIS_068,1,SE-UHPLC Main Peak Plates (EP),SE-UHPLC Plates,2,16,42.1,31.003397,0.712128945922085,0.5745103240624738,0.1376186218596111
VIS_069,1,SE-UHPLC Main Peak Plates (EP),SE-UHPLC Plates,2,17,16.8,15.625376,0.712128945922085,0.5745103240624738,0.1376186218596111
VIS_070,1,SE-UHPLC Main Peak Plates (EP),SE-UHPLC Plates,2,18,13.8,19.492168,0.712128945922085,0.5745103240624738,0.1376186218596111
VIS_071,1,SE-UHPLC Main Peak Plates (EP),SE-UHPLC Plates,2,19,13.9,12.153,0.712128945922085,0.5745103240624738,0.1376186218596111
VIS_072,1,SE-UHPLC Main Peak Plates (EP),SE-UHPLC Plates,2,20,11.9,10.9,0.712128945922085,0.5745103240624738,0.1376186218596111
VIS_073,1,SE-UHPLC Main Peak Plates (EP),SE-UHPLC Plates,2,21,11.4,14.6,0.712128945922085,0.5745103240624738,0.1376186218596111
VIS_074,1,SE-UHPLC Main Peak Plates (EP),SE-UHPLC Plates,2,22,15.2,17.720665,0.712128945922085,0.5745103240624738,0.1376186218596111
VIS_052,1,SE-UHPLC Main Peak Plates (EP),SE-UHPLC Plates,3,0,12.2,10.375809,0.712128945922085,0.292447333301123,0.4196816126209619
VIS_053,1,SE-UHPLC Main Peak Plates (EP),SE-UHPLC Plates,3,1,10.8,10.833445,0.712128945922085,0.292447333301123,0.4196816126209619
VIS_054,1,SE-UHPLC Main Peak Plates (EP),SE-UHPLC Plates,3,2,10.4,16.196629,0.712128945922085,0.292447333301123,0.4196816126209619
VIS_055,1,SE-UHPLC Main Peak Plates (EP),SE-UHPLC Plates,3,3,17.8,27.752829,0.712128945922085,0.292447333301123,0.4196816126209619
VIS_056,1,SE-UHPLC Main Peak Plates (EP),SE-UHPLC Plates,3,4,9.1,11.7,0.712128945922085,0.292447333301123,0.4196816126209619
VIS_057,1,SE-UHPLC Main Peak Plates (EP),SE-UHPLC Plates,3,5,40.0,19.41907,0.712128945922085,0.292447333301123,0.4196816126209619
VIS_058,1,SE-UHPLC Main Peak Plates (EP),SE-UHPLC Plates,3,6,10.8,14.916696,0.712128945922085,0.292447333301123,0.4196816126209619
VIS_059,1,SE-UHPLC Main Peak Plates (EP),SE-UHPLC Plates,3,7,7.6,11.7,0.712128945922085,0.292447333301123,0.4196816126209619
VIS_060,1,SE-UHPLC Main Peak Plates (EP),SE-UHPLC Plates,3,8,20.1,13.9,0.712128945922085,0.292447333301123,0.4196816126209619
VIS_061,1,SE-UHPLC Main Peak Plates (EP),SE-UHPLC Plates,3,9,25.9,16.6,0.712128945922085,0.292447333301123,0.4196816126209619
VIS_062,1,SE-UHPLC Main Peak Plates (EP),SE-UHPLC Plates,3,10,8.4,11.7,0.712128945922085,0.292447333301123,0.4196816126209619
VIS_063,1,SE-UHPLC Main Peak Plates (EP),SE-UHPLC Plates,3,11,12.6,10.459085,0.712128945922085,0.292447333301123,0.4196816126209619
VIS_064,1,SE-UHPLC Main Peak Plates (EP),SE-UHPLC Plates,3,12,30.1,28.761497,0.712128945922085,0.292447333301123,0.4196816126209619
VIS_065,1,SE-UHPLC Main Peak Plates (EP),SE-UHPLC Plates,3,13,25.6,21.15516,0.712128945922085,0.292447333301123,0.4196816126209619
VIS_066,1,SE-UHPLC Main Peak Plates (EP),SE-UHPLC Plates,3,14,15.0,12.1,0.712128945922085,0.292447333301123,0.4196816126209619
VIS_067,1,SE-UHPLC Main Peak Plates (EP),SE-UHPLC Plates,3,15,9.9,10.212085,0.712128945922085,0.292447333301123,0.4196816126209619
VIS_068,1,SE-UHPLC Main Peak Plates (EP),SE-UHPLC Plates,3,16,42.1,21.184265,0.712128945922085,0.292447333301123,0.4196816126209619
VIS_069,1,SE-UHPLC Main Peak Plates (EP),SE-UHPLC Plates,3,17,16.8,13.8,0.712128945922085,0.292447333301123,0.4196816126209619
VIS_070,1,SE-UHPLC Main Peak Plates (EP),SE-UHPLC Plates,3,18,13.8,26.928034,0.712128945922085,0.292447333301123,0.4196816126209619
VIS_071,1,SE-UHPLC Main Peak Plates (EP),SE-UHPLC Plates,3,19,13.9,17.1,0.712128945922085,0.292447333301123,0.4196816126209619
VIS_072,1,SE-UHPLC Main Peak Plates (EP),SE-UHPLC Plates,3,20,11.9,10.9,0.712128945922085,0.292447333301123,0.4196816126209619
VIS_073,1,SE-UHPLC Main Peak Plates (EP),SE-UHPLC Plates,3,21,11.4,13.898064,0.712128945922085,0.292447333301123,0.4196816126209619
VIS_074,1,SE-UHPLC Main Peak Plates (EP),SE-UHPLC Plates,3,22,15.2,19.66723,0.712128945922085,0.292447333301123,0.4196816126209619
VIS_052,1,SE-UHPLC Main Peak Plates (EP),SE-UHPLC Plates,4,0,12.2,10.231147,0.712128945922085,0.5336018092703787,0.1785271366517062
VIS_053,1,SE-UHPLC Main Peak Plates (EP),SE-UHPLC Plates,4,1,10.8,10.799856,0.712128945922085,0.5336018092703787,0.1785271366517062
VIS_054,1,SE-UHPLC Main Peak Plates (EP),SE-UHPLC Plates,4,2,10.4,16.507648,0.712128945922085,0.5336018092703787,0.1785271366517062
VIS_055,1,SE-UHPLC Main Peak Plates (EP),SE-UHPLC Plates,4,3,17.8,21.8,0.712128945922085,0.5336018092703787,0.1785271366517062
VIS_056,1,SE-UHPLC Main Peak Plates (EP),SE-UHPLC Plates,4,4,9.1,10.3,0.712128945922085,0.5336018092703787,0.1785271366517062
VIS_057,1,SE-UHPLC Main Peak Plates (EP),SE-UHPLC Plates,4,5,40.0,32.454773,0.712128945922085,0.5336018092703787,0.1785271366517062
VIS_058,1,SE-UHPLC Main Peak Plates (EP),SE-UHPLC Plates,4,6,10.8,14.916696,0.712128945922085,0.5336018092703787,0.1785271366517062
VIS_059,1,SE-UHPLC Main Peak Plates (EP),SE-UHPLC Plates,4,7,7.6,10.6,0.712128945922085,0.5336018092703787,0.1785271366517062
VIS_060,1,SE-UHPLC Main Peak Plates (EP),SE-UHPLC Plates,4,8,20.1,13.538444,0.712128945922085,0.5336018092703787,0.1785271366517062
VIS_061,1,SE-UHPLC Main Peak Plates (EP),SE-UHPLC Plates,4,9,25.9,20.098831,0.712128945922085,0.5336018092703787,0.1785271366517062
VIS_062,1,SE-UHPLC Main Peak Plates (EP),SE-UHPLC Plates,4,10,8.4,11.980584,0.712128945922085,0.5336018092703787,0.1785271366517062
VIS_063,1,SE-UHPLC Main Peak Plates (EP),SE-UHPLC Plates,4,11,12.6,10.5,0.712128945922085,0.5336018092703787,0.1785271366517062
VIS_064,1,SE-UHPLC Main Peak Plates (EP),SE-UHPLC Plates,4,12,30.1,45.0,0.712128945922085,0.5336018092703787,0.1785271366517062
VIS_065,1,SE-UHPLC Main Peak Plates (EP),SE-UHPLC Plates,4,13,25.6,19.7,0.712128945922085,0.5336018092703787,0.1785271366517062
VIS_066,1,SE-UHPLC Main Peak Plates (EP),SE-UHPLC Plates,4,14,15.0,10.9,0.712128945922085,0.5336018092703787,0.1785271366517062
VIS_067,1,SE-UHPLC Main Peak Plates (EP),SE-UHPLC Plates,4,15,9.9,13.8,0.712128945922085,0.5336018092703787,0.1785271366517062
VIS_068,1,SE-UHPLC Main Peak Plates (EP),SE-UHPLC Plates,4,16,42.1,22.906998,0.712128945922085,0.5336018092703787,0.1785271366517062
VIS_069,1,SE-UHPLC Main Peak Plates (EP),SE-UHPLC Plates,4,17,16.8,13.8,0.712128945922085,0.5336018092703787,0.1785271366517062
VIS_070,1,SE-UHPLC Main Peak Plates (EP),SE-UHPLC Plates,4,18,13.8,17.780304,0.712128945922085,0.5336018092703787,0.1785271366517062
VIS_071,1,SE-UHPLC Main Peak Plates (EP),SE-UHPLC Plates,4,19,13.9,11.7,0.712128945922085,0.5336018092703787,0.1785271366517062
VIS_072,1,SE-UHPLC Main Peak Plates (EP),SE-UHPLC Plates,4,20,11.9,10.9,0.712128945922085,0.5336018092703787,0.1785271366517062
VIS_073,1,SE-UHPLC Main Peak Plates (EP),SE-UHPLC Plates,4,21,11.4,12.7034025,0.712128945922085,0.5336018092703787,0.1785271366517062
VIS_074,1,SE-UHPLC Main Peak Plates (EP),SE-UHPLC Plates,4,22,15.2,19.133125,0.712128945922085,0.5336018092703787,0.1785271366517062
VIS_052,1,SE-UHPLC Main Peak Plates (EP),SE-UHPLC Plates,5,0,12.2,10.231147,0.712128945922085,0.3101004028142201,0.4020285431078648
VIS_053,1,SE-UHPLC Main Peak Plates (EP),SE-UHPLC Plates,5,1,10.8,10.840251,0.712128945922085,0.3101004028142201,0.4020285431078648
VIS_054,1,SE-UHPLC Main Peak Plates (EP),SE-UHPLC Plates,5,2,10.4,13.1,0.712128945922085,0.3101004028142201,0.4020285431078648
VIS_055,1,SE-UHPLC Main Peak Plates (EP),SE-UHPLC Plates,5,3,17.8,22.58397,0.712128945922085,0.3101004028142201,0.4020285431078648
VIS_056,1,SE-UHPLC Main Peak Plates (EP),SE-UHPLC Plates,5,4,9.1,11.7,0.712128945922085,0.3101004028142201,0.4020285431078648
VIS_057,1,SE-UHPLC Main Peak Plates (EP),SE-UHPLC Plates,5,5,40.0,22.781885,0.712128945922085,0.3101004028142201,0.4020285431078648
VIS_058,1,SE-UHPLC Main Peak Plates (EP),SE-UHPLC Plates,5,6,10.8,10.565008,0.712128945922085,0.3101004028142201,0.4020285431078648
VIS_059,1,SE-UHPLC Main Peak Plates (EP),SE-UHPLC Plates,5,7,7.6,10.4,0.712128945922085,0.3101004028142201,0.4020285431078648
VIS_060,1,SE-UHPLC Main Peak Plates (EP),SE-UHPLC Plates,5,8,20.1,12.482635,0.712128945922085,0.3101004028142201,0.4020285431078648
VIS_061,1,SE-UHPLC Main Peak Plates (EP),SE-UHPLC Plates,5,9,25.9,16.6,0.712128945922085,0.3101004028142201,0.4020285431078648
VIS_062,1,SE-UHPLC Main Peak Plates (EP),SE-UHPLC Plates,5,10,8.4,13.5364275,0.712128945922085,0.3101004028142201,0.4020285431078648
VIS_063,1,SE-UHPLC Main Peak Plates (EP),SE-UHPLC Plates,5,11,12.6,13.816678,0.712128945922085,0.3101004028142201,0.4020285431078648
VIS_064,1,SE-UHPLC Main Peak Plates (EP),SE-UHPLC Plates,5,12,30.1,30.511126,0.712128945922085,0.3101004028142201,0.4020285431078648
VIS_065,1,SE-UHPLC Main Peak Plates (EP),SE-UHPLC Plates,5,13,25.6,15.48243,0.712128945922085,0.3101004028142201,0.4020285431078648
VIS_066,1,SE-UHPLC Main Peak Plates (EP),SE-UHPLC Plates,5,14,15.0,10.617182,0.712128945922085,0.3101004028142201,0.4020285431078648
VIS_067,1,SE-UHPLC Main Peak Plates (EP),SE-UHPLC Plates,5,15,9.9,13.9,0.712128945922085,0.3101004028142201,0.4020285431078648
VIS_068,1,SE-UHPLC Main Peak Plates (EP),SE-UHPLC Plates,5,16,42.1,21.7,0.712128945922085,0.3101004028142201,0.4020285431078648
VIS_069,1,SE-UHPLC Main Peak Plates (EP),SE-UHPLC Plates,5,17,16.8,13.824919,0.712128945922085,0.3101004028142201,0.4020285431078648
VIS_070,1,SE-UHPLC Main Peak Plates (EP),SE-UHPLC Plates,5,18,13.8,21.757875,0.712128945922085,0.3101004028142201,0.4020285431078648
VIS_071,1,SE-UHPLC Main Peak Plates (EP),SE-UHPLC Plates,5,19,13.9,17.1,0.712128945922085,0.3101004028142201,0.4020285431078648
VIS_072,1,SE-UHPLC Main Peak Plates (EP),SE-UHPLC Plates,5,20,11.9,10.9,0.712128945922085,0.3101004028142201,0.4020285431078648
VIS_073,1,SE-UHPLC Main Peak Plates (EP),SE-UHPLC Plates,5,21,11.4,13.85782,0.712128945922085,0.3101004028142201,0.4020285431078648
VIS_074,1,SE-UHPLC Main Peak Plates (EP),SE-UHPLC Plates,5,22,15.2,30.374912,0.712128945922085,0.3101004028142201,0.4020285431078648
VIS_052,1,SE-UHPLC Main Peak Plates (EP),SE-UHPLC Plates,6,0,12.2,10.9,0.712128945922085,0.3953962118804135,0.3167327340416714
VIS_053,1,SE-UHPLC Main Peak Plates (EP),SE-UHPLC Plates,6,1,10.8,10.840251,0.712128945922085,0.3953962118804135,0.3167327340416714
VIS_054,1,SE-UHPLC Main Peak Plates (EP),SE-UHPLC Plates,6,2,10.4,13.9,0.712128945922085,0.3953962118804135,0.3167327340416714
VIS_055,1,SE-UHPLC Main Peak Plates (EP),SE-UHPLC Plates,6,3,17.8,19.799318,0.712128945922085,0.3953962118804135,0.3167327340416714
VIS_056,1,SE-UHPLC Main Peak Plates (EP),SE-UHPLC Plates,6,4,9.1,10.356891,0.712128945922085,0.3953962118804135,0.3167327340416714
VIS_057,1,SE-UHPLC Main Peak Plates (EP),SE-UHPLC Plates,6,5,40.0,23.838978,0.712128945922085,0.3953962118804135,0.3167327340416714
VIS_058,1,SE-UHPLC Main Peak Plates (EP),SE-UHPLC Plates,6,6,10.8,10.315826,0.712128945922085,0.3953962118804135,0.3167327340416714
VIS_059,1,SE-UHPLC Main Peak Plates (EP),SE-UHPLC Plates,6,7,7.6,10.5,0.712128945922085,0.3953962118804135,0.3167327340416714
VIS_060,1,SE-UHPLC Main Peak Plates (EP),SE-UHPLC Plates,6,8,20.1,13.1,0.712128945922085,0.3953962118804135,0.3167327340416714
VIS_061,1,SE-UHPLC Main Peak Plates (EP),SE-UHPLC Plates,6,9,25.9,21.85514,0.712128945922085,0.3953962118804135,0.3167327340416714
VIS_062,1,SE-UHPLC Main Peak Plates (EP),SE-UHPLC Plates,6,10,8.4,10.9,0.712128945922085,0.3953962118804135,0.3167327340416714
VIS_063,1,SE-UHPLC Main Peak Plates (EP),SE-UHPLC Plates,6,11,12.6,10.4,0.712128945922085,0.3953962118804135,0.3167327340416714
VIS_064,1,SE-UHPLC Main Peak Plates (EP),SE-UHPLC Plates,6,12,30.1,28.761497,0.712128945922085,0.3953962118804135,0.3167327340416714
VIS_065,1,SE-UHPLC Main Peak Plates (EP),SE-UHPLC Plates,6,13,25.6,20.698786,0.712128945922085,0.3953962118804135,0.3167327340416714
VIS_066,1,SE-UHPLC Main Peak Plates (EP),SE-UHPLC Plates,6,14,15.0,13.337626,0.712128945922085,0.3953962118804135,0.3167327340416714
VIS_067,1,SE-UHPLC Main Peak Plates (EP),SE-UHPLC Plates,6,15,9.9,13.9,0.712128945922085,0.3953962118804135,0.3167327340416714
VIS_068,1,SE-UHPLC Main Peak Plates (EP),SE-UHPLC Plates,6,16,42.1,19.7,0.712128945922085,0.3953962118804135,0.3167327340416714
VIS_069,1,SE-UHPLC Main Peak Plates (EP),SE-UHPLC Plates,6,17,16.8,13.244639,0.712128945922085,0.3953962118804135,0.3167327340416714
VIS_070,1,SE-UHPLC Main Peak Plates (EP),SE-UHPLC Plates,6,18,13.8,19.621363,0.712128945922085,0.3953962118804135,0.3167327340416714
VIS_071,1,SE-UHPLC Main Peak Plates (EP),SE-UHPLC Plates,6,19,13.9,13.9,0.712128945922085,0.3953962118804135,0.3167327340416714
VIS_072,1,SE-UHPLC Main Peak Plates (EP),SE-UHPLC Plates,6,20,11.9,16.37382,0.712128945922085,0.3953962118804135,0.3167327340416714
VIS_073,1,SE-UHPLC Main Peak Plates (EP),SE-UHPLC Plates,6,21,11.4,14.6,0.712128945922085,0.3953962118804135,0.3167327340416714
VIS_074,1,SE-UHPLC Main Peak Plates (EP),SE-UHPLC Plates,6,22,15.2,30.374912,0.712128945922085,0.3953962118804135,0.3167327340416714
VIS_052,1,SE-UHPLC Main Peak Plates (EP),SE-UHPLC Plates,7,0,12.2,10.891748,0.712128945922085,0.7159207722807654,-0.0037918263586804
VIS_053,1,SE-UHPLC Main Peak Plates (EP),SE-UHPLC Plates,7,1,10.8,10.9,0.712128945922085,0.7159207722807654,-0.0037918263586804
VIS_054,1,SE-UHPLC Main Peak Plates (EP),SE-UHPLC Plates,7,2,10.4,16.196629,0.712128945922085,0.7159207722807654,-0.0037918263586804
VIS_055,1,SE-UHPLC Main Peak Plates (EP),SE-UHPLC Plates,7,3,17.8,27.752829,0.712128945922085,0.7159207722807654,-0.0037918263586804
VIS_056,1,SE-UHPLC Main Peak Plates (EP),SE-UHPLC Plates,7,4,9.1,10.3,0.712128945922085,0.7159207722807654,-0.0037918263586804
VIS_057,1,SE-UHPLC Main Peak Plates (EP),SE-UHPLC Plates,7,5,40.0,30.606308,0.712128945922085,0.7159207722807654,-0.0037918263586804
VIS_058,1,SE-UHPLC Main Peak Plates (EP),SE-UHPLC Plates,7,6,10.8,10.4,0.712128945922085,0.7159207722807654,-0.0037918263586804
VIS_059,1,SE-UHPLC Main Peak Plates (EP),SE-UHPLC Plates,7,7,7.6,10.4,0.712128945922085,0.7159207722807654,-0.0037918263586804
VIS_060,1,SE-UHPLC Main Peak Plates (EP),SE-UHPLC Plates,7,8,20.1,13.1,0.712128945922085,0.7159207722807654,-0.0037918263586804
VIS_061,1,SE-UHPLC Main Peak Plates (EP),SE-UHPLC Plates,7,9,25.9,22.519028,0.712128945922085,0.7159207722807654,-0.0037918263586804
VIS_062,1,SE-UHPLC Main Peak Plates (EP),SE-UHPLC Plates,7,10,8.4,11.636866,0.712128945922085,0.7159207722807654,-0.0037918263586804
VIS_063,1,SE-UHPLC Main Peak Plates (EP),SE-UHPLC Plates,7,11,12.6,10.459085,0.712128945922085,0.7159207722807654,-0.0037918263586804
VIS_064,1,SE-UHPLC Main Peak Plates (EP),SE-UHPLC Plates,7,12,30.1,30.172726,0.712128945922085,0.7159207722807654,-0.0037918263586804
VIS_065,1,SE-UHPLC Main Peak Plates (EP),SE-UHPLC Plates,7,13,25.6,21.15516,0.712128945922085,0.7159207722807654,-0.0037918263586804
VIS_066,1,SE-UHPLC Main Peak Plates (EP),SE-UHPLC Plates,7,14,15.0,10.9,0.712128945922085,0.7159207722807654,-0.0037918263586804
VIS_067,1,SE-UHPLC Main Peak Plates (EP),SE-UHPLC Plates,7,15,9.9,10.9,0.712128945922085,0.7159207722807654,-0.0037918263586804
VIS_068,1,SE-UHPLC Main Peak Plates (EP),SE-UHPLC Plates,7,16,42.1,30.482552,0.712128945922085,0.7159207722807654,-0.0037918263586804
VIS_069,1,SE-UHPLC Main Peak Plates (EP),SE-UHPLC Plates,7,17,16.8,13.824919,0.712128945922085,0.7159207722807654,-0.0037918263586804
VIS_070,1,SE-UHPLC Main Peak Plates (EP),SE-UHPLC Plates,7,18,13.8,21.8,0.712128945922085,0.7159207722807654,-0.0037918263586804
VIS_071,1,SE-UHPLC Main Peak Plates (EP),SE-UHPLC Plates,7,19,13.9,11.7,0.712128945922085,0.7159207722807654,-0.0037918263586804
VIS_072,1,SE-UHPLC Main Peak Plates (EP),SE-UHPLC Plates,7,20,11.9,10.796859,0.712128945922085,0.7159207722807654,-0.0037918263586804
VIS_073,1,SE-UHPLC Main Peak Plates (EP),SE-UHPLC Plates,7,21,11.4,14.6,0.712128945922085,0.7159207722807654,-0.0037918263586804
VIS_074,1,SE-UHPLC Main Peak Plates (EP),SE-UHPLC Plates,7,22,15.2,17.1,0.712128945922085,0.7159207722807654,-0.0037918263586804
VIS_052,1,SE-UHPLC Main Peak Plates (EP),SE-UHPLC Plates,8,0,12.2,10.3,0.712128945922085,0.3121115857337343,0.4000173601883506
VIS_053,1,SE-UHPLC Main Peak Plates (EP),SE-UHPLC Plates,8,1,10.8,16.3,0.712128945922085,0.3121115857337343,0.4000173601883506
VIS_054,1,SE-UHPLC Main Peak Plates (EP),SE-UHPLC Plates,8,2,10.4,12.634375,0.712128945922085,0.3121115857337343,0.4000173601883506
VIS_055,1,SE-UHPLC Main Peak Plates (EP),SE-UHPLC Plates,8,3,17.8,19.478601,0.712128945922085,0.3121115857337343,0.4000173601883506
VIS_056,1,SE-UHPLC Main Peak Plates (EP),SE-UHPLC Plates,8,4,9.1,10.293337,0.712128945922085,0.3121115857337343,0.4000173601883506
VIS_057,1,SE-UHPLC Main Peak Plates (EP),SE-UHPLC Plates,8,5,40.0,21.7,0.712128945922085,0.3121115857337343,0.4000173601883506
VIS_058,1,SE-UHPLC Main Peak Plates (EP),SE-UHPLC Plates,8,6,10.8,10.6,0.712128945922085,0.3121115857337343,0.4000173601883506
VIS_059,1,SE-UHPLC Main Peak Plates (EP),SE-UHPLC Plates,8,7,7.6,11.7,0.712128945922085,0.3121115857337343,0.4000173601883506
VIS_060,1,SE-UHPLC Main Peak Plates (EP),SE-UHPLC Plates,8,8,20.1,15.766027,0.712128945922085,0.3121115857337343,0.4000173601883506
VIS_061,1,SE-UHPLC Main Peak Plates (EP),SE-UHPLC Plates,8,9,25.9,20.917112,0.712128945922085,0.3121115857337343,0.4000173601883506
VIS_062,1,SE-UHPLC Main Peak Plates (EP),SE-UHPLC Plates,8,10,8.4,10.9,0.712128945922085,0.3121115857337343,0.4000173601883506
VIS_063,1,SE-UHPLC Main Peak Plates (EP),SE-UHPLC Plates,8,11,12.6,11.7,0.712128945922085,0.3121115857337343,0.4000173601883506
VIS_064,1,SE-UHPLC Main Peak Plates (EP),SE-UHPLC Plates,8,12,30.1,45.0,0.712128945922085,0.3121115857337343,0.4000173601883506
VIS_065,1,SE-UHPLC Main Peak Plates (EP),SE-UHPLC Plates,8,13,25.6,16.52657,0.712128945922085,0.3121115857337343,0.4000173601883506
VIS_066,1,SE-UHPLC Main Peak Plates (EP),SE-UHPLC Plates,8,14,15.0,10.766093,0.712128945922085,0.3121115857337343,0.4000173601883506
VIS_067,1,SE-UHPLC Main Peak Plates (EP),SE-UHPLC Plates,8,15,9.9,10.4,0.712128945922085,0.3121115857337343,0.4000173601883506
VIS_068,1,SE-UHPLC Main Peak Plates (EP),SE-UHPLC Plates,8,16,42.1,19.7,0.712128945922085,0.3121115857337343,0.4000173601883506
VIS_069,1,SE-UHPLC Main Peak Plates (EP),SE-UHPLC Plates,8,17,16.8,21.7,0.712128945922085,0.3121115857337343,0.4000173601883506
VIS_070,1,SE-UHPLC Main Peak Plates (EP),SE-UHPLC Plates,8,18,13.8,19.621363,0.712128945922085,0.3121115857337343,0.4000173601883506
VIS_071,1,SE-UHPLC Main Peak Plates (EP),SE-UHPLC Plates,8,19,13.9,11.7,0.712128945922085,0.3121115857337343,0.4000173601883506
VIS_072,1,SE-UHPLC Main Peak Plates (EP),SE-UHPLC Plates,8,20,11.9,16.544346,0.712128945922085,0.3121115857337343,0.4000173601883506
VIS_073,1,SE-UHPLC Main Peak Plates (EP),SE-UHPLC Plates,8,21,11.4,16.3,0.712128945922085,0.3121115857337343,0.4000173601883506
VIS_074,1,SE-UHPLC Main Peak Plates (EP),SE-UHPLC Plates,8,22,15.2,18.206333,0.712128945922085,0.3121115857337343,0.4000173601883506
VIS_052,1,SE-UHPLC Main Peak Plates (EP),SE-UHPLC Plates,9,0,12.2,10.9,0.712128945922085,0.599884698631858,0.1122442472902269
VIS_053,1,SE-UHPLC Main Peak Plates (EP),SE-UHPLC Plates,9,1,10.8,10.833445,0.712128945922085,0.599884698631858,0.1122442472902269
VIS_054,1,SE-UHPLC Main Peak Plates (EP),SE-UHPLC Plates,9,2,10.4,13.1,0.712128945922085,0.599884698631858,0.1122442472902269
VIS_055,1,SE-UHPLC Main Peak Plates (EP),SE-UHPLC Plates,9,3,17.8,21.7,0.712128945922085,0.599884698631858,0.1122442472902269
VIS_056,1,SE-UHPLC Main Peak Plates (EP),SE-UHPLC Plates,9,4,9.1,14.6,0.712128945922085,0.599884698631858,0.1122442472902269
VIS_057,1,SE-UHPLC Main Peak Plates (EP),SE-UHPLC Plates,9,5,40.0,21.7,0.712128945922085,0.599884698631858,0.1122442472902269
VIS_058,1,SE-UHPLC Main Peak Plates (EP),SE-UHPLC Plates,9,6,10.8,10.4,0.712128945922085,0.599884698631858,0.1122442472902269
VIS_059,1,SE-UHPLC Main Peak Plates (EP),SE-UHPLC Plates,9,7,7.6,10.5,0.712128945922085,0.599884698631858,0.1122442472902269
VIS_060,1,SE-UHPLC Main Peak Plates (EP),SE-UHPLC Plates,9,8,20.1,12.1,0.712128945922085,0.599884698631858,0.1122442472902269
VIS_061,1,SE-UHPLC Main Peak Plates (EP),SE-UHPLC Plates,9,9,25.9,20.098831,0.712128945922085,0.599884698631858,0.1122442472902269
VIS_062,1,SE-UHPLC Main Peak Plates (EP),SE-UHPLC Plates,9,10,8.4,13.928932,0.712128945922085,0.599884698631858,0.1122442472902269
VIS_063,1,SE-UHPLC Main Peak Plates (EP),SE-UHPLC Plates,9,11,12.6,10.4,0.712128945922085,0.599884698631858,0.1122442472902269
VIS_064,1,SE-UHPLC Main Peak Plates (EP),SE-UHPLC Plates,9,12,30.1,32.312954,0.712128945922085,0.599884698631858,0.1122442472902269
VIS_065,1,SE-UHPLC Main Peak Plates (EP),SE-UHPLC Plates,9,13,25.6,17.1,0.712128945922085,0.599884698631858,0.1122442472902269
VIS_066,1,SE-UHPLC Main Peak Plates (EP),SE-UHPLC Plates,9,14,15.0,10.766093,0.712128945922085,0.599884698631858,0.1122442472902269
VIS_067,1,SE-UHPLC Main Peak Plates (EP),SE-UHPLC Plates,9,15,9.9,10.147705,0.712128945922085,0.599884698631858,0.1122442472902269
VIS_068,1,SE-UHPLC Main Peak Plates (EP),SE-UHPLC Plates,9,16,42.1,33.30843,0.712128945922085,0.599884698631858,0.1122442472902269
VIS_069,1,SE-UHPLC Main Peak Plates (EP),SE-UHPLC Plates,9,17,16.8,19.794743,0.712128945922085,0.599884698631858,0.1122442472902269
VIS_070,1,SE-UHPLC Main Peak Plates (EP),SE-UHPLC Plates,9,18,13.8,19.492168,0.712128945922085,0.599884698631858,0.1122442472902269
VIS_071,1,SE-UHPLC Main Peak Plates (EP),SE-UHPLC Plates,9,19,13.9,12.4084635,0.712128945922085,0.599884698631858,0.1122442472902269
VIS_072,1,SE-UHPLC Main Peak Plates (EP),SE-UHPLC Plates,9,20,11.9,10.9,0.712128945922085,0.599884698631858,0.1122442472902269
VIS_073,1,SE-UHPLC Main Peak Plates (EP),SE-UHPLC Plates,9,21,11.4,13.9,0.712128945922085,0.599884698631858,0.1122442472902269
VIS_074,1,SE-UHPLC Main Peak Plates (EP),SE-UHPLC Plates,9,22,15.2,22.45285,0.712128945922085,0.599884698631858,0.1122442472902269
VIS_052,1,SE-UHPLC Main Peak Plates (EP),SE-UHPLC Plates,10,0,12.2,10.375809,0.712128945922085,0.3895245221787469,0.3226044237433381
VIS_053,1,SE-UHPLC Main Peak Plates (EP),SE-UHPLC Plates,10,1,10.8,10.9,0.712128945922085,0.3895245221787469,0.3226044237433381
VIS_054,1,SE-UHPLC Main Peak Plates (EP),SE-UHPLC Plates,10,2,10.4,15.300496,0.712128945922085,0.3895245221787469,0.3226044237433381
VIS_055,1,SE-UHPLC Main Peak Plates (EP),SE-UHPLC Plates,10,3,17.8,27.164577,0.712128945922085,0.3895245221787469,0.3226044237433381
VIS_056,1,SE-UHPLC Main Peak Plates (EP),SE-UHPLC Plates,10,4,9.1,16.3,0.712128945922085,0.3895245221787469,0.3226044237433381
VIS_057,1,SE-UHPLC Main Peak Plates (EP),SE-UHPLC Plates,10,5,40.0,22.781885,0.712128945922085,0.3895245221787469,0.3226044237433381
VIS_058,1,SE-UHPLC Main Peak Plates (EP),SE-UHPLC Plates,10,6,10.8,10.4,0.712128945922085,0.3895245221787469,0.3226044237433381
VIS_059,1,SE-UHPLC Main Peak Plates (EP),SE-UHPLC Plates,10,7,7.6,10.521723,0.712128945922085,0.3895245221787469,0.3226044237433381
VIS_060,1,SE-UHPLC Main Peak Plates (EP),SE-UHPLC Plates,10,8,20.1,12.1,0.712128945922085,0.3895245221787469,0.3226044237433381
VIS_061,1,SE-UHPLC Main Peak Plates (EP),SE-UHPLC Plates,10,9,25.9,20.098831,0.712128945922085,0.3895245221787469,0.3226044237433381
VIS_062,1,SE-UHPLC Main Peak Plates (EP),SE-UHPLC Plates,10,10,8.4,14.543458,0.712128945922085,0.3895245221787469,0.3226044237433381
VIS_063,1,SE-UHPLC Main Peak Plates (EP),SE-UHPLC Plates,10,11,12.6,11.7,0.712128945922085,0.3895245221787469,0.3226044237433381
VIS_064,1,SE-UHPLC Main Peak Plates (EP),SE-UHPLC Plates,10,12,30.1,26.917545,0.712128945922085,0.3895245221787469,0.3226044237433381
VIS_065,1,SE-UHPLC Main Peak Plates (EP),SE-UHPLC Plates,10,13,25.6,17.1,0.712128945922085,0.3895245221787469,0.3226044237433381
VIS_066,1,SE-UHPLC Main Peak Plates (EP),SE-UHPLC Plates,10,14,15.0,15.3,0.712128945922085,0.3895245221787469,0.3226044237433381
VIS_067,1,SE-UHPLC Main Peak Plates (EP),SE-UHPLC Plates,10,15,9.9,10.147705,0.712128945922085,0.3895245221787469,0.3226044237433381
VIS_068,1,SE-UHPLC Main Peak Plates (EP),SE-UHPLC Plates,10,16,42.1,21.184265,0.712128945922085,0.3895245221787469,0.3226044237433381
VIS_069,1,SE-UHPLC Main Peak Plates (EP),SE-UHPLC Plates,10,17,16.8,13.8,0.712128945922085,0.3895245221787469,0.3226044237433381
VIS_070,1,SE-UHPLC Main Peak Plates (EP),SE-UHPLC Plates,10,18,13.8,22.7,0.712128945922085,0.3895245221787469,0.3226044237433381
VIS_071,1,SE-UHPLC Main Peak Plates (EP),SE-UHPLC Plates,10,19,13.9,11.7,0.712128945922085,0.3895245221787469,0.3226044237433381
VIS_072,1,SE-UHPLC Main Peak Plates (EP),SE-UHPLC Plates,10,20,11.9,11.717609,0.712128945922085,0.3895245221787469,0.3226044237433381
VIS_073,1,SE-UHPLC Main Peak Plates (EP),SE-UHPLC Plates,10,21,11.4,13.867334,0.712128945922085,0.3895245221787469,0.3226044237433381
VIS_074,1,SE-UHPLC Main Peak Plates (EP),SE-UHPLC Plates,10,22,15.2,17.1,0.712128945922085,0.3895245221787469,0.3226044237433381
VIS_052,1,AC-SINS λmax (nm),AC-SINS Δλmax,1,0,12.2,10.9,0.712128945922085,0.658788457791627,0.053340488130458
VIS_053,1,AC-SINS λmax (nm),AC-SINS Δλmax,1,1,10.8,10.9,0.712128945922085,0.658788457791627,0.053340488130458
VIS_054,1,AC-SINS λmax (nm),AC-SINS Δλmax,1,2,10.4,12.319167,0.712128945922085,0.658788457791627,0.053340488130458
VIS_055,1,AC-SINS λmax (nm),AC-SINS Δλmax,1,3,17.8,29.388506,0.712128945922085,0.658788457791627,0.053340488130458
VIS_056,1,AC-SINS λmax (nm),AC-SINS Δλmax,1,4,9.1,9.4814005,0.712128945922085,0.658788457791627,0.053340488130458
VIS_057,1,AC-SINS λmax (nm),AC-SINS Δλmax,1,5,40.0,31.8,0.712128945922085,0.658788457791627,0.053340488130458
VIS_058,1,AC-SINS λmax (nm),AC-SINS Δλmax,1,6,10.8,10.690912,0.712128945922085,0.658788457791627,0.053340488130458
VIS_059,1,AC-SINS λmax (nm),AC-SINS Δλmax,1,7,7.6,10.3,0.712128945922085,0.658788457791627,0.053340488130458
VIS_060,1,AC-SINS λmax (nm),AC-SINS Δλmax,1,8,20.1,14.737189,0.712128945922085,0.658788457791627,0.053340488130458
VIS_061,1,AC-SINS λmax (nm),AC-SINS Δλmax,1,9,25.9,26.970116,0.712128945922085,0.658788457791627,0.053340488130458
VIS_062,1,AC-SINS λmax (nm),AC-SINS Δλmax,1,10,8.4,12.058646,0.712128945922085,0.658788457791627,0.053340488130458
VIS_063,1,AC-SINS λmax (nm),AC-SINS Δλmax,1,11,12.6,11.7,0.712128945922085,0.658788457791627,0.053340488130458
VIS_064,1,AC-SINS λmax (nm),AC-SINS Δλmax,1,12,30.1,28.407377,0.712128945922085,0.658788457791627,0.053340488130458
VIS_065,1,AC-SINS λmax (nm),AC-SINS Δλmax,1,13,25.6,22.826601,0.712128945922085,0.658788457791627,0.053340488130458
VIS_066,1,AC-SINS λmax (nm),AC-SINS Δλmax,1,14,15.0,14.958058,0.712128945922085,0.658788457791627,0.053340488130458
VIS_067,1,AC-SINS λmax (nm),AC-SINS Δλmax,1,15,9.9,10.9,0.712128945922085,0.658788457791627,0.053340488130458
VIS_068,1,AC-SINS λmax (nm),AC-SINS Δλmax,1,16,42.1,26.604713,0.712128945922085,0.658788457791627,0.053340488130458
VIS_069,1,AC-SINS λmax (nm),AC-SINS Δλmax,1,17,16.8,14.502876,0.712128945922085,0.658788457791627,0.053340488130458
VIS_070,1,AC-SINS λmax (nm),AC-SINS Δλmax,1,18,13.8,19.7,0.712128945922085,0.658788457791627,0.053340488130458
VIS_071,1,AC-SINS λmax (nm),AC-SINS Δλmax,1,19,13.9,10.4,0.712128945922085,0.658788457791627,0.053340488130458
VIS_072,1,AC-SINS λmax (nm),AC-SINS Δλmax,1,20,11.9,10.124128,0.712128945922085,0.658788457791627,0.053340488130458
VIS_073,1,AC-SINS λmax (nm),AC-SINS Δλmax,1,21,11.4,14.333298,0.712128945922085,0.658788457791627,0.053340488130458
VIS_074,1,AC-SINS λmax (nm),AC-SINS Δλmax,1,22,15.2,25.869385,0.712128945922085,0.658788457791627,0.053340488130458
VIS_052,1,AC-SINS λmax (nm),AC-SINS Δλmax,2,0,12.2,14.6,0.712128945922085,0.5943282482856298,0.1178006976364551
VIS_053,1,AC-SINS λmax (nm),AC-SINS Δλmax,2,1,10.8,10.6,0.712128945922085,0.5943282482856298,0.1178006976364551
VIS_054,1,AC-SINS λmax (nm),AC-SINS Δλmax,2,2,10.4,12.052569,0.712128945922085,0.5943282482856298,0.1178006976364551
VIS_055,1,AC-SINS λmax (nm),AC-SINS Δλmax,2,3,17.8,29.37318,0.712128945922085,0.5943282482856298,0.1178006976364551
VIS_056,1,AC-SINS λmax (nm),AC-SINS Δλmax,2,4,9.1,9.4814005,0.712128945922085,0.5943282482856298,0.1178006976364551
VIS_057,1,AC-SINS λmax (nm),AC-SINS Δλmax,2,5,40.0,31.15515,0.712128945922085,0.5943282482856298,0.1178006976364551
VIS_058,1,AC-SINS λmax (nm),AC-SINS Δλmax,2,6,10.8,10.0,0.712128945922085,0.5943282482856298,0.1178006976364551
VIS_059,1,AC-SINS λmax (nm),AC-SINS Δλmax,2,7,7.6,12.1,0.712128945922085,0.5943282482856298,0.1178006976364551
VIS_060,1,AC-SINS λmax (nm),AC-SINS Δλmax,2,8,20.1,18.021095,0.712128945922085,0.5943282482856298,0.1178006976364551
VIS_061,1,AC-SINS λmax (nm),AC-SINS Δλmax,2,9,25.9,27.05657,0.712128945922085,0.5943282482856298,0.1178006976364551
VIS_062,1,AC-SINS λmax (nm),AC-SINS Δλmax,2,10,8.4,12.1,0.712128945922085,0.5943282482856298,0.1178006976364551
VIS_063,1,AC-SINS λmax (nm),AC-SINS Δλmax,2,11,12.6,16.3,0.712128945922085,0.5943282482856298,0.1178006976364551
VIS_064,1,AC-SINS λmax (nm),AC-SINS Δλmax,2,12,30.1,28.212408,0.712128945922085,0.5943282482856298,0.1178006976364551
VIS_065,1,AC-SINS λmax (nm),AC-SINS Δλmax,2,13,25.6,17.1,0.712128945922085,0.5943282482856298,0.1178006976364551
VIS_066,1,AC-SINS λmax (nm),AC-SINS Δλmax,2,14,15.0,11.7,0.712128945922085,0.5943282482856298,0.1178006976364551
VIS_067,1,AC-SINS λmax (nm),AC-SINS Δλmax,2,15,9.9,12.1,0.712128945922085,0.5943282482856298,0.1178006976364551
VIS_068,1,AC-SINS λmax (nm),AC-SINS Δλmax,2,16,42.1,26.621674,0.712128945922085,0.5943282482856298,0.1178006976364551
VIS_069,1,AC-SINS λmax (nm),AC-SINS Δλmax,2,17,16.8,10.593456,0.712128945922085,0.5943282482856298,0.1178006976364551
VIS_070,1,AC-SINS λmax (nm),AC-SINS Δλmax,2,18,13.8,19.7,0.712128945922085,0.5943282482856298,0.1178006976364551
VIS_071,1,AC-SINS λmax (nm),AC-SINS Δλmax,2,19,13.9,10.410303,0.712128945922085,0.5943282482856298,0.1178006976364551
VIS_072,1,AC-SINS λmax (nm),AC-SINS Δλmax,2,20,11.9,10.3,0.712128945922085,0.5943282482856298,0.1178006976364551
VIS_073,1,AC-SINS λmax (nm),AC-SINS Δλmax,2,21,11.4,14.6,0.712128945922085,0.5943282482856298,0.1178006976364551
VIS_074,1,AC-SINS λmax (nm),AC-SINS Δλmax,2,22,15.2,25.869385,0.712128945922085,0.5943282482856298,0.1178006976364551
VIS_052,1,AC-SINS λmax (nm),AC-SINS Δλmax,3,0,12.2,10.9,0.712128945922085,0.4968480329321427,0.2152809129899422
VIS_053,1,AC-SINS λmax (nm),AC-SINS Δλmax,3,1,10.8,10.507182,0.712128945922085,0.4968480329321427,0.2152809129899422
VIS_054,1,AC-SINS λmax (nm),AC-SINS Δλmax,3,2,10.4,12.052569,0.712128945922085,0.4968480329321427,0.2152809129899422
VIS_055,1,AC-SINS λmax (nm),AC-SINS Δλmax,3,3,17.8,28.91166,0.712128945922085,0.4968480329321427,0.2152809129899422
VIS_056,1,AC-SINS λmax (nm),AC-SINS Δλmax,3,4,9.1,9.778267,0.712128945922085,0.4968480329321427,0.2152809129899422
VIS_057,1,AC-SINS λmax (nm),AC-SINS Δλmax,3,5,40.0,32.555927,0.712128945922085,0.4968480329321427,0.2152809129899422
VIS_058,1,AC-SINS λmax (nm),AC-SINS Δλmax,3,6,10.8,10.9,0.712128945922085,0.4968480329321427,0.2152809129899422
VIS_059,1,AC-SINS λmax (nm),AC-SINS Δλmax,3,7,7.6,10.3,0.712128945922085,0.4968480329321427,0.2152809129899422
VIS_060,1,AC-SINS λmax (nm),AC-SINS Δλmax,3,8,20.1,19.7,0.712128945922085,0.4968480329321427,0.2152809129899422
VIS_061,1,AC-SINS λmax (nm),AC-SINS Δλmax,3,9,25.9,22.810432,0.712128945922085,0.4968480329321427,0.2152809129899422
VIS_062,1,AC-SINS λmax (nm),AC-SINS Δλmax,3,10,8.4,11.728334,0.712128945922085,0.4968480329321427,0.2152809129899422
VIS_063,1,AC-SINS λmax (nm),AC-SINS Δλmax,3,11,12.6,14.6,0.712128945922085,0.4968480329321427,0.2152809129899422
VIS_064,1,AC-SINS λmax (nm),AC-SINS Δλmax,3,12,30.1,28.761497,0.712128945922085,0.4968480329321427,0.2152809129899422
VIS_065,1,AC-SINS λmax (nm),AC-SINS Δλmax,3,13,25.6,22.7,0.712128945922085,0.4968480329321427,0.2152809129899422
VIS_066,1,AC-SINS λmax (nm),AC-SINS Δλmax,3,14,15.0,11.7,0.712128945922085,0.4968480329321427,0.2152809129899422
VIS_067,1,AC-SINS λmax (nm),AC-SINS Δλmax,3,15,9.9,10.774849,0.712128945922085,0.4968480329321427,0.2152809129899422
VIS_068,1,AC-SINS λmax (nm),AC-SINS Δλmax,3,16,42.1,16.6,0.712128945922085,0.4968480329321427,0.2152809129899422
VIS_069,1,AC-SINS λmax (nm),AC-SINS Δλmax,3,17,16.8,13.8,0.712128945922085,0.4968480329321427,0.2152809129899422
VIS_070,1,AC-SINS λmax (nm),AC-SINS Δλmax,3,18,13.8,19.7,0.712128945922085,0.4968480329321427,0.2152809129899422
VIS_071,1,AC-SINS λmax (nm),AC-SINS Δλmax,3,19,13.9,12.1,0.712128945922085,0.4968480329321427,0.2152809129899422
VIS_072,1,AC-SINS λmax (nm),AC-SINS Δλmax,3,20,11.9,10.252008,0.712128945922085,0.4968480329321427,0.2152809129899422
VIS_073,1,AC-SINS λmax (nm),AC-SINS Δλmax,3,21,11.4,16.579893,0.712128945922085,0.4968480329321427,0.2152809129899422
VIS_074,1,AC-SINS λmax (nm),AC-SINS Δλmax,3,22,15.2,22.269314,0.712128945922085,0.4968480329321427,0.2152809129899422
VIS_052,1,AC-SINS λmax (nm),AC-SINS Δλmax,4,0,12.2,10.9,0.712128945922085,0.5852892285163385,0.1268397174057465
VIS_053,1,AC-SINS λmax (nm),AC-SINS Δλmax,4,1,10.8,10.3,0.712128945922085,0.5852892285163385,0.1268397174057465
VIS_054,1,AC-SINS λmax (nm),AC-SINS Δλmax,4,2,10.4,12.1,0.712128945922085,0.5852892285163385,0.1268397174057465
VIS_055,1,AC-SINS λmax (nm),AC-SINS Δλmax,4,3,17.8,29.37318,0.712128945922085,0.5852892285163385,0.1268397174057465
VIS_056,1,AC-SINS λmax (nm),AC-SINS Δλmax,4,4,9.1,10.3,0.712128945922085,0.5852892285163385,0.1268397174057465
VIS_057,1,AC-SINS λmax (nm),AC-SINS Δλmax,4,5,40.0,32.454773,0.712128945922085,0.5852892285163385,0.1268397174057465
VIS_058,1,AC-SINS λmax (nm),AC-SINS Δλmax,4,6,10.8,10.9,0.712128945922085,0.5852892285163385,0.1268397174057465
VIS_059,1,AC-SINS λmax (nm),AC-SINS Δλmax,4,7,7.6,10.435629,0.712128945922085,0.5852892285163385,0.1268397174057465
VIS_060,1,AC-SINS λmax (nm),AC-SINS Δλmax,4,8,20.1,18.021095,0.712128945922085,0.5852892285163385,0.1268397174057465
VIS_061,1,AC-SINS λmax (nm),AC-SINS Δλmax,4,9,25.9,26.970116,0.712128945922085,0.5852892285163385,0.1268397174057465
VIS_062,1,AC-SINS λmax (nm),AC-SINS Δλmax,4,10,8.4,12.1,0.712128945922085,0.5852892285163385,0.1268397174057465
VIS_063,1,AC-SINS λmax (nm),AC-SINS Δλmax,4,11,12.6,15.3,0.712128945922085,0.5852892285163385,0.1268397174057465
VIS_064,1,AC-SINS λmax (nm),AC-SINS Δλmax,4,12,30.1,28.212408,0.712128945922085,0.5852892285163385,0.1268397174057465
VIS_065,1,AC-SINS λmax (nm),AC-SINS Δλmax,4,13,25.6,17.1,0.712128945922085,0.5852892285163385,0.1268397174057465
VIS_066,1,AC-SINS λmax (nm),AC-SINS Δλmax,4,14,15.0,11.642201,0.712128945922085,0.5852892285163385,0.1268397174057465
VIS_067,1,AC-SINS λmax (nm),AC-SINS Δλmax,4,15,9.9,13.962772,0.712128945922085,0.5852892285163385,0.1268397174057465
VIS_068,1,AC-SINS λmax (nm),AC-SINS Δλmax,4,16,42.1,21.8,0.712128945922085,0.5852892285163385,0.1268397174057465
VIS_069,1,AC-SINS λmax (nm),AC-SINS Δλmax,4,17,16.8,13.8,0.712128945922085,0.5852892285163385,0.1268397174057465
VIS_070,1,AC-SINS λmax (nm),AC-SINS Δλmax,4,18,13.8,19.7,0.712128945922085,0.5852892285163385,0.1268397174057465
VIS_071,1,AC-SINS λmax (nm),AC-SINS Δλmax,4,19,13.9,10.330606,0.712128945922085,0.5852892285163385,0.1268397174057465
VIS_072,1,AC-SINS λmax (nm),AC-SINS Δλmax,4,20,11.9,10.252008,0.712128945922085,0.5852892285163385,0.1268397174057465
VIS_073,1,AC-SINS λmax (nm),AC-SINS Δλmax,4,21,11.4,16.728592,0.712128945922085,0.5852892285163385,0.1268397174057465
VIS_074,1,AC-SINS λmax (nm),AC-SINS Δλmax,4,22,15.2,16.335178,0.712128945922085,0.5852892285163385,0.1268397174057465
VIS_052,1,AC-SINS λmax (nm),AC-SINS Δλmax,5,0,12.2,10.9,0.712128945922085,0.506853464278556,0.2052754816435289
VIS_053,1,AC-SINS λmax (nm),AC-SINS Δλmax,5,1,10.8,10.069975,0.712128945922085,0.506853464278556,0.2052754816435289
VIS_054,1,AC-SINS λmax (nm),AC-SINS Δλmax,5,2,10.4,12.097576,0.712128945922085,0.506853464278556,0.2052754816435289
VIS_055,1,AC-SINS λmax (nm),AC-SINS Δλmax,5,3,17.8,29.41073,0.712128945922085,0.506853464278556,0.2052754816435289
VIS_056,1,AC-SINS λmax (nm),AC-SINS Δλmax,5,4,9.1,9.778267,0.712128945922085,0.506853464278556,0.2052754816435289
VIS_057,1,AC-SINS λmax (nm),AC-SINS Δλmax,5,5,40.0,27.580957,0.712128945922085,0.506853464278556,0.2052754816435289
VIS_058,1,AC-SINS λmax (nm),AC-SINS Δλmax,5,6,10.8,10.0,0.712128945922085,0.506853464278556,0.2052754816435289
VIS_059,1,AC-SINS λmax (nm),AC-SINS Δλmax,5,7,7.6,12.272129,0.712128945922085,0.506853464278556,0.2052754816435289
VIS_060,1,AC-SINS λmax (nm),AC-SINS Δλmax,5,8,20.1,13.1,0.712128945922085,0.506853464278556,0.2052754816435289
VIS_061,1,AC-SINS λmax (nm),AC-SINS Δλmax,5,9,25.9,27.062857,0.712128945922085,0.506853464278556,0.2052754816435289
VIS_062,1,AC-SINS λmax (nm),AC-SINS Δλmax,5,10,8.4,11.794367,0.712128945922085,0.506853464278556,0.2052754816435289
VIS_063,1,AC-SINS λmax (nm),AC-SINS Δλmax,5,11,12.6,15.726963,0.712128945922085,0.506853464278556,0.2052754816435289
VIS_064,1,AC-SINS λmax (nm),AC-SINS Δλmax,5,12,30.1,28.1138,0.712128945922085,0.506853464278556,0.2052754816435289
VIS_065,1,AC-SINS λmax (nm),AC-SINS Δλmax,5,13,25.6,17.1,0.712128945922085,0.506853464278556,0.2052754816435289
VIS_066,1,AC-SINS λmax (nm),AC-SINS Δλmax,5,14,15.0,14.691782,0.712128945922085,0.506853464278556,0.2052754816435289
VIS_067,1,AC-SINS λmax (nm),AC-SINS Δλmax,5,15,9.9,14.25305,0.712128945922085,0.506853464278556,0.2052754816435289
VIS_068,1,AC-SINS λmax (nm),AC-SINS Δλmax,5,16,42.1,23.955978,0.712128945922085,0.506853464278556,0.2052754816435289
VIS_069,1,AC-SINS λmax (nm),AC-SINS Δλmax,5,17,16.8,13.849699,0.712128945922085,0.506853464278556,0.2052754816435289
VIS_070,1,AC-SINS λmax (nm),AC-SINS Δλmax,5,18,13.8,17.426773,0.712128945922085,0.506853464278556,0.2052754816435289
VIS_071,1,AC-SINS λmax (nm),AC-SINS Δλmax,5,19,13.9,12.1,0.712128945922085,0.506853464278556,0.2052754816435289
VIS_072,1,AC-SINS λmax (nm),AC-SINS Δλmax,5,20,11.9,10.358001,0.712128945922085,0.506853464278556,0.2052754816435289
VIS_073,1,AC-SINS λmax (nm),AC-SINS Δλmax,5,21,11.4,16.3,0.712128945922085,0.506853464278556,0.2052754816435289
VIS_074,1,AC-SINS λmax (nm),AC-SINS Δλmax,5,22,15.2,26.592072,0.712128945922085,0.506853464278556,0.2052754816435289
VIS_052,1,AC-SINS λmax (nm),AC-SINS Δλmax,6,0,12.2,10.9,0.712128945922085,0.56417385492159,0.1479550910004949
VIS_053,1,AC-SINS λmax (nm),AC-SINS Δλmax,6,1,10.8,10.069975,0.712128945922085,0.56417385492159,0.1479550910004949
VIS_054,1,AC-SINS λmax (nm),AC-SINS Δλmax,6,2,10.4,12.322562,0.712128945922085,0.56417385492159,0.1479550910004949
VIS_055,1,AC-SINS λmax (nm),AC-SINS Δλmax,6,3,17.8,29.189877,0.712128945922085,0.56417385492159,0.1479550910004949
VIS_056,1,AC-SINS λmax (nm),AC-SINS Δλmax,6,4,9.1,9.4814005,0.712128945922085,0.56417385492159,0.1479550910004949
VIS_057,1,AC-SINS λmax (nm),AC-SINS Δλmax,6,5,40.0,31.8,0.712128945922085,0.56417385492159,0.1479550910004949
VIS_058,1,AC-SINS λmax (nm),AC-SINS Δλmax,6,6,10.8,10.9,0.712128945922085,0.56417385492159,0.1479550910004949
VIS_059,1,AC-SINS λmax (nm),AC-SINS Δλmax,6,7,7.6,11.723088,0.712128945922085,0.56417385492159,0.1479550910004949
VIS_060,1,AC-SINS λmax (nm),AC-SINS Δλmax,6,8,20.1,18.277016,0.712128945922085,0.56417385492159,0.1479550910004949
VIS_061,1,AC-SINS λmax (nm),AC-SINS Δλmax,6,9,25.9,26.999962,0.712128945922085,0.56417385492159,0.1479550910004949
VIS_062,1,AC-SINS λmax (nm),AC-SINS Δλmax,6,10,8.4,10.9872265,0.712128945922085,0.56417385492159,0.1479550910004949
VIS_063,1,AC-SINS λmax (nm),AC-SINS Δλmax,6,11,12.6,12.1,0.712128945922085,0.56417385492159,0.1479550910004949
VIS_064,1,AC-SINS λmax (nm),AC-SINS Δλmax,6,12,30.1,28.761497,0.712128945922085,0.56417385492159,0.1479550910004949
VIS_065,1,AC-SINS λmax (nm),AC-SINS Δλmax,6,13,25.6,21.7,0.712128945922085,0.56417385492159,0.1479550910004949
VIS_066,1,AC-SINS λmax (nm),AC-SINS Δλmax,6,14,15.0,14.958058,0.712128945922085,0.56417385492159,0.1479550910004949
VIS_067,1,AC-SINS λmax (nm),AC-SINS Δλmax,6,15,9.9,14.25305,0.712128945922085,0.56417385492159,0.1479550910004949
VIS_068,1,AC-SINS λmax (nm),AC-SINS Δλmax,6,16,42.1,21.8,0.712128945922085,0.56417385492159,0.1479550910004949
VIS_069,1,AC-SINS λmax (nm),AC-SINS Δλmax,6,17,16.8,13.15146,0.712128945922085,0.56417385492159,0.1479550910004949
VIS_070,1,AC-SINS λmax (nm),AC-SINS Δλmax,6,18,13.8,19.7,0.712128945922085,0.56417385492159,0.1479550910004949
VIS_071,1,AC-SINS λmax (nm),AC-SINS Δλmax,6,19,13.9,10.330606,0.712128945922085,0.56417385492159,0.1479550910004949
VIS_072,1,AC-SINS λmax (nm),AC-SINS Δλmax,6,20,11.9,11.7,0.712128945922085,0.56417385492159,0.1479550910004949
VIS_073,1,AC-SINS λmax (nm),AC-SINS Δλmax,6,21,11.4,14.333298,0.712128945922085,0.56417385492159,0.1479550910004949
VIS_074,1,AC-SINS λmax (nm),AC-SINS Δλmax,6,22,15.2,26.592072,0.712128945922085,0.56417385492159,0.1479550910004949
VIS_052,1,AC-SINS λmax (nm),AC-SINS Δλmax,7,0,12.2,10.9,0.712128945922085,0.6390071748910497,0.0731217710310352
VIS_053,1,AC-SINS λmax (nm),AC-SINS Δλmax,7,1,10.8,10.3,0.712128945922085,0.6390071748910497,0.0731217710310352
VIS_054,1,AC-SINS λmax (nm),AC-SINS Δλmax,7,2,10.4,12.052569,0.712128945922085,0.6390071748910497,0.0731217710310352
VIS_055,1,AC-SINS λmax (nm),AC-SINS Δλmax,7,3,17.8,28.91166,0.712128945922085,0.6390071748910497,0.0731217710310352
VIS_056,1,AC-SINS λmax (nm),AC-SINS Δλmax,7,4,9.1,10.315062,0.712128945922085,0.6390071748910497,0.0731217710310352
VIS_057,1,AC-SINS λmax (nm),AC-SINS Δλmax,7,5,40.0,32.706486,0.712128945922085,0.6390071748910497,0.0731217710310352
VIS_058,1,AC-SINS λmax (nm),AC-SINS Δλmax,7,6,10.8,10.0,0.712128945922085,0.6390071748910497,0.0731217710310352
VIS_059,1,AC-SINS λmax (nm),AC-SINS Δλmax,7,7,7.6,12.272129,0.712128945922085,0.6390071748910497,0.0731217710310352
VIS_060,1,AC-SINS λmax (nm),AC-SINS Δλmax,7,8,20.1,18.277016,0.712128945922085,0.6390071748910497,0.0731217710310352
VIS_061,1,AC-SINS λmax (nm),AC-SINS Δλmax,7,9,25.9,26.98757,0.712128945922085,0.6390071748910497,0.0731217710310352
VIS_062,1,AC-SINS λmax (nm),AC-SINS Δλmax,7,10,8.4,10.641443,0.712128945922085,0.6390071748910497,0.0731217710310352
VIS_063,1,AC-SINS λmax (nm),AC-SINS Δλmax,7,11,12.6,14.6,0.712128945922085,0.6390071748910497,0.0731217710310352
VIS_064,1,AC-SINS λmax (nm),AC-SINS Δλmax,7,12,30.1,19.434278,0.712128945922085,0.6390071748910497,0.0731217710310352
VIS_065,1,AC-SINS λmax (nm),AC-SINS Δλmax,7,13,25.6,22.7,0.712128945922085,0.6390071748910497,0.0731217710310352
VIS_066,1,AC-SINS λmax (nm),AC-SINS Δλmax,7,14,15.0,11.711569,0.712128945922085,0.6390071748910497,0.0731217710310352
VIS_067,1,AC-SINS λmax (nm),AC-SINS Δλmax,7,15,9.9,10.9,0.712128945922085,0.6390071748910497,0.0731217710310352
VIS_068,1,AC-SINS λmax (nm),AC-SINS Δλmax,7,16,42.1,26.604713,0.712128945922085,0.6390071748910497,0.0731217710310352
VIS_069,1,AC-SINS λmax (nm),AC-SINS Δλmax,7,17,16.8,13.849699,0.712128945922085,0.6390071748910497,0.0731217710310352
VIS_070,1,AC-SINS λmax (nm),AC-SINS Δλmax,7,18,13.8,19.638685,0.712128945922085,0.6390071748910497,0.0731217710310352
VIS_071,1,AC-SINS λmax (nm),AC-SINS Δλmax,7,19,13.9,10.9,0.712128945922085,0.6390071748910497,0.0731217710310352
VIS_072,1,AC-SINS λmax (nm),AC-SINS Δλmax,7,20,11.9,10.124128,0.712128945922085,0.6390071748910497,0.0731217710310352
VIS_073,1,AC-SINS λmax (nm),AC-SINS Δλmax,7,21,11.4,16.888842,0.712128945922085,0.6390071748910497,0.0731217710310352
VIS_074,1,AC-SINS λmax (nm),AC-SINS Δλmax,7,22,15.2,22.269314,0.712128945922085,0.6390071748910497,0.0731217710310352
VIS_052,1,AC-SINS λmax (nm),AC-SINS Δλmax,8,0,12.2,13.8,0.712128945922085,0.2811335044936771,0.4309954414284078
VIS_053,1,AC-SINS λmax (nm),AC-SINS Δλmax,8,1,10.8,11.208566,0.712128945922085,0.2811335044936771,0.4309954414284078
VIS_054,1,AC-SINS λmax (nm),AC-SINS Δλmax,8,2,10.4,12.299772,0.712128945922085,0.2811335044936771,0.4309954414284078
VIS_055,1,AC-SINS λmax (nm),AC-SINS Δλmax,8,3,17.8,29.388506,0.712128945922085,0.2811335044936771,0.4309954414284078
VIS_056,1,AC-SINS λmax (nm),AC-SINS Δλmax,8,4,9.1,10.6,0.712128945922085,0.2811335044936771,0.4309954414284078
VIS_057,1,AC-SINS λmax (nm),AC-SINS Δλmax,8,5,40.0,20.138853,0.712128945922085,0.2811335044936771,0.4309954414284078
VIS_058,1,AC-SINS λmax (nm),AC-SINS Δλmax,8,6,10.8,11.345448,0.712128945922085,0.2811335044936771,0.4309954414284078
VIS_059,1,AC-SINS λmax (nm),AC-SINS Δλmax,8,7,7.6,10.3,0.712128945922085,0.2811335044936771,0.4309954414284078
VIS_060,1,AC-SINS λmax (nm),AC-SINS Δλmax,8,8,20.1,15.519579,0.712128945922085,0.2811335044936771,0.4309954414284078
VIS_061,1,AC-SINS λmax (nm),AC-SINS Δλmax,8,9,25.9,27.05657,0.712128945922085,0.2811335044936771,0.4309954414284078
VIS_062,1,AC-SINS λmax (nm),AC-SINS Δλmax,8,10,8.4,10.5,0.712128945922085,0.2811335044936771,0.4309954414284078
VIS_063,1,AC-SINS λmax (nm),AC-SINS Δλmax,8,11,12.6,11.7,0.712128945922085,0.2811335044936771,0.4309954414284078
VIS_064,1,AC-SINS λmax (nm),AC-SINS Δλmax,8,12,30.1,28.257923,0.712128945922085,0.2811335044936771,0.4309954414284078
VIS_065,1,AC-SINS λmax (nm),AC-SINS Δλmax,8,13,25.6,21.033249,0.712128945922085,0.2811335044936771,0.4309954414284078
VIS_066,1,AC-SINS λmax (nm),AC-SINS Δλmax,8,14,15.0,11.642201,0.712128945922085,0.2811335044936771,0.4309954414284078
VIS_067,1,AC-SINS λmax (nm),AC-SINS Δλmax,8,15,9.9,10.9,0.712128945922085,0.2811335044936771,0.4309954414284078
VIS_068,1,AC-SINS λmax (nm),AC-SINS Δλmax,8,16,42.1,16.6,0.712128945922085,0.2811335044936771,0.4309954414284078
VIS_069,1,AC-SINS λmax (nm),AC-SINS Δλmax,8,17,16.8,14.6,0.712128945922085,0.2811335044936771,0.4309954414284078
VIS_070,1,AC-SINS λmax (nm),AC-SINS Δλmax,8,18,13.8,19.7,0.712128945922085,0.2811335044936771,0.4309954414284078
VIS_071,1,AC-SINS λmax (nm),AC-SINS Δλmax,8,19,13.9,10.9,0.712128945922085,0.2811335044936771,0.4309954414284078
VIS_072,1,AC-SINS λmax (nm),AC-SINS Δλmax,8,20,11.9,11.918203,0.712128945922085,0.2811335044936771,0.4309954414284078
VIS_073,1,AC-SINS λmax (nm),AC-SINS Δλmax,8,21,11.4,15.433604,0.712128945922085,0.2811335044936771,0.4309954414284078
VIS_074,1,AC-SINS λmax (nm),AC-SINS Δλmax,8,22,15.2,26.4,0.712128945922085,0.2811335044936771,0.4309954414284078
VIS_052,1,AC-SINS λmax (nm),AC-SINS Δλmax,9,0,12.2,10.9,0.712128945922085,0.6344269934827289,0.077701952439356
VIS_053,1,AC-SINS λmax (nm),AC-SINS Δλmax,9,1,10.8,10.507182,0.712128945922085,0.6344269934827289,0.077701952439356
VIS_054,1,AC-SINS λmax (nm),AC-SINS Δλmax,9,2,10.4,12.097576,0.712128945922085,0.6344269934827289,0.077701952439356
VIS_055,1,AC-SINS λmax (nm),AC-SINS Δλmax,9,3,17.8,26.4,0.712128945922085,0.6344269934827289,0.077701952439356
VIS_056,1,AC-SINS λmax (nm),AC-SINS Δλmax,9,4,9.1,10.523366,0.712128945922085,0.6344269934827289,0.077701952439356
VIS_057,1,AC-SINS λmax (nm),AC-SINS Δλmax,9,5,40.0,31.15515,0.712128945922085,0.6344269934827289,0.077701952439356
VIS_058,1,AC-SINS λmax (nm),AC-SINS Δλmax,9,6,10.8,9.9,0.712128945922085,0.6344269934827289,0.077701952439356
VIS_059,1,AC-SINS λmax (nm),AC-SINS Δλmax,9,7,7.6,10.6,0.712128945922085,0.6344269934827289,0.077701952439356
VIS_060,1,AC-SINS λmax (nm),AC-SINS Δλmax,9,8,20.1,19.617914,0.712128945922085,0.6344269934827289,0.077701952439356
VIS_061,1,AC-SINS λmax (nm),AC-SINS Δλmax,9,9,25.9,26.970116,0.712128945922085,0.6344269934827289,0.077701952439356
VIS_062,1,AC-SINS λmax (nm),AC-SINS Δλmax,9,10,8.4,12.035078,0.712128945922085,0.6344269934827289,0.077701952439356
VIS_063,1,AC-SINS λmax (nm),AC-SINS Δλmax,9,11,12.6,12.1,0.712128945922085,0.6344269934827289,0.077701952439356
VIS_064,1,AC-SINS λmax (nm),AC-SINS Δλmax,9,12,30.1,28.761497,0.712128945922085,0.6344269934827289,0.077701952439356
VIS_065,1,AC-SINS λmax (nm),AC-SINS Δλmax,9,13,25.6,15.3,0.712128945922085,0.6344269934827289,0.077701952439356
VIS_066,1,AC-SINS λmax (nm),AC-SINS Δλmax,9,14,15.0,11.642201,0.712128945922085,0.6344269934827289,0.077701952439356
VIS_067,1,AC-SINS λmax (nm),AC-SINS Δλmax,9,15,9.9,10.9,0.712128945922085,0.6344269934827289,0.077701952439356
VIS_068,1,AC-SINS λmax (nm),AC-SINS Δλmax,9,16,42.1,26.655346,0.712128945922085,0.6344269934827289,0.077701952439356
VIS_069,1,AC-SINS λmax (nm),AC-SINS Δλmax,9,17,16.8,14.502876,0.712128945922085,0.6344269934827289,0.077701952439356
VIS_070,1,AC-SINS λmax (nm),AC-SINS Δλmax,9,18,13.8,19.7,0.712128945922085,0.6344269934827289,0.077701952439356
VIS_071,1,AC-SINS λmax (nm),AC-SINS Δλmax,9,19,13.9,12.4084635,0.712128945922085,0.6344269934827289,0.077701952439356
VIS_072,1,AC-SINS λmax (nm),AC-SINS Δλmax,9,20,11.9,10.9,0.712128945922085,0.6344269934827289,0.077701952439356
VIS_073,1,AC-SINS λmax (nm),AC-SINS Δλmax,9,21,11.4,16.519701,0.712128945922085,0.6344269934827289,0.077701952439356
VIS_074,1,AC-SINS λmax (nm),AC-SINS Δλmax,9,22,15.2,26.4,0.712128945922085,0.6344269934827289,0.077701952439356
VIS_052,1,AC-SINS λmax (nm),AC-SINS Δλmax,10,0,12.2,10.9,0.712128945922085,0.4644123188222026,0.2477166270998824
VIS_053,1,AC-SINS λmax (nm),AC-SINS Δλmax,10,1,10.8,10.9,0.712128945922085,0.4644123188222026,0.2477166270998824
VIS_054,1,AC-SINS λmax (nm),AC-SINS Δλmax,10,2,10.4,12.033924,0.712128945922085,0.4644123188222026,0.2477166270998824
VIS_055,1,AC-SINS λmax (nm),AC-SINS Δλmax,10,3,17.8,29.046673,0.712128945922085,0.4644123188222026,0.2477166270998824
VIS_056,1,AC-SINS λmax (nm),AC-SINS Δλmax,10,4,9.1,10.788319,0.712128945922085,0.4644123188222026,0.2477166270998824
VIS_057,1,AC-SINS λmax (nm),AC-SINS Δλmax,10,5,40.0,27.580957,0.712128945922085,0.4644123188222026,0.2477166270998824
VIS_058,1,AC-SINS λmax (nm),AC-SINS Δλmax,10,6,10.8,10.4,0.712128945922085,0.4644123188222026,0.2477166270998824
VIS_059,1,AC-SINS λmax (nm),AC-SINS Δλmax,10,7,7.6,11.970503,0.712128945922085,0.4644123188222026,0.2477166270998824
VIS_060,1,AC-SINS λmax (nm),AC-SINS Δλmax,10,8,20.1,19.617914,0.712128945922085,0.4644123188222026,0.2477166270998824
VIS_061,1,AC-SINS λmax (nm),AC-SINS Δλmax,10,9,25.9,26.970116,0.712128945922085,0.4644123188222026,0.2477166270998824
VIS_062,1,AC-SINS λmax (nm),AC-SINS Δλmax,10,10,8.4,12.058646,0.712128945922085,0.4644123188222026,0.2477166270998824
VIS_063,1,AC-SINS λmax (nm),AC-SINS Δλmax,10,11,12.6,11.7,0.712128945922085,0.4644123188222026,0.2477166270998824
VIS_064,1,AC-SINS λmax (nm),AC-SINS Δλmax,10,12,30.1,28.474838,0.712128945922085,0.4644123188222026,0.2477166270998824
VIS_065,1,AC-SINS λmax (nm),AC-SINS Δλmax,10,13,25.6,19.7,0.712128945922085,0.4644123188222026,0.2477166270998824
VIS_066,1,AC-SINS λmax (nm),AC-SINS Δλmax,10,14,15.0,15.255208,0.712128945922085,0.4644123188222026,0.2477166270998824
VIS_067,1,AC-SINS λmax (nm),AC-SINS Δλmax,10,15,9.9,10.9,0.712128945922085,0.4644123188222026,0.2477166270998824
VIS_068,1,AC-SINS λmax (nm),AC-SINS Δλmax,10,16,42.1,16.6,0.712128945922085,0.4644123188222026,0.2477166270998824
VIS_069,1,AC-SINS λmax (nm),AC-SINS Δλmax,10,17,16.8,13.8,0.712128945922085,0.4644123188222026,0.2477166270998824
VIS_070,1,AC-SINS λmax (nm),AC-SINS Δλmax,10,18,13.8,19.7,0.712128945922085,0.4644123188222026,0.2477166270998824
VIS_071,1,AC-SINS λmax (nm),AC-SINS Δλmax,10,19,13.9,10.9,0.712128945922085,0.4644123188222026,0.2477166270998824
VIS_072,1,AC-SINS λmax (nm),AC-SINS Δλmax,10,20,11.9,12.042174,0.712128945922085,0.4644123188222026,0.2477166270998824
VIS_073,1,AC-SINS λmax (nm),AC-SINS Δλmax,10,21,11.4,15.189393,0.712128945922085,0.4644123188222026,0.2477166270998824
VIS_074,1,AC-SINS λmax (nm),AC-SINS Δλmax,10,22,15.2,16.335178,0.712128945922085,0.4644123188222026,0.2477166270998824
VIS_052,1,SE-UHPLC Main Peak FWHM (min),SE-UHPLC FWHM,1,0,12.2,10.617121,0.712128945922085,0.6882530817235737,0.0238758641985112
VIS_053,1,SE-UHPLC Main Peak FWHM (min),SE-UHPLC FWHM,1,1,10.8,10.9,0.712128945922085,0.6882530817235737,0.0238758641985112
VIS_054,1,SE-UHPLC Main Peak FWHM (min),SE-UHPLC FWHM,1,2,10.4,16.612675,0.712128945922085,0.6882530817235737,0.0238758641985112
VIS_055,1,SE-UHPLC Main Peak FWHM (min),SE-UHPLC FWHM,1,3,17.8,19.7,0.712128945922085,0.6882530817235737,0.0238758641985112
VIS_056,1,SE-UHPLC Main Peak FWHM (min),SE-UHPLC FWHM,1,4,9.1,10.3,0.712128945922085,0.6882530817235737,0.0238758641985112
VIS_057,1,SE-UHPLC Main Peak FWHM (min),SE-UHPLC FWHM,1,5,40.0,33.07199,0.712128945922085,0.6882530817235737,0.0238758641985112
VIS_058,1,SE-UHPLC Main Peak FWHM (min),SE-UHPLC FWHM,1,6,10.8,10.5,0.712128945922085,0.6882530817235737,0.0238758641985112
VIS_059,1,SE-UHPLC Main Peak FWHM (min),SE-UHPLC FWHM,1,7,7.6,10.524247,0.712128945922085,0.6882530817235737,0.0238758641985112
VIS_060,1,SE-UHPLC Main Peak FWHM (min),SE-UHPLC FWHM,1,8,20.1,17.920317,0.712128945922085,0.6882530817235737,0.0238758641985112
VIS_061,1,SE-UHPLC Main Peak FWHM (min),SE-UHPLC FWHM,1,9,25.9,17.1,0.712128945922085,0.6882530817235737,0.0238758641985112
VIS_062,1,SE-UHPLC Main Peak FWHM (min),SE-UHPLC FWHM,1,10,8.4,10.85105,0.712128945922085,0.6882530817235737,0.0238758641985112
VIS_063,1,SE-UHPLC Main Peak FWHM (min),SE-UHPLC FWHM,1,11,12.6,11.7,0.712128945922085,0.6882530817235737,0.0238758641985112
VIS_064,1,SE-UHPLC Main Peak FWHM (min),SE-UHPLC FWHM,1,12,30.1,26.528854,0.712128945922085,0.6882530817235737,0.0238758641985112
VIS_065,1,SE-UHPLC Main Peak FWHM (min),SE-UHPLC FWHM,1,13,25.6,22.721247,0.712128945922085,0.6882530817235737,0.0238758641985112
VIS_066,1,SE-UHPLC Main Peak FWHM (min),SE-UHPLC FWHM,1,14,15.0,12.740026,0.712128945922085,0.6882530817235737,0.0238758641985112
VIS_067,1,SE-UHPLC Main Peak FWHM (min),SE-UHPLC FWHM,1,15,9.9,10.9,0.712128945922085,0.6882530817235737,0.0238758641985112
VIS_068,1,SE-UHPLC Main Peak FWHM (min),SE-UHPLC FWHM,1,16,42.1,26.562231,0.712128945922085,0.6882530817235737,0.0238758641985112
VIS_069,1,SE-UHPLC Main Peak FWHM (min),SE-UHPLC FWHM,1,17,16.8,14.386057,0.712128945922085,0.6882530817235737,0.0238758641985112
VIS_070,1,SE-UHPLC Main Peak FWHM (min),SE-UHPLC FWHM,1,18,13.8,17.1,0.712128945922085,0.6882530817235737,0.0238758641985112
VIS_071,1,SE-UHPLC Main Peak FWHM (min),SE-UHPLC FWHM,1,19,13.9,12.015724,0.712128945922085,0.6882530817235737,0.0238758641985112
VIS_072,1,SE-UHPLC Main Peak FWHM (min),SE-UHPLC FWHM,1,20,11.9,10.9,0.712128945922085,0.6882530817235737,0.0238758641985112
VIS_073,1,SE-UHPLC Main Peak FWHM (min),SE-UHPLC FWHM,1,21,11.4,14.6,0.712128945922085,0.6882530817235737,0.0238758641985112
VIS_074,1,SE-UHPLC Main Peak FWHM (min),SE-UHPLC FWHM,1,22,15.2,26.894188,0.712128945922085,0.6882530817235737,0.0238758641985112
VIS_052,1,SE-UHPLC Main Peak FWHM (min),SE-UHPLC FWHM,2,0,12.2,11.2217,0.712128945922085,0.6527646904319157,0.0593642554901693
VIS_053,1,SE-UHPLC Main Peak FWHM (min),SE-UHPLC FWHM,2,1,10.8,10.9,0.712128945922085,0.6527646904319157,0.0593642554901693
VIS_054,1,SE-UHPLC Main Peak FWHM (min),SE-UHPLC FWHM,2,2,10.4,16.6,0.712128945922085,0.6527646904319157,0.0593642554901693
VIS_055,1,SE-UHPLC Main Peak FWHM (min),SE-UHPLC FWHM,2,3,17.8,19.569016,0.712128945922085,0.6527646904319157,0.0593642554901693
VIS_056,1,SE-UHPLC Main Peak FWHM (min),SE-UHPLC FWHM,2,4,9.1,10.3,0.712128945922085,0.6527646904319157,0.0593642554901693
VIS_057,1,SE-UHPLC Main Peak FWHM (min),SE-UHPLC FWHM,2,5,40.0,35.09042,0.712128945922085,0.6527646904319157,0.0593642554901693
VIS_058,1,SE-UHPLC Main Peak FWHM (min),SE-UHPLC FWHM,2,6,10.8,10.4,0.712128945922085,0.6527646904319157,0.0593642554901693
VIS_059,1,SE-UHPLC Main Peak FWHM (min),SE-UHPLC FWHM,2,7,7.6,10.86593,0.712128945922085,0.6527646904319157,0.0593642554901693
VIS_060,1,SE-UHPLC Main Peak FWHM (min),SE-UHPLC FWHM,2,8,20.1,18.008226,0.712128945922085,0.6527646904319157,0.0593642554901693
VIS_061,1,SE-UHPLC Main Peak FWHM (min),SE-UHPLC FWHM,2,9,25.9,17.1,0.712128945922085,0.6527646904319157,0.0593642554901693
VIS_062,1,SE-UHPLC Main Peak FWHM (min),SE-UHPLC FWHM,2,10,8.4,10.9,0.712128945922085,0.6527646904319157,0.0593642554901693
VIS_063,1,SE-UHPLC Main Peak FWHM (min),SE-UHPLC FWHM,2,11,12.6,11.7,0.712128945922085,0.6527646904319157,0.0593642554901693
VIS_064,1,SE-UHPLC Main Peak FWHM (min),SE-UHPLC FWHM,2,12,30.1,19.7,0.712128945922085,0.6527646904319157,0.0593642554901693
VIS_065,1,SE-UHPLC Main Peak FWHM (min),SE-UHPLC FWHM,2,13,25.6,22.717537,0.712128945922085,0.6527646904319157,0.0593642554901693
VIS_066,1,SE-UHPLC Main Peak FWHM (min),SE-UHPLC FWHM,2,14,15.0,12.043667,0.712128945922085,0.6527646904319157,0.0593642554901693
VIS_067,1,SE-UHPLC Main Peak FWHM (min),SE-UHPLC FWHM,2,15,9.9,10.714696,0.712128945922085,0.6527646904319157,0.0593642554901693
VIS_068,1,SE-UHPLC Main Peak FWHM (min),SE-UHPLC FWHM,2,16,42.1,26.619135,0.712128945922085,0.6527646904319157,0.0593642554901693
VIS_069,1,SE-UHPLC Main Peak FWHM (min),SE-UHPLC FWHM,2,17,16.8,13.9,0.712128945922085,0.6527646904319157,0.0593642554901693
VIS_070,1,SE-UHPLC Main Peak FWHM (min),SE-UHPLC FWHM,2,18,13.8,17.1,0.712128945922085,0.6527646904319157,0.0593642554901693
VIS_071,1,SE-UHPLC Main Peak FWHM (min),SE-UHPLC FWHM,2,19,13.9,12.075157,0.712128945922085,0.6527646904319157,0.0593642554901693
VIS_072,1,SE-UHPLC Main Peak FWHM (min),SE-UHPLC FWHM,2,20,11.9,10.9,0.712128945922085,0.6527646904319157,0.0593642554901693
VIS_073,1,SE-UHPLC Main Peak FWHM (min),SE-UHPLC FWHM,2,21,11.4,14.6,0.712128945922085,0.6527646904319157,0.0593642554901693
VIS_074,1,SE-UHPLC Main Peak FWHM (min),SE-UHPLC FWHM,2,22,15.2,26.733551,0.712128945922085,0.6527646904319157,0.0593642554901693
VIS_052,1,SE-UHPLC Main Peak FWHM (min),SE-UHPLC FWHM,3,0,12.2,10.617121,0.712128945922085,0.577762302089984,0.1343666438321009
VIS_053,1,SE-UHPLC Main Peak FWHM (min),SE-UHPLC FWHM,3,1,10.8,10.6,0.712128945922085,0.577762302089984,0.1343666438321009
VIS_054,1,SE-UHPLC Main Peak FWHM (min),SE-UHPLC FWHM,3,2,10.4,16.6,0.712128945922085,0.577762302089984,0.1343666438321009
VIS_055,1,SE-UHPLC Main Peak FWHM (min),SE-UHPLC FWHM,3,3,17.8,19.530642,0.712128945922085,0.577762302089984,0.1343666438321009
VIS_056,1,SE-UHPLC Main Peak FWHM (min),SE-UHPLC FWHM,3,4,9.1,10.499476,0.712128945922085,0.577762302089984,0.1343666438321009
VIS_057,1,SE-UHPLC Main Peak FWHM (min),SE-UHPLC FWHM,3,5,40.0,22.847502,0.712128945922085,0.577762302089984,0.1343666438321009
VIS_058,1,SE-UHPLC Main Peak FWHM (min),SE-UHPLC FWHM,3,6,10.8,10.9,0.712128945922085,0.577762302089984,0.1343666438321009
VIS_059,1,SE-UHPLC Main Peak FWHM (min),SE-UHPLC FWHM,3,7,7.6,10.6,0.712128945922085,0.577762302089984,0.1343666438321009
VIS_060,1,SE-UHPLC Main Peak FWHM (min),SE-UHPLC FWHM,3,8,20.1,18.107285,0.712128945922085,0.577762302089984,0.1343666438321009
VIS_061,1,SE-UHPLC Main Peak FWHM (min),SE-UHPLC FWHM,3,9,25.9,17.141983,0.712128945922085,0.577762302089984,0.1343666438321009
VIS_062,1,SE-UHPLC Main Peak FWHM (min),SE-UHPLC FWHM,3,10,8.4,10.9,0.712128945922085,0.577762302089984,0.1343666438321009
VIS_063,1,SE-UHPLC Main Peak FWHM (min),SE-UHPLC FWHM,3,11,12.6,10.9,0.712128945922085,0.577762302089984,0.1343666438321009
VIS_064,1,SE-UHPLC Main Peak FWHM (min),SE-UHPLC FWHM,3,12,30.1,28.761497,0.712128945922085,0.577762302089984,0.1343666438321009
VIS_065,1,SE-UHPLC Main Peak FWHM (min),SE-UHPLC FWHM,3,13,25.6,22.734106,0.712128945922085,0.577762302089984,0.1343666438321009
VIS_066,1,SE-UHPLC Main Peak FWHM (min),SE-UHPLC FWHM,3,14,15.0,12.3905945,0.712128945922085,0.577762302089984,0.1343666438321009
VIS_067,1,SE-UHPLC Main Peak FWHM (min),SE-UHPLC FWHM,3,15,9.9,10.765237,0.712128945922085,0.577762302089984,0.1343666438321009
VIS_068,1,SE-UHPLC Main Peak FWHM (min),SE-UHPLC FWHM,3,16,42.1,26.725613,0.712128945922085,0.577762302089984,0.1343666438321009
VIS_069,1,SE-UHPLC Main Peak FWHM (min),SE-UHPLC FWHM,3,17,16.8,13.8,0.712128945922085,0.577762302089984,0.1343666438321009
VIS_070,1,SE-UHPLC Main Peak FWHM (min),SE-UHPLC FWHM,3,18,13.8,17.1,0.712128945922085,0.577762302089984,0.1343666438321009
VIS_071,1,SE-UHPLC Main Peak FWHM (min),SE-UHPLC FWHM,3,19,13.9,13.557569,0.712128945922085,0.577762302089984,0.1343666438321009
VIS_072,1,SE-UHPLC Main Peak FWHM (min),SE-UHPLC FWHM,3,20,11.9,10.9,0.712128945922085,0.577762302089984,0.1343666438321009
VIS_073,1,SE-UHPLC Main Peak FWHM (min),SE-UHPLC FWHM,3,21,11.4,14.6,0.712128945922085,0.577762302089984,0.1343666438321009
VIS_074,1,SE-UHPLC Main Peak FWHM (min),SE-UHPLC FWHM,3,22,15.2,26.482512,0.712128945922085,0.577762302089984,0.1343666438321009
VIS_052,1,SE-UHPLC Main Peak FWHM (min),SE-UHPLC FWHM,4,0,12.2,10.622014,0.712128945922085,0.6779938947317612,0.0341350511903237
VIS_053,1,SE-UHPLC Main Peak FWHM (min),SE-UHPLC FWHM,4,1,10.8,10.6,0.712128945922085,0.6779938947317612,0.0341350511903237
VIS_054,1,SE-UHPLC Main Peak FWHM (min),SE-UHPLC FWHM,4,2,10.4,16.6,0.712128945922085,0.6779938947317612,0.0341350511903237
VIS_055,1,SE-UHPLC Main Peak FWHM (min),SE-UHPLC FWHM,4,3,17.8,19.569016,0.712128945922085,0.6779938947317612,0.0341350511903237
VIS_056,1,SE-UHPLC Main Peak FWHM (min),SE-UHPLC FWHM,4,4,9.1,10.3,0.712128945922085,0.6779938947317612,0.0341350511903237
VIS_057,1,SE-UHPLC Main Peak FWHM (min),SE-UHPLC FWHM,4,5,40.0,32.454773,0.712128945922085,0.6779938947317612,0.0341350511903237
VIS_058,1,SE-UHPLC Main Peak FWHM (min),SE-UHPLC FWHM,4,6,10.8,10.9,0.712128945922085,0.6779938947317612,0.0341350511903237
VIS_059,1,SE-UHPLC Main Peak FWHM (min),SE-UHPLC FWHM,4,7,7.6,10.5,0.712128945922085,0.6779938947317612,0.0341350511903237
VIS_060,1,SE-UHPLC Main Peak FWHM (min),SE-UHPLC FWHM,4,8,20.1,18.008226,0.712128945922085,0.6779938947317612,0.0341350511903237
VIS_061,1,SE-UHPLC Main Peak FWHM (min),SE-UHPLC FWHM,4,9,25.9,17.1,0.712128945922085,0.6779938947317612,0.0341350511903237
VIS_062,1,SE-UHPLC Main Peak FWHM (min),SE-UHPLC FWHM,4,10,8.4,10.9,0.712128945922085,0.6779938947317612,0.0341350511903237
VIS_063,1,SE-UHPLC Main Peak FWHM (min),SE-UHPLC FWHM,4,11,12.6,10.9,0.712128945922085,0.6779938947317612,0.0341350511903237
VIS_064,1,SE-UHPLC Main Peak FWHM (min),SE-UHPLC FWHM,4,12,30.1,26.50251,0.712128945922085,0.6779938947317612,0.0341350511903237
VIS_065,1,SE-UHPLC Main Peak FWHM (min),SE-UHPLC FWHM,4,13,25.6,22.738165,0.712128945922085,0.6779938947317612,0.0341350511903237
VIS_066,1,SE-UHPLC Main Peak FWHM (min),SE-UHPLC FWHM,4,14,15.0,12.055502,0.712128945922085,0.6779938947317612,0.0341350511903237
VIS_067,1,SE-UHPLC Main Peak FWHM (min),SE-UHPLC FWHM,4,15,9.9,11.7,0.712128945922085,0.6779938947317612,0.0341350511903237
VIS_068,1,SE-UHPLC Main Peak FWHM (min),SE-UHPLC FWHM,4,16,42.1,26.421698,0.712128945922085,0.6779938947317612,0.0341350511903237
VIS_069,1,SE-UHPLC Main Peak FWHM (min),SE-UHPLC FWHM,4,17,16.8,13.8,0.712128945922085,0.6779938947317612,0.0341350511903237
VIS_070,1,SE-UHPLC Main Peak FWHM (min),SE-UHPLC FWHM,4,18,13.8,17.426773,0.712128945922085,0.6779938947317612,0.0341350511903237
VIS_071,1,SE-UHPLC Main Peak FWHM (min),SE-UHPLC FWHM,4,19,13.9,11.975034,0.712128945922085,0.6779938947317612,0.0341350511903237
VIS_072,1,SE-UHPLC Main Peak FWHM (min),SE-UHPLC FWHM,4,20,11.9,10.9,0.712128945922085,0.6779938947317612,0.0341350511903237
VIS_073,1,SE-UHPLC Main Peak FWHM (min),SE-UHPLC FWHM,4,21,11.4,13.8,0.712128945922085,0.6779938947317612,0.0341350511903237
VIS_074,1,SE-UHPLC Main Peak FWHM (min),SE-UHPLC FWHM,4,22,15.2,26.862497,0.712128945922085,0.6779938947317612,0.0341350511903237
VIS_052,1,SE-UHPLC Main Peak FWHM (min),SE-UHPLC FWHM,5,0,12.2,10.622014,0.712128945922085,0.6828792632562116,0.0292496826658733
VIS_053,1,SE-UHPLC Main Peak FWHM (min),SE-UHPLC FWHM,5,1,10.8,10.631244,0.712128945922085,0.6828792632562116,0.0292496826658733
VIS_054,1,SE-UHPLC Main Peak FWHM (min),SE-UHPLC FWHM,5,2,10.4,16.450432,0.712128945922085,0.6828792632562116,0.0292496826658733
VIS_055,1,SE-UHPLC Main Peak FWHM (min),SE-UHPLC FWHM,5,3,17.8,19.546621,0.712128945922085,0.6828792632562116,0.0292496826658733
VIS_056,1,SE-UHPLC Main Peak FWHM (min),SE-UHPLC FWHM,5,4,9.1,10.499476,0.712128945922085,0.6828792632562116,0.0292496826658733
VIS_057,1,SE-UHPLC Main Peak FWHM (min),SE-UHPLC FWHM,5,5,40.0,32.850174,0.712128945922085,0.6828792632562116,0.0292496826658733
VIS_058,1,SE-UHPLC Main Peak FWHM (min),SE-UHPLC FWHM,5,6,10.8,10.4,0.712128945922085,0.6828792632562116,0.0292496826658733
VIS_059,1,SE-UHPLC Main Peak FWHM (min),SE-UHPLC FWHM,5,7,7.6,12.726045,0.712128945922085,0.6828792632562116,0.0292496826658733
VIS_060,1,SE-UHPLC Main Peak FWHM (min),SE-UHPLC FWHM,5,8,20.1,18.093441,0.712128945922085,0.6828792632562116,0.0292496826658733
VIS_061,1,SE-UHPLC Main Peak FWHM (min),SE-UHPLC FWHM,5,9,25.9,17.141983,0.712128945922085,0.6828792632562116,0.0292496826658733
VIS_062,1,SE-UHPLC Main Peak FWHM (min),SE-UHPLC FWHM,5,10,8.4,10.9,0.712128945922085,0.6828792632562116,0.0292496826658733
VIS_063,1,SE-UHPLC Main Peak FWHM (min),SE-UHPLC FWHM,5,11,12.6,11.70202,0.712128945922085,0.6828792632562116,0.0292496826658733
VIS_064,1,SE-UHPLC Main Peak FWHM (min),SE-UHPLC FWHM,5,12,30.1,27.620434,0.712128945922085,0.6828792632562116,0.0292496826658733
VIS_065,1,SE-UHPLC Main Peak FWHM (min),SE-UHPLC FWHM,5,13,25.6,22.848951,0.712128945922085,0.6828792632562116,0.0292496826658733
VIS_066,1,SE-UHPLC Main Peak FWHM (min),SE-UHPLC FWHM,5,14,15.0,12.184248,0.712128945922085,0.6828792632562116,0.0292496826658733
VIS_067,1,SE-UHPLC Main Peak FWHM (min),SE-UHPLC FWHM,5,15,9.9,11.709485,0.712128945922085,0.6828792632562116,0.0292496826658733
VIS_068,1,SE-UHPLC Main Peak FWHM (min),SE-UHPLC FWHM,5,16,42.1,26.416058,0.712128945922085,0.6828792632562116,0.0292496826658733
VIS_069,1,SE-UHPLC Main Peak FWHM (min),SE-UHPLC FWHM,5,17,16.8,13.8,0.712128945922085,0.6828792632562116,0.0292496826658733
VIS_070,1,SE-UHPLC Main Peak FWHM (min),SE-UHPLC FWHM,5,18,13.8,17.1,0.712128945922085,0.6828792632562116,0.0292496826658733
VIS_071,1,SE-UHPLC Main Peak FWHM (min),SE-UHPLC FWHM,5,19,13.9,13.557569,0.712128945922085,0.6828792632562116,0.0292496826658733
VIS_072,1,SE-UHPLC Main Peak FWHM (min),SE-UHPLC FWHM,5,20,11.9,10.9,0.712128945922085,0.6828792632562116,0.0292496826658733
VIS_073,1,SE-UHPLC Main Peak FWHM (min),SE-UHPLC FWHM,5,21,11.4,14.544955,0.712128945922085,0.6828792632562116,0.0292496826658733
VIS_074,1,SE-UHPLC Main Peak FWHM (min),SE-UHPLC FWHM,5,22,15.2,26.522434,0.712128945922085,0.6828792632562116,0.0292496826658733
VIS_052,1,SE-UHPLC Main Peak FWHM (min),SE-UHPLC FWHM,6,0,12.2,10.9,0.712128945922085,0.7010830910193087,0.0110458549027763
VIS_053,1,SE-UHPLC Main Peak FWHM (min),SE-UHPLC FWHM,6,1,10.8,10.631244,0.712128945922085,0.7010830910193087,0.0110458549027763
VIS_054,1,SE-UHPLC Main Peak FWHM (min),SE-UHPLC FWHM,6,2,10.4,16.524954,0.712128945922085,0.7010830910193087,0.0110458549027763
VIS_055,1,SE-UHPLC Main Peak FWHM (min),SE-UHPLC FWHM,6,3,17.8,19.612724,0.712128945922085,0.7010830910193087,0.0110458549027763
VIS_056,1,SE-UHPLC Main Peak FWHM (min),SE-UHPLC FWHM,6,4,9.1,10.3,0.712128945922085,0.7010830910193087,0.0110458549027763
VIS_057,1,SE-UHPLC Main Peak FWHM (min),SE-UHPLC FWHM,6,5,40.0,33.07199,0.712128945922085,0.7010830910193087,0.0110458549027763
VIS_058,1,SE-UHPLC Main Peak FWHM (min),SE-UHPLC FWHM,6,6,10.8,11.7,0.712128945922085,0.7010830910193087,0.0110458549027763
VIS_059,1,SE-UHPLC Main Peak FWHM (min),SE-UHPLC FWHM,6,7,7.6,10.478495,0.712128945922085,0.7010830910193087,0.0110458549027763
VIS_060,1,SE-UHPLC Main Peak FWHM (min),SE-UHPLC FWHM,6,8,20.1,18.179865,0.712128945922085,0.7010830910193087,0.0110458549027763
VIS_061,1,SE-UHPLC Main Peak FWHM (min),SE-UHPLC FWHM,6,9,25.9,17.1,0.712128945922085,0.7010830910193087,0.0110458549027763
VIS_062,1,SE-UHPLC Main Peak FWHM (min),SE-UHPLC FWHM,6,10,8.4,10.9,0.712128945922085,0.7010830910193087,0.0110458549027763
VIS_063,1,SE-UHPLC Main Peak FWHM (min),SE-UHPLC FWHM,6,11,12.6,11.388201,0.712128945922085,0.7010830910193087,0.0110458549027763
VIS_064,1,SE-UHPLC Main Peak FWHM (min),SE-UHPLC FWHM,6,12,30.1,28.761497,0.712128945922085,0.7010830910193087,0.0110458549027763
VIS_065,1,SE-UHPLC Main Peak FWHM (min),SE-UHPLC FWHM,6,13,25.6,22.740984,0.712128945922085,0.7010830910193087,0.0110458549027763
VIS_066,1,SE-UHPLC Main Peak FWHM (min),SE-UHPLC FWHM,6,14,15.0,12.740026,0.712128945922085,0.7010830910193087,0.0110458549027763
VIS_067,1,SE-UHPLC Main Peak FWHM (min),SE-UHPLC FWHM,6,15,9.9,11.709485,0.712128945922085,0.7010830910193087,0.0110458549027763
VIS_068,1,SE-UHPLC Main Peak FWHM (min),SE-UHPLC FWHM,6,16,42.1,26.795649,0.712128945922085,0.7010830910193087,0.0110458549027763
VIS_069,1,SE-UHPLC Main Peak FWHM (min),SE-UHPLC FWHM,6,17,16.8,13.508124,0.712128945922085,0.7010830910193087,0.0110458549027763
VIS_070,1,SE-UHPLC Main Peak FWHM (min),SE-UHPLC FWHM,6,18,13.8,17.1,0.712128945922085,0.7010830910193087,0.0110458549027763
VIS_071,1,SE-UHPLC Main Peak FWHM (min),SE-UHPLC FWHM,6,19,13.9,13.1,0.712128945922085,0.7010830910193087,0.0110458549027763
VIS_072,1,SE-UHPLC Main Peak FWHM (min),SE-UHPLC FWHM,6,20,11.9,12.072869,0.712128945922085,0.7010830910193087,0.0110458549027763
VIS_073,1,SE-UHPLC Main Peak FWHM (min),SE-UHPLC FWHM,6,21,11.4,14.515707,0.712128945922085,0.7010830910193087,0.0110458549027763
VIS_074,1,SE-UHPLC Main Peak FWHM (min),SE-UHPLC FWHM,6,22,15.2,26.522434,0.712128945922085,0.7010830910193087,0.0110458549027763
VIS_052,1,SE-UHPLC Main Peak FWHM (min),SE-UHPLC FWHM,7,0,12.2,10.9,0.712128945922085,0.6783722691258899,0.033756676796195
VIS_053,1,SE-UHPLC Main Peak FWHM (min),SE-UHPLC FWHM,7,1,10.8,10.631244,0.712128945922085,0.6783722691258899,0.033756676796195
VIS_054,1,SE-UHPLC Main Peak FWHM (min),SE-UHPLC FWHM,7,2,10.4,16.6,0.712128945922085,0.6783722691258899,0.033756676796195
VIS_055,1,SE-UHPLC Main Peak FWHM (min),SE-UHPLC FWHM,7,3,17.8,19.530642,0.712128945922085,0.6783722691258899,0.033756676796195
VIS_056,1,SE-UHPLC Main Peak FWHM (min),SE-UHPLC FWHM,7,4,9.1,10.313808,0.712128945922085,0.6783722691258899,0.033756676796195
VIS_057,1,SE-UHPLC Main Peak FWHM (min),SE-UHPLC FWHM,7,5,40.0,32.52813,0.712128945922085,0.6783722691258899,0.033756676796195
VIS_058,1,SE-UHPLC Main Peak FWHM (min),SE-UHPLC FWHM,7,6,10.8,10.4,0.712128945922085,0.6783722691258899,0.033756676796195
VIS_059,1,SE-UHPLC Main Peak FWHM (min),SE-UHPLC FWHM,7,7,7.6,12.726045,0.712128945922085,0.6783722691258899,0.033756676796195
VIS_060,1,SE-UHPLC Main Peak FWHM (min),SE-UHPLC FWHM,7,8,20.1,18.179865,0.712128945922085,0.6783722691258899,0.033756676796195
VIS_061,1,SE-UHPLC Main Peak FWHM (min),SE-UHPLC FWHM,7,9,25.9,17.1,0.712128945922085,0.6783722691258899,0.033756676796195
VIS_062,1,SE-UHPLC Main Peak FWHM (min),SE-UHPLC FWHM,7,10,8.4,10.9,0.712128945922085,0.6783722691258899,0.033756676796195
VIS_063,1,SE-UHPLC Main Peak FWHM (min),SE-UHPLC FWHM,7,11,12.6,10.9,0.712128945922085,0.6783722691258899,0.033756676796195
VIS_064,1,SE-UHPLC Main Peak FWHM (min),SE-UHPLC FWHM,7,12,30.1,28.498459,0.712128945922085,0.6783722691258899,0.033756676796195
VIS_065,1,SE-UHPLC Main Peak FWHM (min),SE-UHPLC FWHM,7,13,25.6,22.734106,0.712128945922085,0.6783722691258899,0.033756676796195
VIS_066,1,SE-UHPLC Main Peak FWHM (min),SE-UHPLC FWHM,7,14,15.0,12.287511,0.712128945922085,0.6783722691258899,0.033756676796195
VIS_067,1,SE-UHPLC Main Peak FWHM (min),SE-UHPLC FWHM,7,15,9.9,10.9,0.712128945922085,0.6783722691258899,0.033756676796195
VIS_068,1,SE-UHPLC Main Peak FWHM (min),SE-UHPLC FWHM,7,16,42.1,26.562231,0.712128945922085,0.6783722691258899,0.033756676796195
VIS_069,1,SE-UHPLC Main Peak FWHM (min),SE-UHPLC FWHM,7,17,16.8,13.8,0.712128945922085,0.6783722691258899,0.033756676796195
VIS_070,1,SE-UHPLC Main Peak FWHM (min),SE-UHPLC FWHM,7,18,13.8,17.1,0.712128945922085,0.6783722691258899,0.033756676796195
VIS_071,1,SE-UHPLC Main Peak FWHM (min),SE-UHPLC FWHM,7,19,13.9,11.975034,0.712128945922085,0.6783722691258899,0.033756676796195
VIS_072,1,SE-UHPLC Main Peak FWHM (min),SE-UHPLC FWHM,7,20,11.9,10.9,0.712128945922085,0.6783722691258899,0.033756676796195
VIS_073,1,SE-UHPLC Main Peak FWHM (min),SE-UHPLC FWHM,7,21,11.4,14.6,0.712128945922085,0.6783722691258899,0.033756676796195
VIS_074,1,SE-UHPLC Main Peak FWHM (min),SE-UHPLC FWHM,7,22,15.2,26.862497,0.712128945922085,0.6783722691258899,0.033756676796195
VIS_052,1,SE-UHPLC Main Peak FWHM (min),SE-UHPLC FWHM,8,0,12.2,10.9,0.712128945922085,0.7026656335126937,0.0094633124093912
VIS_053,1,SE-UHPLC Main Peak FWHM (min),SE-UHPLC FWHM,8,1,10.8,11.766601,0.712128945922085,0.7026656335126937,0.0094633124093912
VIS_054,1,SE-UHPLC Main Peak FWHM (min),SE-UHPLC FWHM,8,2,10.4,16.3,0.712128945922085,0.7026656335126937,0.0094633124093912
VIS_055,1,SE-UHPLC Main Peak FWHM (min),SE-UHPLC FWHM,8,3,17.8,19.7,0.712128945922085,0.7026656335126937,0.0094633124093912
VIS_056,1,SE-UHPLC Main Peak FWHM (min),SE-UHPLC FWHM,8,4,9.1,10.9,0.712128945922085,0.7026656335126937,0.0094633124093912
VIS_057,1,SE-UHPLC Main Peak FWHM (min),SE-UHPLC FWHM,8,5,40.0,35.09042,0.712128945922085,0.7026656335126937,0.0094633124093912
VIS_058,1,SE-UHPLC Main Peak FWHM (min),SE-UHPLC FWHM,8,6,10.8,10.5,0.712128945922085,0.7026656335126937,0.0094633124093912
VIS_059,1,SE-UHPLC Main Peak FWHM (min),SE-UHPLC FWHM,8,7,7.6,10.6,0.712128945922085,0.7026656335126937,0.0094633124093912
VIS_060,1,SE-UHPLC Main Peak FWHM (min),SE-UHPLC FWHM,8,8,20.1,18.656775,0.712128945922085,0.7026656335126937,0.0094633124093912
VIS_061,1,SE-UHPLC Main Peak FWHM (min),SE-UHPLC FWHM,8,9,25.9,17.1,0.712128945922085,0.7026656335126937,0.0094633124093912
VIS_062,1,SE-UHPLC Main Peak FWHM (min),SE-UHPLC FWHM,8,10,8.4,10.880125,0.712128945922085,0.7026656335126937,0.0094633124093912
VIS_063,1,SE-UHPLC Main Peak FWHM (min),SE-UHPLC FWHM,8,11,12.6,10.9,0.712128945922085,0.7026656335126937,0.0094633124093912
VIS_064,1,SE-UHPLC Main Peak FWHM (min),SE-UHPLC FWHM,8,12,30.1,26.627466,0.712128945922085,0.7026656335126937,0.0094633124093912
VIS_065,1,SE-UHPLC Main Peak FWHM (min),SE-UHPLC FWHM,8,13,25.6,22.838152,0.712128945922085,0.7026656335126937,0.0094633124093912
VIS_066,1,SE-UHPLC Main Peak FWHM (min),SE-UHPLC FWHM,8,14,15.0,12.055502,0.712128945922085,0.7026656335126937,0.0094633124093912
VIS_067,1,SE-UHPLC Main Peak FWHM (min),SE-UHPLC FWHM,8,15,9.9,10.9,0.712128945922085,0.7026656335126937,0.0094633124093912
VIS_068,1,SE-UHPLC Main Peak FWHM (min),SE-UHPLC FWHM,8,16,42.1,26.489893,0.712128945922085,0.7026656335126937,0.0094633124093912
VIS_069,1,SE-UHPLC Main Peak FWHM (min),SE-UHPLC FWHM,8,17,16.8,14.497655,0.712128945922085,0.7026656335126937,0.0094633124093912
VIS_070,1,SE-UHPLC Main Peak FWHM (min),SE-UHPLC FWHM,8,18,13.8,17.1,0.712128945922085,0.7026656335126937,0.0094633124093912
VIS_071,1,SE-UHPLC Main Peak FWHM (min),SE-UHPLC FWHM,8,19,13.9,11.975034,0.712128945922085,0.7026656335126937,0.0094633124093912
VIS_072,1,SE-UHPLC Main Peak FWHM (min),SE-UHPLC FWHM,8,20,11.9,12.087928,0.712128945922085,0.7026656335126937,0.0094633124093912
VIS_073,1,SE-UHPLC Main Peak FWHM (min),SE-UHPLC FWHM,8,21,11.4,14.6,0.712128945922085,0.7026656335126937,0.0094633124093912
VIS_074,1,SE-UHPLC Main Peak FWHM (min),SE-UHPLC FWHM,8,22,15.2,26.616348,0.712128945922085,0.7026656335126937,0.0094633124093912
VIS_052,1,SE-UHPLC Main Peak FWHM (min),SE-UHPLC FWHM,9,0,12.2,10.9,0.712128945922085,0.6910258595645926,0.0211030863574923
VIS_053,1,SE-UHPLC Main Peak FWHM (min),SE-UHPLC FWHM,9,1,10.8,10.6,0.712128945922085,0.6910258595645926,0.0211030863574923
VIS_054,1,SE-UHPLC Main Peak FWHM (min),SE-UHPLC FWHM,9,2,10.4,16.450432,0.712128945922085,0.6910258595645926,0.0211030863574923
VIS_055,1,SE-UHPLC Main Peak FWHM (min),SE-UHPLC FWHM,9,3,17.8,19.549604,0.712128945922085,0.6910258595645926,0.0211030863574923
VIS_056,1,SE-UHPLC Main Peak FWHM (min),SE-UHPLC FWHM,9,4,9.1,10.6,0.712128945922085,0.6910258595645926,0.0211030863574923
VIS_057,1,SE-UHPLC Main Peak FWHM (min),SE-UHPLC FWHM,9,5,40.0,33.43204,0.712128945922085,0.6910258595645926,0.0211030863574923
VIS_058,1,SE-UHPLC Main Peak FWHM (min),SE-UHPLC FWHM,9,6,10.8,10.4,0.712128945922085,0.6910258595645926,0.0211030863574923
VIS_059,1,SE-UHPLC Main Peak FWHM (min),SE-UHPLC FWHM,9,7,7.6,10.46332,0.712128945922085,0.6910258595645926,0.0211030863574923
VIS_060,1,SE-UHPLC Main Peak FWHM (min),SE-UHPLC FWHM,9,8,20.1,15.612875,0.712128945922085,0.6910258595645926,0.0211030863574923
VIS_061,1,SE-UHPLC Main Peak FWHM (min),SE-UHPLC FWHM,9,9,25.9,17.1,0.712128945922085,0.6910258595645926,0.0211030863574923
VIS_062,1,SE-UHPLC Main Peak FWHM (min),SE-UHPLC FWHM,9,10,8.4,10.9,0.712128945922085,0.6910258595645926,0.0211030863574923
VIS_063,1,SE-UHPLC Main Peak FWHM (min),SE-UHPLC FWHM,9,11,12.6,11.388201,0.712128945922085,0.6910258595645926,0.0211030863574923
VIS_064,1,SE-UHPLC Main Peak FWHM (min),SE-UHPLC FWHM,9,12,30.1,26.985037,0.712128945922085,0.6910258595645926,0.0211030863574923
VIS_065,1,SE-UHPLC Main Peak FWHM (min),SE-UHPLC FWHM,9,13,25.6,22.80485,0.712128945922085,0.6910258595645926,0.0211030863574923
VIS_066,1,SE-UHPLC Main Peak FWHM (min),SE-UHPLC FWHM,9,14,15.0,12.055502,0.712128945922085,0.6910258595645926,0.0211030863574923
VIS_067,1,SE-UHPLC Main Peak FWHM (min),SE-UHPLC FWHM,9,15,9.9,10.714696,0.712128945922085,0.6910258595645926,0.0211030863574923
VIS_068,1,SE-UHPLC Main Peak FWHM (min),SE-UHPLC FWHM,9,16,42.1,26.638523,0.712128945922085,0.6910258595645926,0.0211030863574923
VIS_069,1,SE-UHPLC Main Peak FWHM (min),SE-UHPLC FWHM,9,17,16.8,14.386057,0.712128945922085,0.6910258595645926,0.0211030863574923
VIS_070,1,SE-UHPLC Main Peak FWHM (min),SE-UHPLC FWHM,9,18,13.8,17.1,0.712128945922085,0.6910258595645926,0.0211030863574923
VIS_071,1,SE-UHPLC Main Peak FWHM (min),SE-UHPLC FWHM,9,19,13.9,12.4084635,0.712128945922085,0.6910258595645926,0.0211030863574923
VIS_072,1,SE-UHPLC Main Peak FWHM (min),SE-UHPLC FWHM,9,20,11.9,10.9,0.712128945922085,0.6910258595645926,0.0211030863574923
VIS_073,1,SE-UHPLC Main Peak FWHM (min),SE-UHPLC FWHM,9,21,11.4,14.544955,0.712128945922085,0.6910258595645926,0.0211030863574923
VIS_074,1,SE-UHPLC Main Peak FWHM (min),SE-UHPLC FWHM,9,22,15.2,26.463776,0.712128945922085,0.6910258595645926,0.0211030863574923
VIS_052,1,SE-UHPLC Main Peak FWHM (min),SE-UHPLC FWHM,10,0,12.2,10.617121,0.712128945922085,0.6893792147237026,0.0227497311983824
VIS_053,1,SE-UHPLC Main Peak FWHM (min),SE-UHPLC FWHM,10,1,10.8,10.9,0.712128945922085,0.6893792147237026,0.0227497311983824
VIS_054,1,SE-UHPLC Main Peak FWHM (min),SE-UHPLC FWHM,10,2,10.4,16.6,0.712128945922085,0.6893792147237026,0.0227497311983824
VIS_055,1,SE-UHPLC Main Peak FWHM (min),SE-UHPLC FWHM,10,3,17.8,19.5362,0.712128945922085,0.6893792147237026,0.0227497311983824
VIS_056,1,SE-UHPLC Main Peak FWHM (min),SE-UHPLC FWHM,10,4,9.1,10.6,0.712128945922085,0.6893792147237026,0.0227497311983824
VIS_057,1,SE-UHPLC Main Peak FWHM (min),SE-UHPLC FWHM,10,5,40.0,32.850174,0.712128945922085,0.6893792147237026,0.0227497311983824
VIS_058,1,SE-UHPLC Main Peak FWHM (min),SE-UHPLC FWHM,10,6,10.8,10.4,0.712128945922085,0.6893792147237026,0.0227497311983824
VIS_059,1,SE-UHPLC Main Peak FWHM (min),SE-UHPLC FWHM,10,7,7.6,10.478495,0.712128945922085,0.6893792147237026,0.0227497311983824
VIS_060,1,SE-UHPLC Main Peak FWHM (min),SE-UHPLC FWHM,10,8,20.1,15.612875,0.712128945922085,0.6893792147237026,0.0227497311983824
VIS_061,1,SE-UHPLC Main Peak FWHM (min),SE-UHPLC FWHM,10,9,25.9,17.1,0.712128945922085,0.6893792147237026,0.0227497311983824
VIS_062,1,SE-UHPLC Main Peak FWHM (min),SE-UHPLC FWHM,10,10,8.4,10.9,0.712128945922085,0.6893792147237026,0.0227497311983824
VIS_063,1,SE-UHPLC Main Peak FWHM (min),SE-UHPLC FWHM,10,11,12.6,10.9,0.712128945922085,0.6893792147237026,0.0227497311983824
VIS_064,1,SE-UHPLC Main Peak FWHM (min),SE-UHPLC FWHM,10,12,30.1,28.498459,0.712128945922085,0.6893792147237026,0.0227497311983824
VIS_065,1,SE-UHPLC Main Peak FWHM (min),SE-UHPLC FWHM,10,13,25.6,22.716085,0.712128945922085,0.6893792147237026,0.0227497311983824
VIS_066,1,SE-UHPLC Main Peak FWHM (min),SE-UHPLC FWHM,10,14,15.0,13.1,0.712128945922085,0.6893792147237026,0.0227497311983824
VIS_067,1,SE-UHPLC Main Peak FWHM (min),SE-UHPLC FWHM,10,15,9.9,10.714696,0.712128945922085,0.6893792147237026,0.0227497311983824
VIS_068,1,SE-UHPLC Main Peak FWHM (min),SE-UHPLC FWHM,10,16,42.1,26.725613,0.712128945922085,0.6893792147237026,0.0227497311983824
VIS_069,1,SE-UHPLC Main Peak FWHM (min),SE-UHPLC FWHM,10,17,16.8,13.8,0.712128945922085,0.6893792147237026,0.0227497311983824
VIS_070,1,SE-UHPLC Main Peak FWHM (min),SE-UHPLC FWHM,10,18,13.8,17.1,0.712128945922085,0.6893792147237026,0.0227497311983824
VIS_071,1,SE-UHPLC Main Peak FWHM (min),SE-UHPLC FWHM,10,19,13.9,11.975034,0.712128945922085,0.6893792147237026,0.0227497311983824
VIS_072,1,SE-UHPLC Main Peak FWHM (min),SE-UHPLC FWHM,10,20,11.9,11.198096,0.712128945922085,0.6893792147237026,0.0227497311983824
VIS_073,1,SE-UHPLC Main Peak FWHM (min),SE-UHPLC FWHM,10,21,11.4,14.6,0.712128945922085,0.6893792147237026,0.0227497311983824
VIS_074,1,SE-UHPLC Main Peak FWHM (min),SE-UHPLC FWHM,10,22,15.2,26.514387,0.712128945922085,0.6893792147237026,0.0227497311983824
VIS_052,2,DLS Interaction Parameter kD (mL/g),DLS kD,1,0,12.2,19.390396,0.7329514272095388,-0.100973360744087,0.8339247879536258
VIS_053,2,DLS Interaction Parameter kD (mL/g),DLS kD,1,1,10.8,14.136912,0.7329514272095388,-0.100973360744087,0.8339247879536258
VIS_054,2,DLS Interaction Parameter kD (mL/g),DLS kD,1,2,10.4,12.851804,0.7329514272095388,-0.100973360744087,0.8339247879536258
VIS_055,2,DLS Interaction Parameter kD (mL/g),DLS kD,1,3,17.8,10.3,0.7329514272095388,-0.100973360744087,0.8339247879536258
VIS_056,2,DLS Interaction Parameter kD (mL/g),DLS kD,1,4,9.1,15.3,0.7329514272095388,-0.100973360744087,0.8339247879536258
VIS_057,2,DLS Interaction Parameter kD (mL/g),DLS kD,1,5,40.0,24.2225,0.7329514272095388,-0.100973360744087,0.8339247879536258
VIS_058,2,DLS Interaction Parameter kD (mL/g),DLS kD,1,6,10.8,10.493831,0.7329514272095388,-0.100973360744087,0.8339247879536258
VIS_059,2,DLS Interaction Parameter kD (mL/g),DLS kD,1,7,7.6,22.669298,0.7329514272095388,-0.100973360744087,0.8339247879536258
VIS_060,2,DLS Interaction Parameter kD (mL/g),DLS kD,1,8,20.1,45.0,0.7329514272095388,-0.100973360744087,0.8339247879536258
VIS_061,2,DLS Interaction Parameter kD (mL/g),DLS kD,1,9,25.9,12.1,0.7329514272095388,-0.100973360744087,0.8339247879536258
VIS_062,2,DLS Interaction Parameter kD (mL/g),DLS kD,1,10,8.4,9.785069,0.7329514272095388,-0.100973360744087,0.8339247879536258
VIS_063,2,DLS Interaction Parameter kD (mL/g),DLS kD,1,11,12.6,10.6,0.7329514272095388,-0.100973360744087,0.8339247879536258
VIS_064,2,DLS Interaction Parameter kD (mL/g),DLS kD,1,12,30.1,21.415884,0.7329514272095388,-0.100973360744087,0.8339247879536258
VIS_065,2,DLS Interaction Parameter kD (mL/g),DLS kD,1,13,25.6,22.7,0.7329514272095388,-0.100973360744087,0.8339247879536258
VIS_066,2,DLS Interaction Parameter kD (mL/g),DLS kD,1,14,15.0,12.594528,0.7329514272095388,-0.100973360744087,0.8339247879536258
VIS_067,2,DLS Interaction Parameter kD (mL/g),DLS kD,1,15,9.9,10.540124,0.7329514272095388,-0.100973360744087,0.8339247879536258
VIS_068,2,DLS Interaction Parameter kD (mL/g),DLS kD,1,16,42.1,33.605015,0.7329514272095388,-0.100973360744087,0.8339247879536258
VIS_069,2,DLS Interaction Parameter kD (mL/g),DLS kD,1,17,16.8,29.548777,0.7329514272095388,-0.100973360744087,0.8339247879536258
VIS_070,2,DLS Interaction Parameter kD (mL/g),DLS kD,1,18,13.8,11.7,0.7329514272095388,-0.100973360744087,0.8339247879536258
VIS_071,2,DLS Interaction Parameter kD (mL/g),DLS kD,1,19,13.9,33.007637,0.7329514272095388,-0.100973360744087,0.8339247879536258
VIS_072,2,DLS Interaction Parameter kD (mL/g),DLS kD,1,20,11.9,10.917042,0.7329514272095388,-0.100973360744087,0.8339247879536258
VIS_073,2,DLS Interaction Parameter kD (mL/g),DLS kD,1,21,11.4,18.49625,0.7329514272095388,-0.100973360744087,0.8339247879536258
VIS_074,2,DLS Interaction Parameter kD (mL/g),DLS kD,1,22,15.2,19.508463,0.7329514272095388,-0.100973360744087,0.8339247879536258
VIS_052,2,DLS Interaction Parameter kD (mL/g),DLS kD,2,0,12.2,10.6,0.7329514272095388,-0.8069359612275073,1.539887388437046
VIS_053,2,DLS Interaction Parameter kD (mL/g),DLS kD,2,1,10.8,11.092641,0.7329514272095388,-0.8069359612275073,1.539887388437046
VIS_054,2,DLS Interaction Parameter kD (mL/g),DLS kD,2,2,10.4,12.258475,0.7329514272095388,-0.8069359612275073,1.539887388437046
VIS_055,2,DLS Interaction Parameter kD (mL/g),DLS kD,2,3,17.8,10.6,0.7329514272095388,-0.8069359612275073,1.539887388437046
VIS_056,2,DLS Interaction Parameter kD (mL/g),DLS kD,2,4,9.1,24.071,0.7329514272095388,-0.8069359612275073,1.539887388437046
VIS_057,2,DLS Interaction Parameter kD (mL/g),DLS kD,2,5,40.0,25.91086,0.7329514272095388,-0.8069359612275073,1.539887388437046
VIS_058,2,DLS Interaction Parameter kD (mL/g),DLS kD,2,6,10.8,30.419558,0.7329514272095388,-0.8069359612275073,1.539887388437046
VIS_059,2,DLS Interaction Parameter kD (mL/g),DLS kD,2,7,7.6,10.9,0.7329514272095388,-0.8069359612275073,1.539887388437046
VIS_060,2,DLS Interaction Parameter kD (mL/g),DLS kD,2,8,20.1,22.7,0.7329514272095388,-0.8069359612275073,1.539887388437046
VIS_061,2,DLS Interaction Parameter kD (mL/g),DLS kD,2,9,25.9,10.3934145,0.7329514272095388,-0.8069359612275073,1.539887388437046
VIS_062,2,DLS Interaction Parameter kD (mL/g),DLS kD,2,10,8.4,10.0,0.7329514272095388,-0.8069359612275073,1.539887388437046
VIS_063,2,DLS Interaction Parameter kD (mL/g),DLS kD,2,11,12.6,21.841217,0.7329514272095388,-0.8069359612275073,1.539887388437046
VIS_064,2,DLS Interaction Parameter kD (mL/g),DLS kD,2,12,30.1,10.0,0.7329514272095388,-0.8069359612275073,1.539887388437046
VIS_065,2,DLS Interaction Parameter kD (mL/g),DLS kD,2,13,25.6,45.0,0.7329514272095388,-0.8069359612275073,1.539887388437046
VIS_066,2,DLS Interaction Parameter kD (mL/g),DLS kD,2,14,15.0,34.2,0.7329514272095388,-0.8069359612275073,1.539887388437046
VIS_067,2,DLS Interaction Parameter kD (mL/g),DLS kD,2,15,9.9,13.648192,0.7329514272095388,-0.8069359612275073,1.539887388437046
VIS_068,2,DLS Interaction Parameter kD (mL/g),DLS kD,2,16,42.1,15.0,0.7329514272095388,-0.8069359612275073,1.539887388437046
VIS_069,2,DLS Interaction Parameter kD (mL/g),DLS kD,2,17,16.8,25.511713,0.7329514272095388,-0.8069359612275073,1.539887388437046
VIS_070,2,DLS Interaction Parameter kD (mL/g),DLS kD,2,18,13.8,9.3,0.7329514272095388,-0.8069359612275073,1.539887388437046
VIS_071,2,DLS Interaction Parameter kD (mL/g),DLS kD,2,19,13.9,19.689497,0.7329514272095388,-0.8069359612275073,1.539887388437046
VIS_072,2,DLS Interaction Parameter kD (mL/g),DLS kD,2,20,11.9,17.6,0.7329514272095388,-0.8069359612275073,1.539887388437046
VIS_073,2,DLS Interaction Parameter kD (mL/g),DLS kD,2,21,11.4,18.49625,0.7329514272095388,-0.8069359612275073,1.539887388437046
VIS_074,2,DLS Interaction Parameter kD (mL/g),DLS kD,2,22,15.2,33.148994,0.7329514272095388,-0.8069359612275073,1.539887388437046
VIS_052,2,DLS Interaction Parameter kD (mL/g),DLS kD,3,0,12.2,10.897622,0.7329514272095388,0.1991280505596745,0.5338233766498642
VIS_053,2,DLS Interaction Parameter kD (mL/g),DLS kD,3,1,10.8,21.625044,0.7329514272095388,0.1991280505596745,0.5338233766498642
VIS_054,2,DLS Interaction Parameter kD (mL/g),DLS kD,3,2,10.4,12.851804,0.7329514272095388,0.1991280505596745,0.5338233766498642
VIS_055,2,DLS Interaction Parameter kD (mL/g),DLS kD,3,3,17.8,10.4,0.7329514272095388,0.1991280505596745,0.5338233766498642
VIS_056,2,DLS Interaction Parameter kD (mL/g),DLS kD,3,4,9.1,10.419392,0.7329514272095388,0.1991280505596745,0.5338233766498642
VIS_057,2,DLS Interaction Parameter kD (mL/g),DLS kD,3,5,40.0,25.91086,0.7329514272095388,0.1991280505596745,0.5338233766498642
VIS_058,2,DLS Interaction Parameter kD (mL/g),DLS kD,3,6,10.8,10.9,0.7329514272095388,0.1991280505596745,0.5338233766498642
VIS_059,2,DLS Interaction Parameter kD (mL/g),DLS kD,3,7,7.6,22.669298,0.7329514272095388,0.1991280505596745,0.5338233766498642
VIS_060,2,DLS Interaction Parameter kD (mL/g),DLS kD,3,8,20.1,22.7,0.7329514272095388,0.1991280505596745,0.5338233766498642
VIS_061,2,DLS Interaction Parameter kD (mL/g),DLS kD,3,9,25.9,18.653473,0.7329514272095388,0.1991280505596745,0.5338233766498642
VIS_062,2,DLS Interaction Parameter kD (mL/g),DLS kD,3,10,8.4,14.722729,0.7329514272095388,0.1991280505596745,0.5338233766498642
VIS_063,2,DLS Interaction Parameter kD (mL/g),DLS kD,3,11,12.6,10.599992,0.7329514272095388,0.1991280505596745,0.5338233766498642
VIS_064,2,DLS Interaction Parameter kD (mL/g),DLS kD,3,12,30.1,21.2,0.7329514272095388,0.1991280505596745,0.5338233766498642
VIS_065,2,DLS Interaction Parameter kD (mL/g),DLS kD,3,13,25.6,45.0,0.7329514272095388,0.1991280505596745,0.5338233766498642
VIS_066,2,DLS Interaction Parameter kD (mL/g),DLS kD,3,14,15.0,13.597547,0.7329514272095388,0.1991280505596745,0.5338233766498642
VIS_067,2,DLS Interaction Parameter kD (mL/g),DLS kD,3,15,9.9,10.6,0.7329514272095388,0.1991280505596745,0.5338233766498642
VIS_068,2,DLS Interaction Parameter kD (mL/g),DLS kD,3,16,42.1,45.0,0.7329514272095388,0.1991280505596745,0.5338233766498642
VIS_069,2,DLS Interaction Parameter kD (mL/g),DLS kD,3,17,16.8,10.6,0.7329514272095388,0.1991280505596745,0.5338233766498642
VIS_070,2,DLS Interaction Parameter kD (mL/g),DLS kD,3,18,13.8,17.6,0.7329514272095388,0.1991280505596745,0.5338233766498642
VIS_071,2,DLS Interaction Parameter kD (mL/g),DLS kD,3,19,13.9,19.689497,0.7329514272095388,0.1991280505596745,0.5338233766498642
VIS_072,2,DLS Interaction Parameter kD (mL/g),DLS kD,3,20,11.9,30.124273,0.7329514272095388,0.1991280505596745,0.5338233766498642
VIS_073,2,DLS Interaction Parameter kD (mL/g),DLS kD,3,21,11.4,10.3,0.7329514272095388,0.1991280505596745,0.5338233766498642
VIS_074,2,DLS Interaction Parameter kD (mL/g),DLS kD,3,22,15.2,19.508463,0.7329514272095388,0.1991280505596745,0.5338233766498642
VIS_052,2,DLS Interaction Parameter kD (mL/g),DLS kD,4,0,12.2,10.6,0.7329514272095388,0.1052757635504236,0.6276756636591151
VIS_053,2,DLS Interaction Parameter kD (mL/g),DLS kD,4,1,10.8,11.0522785,0.7329514272095388,0.1052757635504236,0.6276756636591151
VIS_054,2,DLS Interaction Parameter kD (mL/g),DLS kD,4,2,10.4,19.320984,0.7329514272095388,0.1052757635504236,0.6276756636591151
VIS_055,2,DLS Interaction Parameter kD (mL/g),DLS kD,4,3,17.8,12.55745,0.7329514272095388,0.1052757635504236,0.6276756636591151
VIS_056,2,DLS Interaction Parameter kD (mL/g),DLS kD,4,4,9.1,15.3,0.7329514272095388,0.1052757635504236,0.6276756636591151
VIS_057,2,DLS Interaction Parameter kD (mL/g),DLS kD,4,5,40.0,25.91086,0.7329514272095388,0.1052757635504236,0.6276756636591151
VIS_058,2,DLS Interaction Parameter kD (mL/g),DLS kD,4,6,10.8,10.9,0.7329514272095388,0.1052757635504236,0.6276756636591151
VIS_059,2,DLS Interaction Parameter kD (mL/g),DLS kD,4,7,7.6,22.669298,0.7329514272095388,0.1052757635504236,0.6276756636591151
VIS_060,2,DLS Interaction Parameter kD (mL/g),DLS kD,4,8,20.1,17.6,0.7329514272095388,0.1052757635504236,0.6276756636591151
VIS_061,2,DLS Interaction Parameter kD (mL/g),DLS kD,4,9,25.9,13.014907,0.7329514272095388,0.1052757635504236,0.6276756636591151
VIS_062,2,DLS Interaction Parameter kD (mL/g),DLS kD,4,10,8.4,10.187652,0.7329514272095388,0.1052757635504236,0.6276756636591151
VIS_063,2,DLS Interaction Parameter kD (mL/g),DLS kD,4,11,12.6,22.09289,0.7329514272095388,0.1052757635504236,0.6276756636591151
VIS_064,2,DLS Interaction Parameter kD (mL/g),DLS kD,4,12,30.1,10.193931,0.7329514272095388,0.1052757635504236,0.6276756636591151
VIS_065,2,DLS Interaction Parameter kD (mL/g),DLS kD,4,13,25.6,21.223272,0.7329514272095388,0.1052757635504236,0.6276756636591151
VIS_066,2,DLS Interaction Parameter kD (mL/g),DLS kD,4,14,15.0,26.4,0.7329514272095388,0.1052757635504236,0.6276756636591151
VIS_067,2,DLS Interaction Parameter kD (mL/g),DLS kD,4,15,9.9,19.566362,0.7329514272095388,0.1052757635504236,0.6276756636591151
VIS_068,2,DLS Interaction Parameter kD (mL/g),DLS kD,4,16,42.1,45.0,0.7329514272095388,0.1052757635504236,0.6276756636591151
VIS_069,2,DLS Interaction Parameter kD (mL/g),DLS kD,4,17,16.8,25.511713,0.7329514272095388,0.1052757635504236,0.6276756636591151
VIS_070,2,DLS Interaction Parameter kD (mL/g),DLS kD,4,18,13.8,13.8,0.7329514272095388,0.1052757635504236,0.6276756636591151
VIS_071,2,DLS Interaction Parameter kD (mL/g),DLS kD,4,19,13.9,17.1,0.7329514272095388,0.1052757635504236,0.6276756636591151
VIS_072,2,DLS Interaction Parameter kD (mL/g),DLS kD,4,20,11.9,26.4,0.7329514272095388,0.1052757635504236,0.6276756636591151
VIS_073,2,DLS Interaction Parameter kD (mL/g),DLS kD,4,21,11.4,10.172296,0.7329514272095388,0.1052757635504236,0.6276756636591151
VIS_074,2,DLS Interaction Parameter kD (mL/g),DLS kD,4,22,15.2,19.64974,0.7329514272095388,0.1052757635504236,0.6276756636591151
VIS_052,2,DLS Interaction Parameter kD (mL/g),DLS kD,5,0,12.2,10.6,0.7329514272095388,-0.4708655638357528,1.2038169910452916
VIS_053,2,DLS Interaction Parameter kD (mL/g),DLS kD,5,1,10.8,21.462452,0.7329514272095388,-0.4708655638357528,1.2038169910452916
VIS_054,2,DLS Interaction Parameter kD (mL/g),DLS kD,5,2,10.4,15.0,0.7329514272095388,-0.4708655638357528,1.2038169910452916
VIS_055,2,DLS Interaction Parameter kD (mL/g),DLS kD,5,3,17.8,14.6,0.7329514272095388,-0.4708655638357528,1.2038169910452916
VIS_056,2,DLS Interaction Parameter kD (mL/g),DLS kD,5,4,9.1,10.4,0.7329514272095388,-0.4708655638357528,1.2038169910452916
VIS_057,2,DLS Interaction Parameter kD (mL/g),DLS kD,5,5,40.0,45.0,0.7329514272095388,-0.4708655638357528,1.2038169910452916
VIS_058,2,DLS Interaction Parameter kD (mL/g),DLS kD,5,6,10.8,10.5,0.7329514272095388,-0.4708655638357528,1.2038169910452916
VIS_059,2,DLS Interaction Parameter kD (mL/g),DLS kD,5,7,7.6,10.315609,0.7329514272095388,-0.4708655638357528,1.2038169910452916
VIS_060,2,DLS Interaction Parameter kD (mL/g),DLS kD,5,8,20.1,45.0,0.7329514272095388,-0.4708655638357528,1.2038169910452916
VIS_061,2,DLS Interaction Parameter kD (mL/g),DLS kD,5,9,25.9,21.35793,0.7329514272095388,-0.4708655638357528,1.2038169910452916
VIS_062,2,DLS Interaction Parameter kD (mL/g),DLS kD,5,10,8.4,10.58561,0.7329514272095388,-0.4708655638357528,1.2038169910452916
VIS_063,2,DLS Interaction Parameter kD (mL/g),DLS kD,5,11,12.6,10.516372,0.7329514272095388,-0.4708655638357528,1.2038169910452916
VIS_064,2,DLS Interaction Parameter kD (mL/g),DLS kD,5,12,30.1,10.140589,0.7329514272095388,-0.4708655638357528,1.2038169910452916
VIS_065,2,DLS Interaction Parameter kD (mL/g),DLS kD,5,13,25.6,21.223272,0.7329514272095388,-0.4708655638357528,1.2038169910452916
VIS_066,2,DLS Interaction Parameter kD (mL/g),DLS kD,5,14,15.0,34.2,0.7329514272095388,-0.4708655638357528,1.2038169910452916
VIS_067,2,DLS Interaction Parameter kD (mL/g),DLS kD,5,15,9.9,29.869467,0.7329514272095388,-0.4708655638357528,1.2038169910452916
VIS_068,2,DLS Interaction Parameter kD (mL/g),DLS kD,5,16,42.1,20.757715,0.7329514272095388,-0.4708655638357528,1.2038169910452916
VIS_069,2,DLS Interaction Parameter kD (mL/g),DLS kD,5,17,16.8,10.6,0.7329514272095388,-0.4708655638357528,1.2038169910452916
VIS_070,2,DLS Interaction Parameter kD (mL/g),DLS kD,5,18,13.8,11.7,0.7329514272095388,-0.4708655638357528,1.2038169910452916
VIS_071,2,DLS Interaction Parameter kD (mL/g),DLS kD,5,19,13.9,33.007637,0.7329514272095388,-0.4708655638357528,1.2038169910452916
VIS_072,2,DLS Interaction Parameter kD (mL/g),DLS kD,5,20,11.9,17.6,0.7329514272095388,-0.4708655638357528,1.2038169910452916
VIS_073,2,DLS Interaction Parameter kD (mL/g),DLS kD,5,21,11.4,10.172296,0.7329514272095388,-0.4708655638357528,1.2038169910452916
VIS_074,2,DLS Interaction Parameter kD (mL/g),DLS kD,5,22,15.2,22.415451,0.7329514272095388,-0.4708655638357528,1.2038169910452916
VIS_052,2,DLS Interaction Parameter kD (mL/g),DLS kD,6,0,12.2,12.075823,0.7329514272095388,-0.1816726472966081,0.9146240745061468
VIS_053,2,DLS Interaction Parameter kD (mL/g),DLS kD,6,1,10.8,11.7,0.7329514272095388,-0.1816726472966081,0.9146240745061468
VIS_054,2,DLS Interaction Parameter kD (mL/g),DLS kD,6,2,10.4,11.7,0.7329514272095388,-0.1816726472966081,0.9146240745061468
VIS_055,2,DLS Interaction Parameter kD (mL/g),DLS kD,6,3,17.8,15.92702,0.7329514272095388,-0.1816726472966081,0.9146240745061468
VIS_056,2,DLS Interaction Parameter kD (mL/g),DLS kD,6,4,9.1,10.419392,0.7329514272095388,-0.1816726472966081,0.9146240745061468
VIS_057,2,DLS Interaction Parameter kD (mL/g),DLS kD,6,5,40.0,45.178654,0.7329514272095388,-0.1816726472966081,0.9146240745061468
VIS_058,2,DLS Interaction Parameter kD (mL/g),DLS kD,6,6,10.8,10.46898,0.7329514272095388,-0.1816726472966081,0.9146240745061468
VIS_059,2,DLS Interaction Parameter kD (mL/g),DLS kD,6,7,7.6,22.7,0.7329514272095388,-0.1816726472966081,0.9146240745061468
VIS_060,2,DLS Interaction Parameter kD (mL/g),DLS kD,6,8,20.1,28.815332,0.7329514272095388,-0.1816726472966081,0.9146240745061468
VIS_061,2,DLS Interaction Parameter kD (mL/g),DLS kD,6,9,25.9,21.407969,0.7329514272095388,-0.1816726472966081,0.9146240745061468
VIS_062,2,DLS Interaction Parameter kD (mL/g),DLS kD,6,10,8.4,13.136155,0.7329514272095388,-0.1816726472966081,0.9146240745061468
VIS_063,2,DLS Interaction Parameter kD (mL/g),DLS kD,6,11,12.6,22.09289,0.7329514272095388,-0.1816726472966081,0.9146240745061468
VIS_064,2,DLS Interaction Parameter kD (mL/g),DLS kD,6,12,30.1,10.0,0.7329514272095388,-0.1816726472966081,0.9146240745061468
VIS_065,2,DLS Interaction Parameter kD (mL/g),DLS kD,6,13,25.6,19.51492,0.7329514272095388,-0.1816726472966081,0.9146240745061468
VIS_066,2,DLS Interaction Parameter kD (mL/g),DLS kD,6,14,15.0,15.3,0.7329514272095388,-0.1816726472966081,0.9146240745061468
VIS_067,2,DLS Interaction Parameter kD (mL/g),DLS kD,6,15,9.9,29.4945,0.7329514272095388,-0.1816726472966081,0.9146240745061468
VIS_068,2,DLS Interaction Parameter kD (mL/g),DLS kD,6,16,42.1,18.479607,0.7329514272095388,-0.1816726472966081,0.9146240745061468
VIS_069,2,DLS Interaction Parameter kD (mL/g),DLS kD,6,17,16.8,10.6,0.7329514272095388,-0.1816726472966081,0.9146240745061468
VIS_070,2,DLS Interaction Parameter kD (mL/g),DLS kD,6,18,13.8,10.3,0.7329514272095388,-0.1816726472966081,0.9146240745061468
VIS_071,2,DLS Interaction Parameter kD (mL/g),DLS kD,6,19,13.9,12.4,0.7329514272095388,-0.1816726472966081,0.9146240745061468
VIS_072,2,DLS Interaction Parameter kD (mL/g),DLS kD,6,20,11.9,21.7,0.7329514272095388,-0.1816726472966081,0.9146240745061468
VIS_073,2,DLS Interaction Parameter kD (mL/g),DLS kD,6,21,11.4,29.379124,0.7329514272095388,-0.1816726472966081,0.9146240745061468
VIS_074,2,DLS Interaction Parameter kD (mL/g),DLS kD,6,22,15.2,22.7,0.7329514272095388,-0.1816726472966081,0.9146240745061468
VIS_052,2,DLS Interaction Parameter kD (mL/g),DLS kD,7,0,12.2,10.841453,0.7329514272095388,-0.018584347949544,0.7515357751590828
VIS_053,2,DLS Interaction Parameter kD (mL/g),DLS kD,7,1,10.8,24.537659,0.7329514272095388,-0.018584347949544,0.7515357751590828
VIS_054,2,DLS Interaction Parameter kD (mL/g),DLS kD,7,2,10.4,15.027192,0.7329514272095388,-0.018584347949544,0.7515357751590828
VIS_055,2,DLS Interaction Parameter kD (mL/g),DLS kD,7,3,17.8,21.2,0.7329514272095388,-0.018584347949544,0.7515357751590828
VIS_056,2,DLS Interaction Parameter kD (mL/g),DLS kD,7,4,9.1,11.7,0.7329514272095388,-0.018584347949544,0.7515357751590828
VIS_057,2,DLS Interaction Parameter kD (mL/g),DLS kD,7,5,40.0,21.2,0.7329514272095388,-0.018584347949544,0.7515357751590828
VIS_058,2,DLS Interaction Parameter kD (mL/g),DLS kD,7,6,10.8,10.493831,0.7329514272095388,-0.018584347949544,0.7515357751590828
VIS_059,2,DLS Interaction Parameter kD (mL/g),DLS kD,7,7,7.6,9.871569,0.7329514272095388,-0.018584347949544,0.7515357751590828
VIS_060,2,DLS Interaction Parameter kD (mL/g),DLS kD,7,8,20.1,28.830774,0.7329514272095388,-0.018584347949544,0.7515357751590828
VIS_061,2,DLS Interaction Parameter kD (mL/g),DLS kD,7,9,25.9,21.407969,0.7329514272095388,-0.018584347949544,0.7515357751590828
VIS_062,2,DLS Interaction Parameter kD (mL/g),DLS kD,7,10,8.4,21.147081,0.7329514272095388,-0.018584347949544,0.7515357751590828
VIS_063,2,DLS Interaction Parameter kD (mL/g),DLS kD,7,11,12.6,10.77448,0.7329514272095388,-0.018584347949544,0.7515357751590828
VIS_064,2,DLS Interaction Parameter kD (mL/g),DLS kD,7,12,30.1,10.0,0.7329514272095388,-0.018584347949544,0.7515357751590828
VIS_065,2,DLS Interaction Parameter kD (mL/g),DLS kD,7,13,25.6,26.4,0.7329514272095388,-0.018584347949544,0.7515357751590828
VIS_066,2,DLS Interaction Parameter kD (mL/g),DLS kD,7,14,15.0,21.7,0.7329514272095388,-0.018584347949544,0.7515357751590828
VIS_067,2,DLS Interaction Parameter kD (mL/g),DLS kD,7,15,9.9,29.4945,0.7329514272095388,-0.018584347949544,0.7515357751590828
VIS_068,2,DLS Interaction Parameter kD (mL/g),DLS kD,7,16,42.1,28.690182,0.7329514272095388,-0.018584347949544,0.7515357751590828
VIS_069,2,DLS Interaction Parameter kD (mL/g),DLS kD,7,17,16.8,10.596804,0.7329514272095388,-0.018584347949544,0.7515357751590828
VIS_070,2,DLS Interaction Parameter kD (mL/g),DLS kD,7,18,13.8,9.3,0.7329514272095388,-0.018584347949544,0.7515357751590828
VIS_071,2,DLS Interaction Parameter kD (mL/g),DLS kD,7,19,13.9,22.7,0.7329514272095388,-0.018584347949544,0.7515357751590828
VIS_072,2,DLS Interaction Parameter kD (mL/g),DLS kD,7,20,11.9,10.9,0.7329514272095388,-0.018584347949544,0.7515357751590828
VIS_073,2,DLS Interaction Parameter kD (mL/g),DLS kD,7,21,11.4,10.920772,0.7329514272095388,-0.018584347949544,0.7515357751590828
VIS_074,2,DLS Interaction Parameter kD (mL/g),DLS kD,7,22,15.2,22.415451,0.7329514272095388,-0.018584347949544,0.7515357751590828
VIS_052,2,DLS Interaction Parameter kD (mL/g),DLS kD,8,0,12.2,10.6,0.7329514272095388,-0.0675162741330954,0.8004677013426342
VIS_053,2,DLS Interaction Parameter kD (mL/g),DLS kD,8,1,10.8,11.649469,0.7329514272095388,-0.0675162741330954,0.8004677013426342
VIS_054,2,DLS Interaction Parameter kD (mL/g),DLS kD,8,2,10.4,12.544351,0.7329514272095388,-0.0675162741330954,0.8004677013426342
VIS_055,2,DLS Interaction Parameter kD (mL/g),DLS kD,8,3,17.8,10.3,0.7329514272095388,-0.0675162741330954,0.8004677013426342
VIS_056,2,DLS Interaction Parameter kD (mL/g),DLS kD,8,4,9.1,24.071,0.7329514272095388,-0.0675162741330954,0.8004677013426342
VIS_057,2,DLS Interaction Parameter kD (mL/g),DLS kD,8,5,40.0,32.403404,0.7329514272095388,-0.0675162741330954,0.8004677013426342
VIS_058,2,DLS Interaction Parameter kD (mL/g),DLS kD,8,6,10.8,29.471996,0.7329514272095388,-0.0675162741330954,0.8004677013426342
VIS_059,2,DLS Interaction Parameter kD (mL/g),DLS kD,8,7,7.6,28.439602,0.7329514272095388,-0.0675162741330954,0.8004677013426342
VIS_060,2,DLS Interaction Parameter kD (mL/g),DLS kD,8,8,20.1,33.41056,0.7329514272095388,-0.0675162741330954,0.8004677013426342
VIS_061,2,DLS Interaction Parameter kD (mL/g),DLS kD,8,9,25.9,10.9,0.7329514272095388,-0.0675162741330954,0.8004677013426342
VIS_062,2,DLS Interaction Parameter kD (mL/g),DLS kD,8,10,8.4,9.51319,0.7329514272095388,-0.0675162741330954,0.8004677013426342
VIS_063,2,DLS Interaction Parameter kD (mL/g),DLS kD,8,11,12.6,14.609464,0.7329514272095388,-0.0675162741330954,0.8004677013426342
VIS_064,2,DLS Interaction Parameter kD (mL/g),DLS kD,8,12,30.1,26.4,0.7329514272095388,-0.0675162741330954,0.8004677013426342
VIS_065,2,DLS Interaction Parameter kD (mL/g),DLS kD,8,13,25.6,45.0,0.7329514272095388,-0.0675162741330954,0.8004677013426342
VIS_066,2,DLS Interaction Parameter kD (mL/g),DLS kD,8,14,15.0,15.0,0.7329514272095388,-0.0675162741330954,0.8004677013426342
VIS_067,2,DLS Interaction Parameter kD (mL/g),DLS kD,8,15,9.9,10.521346,0.7329514272095388,-0.0675162741330954,0.8004677013426342
VIS_068,2,DLS Interaction Parameter kD (mL/g),DLS kD,8,16,42.1,45.0,0.7329514272095388,-0.0675162741330954,0.8004677013426342
VIS_069,2,DLS Interaction Parameter kD (mL/g),DLS kD,8,17,16.8,12.472745,0.7329514272095388,-0.0675162741330954,0.8004677013426342
VIS_070,2,DLS Interaction Parameter kD (mL/g),DLS kD,8,18,13.8,10.0,0.7329514272095388,-0.0675162741330954,0.8004677013426342
VIS_071,2,DLS Interaction Parameter kD (mL/g),DLS kD,8,19,13.9,12.1,0.7329514272095388,-0.0675162741330954,0.8004677013426342
VIS_072,2,DLS Interaction Parameter kD (mL/g),DLS kD,8,20,11.9,10.9,0.7329514272095388,-0.0675162741330954,0.8004677013426342
VIS_073,2,DLS Interaction Parameter kD (mL/g),DLS kD,8,21,11.4,10.08287,0.7329514272095388,-0.0675162741330954,0.8004677013426342
VIS_074,2,DLS Interaction Parameter kD (mL/g),DLS kD,8,22,15.2,28.553835,0.7329514272095388,-0.0675162741330954,0.8004677013426342
VIS_052,2,DLS Interaction Parameter kD (mL/g),DLS kD,9,0,12.2,14.8,0.7329514272095388,-0.4576029663166534,1.1905543935261922
VIS_053,2,DLS Interaction Parameter kD (mL/g),DLS kD,9,1,10.8,23.970478,0.7329514272095388,-0.4576029663166534,1.1905543935261922
VIS_054,2,DLS Interaction Parameter kD (mL/g),DLS kD,9,2,10.4,12.544351,0.7329514272095388,-0.4576029663166534,1.1905543935261922
VIS_055,2,DLS Interaction Parameter kD (mL/g),DLS kD,9,3,17.8,10.4,0.7329514272095388,-0.4576029663166534,1.1905543935261922
VIS_056,2,DLS Interaction Parameter kD (mL/g),DLS kD,9,4,9.1,10.4,0.7329514272095388,-0.4576029663166534,1.1905543935261922
VIS_057,2,DLS Interaction Parameter kD (mL/g),DLS kD,9,5,40.0,21.2,0.7329514272095388,-0.4576029663166534,1.1905543935261922
VIS_058,2,DLS Interaction Parameter kD (mL/g),DLS kD,9,6,10.8,24.076708,0.7329514272095388,-0.4576029663166534,1.1905543935261922
VIS_059,2,DLS Interaction Parameter kD (mL/g),DLS kD,9,7,7.6,9.667409,0.7329514272095388,-0.4576029663166534,1.1905543935261922
VIS_060,2,DLS Interaction Parameter kD (mL/g),DLS kD,9,8,20.1,25.333786,0.7329514272095388,-0.4576029663166534,1.1905543935261922
VIS_061,2,DLS Interaction Parameter kD (mL/g),DLS kD,9,9,25.9,12.1,0.7329514272095388,-0.4576029663166534,1.1905543935261922
VIS_062,2,DLS Interaction Parameter kD (mL/g),DLS kD,9,10,8.4,11.7,0.7329514272095388,-0.4576029663166534,1.1905543935261922
VIS_063,2,DLS Interaction Parameter kD (mL/g),DLS kD,9,11,12.6,21.841217,0.7329514272095388,-0.4576029663166534,1.1905543935261922
VIS_064,2,DLS Interaction Parameter kD (mL/g),DLS kD,9,12,30.1,14.963514,0.7329514272095388,-0.4576029663166534,1.1905543935261922
VIS_065,2,DLS Interaction Parameter kD (mL/g),DLS kD,9,13,25.6,33.727993,0.7329514272095388,-0.4576029663166534,1.1905543935261922
VIS_066,2,DLS Interaction Parameter kD (mL/g),DLS kD,9,14,15.0,11.777473,0.7329514272095388,-0.4576029663166534,1.1905543935261922
VIS_067,2,DLS Interaction Parameter kD (mL/g),DLS kD,9,15,9.9,29.869467,0.7329514272095388,-0.4576029663166534,1.1905543935261922
VIS_068,2,DLS Interaction Parameter kD (mL/g),DLS kD,9,16,42.1,20.757715,0.7329514272095388,-0.4576029663166534,1.1905543935261922
VIS_069,2,DLS Interaction Parameter kD (mL/g),DLS kD,9,17,16.8,29.548777,0.7329514272095388,-0.4576029663166534,1.1905543935261922
VIS_070,2,DLS Interaction Parameter kD (mL/g),DLS kD,9,18,13.8,9.192185,0.7329514272095388,-0.4576029663166534,1.1905543935261922
VIS_071,2,DLS Interaction Parameter kD (mL/g),DLS kD,9,19,13.9,12.4,0.7329514272095388,-0.4576029663166534,1.1905543935261922
VIS_072,2,DLS Interaction Parameter kD (mL/g),DLS kD,9,20,11.9,10.917042,0.7329514272095388,-0.4576029663166534,1.1905543935261922
VIS_073,2,DLS Interaction Parameter kD (mL/g),DLS kD,9,21,11.4,29.421062,0.7329514272095388,-0.4576029663166534,1.1905543935261922
VIS_074,2,DLS Interaction Parameter kD (mL/g),DLS kD,9,22,15.2,28.553835,0.7329514272095388,-0.4576029663166534,1.1905543935261922
VIS_052,2,DLS Interaction Parameter kD (mL/g),DLS kD,10,0,12.2,12.072236,0.7329514272095388,-0.320417646110027,1.0533690733195658
VIS_053,2,DLS Interaction Parameter kD (mL/g),DLS kD,10,1,10.8,13.8,0.7329514272095388,-0.320417646110027,1.0533690733195658
VIS_054,2,DLS Interaction Parameter kD (mL/g),DLS kD,10,2,10.4,19.345314,0.7329514272095388,-0.320417646110027,1.0533690733195658
VIS_055,2,DLS Interaction Parameter kD (mL/g),DLS kD,10,3,17.8,18.231627,0.7329514272095388,-0.320417646110027,1.0533690733195658
VIS_056,2,DLS Interaction Parameter kD (mL/g),DLS kD,10,4,9.1,24.787468,0.7329514272095388,-0.320417646110027,1.0533690733195658
VIS_057,2,DLS Interaction Parameter kD (mL/g),DLS kD,10,5,40.0,22.7,0.7329514272095388,-0.320417646110027,1.0533690733195658
VIS_058,2,DLS Interaction Parameter kD (mL/g),DLS kD,10,6,10.8,13.943302,0.7329514272095388,-0.320417646110027,1.0533690733195658
VIS_059,2,DLS Interaction Parameter kD (mL/g),DLS kD,10,7,7.6,9.4,0.7329514272095388,-0.320417646110027,1.0533690733195658
VIS_060,2,DLS Interaction Parameter kD (mL/g),DLS kD,10,8,20.1,22.7,0.7329514272095388,-0.320417646110027,1.0533690733195658
VIS_061,2,DLS Interaction Parameter kD (mL/g),DLS kD,10,9,25.9,16.658058,0.7329514272095388,-0.320417646110027,1.0533690733195658
VIS_062,2,DLS Interaction Parameter kD (mL/g),DLS kD,10,10,8.4,17.1,0.7329514272095388,-0.320417646110027,1.0533690733195658
VIS_063,2,DLS Interaction Parameter kD (mL/g),DLS kD,10,11,12.6,10.516372,0.7329514272095388,-0.320417646110027,1.0533690733195658
VIS_064,2,DLS Interaction Parameter kD (mL/g),DLS kD,10,12,30.1,10.873939,0.7329514272095388,-0.320417646110027,1.0533690733195658
VIS_065,2,DLS Interaction Parameter kD (mL/g),DLS kD,10,13,25.6,45.282337,0.7329514272095388,-0.320417646110027,1.0533690733195658
VIS_066,2,DLS Interaction Parameter kD (mL/g),DLS kD,10,14,15.0,12.80094,0.7329514272095388,-0.320417646110027,1.0533690733195658
VIS_067,2,DLS Interaction Parameter kD (mL/g),DLS kD,10,15,9.9,23.469717,0.7329514272095388,-0.320417646110027,1.0533690733195658
VIS_068,2,DLS Interaction Parameter kD (mL/g),DLS kD,10,16,42.1,15.218595,0.7329514272095388,-0.320417646110027,1.0533690733195658
VIS_069,2,DLS Interaction Parameter kD (mL/g),DLS kD,10,17,16.8,10.6,0.7329514272095388,-0.320417646110027,1.0533690733195658
VIS_070,2,DLS Interaction Parameter kD (mL/g),DLS kD,10,18,13.8,21.7,0.7329514272095388,-0.320417646110027,1.0533690733195658
VIS_071,2,DLS Interaction Parameter kD (mL/g),DLS kD,10,19,13.9,12.1,0.7329514272095388,-0.320417646110027,1.0533690733195658
VIS_072,2,DLS Interaction Parameter kD (mL/g),DLS kD,10,20,11.9,17.6,0.7329514272095388,-0.320417646110027,1.0533690733195658
VIS_073,2,DLS Interaction Parameter kD (mL/g),DLS kD,10,21,11.4,10.172296,0.7329514272095388,-0.320417646110027,1.0533690733195658
VIS_074,2,DLS Interaction Parameter kD (mL/g),DLS kD,10,22,15.2,21.2,0.7329514272095388,-0.320417646110027,1.0533690733195658
VIS_052,2,SE-UHPLC Main Peak Plates (EP),SE-UHPLC Plates,1,0,12.2,11.559108,0.7329514272095388,0.4325512631327084,0.3004001640768303
VIS_053,2,SE-UHPLC Main Peak Plates (EP),SE-UHPLC Plates,1,1,10.8,10.9,0.7329514272095388,0.4325512631327084,0.3004001640768303
VIS_054,2,SE-UHPLC Main Peak Plates (EP),SE-UHPLC Plates,1,2,10.4,14.6,0.7329514272095388,0.4325512631327084,0.3004001640768303
VIS_055,2,SE-UHPLC Main Peak Plates (EP),SE-UHPLC Plates,1,3,17.8,19.684717,0.7329514272095388,0.4325512631327084,0.3004001640768303
VIS_056,2,SE-UHPLC Main Peak Plates (EP),SE-UHPLC Plates,1,4,9.1,16.2674,0.7329514272095388,0.4325512631327084,0.3004001640768303
VIS_057,2,SE-UHPLC Main Peak Plates (EP),SE-UHPLC Plates,1,5,40.0,21.757486,0.7329514272095388,0.4325512631327084,0.3004001640768303
VIS_058,2,SE-UHPLC Main Peak Plates (EP),SE-UHPLC Plates,1,6,10.8,12.584141,0.7329514272095388,0.4325512631327084,0.3004001640768303
VIS_059,2,SE-UHPLC Main Peak Plates (EP),SE-UHPLC Plates,1,7,7.6,15.0,0.7329514272095388,0.4325512631327084,0.3004001640768303
VIS_060,2,SE-UHPLC Main Peak Plates (EP),SE-UHPLC Plates,1,8,20.1,14.128673,0.7329514272095388,0.4325512631327084,0.3004001640768303
VIS_061,2,SE-UHPLC Main Peak Plates (EP),SE-UHPLC Plates,1,9,25.9,21.7,0.7329514272095388,0.4325512631327084,0.3004001640768303
VIS_062,2,SE-UHPLC Main Peak Plates (EP),SE-UHPLC Plates,1,10,8.4,11.854927,0.7329514272095388,0.4325512631327084,0.3004001640768303
VIS_063,2,SE-UHPLC Main Peak Plates (EP),SE-UHPLC Plates,1,11,12.6,10.4,0.7329514272095388,0.4325512631327084,0.3004001640768303
VIS_064,2,SE-UHPLC Main Peak Plates (EP),SE-UHPLC Plates,1,12,30.1,28.369478,0.7329514272095388,0.4325512631327084,0.3004001640768303
VIS_065,2,SE-UHPLC Main Peak Plates (EP),SE-UHPLC Plates,1,13,25.6,21.7,0.7329514272095388,0.4325512631327084,0.3004001640768303
VIS_066,2,SE-UHPLC Main Peak Plates (EP),SE-UHPLC Plates,1,14,15.0,12.1,0.7329514272095388,0.4325512631327084,0.3004001640768303
VIS_067,2,SE-UHPLC Main Peak Plates (EP),SE-UHPLC Plates,1,15,9.9,10.540124,0.7329514272095388,0.4325512631327084,0.3004001640768303
VIS_068,2,SE-UHPLC Main Peak Plates (EP),SE-UHPLC Plates,1,16,42.1,21.79041,0.7329514272095388,0.4325512631327084,0.3004001640768303
VIS_069,2,SE-UHPLC Main Peak Plates (EP),SE-UHPLC Plates,1,17,16.8,15.0,0.7329514272095388,0.4325512631327084,0.3004001640768303
VIS_070,2,SE-UHPLC Main Peak Plates (EP),SE-UHPLC Plates,1,18,13.8,21.2,0.7329514272095388,0.4325512631327084,0.3004001640768303
VIS_071,2,SE-UHPLC Main Peak Plates (EP),SE-UHPLC Plates,1,19,13.9,11.866967,0.7329514272095388,0.4325512631327084,0.3004001640768303
VIS_072,2,SE-UHPLC Main Peak Plates (EP),SE-UHPLC Plates,1,20,11.9,10.917042,0.7329514272095388,0.4325512631327084,0.3004001640768303
VIS_073,2,SE-UHPLC Main Peak Plates (EP),SE-UHPLC Plates,1,21,11.4,19.500872,0.7329514272095388,0.4325512631327084,0.3004001640768303
VIS_074,2,SE-UHPLC Main Peak Plates (EP),SE-UHPLC Plates,1,22,15.2,21.7,0.7329514272095388,0.4325512631327084,0.3004001640768303
VIS_052,2,SE-UHPLC Main Peak Plates (EP),SE-UHPLC Plates,2,0,12.2,10.138789,0.7329514272095388,0.4706546390915386,0.2622967881180001
VIS_053,2,SE-UHPLC Main Peak Plates (EP),SE-UHPLC Plates,2,1,10.8,10.9,0.7329514272095388,0.4706546390915386,0.2622967881180001
VIS_054,2,SE-UHPLC Main Peak Plates (EP),SE-UHPLC Plates,2,2,10.4,15.2061615,0.7329514272095388,0.4706546390915386,0.2622967881180001
VIS_055,2,SE-UHPLC Main Peak Plates (EP),SE-UHPLC Plates,2,3,17.8,21.7,0.7329514272095388,0.4706546390915386,0.2622967881180001
VIS_056,2,SE-UHPLC Main Peak Plates (EP),SE-UHPLC Plates,2,4,9.1,18.00792,0.7329514272095388,0.4706546390915386,0.2622967881180001
VIS_057,2,SE-UHPLC Main Peak Plates (EP),SE-UHPLC Plates,2,5,40.0,22.020468,0.7329514272095388,0.4706546390915386,0.2622967881180001
VIS_058,2,SE-UHPLC Main Peak Plates (EP),SE-UHPLC Plates,2,6,10.8,10.484075,0.7329514272095388,0.4706546390915386,0.2622967881180001
VIS_059,2,SE-UHPLC Main Peak Plates (EP),SE-UHPLC Plates,2,7,7.6,10.5,0.7329514272095388,0.4706546390915386,0.2622967881180001
VIS_060,2,SE-UHPLC Main Peak Plates (EP),SE-UHPLC Plates,2,8,20.1,15.3,0.7329514272095388,0.4706546390915386,0.2622967881180001
VIS_061,2,SE-UHPLC Main Peak Plates (EP),SE-UHPLC Plates,2,9,25.9,21.7,0.7329514272095388,0.4706546390915386,0.2622967881180001
VIS_062,2,SE-UHPLC Main Peak Plates (EP),SE-UHPLC Plates,2,10,8.4,12.57964,0.7329514272095388,0.4706546390915386,0.2622967881180001
VIS_063,2,SE-UHPLC Main Peak Plates (EP),SE-UHPLC Plates,2,11,12.6,10.413474,0.7329514272095388,0.4706546390915386,0.2622967881180001
VIS_064,2,SE-UHPLC Main Peak Plates (EP),SE-UHPLC Plates,2,12,30.1,33.40804,0.7329514272095388,0.4706546390915386,0.2622967881180001
VIS_065,2,SE-UHPLC Main Peak Plates (EP),SE-UHPLC Plates,2,13,25.6,23.447268,0.7329514272095388,0.4706546390915386,0.2622967881180001
VIS_066,2,SE-UHPLC Main Peak Plates (EP),SE-UHPLC Plates,2,14,15.0,10.761031,0.7329514272095388,0.4706546390915386,0.2622967881180001
VIS_067,2,SE-UHPLC Main Peak Plates (EP),SE-UHPLC Plates,2,15,9.9,10.4,0.7329514272095388,0.4706546390915386,0.2622967881180001
VIS_068,2,SE-UHPLC Main Peak Plates (EP),SE-UHPLC Plates,2,16,42.1,23.701866,0.7329514272095388,0.4706546390915386,0.2622967881180001
VIS_069,2,SE-UHPLC Main Peak Plates (EP),SE-UHPLC Plates,2,17,16.8,13.696606,0.7329514272095388,0.4706546390915386,0.2622967881180001
VIS_070,2,SE-UHPLC Main Peak Plates (EP),SE-UHPLC Plates,2,18,13.8,21.7,0.7329514272095388,0.4706546390915386,0.2622967881180001
VIS_071,2,SE-UHPLC Main Peak Plates (EP),SE-UHPLC Plates,2,19,13.9,19.68991,0.7329514272095388,0.4706546390915386,0.2622967881180001
VIS_072,2,SE-UHPLC Main Peak Plates (EP),SE-UHPLC Plates,2,20,11.9,11.7,0.7329514272095388,0.4706546390915386,0.2622967881180001
VIS_073,2,SE-UHPLC Main Peak Plates (EP),SE-UHPLC Plates,2,21,11.4,19.500872,0.7329514272095388,0.4706546390915386,0.2622967881180001
VIS_074,2,SE-UHPLC Main Peak Plates (EP),SE-UHPLC Plates,2,22,15.2,17.900652,0.7329514272095388,0.4706546390915386,0.2622967881180001
VIS_052,2,SE-UHPLC Main Peak Plates (EP),SE-UHPLC Plates,3,0,12.2,10.3,0.7329514272095388,0.4115815584278477,0.321369868781691
VIS_053,2,SE-UHPLC Main Peak Plates (EP),SE-UHPLC Plates,3,1,10.8,10.8946705,0.7329514272095388,0.4115815584278477,0.321369868781691
VIS_054,2,SE-UHPLC Main Peak Plates (EP),SE-UHPLC Plates,3,2,10.4,14.6,0.7329514272095388,0.4115815584278477,0.321369868781691
VIS_055,2,SE-UHPLC Main Peak Plates (EP),SE-UHPLC Plates,3,3,17.8,21.05451,0.7329514272095388,0.4115815584278477,0.321369868781691
VIS_056,2,SE-UHPLC Main Peak Plates (EP),SE-UHPLC Plates,3,4,9.1,11.725125,0.7329514272095388,0.4115815584278477,0.321369868781691
VIS_057,2,SE-UHPLC Main Peak Plates (EP),SE-UHPLC Plates,3,5,40.0,22.020468,0.7329514272095388,0.4115815584278477,0.321369868781691
VIS_058,2,SE-UHPLC Main Peak Plates (EP),SE-UHPLC Plates,3,6,10.8,16.052204,0.7329514272095388,0.4115815584278477,0.321369868781691
VIS_059,2,SE-UHPLC Main Peak Plates (EP),SE-UHPLC Plates,3,7,7.6,15.0,0.7329514272095388,0.4115815584278477,0.321369868781691
VIS_060,2,SE-UHPLC Main Peak Plates (EP),SE-UHPLC Plates,3,8,20.1,15.3,0.7329514272095388,0.4115815584278477,0.321369868781691
VIS_061,2,SE-UHPLC Main Peak Plates (EP),SE-UHPLC Plates,3,9,25.9,21.7,0.7329514272095388,0.4115815584278477,0.321369868781691
VIS_062,2,SE-UHPLC Main Peak Plates (EP),SE-UHPLC Plates,3,10,8.4,12.4,0.7329514272095388,0.4115815584278477,0.321369868781691
VIS_063,2,SE-UHPLC Main Peak Plates (EP),SE-UHPLC Plates,3,11,12.6,10.3,0.7329514272095388,0.4115815584278477,0.321369868781691
VIS_064,2,SE-UHPLC Main Peak Plates (EP),SE-UHPLC Plates,3,12,30.1,45.0,0.7329514272095388,0.4115815584278477,0.321369868781691
VIS_065,2,SE-UHPLC Main Peak Plates (EP),SE-UHPLC Plates,3,13,25.6,17.6,0.7329514272095388,0.4115815584278477,0.321369868781691
VIS_066,2,SE-UHPLC Main Peak Plates (EP),SE-UHPLC Plates,3,14,15.0,13.597547,0.7329514272095388,0.4115815584278477,0.321369868781691
VIS_067,2,SE-UHPLC Main Peak Plates (EP),SE-UHPLC Plates,3,15,9.9,10.4,0.7329514272095388,0.4115815584278477,0.321369868781691
VIS_068,2,SE-UHPLC Main Peak Plates (EP),SE-UHPLC Plates,3,16,42.1,24.821276,0.7329514272095388,0.4115815584278477,0.321369868781691
VIS_069,2,SE-UHPLC Main Peak Plates (EP),SE-UHPLC Plates,3,17,16.8,18.282532,0.7329514272095388,0.4115815584278477,0.321369868781691
VIS_070,2,SE-UHPLC Main Peak Plates (EP),SE-UHPLC Plates,3,18,13.8,17.6,0.7329514272095388,0.4115815584278477,0.321369868781691
VIS_071,2,SE-UHPLC Main Peak Plates (EP),SE-UHPLC Plates,3,19,13.9,19.68991,0.7329514272095388,0.4115815584278477,0.321369868781691
VIS_072,2,SE-UHPLC Main Peak Plates (EP),SE-UHPLC Plates,3,20,11.9,11.7,0.7329514272095388,0.4115815584278477,0.321369868781691
VIS_073,2,SE-UHPLC Main Peak Plates (EP),SE-UHPLC Plates,3,21,11.4,12.4,0.7329514272095388,0.4115815584278477,0.321369868781691
VIS_074,2,SE-UHPLC Main Peak Plates (EP),SE-UHPLC Plates,3,22,15.2,21.7,0.7329514272095388,0.4115815584278477,0.321369868781691
VIS_052,2,SE-UHPLC Main Peak Plates (EP),SE-UHPLC Plates,4,0,12.2,10.138789,0.7329514272095388,0.4303893213689969,0.3025621058405419
VIS_053,2,SE-UHPLC Main Peak Plates (EP),SE-UHPLC Plates,4,1,10.8,13.8,0.7329514272095388,0.4303893213689969,0.3025621058405419
VIS_054,2,SE-UHPLC Main Peak Plates (EP),SE-UHPLC Plates,4,2,10.4,14.6,0.7329514272095388,0.4303893213689969,0.3025621058405419
VIS_055,2,SE-UHPLC Main Peak Plates (EP),SE-UHPLC Plates,4,3,17.8,21.7,0.7329514272095388,0.4303893213689969,0.3025621058405419
VIS_056,2,SE-UHPLC Main Peak Plates (EP),SE-UHPLC Plates,4,4,9.1,16.2674,0.7329514272095388,0.4303893213689969,0.3025621058405419
VIS_057,2,SE-UHPLC Main Peak Plates (EP),SE-UHPLC Plates,4,5,40.0,22.020468,0.7329514272095388,0.4303893213689969,0.3025621058405419
VIS_058,2,SE-UHPLC Main Peak Plates (EP),SE-UHPLC Plates,4,6,10.8,16.052204,0.7329514272095388,0.4303893213689969,0.3025621058405419
VIS_059,2,SE-UHPLC Main Peak Plates (EP),SE-UHPLC Plates,4,7,7.6,15.0,0.7329514272095388,0.4303893213689969,0.3025621058405419
VIS_060,2,SE-UHPLC Main Peak Plates (EP),SE-UHPLC Plates,4,8,20.1,12.51471,0.7329514272095388,0.4303893213689969,0.3025621058405419
VIS_061,2,SE-UHPLC Main Peak Plates (EP),SE-UHPLC Plates,4,9,25.9,19.64819,0.7329514272095388,0.4303893213689969,0.3025621058405419
VIS_062,2,SE-UHPLC Main Peak Plates (EP),SE-UHPLC Plates,4,10,8.4,12.1,0.7329514272095388,0.4303893213689969,0.3025621058405419
VIS_063,2,SE-UHPLC Main Peak Plates (EP),SE-UHPLC Plates,4,11,12.6,10.5,0.7329514272095388,0.4303893213689969,0.3025621058405419
VIS_064,2,SE-UHPLC Main Peak Plates (EP),SE-UHPLC Plates,4,12,30.1,32.87487,0.7329514272095388,0.4303893213689969,0.3025621058405419
VIS_065,2,SE-UHPLC Main Peak Plates (EP),SE-UHPLC Plates,4,13,25.6,22.7,0.7329514272095388,0.4303893213689969,0.3025621058405419
VIS_066,2,SE-UHPLC Main Peak Plates (EP),SE-UHPLC Plates,4,14,15.0,10.458881,0.7329514272095388,0.4303893213689969,0.3025621058405419
VIS_067,2,SE-UHPLC Main Peak Plates (EP),SE-UHPLC Plates,4,15,9.9,10.4,0.7329514272095388,0.4303893213689969,0.3025621058405419
VIS_068,2,SE-UHPLC Main Peak Plates (EP),SE-UHPLC Plates,4,16,42.1,24.821276,0.7329514272095388,0.4303893213689969,0.3025621058405419
VIS_069,2,SE-UHPLC Main Peak Plates (EP),SE-UHPLC Plates,4,17,16.8,13.696606,0.7329514272095388,0.4303893213689969,0.3025621058405419
VIS_070,2,SE-UHPLC Main Peak Plates (EP),SE-UHPLC Plates,4,18,13.8,19.95091,0.7329514272095388,0.4303893213689969,0.3025621058405419
VIS_071,2,SE-UHPLC Main Peak Plates (EP),SE-UHPLC Plates,4,19,13.9,11.85188,0.7329514272095388,0.4303893213689969,0.3025621058405419
VIS_072,2,SE-UHPLC Main Peak Plates (EP),SE-UHPLC Plates,4,20,11.9,15.289055,0.7329514272095388,0.4303893213689969,0.3025621058405419
VIS_073,2,SE-UHPLC Main Peak Plates (EP),SE-UHPLC Plates,4,21,11.4,14.6,0.7329514272095388,0.4303893213689969,0.3025621058405419
VIS_074,2,SE-UHPLC Main Peak Plates (EP),SE-UHPLC Plates,4,22,15.2,26.241056,0.7329514272095388,0.4303893213689969,0.3025621058405419
VIS_052,2,SE-UHPLC Main Peak Plates (EP),SE-UHPLC Plates,5,0,12.2,10.3,0.7329514272095388,0.4717357874116616,0.2612156397978771
VIS_053,2,SE-UHPLC Main Peak Plates (EP),SE-UHPLC Plates,5,1,10.8,17.581644,0.7329514272095388,0.4717357874116616,0.2612156397978771
VIS_054,2,SE-UHPLC Main Peak Plates (EP),SE-UHPLC Plates,5,2,10.4,14.8,0.7329514272095388,0.4717357874116616,0.2612156397978771
VIS_055,2,SE-UHPLC Main Peak Plates (EP),SE-UHPLC Plates,5,3,17.8,21.2,0.7329514272095388,0.4717357874116616,0.2612156397978771
VIS_056,2,SE-UHPLC Main Peak Plates (EP),SE-UHPLC Plates,5,4,9.1,10.5,0.7329514272095388,0.4717357874116616,0.2612156397978771
VIS_057,2,SE-UHPLC Main Peak Plates (EP),SE-UHPLC Plates,5,5,40.0,21.53643,0.7329514272095388,0.4717357874116616,0.2612156397978771
VIS_058,2,SE-UHPLC Main Peak Plates (EP),SE-UHPLC Plates,5,6,10.8,10.414159,0.7329514272095388,0.4717357874116616,0.2612156397978771
VIS_059,2,SE-UHPLC Main Peak Plates (EP),SE-UHPLC Plates,5,7,7.6,11.7,0.7329514272095388,0.4717357874116616,0.2612156397978771
VIS_060,2,SE-UHPLC Main Peak Plates (EP),SE-UHPLC Plates,5,8,20.1,22.199463,0.7329514272095388,0.4717357874116616,0.2612156397978771
VIS_061,2,SE-UHPLC Main Peak Plates (EP),SE-UHPLC Plates,5,9,25.9,21.2,0.7329514272095388,0.4717357874116616,0.2612156397978771
VIS_062,2,SE-UHPLC Main Peak Plates (EP),SE-UHPLC Plates,5,10,8.4,14.8,0.7329514272095388,0.4717357874116616,0.2612156397978771
VIS_063,2,SE-UHPLC Main Peak Plates (EP),SE-UHPLC Plates,5,11,12.6,10.598798,0.7329514272095388,0.4717357874116616,0.2612156397978771
VIS_064,2,SE-UHPLC Main Peak Plates (EP),SE-UHPLC Plates,5,12,30.1,31.730974,0.7329514272095388,0.4717357874116616,0.2612156397978771
VIS_065,2,SE-UHPLC Main Peak Plates (EP),SE-UHPLC Plates,5,13,25.6,22.7,0.7329514272095388,0.4717357874116616,0.2612156397978771
VIS_066,2,SE-UHPLC Main Peak Plates (EP),SE-UHPLC Plates,5,14,15.0,10.761031,0.7329514272095388,0.4717357874116616,0.2612156397978771
VIS_067,2,SE-UHPLC Main Peak Plates (EP),SE-UHPLC Plates,5,15,9.9,10.4,0.7329514272095388,0.4717357874116616,0.2612156397978771
VIS_068,2,SE-UHPLC Main Peak Plates (EP),SE-UHPLC Plates,5,16,42.1,22.567568,0.7329514272095388,0.4717357874116616,0.2612156397978771
VIS_069,2,SE-UHPLC Main Peak Plates (EP),SE-UHPLC Plates,5,17,16.8,18.282532,0.7329514272095388,0.4717357874116616,0.2612156397978771
VIS_070,2,SE-UHPLC Main Peak Plates (EP),SE-UHPLC Plates,5,18,13.8,21.2,0.7329514272095388,0.4717357874116616,0.2612156397978771
VIS_071,2,SE-UHPLC Main Peak Plates (EP),SE-UHPLC Plates,5,19,13.9,11.866967,0.7329514272095388,0.4717357874116616,0.2612156397978771
VIS_072,2,SE-UHPLC Main Peak Plates (EP),SE-UHPLC Plates,5,20,11.9,19.13806,0.7329514272095388,0.4717357874116616,0.2612156397978771
VIS_073,2,SE-UHPLC Main Peak Plates (EP),SE-UHPLC Plates,5,21,11.4,14.6,0.7329514272095388,0.4717357874116616,0.2612156397978771
VIS_074,2,SE-UHPLC Main Peak Plates (EP),SE-UHPLC Plates,5,22,15.2,19.54979,0.7329514272095388,0.4717357874116616,0.2612156397978771
VIS_052,2,SE-UHPLC Main Peak Plates (EP),SE-UHPLC Plates,6,0,12.2,10.325159,0.7329514272095388,0.692200495461432,0.0407509317481067
VIS_053,2,SE-UHPLC Main Peak Plates (EP),SE-UHPLC Plates,6,1,10.8,14.6,0.7329514272095388,0.692200495461432,0.0407509317481067
VIS_054,2,SE-UHPLC Main Peak Plates (EP),SE-UHPLC Plates,6,2,10.4,14.6,0.7329514272095388,0.692200495461432,0.0407509317481067
VIS_055,2,SE-UHPLC Main Peak Plates (EP),SE-UHPLC Plates,6,3,17.8,21.7,0.7329514272095388,0.692200495461432,0.0407509317481067
VIS_056,2,SE-UHPLC Main Peak Plates (EP),SE-UHPLC Plates,6,4,9.1,11.725125,0.7329514272095388,0.692200495461432,0.0407509317481067
VIS_057,2,SE-UHPLC Main Peak Plates (EP),SE-UHPLC Plates,6,5,40.0,33.34255,0.7329514272095388,0.692200495461432,0.0407509317481067
VIS_058,2,SE-UHPLC Main Peak Plates (EP),SE-UHPLC Plates,6,6,10.8,10.495383,0.7329514272095388,0.692200495461432,0.0407509317481067
VIS_059,2,SE-UHPLC Main Peak Plates (EP),SE-UHPLC Plates,6,7,7.6,10.346319,0.7329514272095388,0.692200495461432,0.0407509317481067
VIS_060,2,SE-UHPLC Main Peak Plates (EP),SE-UHPLC Plates,6,8,20.1,21.7,0.7329514272095388,0.692200495461432,0.0407509317481067
VIS_061,2,SE-UHPLC Main Peak Plates (EP),SE-UHPLC Plates,6,9,25.9,21.2,0.7329514272095388,0.692200495461432,0.0407509317481067
VIS_062,2,SE-UHPLC Main Peak Plates (EP),SE-UHPLC Plates,6,10,8.4,12.0306425,0.7329514272095388,0.692200495461432,0.0407509317481067
VIS_063,2,SE-UHPLC Main Peak Plates (EP),SE-UHPLC Plates,6,11,12.6,10.5,0.7329514272095388,0.692200495461432,0.0407509317481067
VIS_064,2,SE-UHPLC Main Peak Plates (EP),SE-UHPLC Plates,6,12,30.1,45.0,0.7329514272095388,0.692200495461432,0.0407509317481067
VIS_065,2,SE-UHPLC Main Peak Plates (EP),SE-UHPLC Plates,6,13,25.6,17.236292,0.7329514272095388,0.692200495461432,0.0407509317481067
VIS_066,2,SE-UHPLC Main Peak Plates (EP),SE-UHPLC Plates,6,14,15.0,10.5,0.7329514272095388,0.692200495461432,0.0407509317481067
VIS_067,2,SE-UHPLC Main Peak Plates (EP),SE-UHPLC Plates,6,15,9.9,15.0,0.7329514272095388,0.692200495461432,0.0407509317481067
VIS_068,2,SE-UHPLC Main Peak Plates (EP),SE-UHPLC Plates,6,16,42.1,45.0,0.7329514272095388,0.692200495461432,0.0407509317481067
VIS_069,2,SE-UHPLC Main Peak Plates (EP),SE-UHPLC Plates,6,17,16.8,13.8,0.7329514272095388,0.692200495461432,0.0407509317481067
VIS_070,2,SE-UHPLC Main Peak Plates (EP),SE-UHPLC Plates,6,18,13.8,17.6387,0.7329514272095388,0.692200495461432,0.0407509317481067
VIS_071,2,SE-UHPLC Main Peak Plates (EP),SE-UHPLC Plates,6,19,13.9,12.016343,0.7329514272095388,0.692200495461432,0.0407509317481067
VIS_072,2,SE-UHPLC Main Peak Plates (EP),SE-UHPLC Plates,6,20,11.9,10.6,0.7329514272095388,0.692200495461432,0.0407509317481067
VIS_073,2,SE-UHPLC Main Peak Plates (EP),SE-UHPLC Plates,6,21,11.4,13.714073,0.7329514272095388,0.692200495461432,0.0407509317481067
VIS_074,2,SE-UHPLC Main Peak Plates (EP),SE-UHPLC Plates,6,22,15.2,24.571594,0.7329514272095388,0.692200495461432,0.0407509317481067
VIS_052,2,SE-UHPLC Main Peak Plates (EP),SE-UHPLC Plates,7,0,12.2,10.841453,0.7329514272095388,0.7593946196814795,-0.0264431924719407
VIS_053,2,SE-UHPLC Main Peak Plates (EP),SE-UHPLC Plates,7,1,10.8,15.0,0.7329514272095388,0.7593946196814795,-0.0264431924719407
VIS_054,2,SE-UHPLC Main Peak Plates (EP),SE-UHPLC Plates,7,2,10.4,14.051659,0.7329514272095388,0.7593946196814795,-0.0264431924719407
VIS_055,2,SE-UHPLC Main Peak Plates (EP),SE-UHPLC Plates,7,3,17.8,21.35793,0.7329514272095388,0.7593946196814795,-0.0264431924719407
VIS_056,2,SE-UHPLC Main Peak Plates (EP),SE-UHPLC Plates,7,4,9.1,10.426908,0.7329514272095388,0.7593946196814795,-0.0264431924719407
VIS_057,2,SE-UHPLC Main Peak Plates (EP),SE-UHPLC Plates,7,5,40.0,26.494171,0.7329514272095388,0.7593946196814795,-0.0264431924719407
VIS_058,2,SE-UHPLC Main Peak Plates (EP),SE-UHPLC Plates,7,6,10.8,12.584141,0.7329514272095388,0.7593946196814795,-0.0264431924719407
VIS_059,2,SE-UHPLC Main Peak Plates (EP),SE-UHPLC Plates,7,7,7.6,10.4,0.7329514272095388,0.7593946196814795,-0.0264431924719407
VIS_060,2,SE-UHPLC Main Peak Plates (EP),SE-UHPLC Plates,7,8,20.1,14.6,0.7329514272095388,0.7593946196814795,-0.0264431924719407
VIS_061,2,SE-UHPLC Main Peak Plates (EP),SE-UHPLC Plates,7,9,25.9,21.2,0.7329514272095388,0.7593946196814795,-0.0264431924719407
VIS_062,2,SE-UHPLC Main Peak Plates (EP),SE-UHPLC Plates,7,10,8.4,12.1,0.7329514272095388,0.7593946196814795,-0.0264431924719407
VIS_063,2,SE-UHPLC Main Peak Plates (EP),SE-UHPLC Plates,7,11,12.6,11.7,0.7329514272095388,0.7593946196814795,-0.0264431924719407
VIS_064,2,SE-UHPLC Main Peak Plates (EP),SE-UHPLC Plates,7,12,30.1,33.40804,0.7329514272095388,0.7593946196814795,-0.0264431924719407
VIS_065,2,SE-UHPLC Main Peak Plates (EP),SE-UHPLC Plates,7,13,25.6,17.6,0.7329514272095388,0.7593946196814795,-0.0264431924719407
VIS_066,2,SE-UHPLC Main Peak Plates (EP),SE-UHPLC Plates,7,14,15.0,15.3,0.7329514272095388,0.7593946196814795,-0.0264431924719407
VIS_067,2,SE-UHPLC Main Peak Plates (EP),SE-UHPLC Plates,7,15,9.9,15.0,0.7329514272095388,0.7593946196814795,-0.0264431924719407
VIS_068,2,SE-UHPLC Main Peak Plates (EP),SE-UHPLC Plates,7,16,42.1,42.719303,0.7329514272095388,0.7593946196814795,-0.0264431924719407
VIS_069,2,SE-UHPLC Main Peak Plates (EP),SE-UHPLC Plates,7,17,16.8,14.722742,0.7329514272095388,0.7593946196814795,-0.0264431924719407
VIS_070,2,SE-UHPLC Main Peak Plates (EP),SE-UHPLC Plates,7,18,13.8,19.084051,0.7329514272095388,0.7593946196814795,-0.0264431924719407
VIS_071,2,SE-UHPLC Main Peak Plates (EP),SE-UHPLC Plates,7,19,13.9,11.7,0.7329514272095388,0.7593946196814795,-0.0264431924719407
VIS_072,2,SE-UHPLC Main Peak Plates (EP),SE-UHPLC Plates,7,20,11.9,14.6,0.7329514272095388,0.7593946196814795,-0.0264431924719407
VIS_073,2,SE-UHPLC Main Peak Plates (EP),SE-UHPLC Plates,7,21,11.4,15.0,0.7329514272095388,0.7593946196814795,-0.0264431924719407
VIS_074,2,SE-UHPLC Main Peak Plates (EP),SE-UHPLC Plates,7,22,15.2,19.54979,0.7329514272095388,0.7593946196814795,-0.0264431924719407
VIS_052,2,SE-UHPLC Main Peak Plates (EP),SE-UHPLC Plates,8,0,12.2,10.293176,0.7329514272095388,0.2584499574399269,0.4745014697696118
VIS_053,2,SE-UHPLC Main Peak Plates (EP),SE-UHPLC Plates,8,1,10.8,12.863935,0.7329514272095388,0.2584499574399269,0.4745014697696118
VIS_054,2,SE-UHPLC Main Peak Plates (EP),SE-UHPLC Plates,8,2,10.4,14.615903,0.7329514272095388,0.2584499574399269,0.4745014697696118
VIS_055,2,SE-UHPLC Main Peak Plates (EP),SE-UHPLC Plates,8,3,17.8,21.7,0.7329514272095388,0.2584499574399269,0.4745014697696118
VIS_056,2,SE-UHPLC Main Peak Plates (EP),SE-UHPLC Plates,8,4,9.1,18.00792,0.7329514272095388,0.2584499574399269,0.4745014697696118
VIS_057,2,SE-UHPLC Main Peak Plates (EP),SE-UHPLC Plates,8,5,40.0,26.4,0.7329514272095388,0.2584499574399269,0.4745014697696118
VIS_058,2,SE-UHPLC Main Peak Plates (EP),SE-UHPLC Plates,8,6,10.8,10.516691,0.7329514272095388,0.2584499574399269,0.4745014697696118
VIS_059,2,SE-UHPLC Main Peak Plates (EP),SE-UHPLC Plates,8,7,7.6,10.593367,0.7329514272095388,0.2584499574399269,0.4745014697696118
VIS_060,2,SE-UHPLC Main Peak Plates (EP),SE-UHPLC Plates,8,8,20.1,12.107771,0.7329514272095388,0.2584499574399269,0.4745014697696118
VIS_061,2,SE-UHPLC Main Peak Plates (EP),SE-UHPLC Plates,8,9,25.9,21.7,0.7329514272095388,0.2584499574399269,0.4745014697696118
VIS_062,2,SE-UHPLC Main Peak Plates (EP),SE-UHPLC Plates,8,10,8.4,12.081988,0.7329514272095388,0.2584499574399269,0.4745014697696118
VIS_063,2,SE-UHPLC Main Peak Plates (EP),SE-UHPLC Plates,8,11,12.6,11.089035,0.7329514272095388,0.2584499574399269,0.4745014697696118
VIS_064,2,SE-UHPLC Main Peak Plates (EP),SE-UHPLC Plates,8,12,30.1,45.0,0.7329514272095388,0.2584499574399269,0.4745014697696118
VIS_065,2,SE-UHPLC Main Peak Plates (EP),SE-UHPLC Plates,8,13,25.6,16.095112,0.7329514272095388,0.2584499574399269,0.4745014697696118
VIS_066,2,SE-UHPLC Main Peak Plates (EP),SE-UHPLC Plates,8,14,15.0,10.5,0.7329514272095388,0.2584499574399269,0.4745014697696118
VIS_067,2,SE-UHPLC Main Peak Plates (EP),SE-UHPLC Plates,8,15,9.9,10.4,0.7329514272095388,0.2584499574399269,0.4745014697696118
VIS_068,2,SE-UHPLC Main Peak Plates (EP),SE-UHPLC Plates,8,16,42.1,23.268417,0.7329514272095388,0.2584499574399269,0.4745014697696118
VIS_069,2,SE-UHPLC Main Peak Plates (EP),SE-UHPLC Plates,8,17,16.8,13.8,0.7329514272095388,0.2584499574399269,0.4745014697696118
VIS_070,2,SE-UHPLC Main Peak Plates (EP),SE-UHPLC Plates,8,18,13.8,19.662632,0.7329514272095388,0.2584499574399269,0.4745014697696118
VIS_071,2,SE-UHPLC Main Peak Plates (EP),SE-UHPLC Plates,8,19,13.9,11.765701,0.7329514272095388,0.2584499574399269,0.4745014697696118
VIS_072,2,SE-UHPLC Main Peak Plates (EP),SE-UHPLC Plates,8,20,11.9,11.7,0.7329514272095388,0.2584499574399269,0.4745014697696118
VIS_073,2,SE-UHPLC Main Peak Plates (EP),SE-UHPLC Plates,8,21,11.4,13.720251,0.7329514272095388,0.2584499574399269,0.4745014697696118
VIS_074,2,SE-UHPLC Main Peak Plates (EP),SE-UHPLC Plates,8,22,15.2,33.718307,0.7329514272095388,0.2584499574399269,0.4745014697696118
VIS_052,2,SE-UHPLC Main Peak Plates (EP),SE-UHPLC Plates,9,0,12.2,9.691522,0.7329514272095388,0.4186401386617878,0.3143112885477509
VIS_053,2,SE-UHPLC Main Peak Plates (EP),SE-UHPLC Plates,9,1,10.8,19.326183,0.7329514272095388,0.4186401386617878,0.3143112885477509
VIS_054,2,SE-UHPLC Main Peak Plates (EP),SE-UHPLC Plates,9,2,10.4,14.615903,0.7329514272095388,0.4186401386617878,0.3143112885477509
VIS_055,2,SE-UHPLC Main Peak Plates (EP),SE-UHPLC Plates,9,3,17.8,21.05451,0.7329514272095388,0.4186401386617878,0.3143112885477509
VIS_056,2,SE-UHPLC Main Peak Plates (EP),SE-UHPLC Plates,9,4,9.1,12.1,0.7329514272095388,0.4186401386617878,0.3143112885477509
VIS_057,2,SE-UHPLC Main Peak Plates (EP),SE-UHPLC Plates,9,5,40.0,26.494171,0.7329514272095388,0.4186401386617878,0.3143112885477509
VIS_058,2,SE-UHPLC Main Peak Plates (EP),SE-UHPLC Plates,9,6,10.8,14.185075,0.7329514272095388,0.4186401386617878,0.3143112885477509
VIS_059,2,SE-UHPLC Main Peak Plates (EP),SE-UHPLC Plates,9,7,7.6,10.520169,0.7329514272095388,0.4186401386617878,0.3143112885477509
VIS_060,2,SE-UHPLC Main Peak Plates (EP),SE-UHPLC Plates,9,8,20.1,13.8,0.7329514272095388,0.4186401386617878,0.3143112885477509
VIS_061,2,SE-UHPLC Main Peak Plates (EP),SE-UHPLC Plates,9,9,25.9,21.7,0.7329514272095388,0.4186401386617878,0.3143112885477509
VIS_062,2,SE-UHPLC Main Peak Plates (EP),SE-UHPLC Plates,9,10,8.4,11.7,0.7329514272095388,0.4186401386617878,0.3143112885477509
VIS_063,2,SE-UHPLC Main Peak Plates (EP),SE-UHPLC Plates,9,11,12.6,10.413474,0.7329514272095388,0.4186401386617878,0.3143112885477509
VIS_064,2,SE-UHPLC Main Peak Plates (EP),SE-UHPLC Plates,9,12,30.1,34.2,0.7329514272095388,0.4186401386617878,0.3143112885477509
VIS_065,2,SE-UHPLC Main Peak Plates (EP),SE-UHPLC Plates,9,13,25.6,28.611027,0.7329514272095388,0.4186401386617878,0.3143112885477509
VIS_066,2,SE-UHPLC Main Peak Plates (EP),SE-UHPLC Plates,9,14,15.0,12.4,0.7329514272095388,0.4186401386617878,0.3143112885477509
VIS_067,2,SE-UHPLC Main Peak Plates (EP),SE-UHPLC Plates,9,15,9.9,10.4,0.7329514272095388,0.4186401386617878,0.3143112885477509
VIS_068,2,SE-UHPLC Main Peak Plates (EP),SE-UHPLC Plates,9,16,42.1,22.567568,0.7329514272095388,0.4186401386617878,0.3143112885477509
VIS_069,2,SE-UHPLC Main Peak Plates (EP),SE-UHPLC Plates,9,17,16.8,15.0,0.7329514272095388,0.4186401386617878,0.3143112885477509
VIS_070,2,SE-UHPLC Main Peak Plates (EP),SE-UHPLC Plates,9,18,13.8,17.764576,0.7329514272095388,0.4186401386617878,0.3143112885477509
VIS_071,2,SE-UHPLC Main Peak Plates (EP),SE-UHPLC Plates,9,19,13.9,14.686496,0.7329514272095388,0.4186401386617878,0.3143112885477509
VIS_072,2,SE-UHPLC Main Peak Plates (EP),SE-UHPLC Plates,9,20,11.9,10.917042,0.7329514272095388,0.4186401386617878,0.3143112885477509
VIS_073,2,SE-UHPLC Main Peak Plates (EP),SE-UHPLC Plates,9,21,11.4,13.042811,0.7329514272095388,0.4186401386617878,0.3143112885477509
VIS_074,2,SE-UHPLC Main Peak Plates (EP),SE-UHPLC Plates,9,22,15.2,33.718307,0.7329514272095388,0.4186401386617878,0.3143112885477509
VIS_052,2,SE-UHPLC Main Peak Plates (EP),SE-UHPLC Plates,10,0,12.2,11.859674,0.7329514272095388,0.4727385646571992,0.2602128625523395
VIS_053,2,SE-UHPLC Main Peak Plates (EP),SE-UHPLC Plates,10,1,10.8,10.9,0.7329514272095388,0.4727385646571992,0.2602128625523395
VIS_054,2,SE-UHPLC Main Peak Plates (EP),SE-UHPLC Plates,10,2,10.4,14.6,0.7329514272095388,0.4727385646571992,0.2602128625523395
VIS_055,2,SE-UHPLC Main Peak Plates (EP),SE-UHPLC Plates,10,3,17.8,19.595371,0.7329514272095388,0.4727385646571992,0.2602128625523395
VIS_056,2,SE-UHPLC Main Peak Plates (EP),SE-UHPLC Plates,10,4,9.1,12.842279,0.7329514272095388,0.4727385646571992,0.2602128625523395
VIS_057,2,SE-UHPLC Main Peak Plates (EP),SE-UHPLC Plates,10,5,40.0,45.0,0.7329514272095388,0.4727385646571992,0.2602128625523395
VIS_058,2,SE-UHPLC Main Peak Plates (EP),SE-UHPLC Plates,10,6,10.8,10.480712,0.7329514272095388,0.4727385646571992,0.2602128625523395
VIS_059,2,SE-UHPLC Main Peak Plates (EP),SE-UHPLC Plates,10,7,7.6,11.7,0.7329514272095388,0.4727385646571992,0.2602128625523395
VIS_060,2,SE-UHPLC Main Peak Plates (EP),SE-UHPLC Plates,10,8,20.1,12.526871,0.7329514272095388,0.4727385646571992,0.2602128625523395
VIS_061,2,SE-UHPLC Main Peak Plates (EP),SE-UHPLC Plates,10,9,25.9,21.7,0.7329514272095388,0.4727385646571992,0.2602128625523395
VIS_062,2,SE-UHPLC Main Peak Plates (EP),SE-UHPLC Plates,10,10,8.4,14.8,0.7329514272095388,0.4727385646571992,0.2602128625523395
VIS_063,2,SE-UHPLC Main Peak Plates (EP),SE-UHPLC Plates,10,11,12.6,10.598798,0.7329514272095388,0.4727385646571992,0.2602128625523395
VIS_064,2,SE-UHPLC Main Peak Plates (EP),SE-UHPLC Plates,10,12,30.1,45.0,0.7329514272095388,0.4727385646571992,0.2602128625523395
VIS_065,2,SE-UHPLC Main Peak Plates (EP),SE-UHPLC Plates,10,13,25.6,19.222124,0.7329514272095388,0.4727385646571992,0.2602128625523395
VIS_066,2,SE-UHPLC Main Peak Plates (EP),SE-UHPLC Plates,10,14,15.0,10.6,0.7329514272095388,0.4727385646571992,0.2602128625523395
VIS_067,2,SE-UHPLC Main Peak Plates (EP),SE-UHPLC Plates,10,15,9.9,10.4,0.7329514272095388,0.4727385646571992,0.2602128625523395
VIS_068,2,SE-UHPLC Main Peak Plates (EP),SE-UHPLC Plates,10,16,42.1,22.7,0.7329514272095388,0.4727385646571992,0.2602128625523395
VIS_069,2,SE-UHPLC Main Peak Plates (EP),SE-UHPLC Plates,10,17,16.8,13.8,0.7329514272095388,0.4727385646571992,0.2602128625523395
VIS_070,2,SE-UHPLC Main Peak Plates (EP),SE-UHPLC Plates,10,18,13.8,19.457668,0.7329514272095388,0.4727385646571992,0.2602128625523395
VIS_071,2,SE-UHPLC Main Peak Plates (EP),SE-UHPLC Plates,10,19,13.9,11.916652,0.7329514272095388,0.4727385646571992,0.2602128625523395
VIS_072,2,SE-UHPLC Main Peak Plates (EP),SE-UHPLC Plates,10,20,11.9,11.7,0.7329514272095388,0.4727385646571992,0.2602128625523395
VIS_073,2,SE-UHPLC Main Peak Plates (EP),SE-UHPLC Plates,10,21,11.4,14.6,0.7329514272095388,0.4727385646571992,0.2602128625523395
VIS_074,2,SE-UHPLC Main Peak Plates (EP),SE-UHPLC Plates,10,22,15.2,27.548544,0.7329514272095388,0.4727385646571992,0.2602128625523395
VIS_052,2,AC-SINS λmax (nm),AC-SINS Δλmax,1,0,12.2,14.6,0.7329514272095388,0.0093500456281019,0.7236013815814368
VIS_053,2,AC-SINS λmax (nm),AC-SINS Δλmax,1,1,10.8,10.270614,0.7329514272095388,0.0093500456281019,0.7236013815814368
VIS_054,2,AC-SINS λmax (nm),AC-SINS Δλmax,1,2,10.4,12.671827,0.7329514272095388,0.0093500456281019,0.7236013815814368
VIS_055,2,AC-SINS λmax (nm),AC-SINS Δλmax,1,3,17.8,33.166534,0.7329514272095388,0.0093500456281019,0.7236013815814368
VIS_056,2,AC-SINS λmax (nm),AC-SINS Δλmax,1,4,9.1,11.098222,0.7329514272095388,0.0093500456281019,0.7236013815814368
VIS_057,2,AC-SINS λmax (nm),AC-SINS Δλmax,1,5,40.0,19.616768,0.7329514272095388,0.0093500456281019,0.7236013815814368
VIS_058,2,AC-SINS λmax (nm),AC-SINS Δλmax,1,6,10.8,10.3,0.7329514272095388,0.0093500456281019,0.7236013815814368
VIS_059,2,AC-SINS λmax (nm),AC-SINS Δλmax,1,7,7.6,13.550727,0.7329514272095388,0.0093500456281019,0.7236013815814368
VIS_060,2,AC-SINS λmax (nm),AC-SINS Δλmax,1,8,20.1,14.6,0.7329514272095388,0.0093500456281019,0.7236013815814368
VIS_061,2,AC-SINS λmax (nm),AC-SINS Δλmax,1,9,25.9,32.983234,0.7329514272095388,0.0093500456281019,0.7236013815814368
VIS_062,2,AC-SINS λmax (nm),AC-SINS Δλmax,1,10,8.4,10.9,0.7329514272095388,0.0093500456281019,0.7236013815814368
VIS_063,2,AC-SINS λmax (nm),AC-SINS Δλmax,1,11,12.6,17.049177,0.7329514272095388,0.0093500456281019,0.7236013815814368
VIS_064,2,AC-SINS λmax (nm),AC-SINS Δλmax,1,12,30.1,32.88051,0.7329514272095388,0.0093500456281019,0.7236013815814368
VIS_065,2,AC-SINS λmax (nm),AC-SINS Δλmax,1,13,25.6,12.325249,0.7329514272095388,0.0093500456281019,0.7236013815814368
VIS_066,2,AC-SINS λmax (nm),AC-SINS Δλmax,1,14,15.0,11.628752,0.7329514272095388,0.0093500456281019,0.7236013815814368
VIS_067,2,AC-SINS λmax (nm),AC-SINS Δλmax,1,15,9.9,10.540124,0.7329514272095388,0.0093500456281019,0.7236013815814368
VIS_068,2,AC-SINS λmax (nm),AC-SINS Δλmax,1,16,42.1,19.463303,0.7329514272095388,0.0093500456281019,0.7236013815814368
VIS_069,2,AC-SINS λmax (nm),AC-SINS Δλmax,1,17,16.8,13.8,0.7329514272095388,0.0093500456281019,0.7236013815814368
VIS_070,2,AC-SINS λmax (nm),AC-SINS Δλmax,1,18,13.8,22.7,0.7329514272095388,0.0093500456281019,0.7236013815814368
VIS_071,2,AC-SINS λmax (nm),AC-SINS Δλmax,1,19,13.9,10.3,0.7329514272095388,0.0093500456281019,0.7236013815814368
VIS_072,2,AC-SINS λmax (nm),AC-SINS Δλmax,1,20,11.9,10.917042,0.7329514272095388,0.0093500456281019,0.7236013815814368
VIS_073,2,AC-SINS λmax (nm),AC-SINS Δλmax,1,21,11.4,19.334421,0.7329514272095388,0.0093500456281019,0.7236013815814368
VIS_074,2,AC-SINS λmax (nm),AC-SINS Δλmax,1,22,15.2,32.96211,0.7329514272095388,0.0093500456281019,0.7236013815814368
VIS_052,2,AC-SINS λmax (nm),AC-SINS Δλmax,2,0,12.2,12.4,0.7329514272095388,0.4951441768104853,0.2378072503990534
VIS_053,2,AC-SINS λmax (nm),AC-SINS Δλmax,2,1,10.8,10.55927,0.7329514272095388,0.4951441768104853,0.2378072503990534
VIS_054,2,AC-SINS λmax (nm),AC-SINS Δλmax,2,2,10.4,13.551153,0.7329514272095388,0.4951441768104853,0.2378072503990534
VIS_055,2,AC-SINS λmax (nm),AC-SINS Δλmax,2,3,17.8,32.85726,0.7329514272095388,0.4951441768104853,0.2378072503990534
VIS_056,2,AC-SINS λmax (nm),AC-SINS Δλmax,2,4,9.1,11.688461,0.7329514272095388,0.4951441768104853,0.2378072503990534
VIS_057,2,AC-SINS λmax (nm),AC-SINS Δλmax,2,5,40.0,30.88689,0.7329514272095388,0.4951441768104853,0.2378072503990534
VIS_058,2,AC-SINS λmax (nm),AC-SINS Δλmax,2,6,10.8,10.2074795,0.7329514272095388,0.4951441768104853,0.2378072503990534
VIS_059,2,AC-SINS λmax (nm),AC-SINS Δλmax,2,7,7.6,12.0022955,0.7329514272095388,0.4951441768104853,0.2378072503990534
VIS_060,2,AC-SINS λmax (nm),AC-SINS Δλmax,2,8,20.1,11.775045,0.7329514272095388,0.4951441768104853,0.2378072503990534
VIS_061,2,AC-SINS λmax (nm),AC-SINS Δλmax,2,9,25.9,32.462765,0.7329514272095388,0.4951441768104853,0.2378072503990534
VIS_062,2,AC-SINS λmax (nm),AC-SINS Δλmax,2,10,8.4,12.4,0.7329514272095388,0.4951441768104853,0.2378072503990534
VIS_063,2,AC-SINS λmax (nm),AC-SINS Δλmax,2,11,12.6,14.25687,0.7329514272095388,0.4951441768104853,0.2378072503990534
VIS_064,2,AC-SINS λmax (nm),AC-SINS Δλmax,2,12,30.1,33.15701,0.7329514272095388,0.4951441768104853,0.2378072503990534
VIS_065,2,AC-SINS λmax (nm),AC-SINS Δλmax,2,13,25.6,28.870146,0.7329514272095388,0.4951441768104853,0.2378072503990534
VIS_066,2,AC-SINS λmax (nm),AC-SINS Δλmax,2,14,15.0,12.82347,0.7329514272095388,0.4951441768104853,0.2378072503990534
VIS_067,2,AC-SINS λmax (nm),AC-SINS Δλmax,2,15,9.9,11.7,0.7329514272095388,0.4951441768104853,0.2378072503990534
VIS_068,2,AC-SINS λmax (nm),AC-SINS Δλmax,2,16,42.1,33.27281,0.7329514272095388,0.4951441768104853,0.2378072503990534
VIS_069,2,AC-SINS λmax (nm),AC-SINS Δλmax,2,17,16.8,10.5,0.7329514272095388,0.4951441768104853,0.2378072503990534
VIS_070,2,AC-SINS λmax (nm),AC-SINS Δλmax,2,18,13.8,17.6,0.7329514272095388,0.4951441768104853,0.2378072503990534
VIS_071,2,AC-SINS λmax (nm),AC-SINS Δλmax,2,19,13.9,12.1,0.7329514272095388,0.4951441768104853,0.2378072503990534
VIS_072,2,AC-SINS λmax (nm),AC-SINS Δλmax,2,20,11.9,9.780825,0.7329514272095388,0.4951441768104853,0.2378072503990534
VIS_073,2,AC-SINS λmax (nm),AC-SINS Δλmax,2,21,11.4,19.334421,0.7329514272095388,0.4951441768104853,0.2378072503990534
VIS_074,2,AC-SINS λmax (nm),AC-SINS Δλmax,2,22,15.2,32.805332,0.7329514272095388,0.4951441768104853,0.2378072503990534
VIS_052,2,AC-SINS λmax (nm),AC-SINS Δλmax,3,0,12.2,14.53931,0.7329514272095388,0.2803902801078727,0.452561147101666
VIS_053,2,AC-SINS λmax (nm),AC-SINS Δλmax,3,1,10.8,11.76612,0.7329514272095388,0.2803902801078727,0.452561147101666
VIS_054,2,AC-SINS λmax (nm),AC-SINS Δλmax,3,2,10.4,12.671827,0.7329514272095388,0.2803902801078727,0.452561147101666
VIS_055,2,AC-SINS λmax (nm),AC-SINS Δλmax,3,3,17.8,33.166534,0.7329514272095388,0.2803902801078727,0.452561147101666
VIS_056,2,AC-SINS λmax (nm),AC-SINS Δλmax,3,4,9.1,10.13473,0.7329514272095388,0.2803902801078727,0.452561147101666
VIS_057,2,AC-SINS λmax (nm),AC-SINS Δλmax,3,5,40.0,30.88689,0.7329514272095388,0.2803902801078727,0.452561147101666
VIS_058,2,AC-SINS λmax (nm),AC-SINS Δλmax,3,6,10.8,10.9,0.7329514272095388,0.2803902801078727,0.452561147101666
VIS_059,2,AC-SINS λmax (nm),AC-SINS Δλmax,3,7,7.6,13.550727,0.7329514272095388,0.2803902801078727,0.452561147101666
VIS_060,2,AC-SINS λmax (nm),AC-SINS Δλmax,3,8,20.1,11.775045,0.7329514272095388,0.2803902801078727,0.452561147101666
VIS_061,2,AC-SINS λmax (nm),AC-SINS Δλmax,3,9,25.9,32.99193,0.7329514272095388,0.2803902801078727,0.452561147101666
VIS_062,2,AC-SINS λmax (nm),AC-SINS Δλmax,3,10,8.4,10.0,0.7329514272095388,0.2803902801078727,0.452561147101666
VIS_063,2,AC-SINS λmax (nm),AC-SINS Δλmax,3,11,12.6,14.25687,0.7329514272095388,0.2803902801078727,0.452561147101666
VIS_064,2,AC-SINS λmax (nm),AC-SINS Δλmax,3,12,30.1,32.918655,0.7329514272095388,0.2803902801078727,0.452561147101666
VIS_065,2,AC-SINS λmax (nm),AC-SINS Δλmax,3,13,25.6,22.7,0.7329514272095388,0.2803902801078727,0.452561147101666
VIS_066,2,AC-SINS λmax (nm),AC-SINS Δλmax,3,14,15.0,13.597547,0.7329514272095388,0.2803902801078727,0.452561147101666
VIS_067,2,AC-SINS λmax (nm),AC-SINS Δλmax,3,15,9.9,13.791198,0.7329514272095388,0.2803902801078727,0.452561147101666
VIS_068,2,AC-SINS λmax (nm),AC-SINS Δλmax,3,16,42.1,19.465366,0.7329514272095388,0.2803902801078727,0.452561147101666
VIS_069,2,AC-SINS λmax (nm),AC-SINS Δλmax,3,17,16.8,10.5,0.7329514272095388,0.2803902801078727,0.452561147101666
VIS_070,2,AC-SINS λmax (nm),AC-SINS Δλmax,3,18,13.8,17.6,0.7329514272095388,0.2803902801078727,0.452561147101666
VIS_071,2,AC-SINS λmax (nm),AC-SINS Δλmax,3,19,13.9,12.1,0.7329514272095388,0.2803902801078727,0.452561147101666
VIS_072,2,AC-SINS λmax (nm),AC-SINS Δλmax,3,20,11.9,10.533738,0.7329514272095388,0.2803902801078727,0.452561147101666
VIS_073,2,AC-SINS λmax (nm),AC-SINS Δλmax,3,21,11.4,17.6,0.7329514272095388,0.2803902801078727,0.452561147101666
VIS_074,2,AC-SINS λmax (nm),AC-SINS Δλmax,3,22,15.2,32.96211,0.7329514272095388,0.2803902801078727,0.452561147101666
VIS_052,2,AC-SINS λmax (nm),AC-SINS Δλmax,4,0,12.2,12.4,0.7329514272095388,0.5417889300678973,0.1911624971416414
VIS_053,2,AC-SINS λmax (nm),AC-SINS Δλmax,4,1,10.8,10.3,0.7329514272095388,0.5417889300678973,0.1911624971416414
VIS_054,2,AC-SINS λmax (nm),AC-SINS Δλmax,4,2,10.4,12.61846,0.7329514272095388,0.5417889300678973,0.1911624971416414
VIS_055,2,AC-SINS λmax (nm),AC-SINS Δλmax,4,3,17.8,21.7,0.7329514272095388,0.5417889300678973,0.1911624971416414
VIS_056,2,AC-SINS λmax (nm),AC-SINS Δλmax,4,4,9.1,11.098222,0.7329514272095388,0.5417889300678973,0.1911624971416414
VIS_057,2,AC-SINS λmax (nm),AC-SINS Δλmax,4,5,40.0,30.88689,0.7329514272095388,0.5417889300678973,0.1911624971416414
VIS_058,2,AC-SINS λmax (nm),AC-SINS Δλmax,4,6,10.8,10.9,0.7329514272095388,0.5417889300678973,0.1911624971416414
VIS_059,2,AC-SINS λmax (nm),AC-SINS Δλmax,4,7,7.6,13.550727,0.7329514272095388,0.5417889300678973,0.1911624971416414
VIS_060,2,AC-SINS λmax (nm),AC-SINS Δλmax,4,8,20.1,19.684172,0.7329514272095388,0.5417889300678973,0.1911624971416414
VIS_061,2,AC-SINS λmax (nm),AC-SINS Δλmax,4,9,25.9,21.351921,0.7329514272095388,0.5417889300678973,0.1911624971416414
VIS_062,2,AC-SINS λmax (nm),AC-SINS Δλmax,4,10,8.4,11.796956,0.7329514272095388,0.5417889300678973,0.1911624971416414
VIS_063,2,AC-SINS λmax (nm),AC-SINS Δλmax,4,11,12.6,14.25687,0.7329514272095388,0.5417889300678973,0.1911624971416414
VIS_064,2,AC-SINS λmax (nm),AC-SINS Δλmax,4,12,30.1,33.136105,0.7329514272095388,0.5417889300678973,0.1911624971416414
VIS_065,2,AC-SINS λmax (nm),AC-SINS Δλmax,4,13,25.6,23.837229,0.7329514272095388,0.5417889300678973,0.1911624971416414
VIS_066,2,AC-SINS λmax (nm),AC-SINS Δλmax,4,14,15.0,16.539669,0.7329514272095388,0.5417889300678973,0.1911624971416414
VIS_067,2,AC-SINS λmax (nm),AC-SINS Δλmax,4,15,9.9,10.5,0.7329514272095388,0.5417889300678973,0.1911624971416414
VIS_068,2,AC-SINS λmax (nm),AC-SINS Δλmax,4,16,42.1,19.465366,0.7329514272095388,0.5417889300678973,0.1911624971416414
VIS_069,2,AC-SINS λmax (nm),AC-SINS Δλmax,4,17,16.8,10.5,0.7329514272095388,0.5417889300678973,0.1911624971416414
VIS_070,2,AC-SINS λmax (nm),AC-SINS Δλmax,4,18,13.8,24.033058,0.7329514272095388,0.5417889300678973,0.1911624971416414
VIS_071,2,AC-SINS λmax (nm),AC-SINS Δλmax,4,19,13.9,10.9,0.7329514272095388,0.5417889300678973,0.1911624971416414
VIS_072,2,AC-SINS λmax (nm),AC-SINS Δλmax,4,20,11.9,11.7,0.7329514272095388,0.5417889300678973,0.1911624971416414
VIS_073,2,AC-SINS λmax (nm),AC-SINS Δλmax,4,21,11.4,19.46063,0.7329514272095388,0.5417889300678973,0.1911624971416414
VIS_074,2,AC-SINS λmax (nm),AC-SINS Δλmax,4,22,15.2,14.8,0.7329514272095388,0.5417889300678973,0.1911624971416414
VIS_052,2,AC-SINS λmax (nm),AC-SINS Δλmax,5,0,12.2,14.6,0.7329514272095388,0.6512374300470953,0.0817139971624434
VIS_053,2,AC-SINS λmax (nm),AC-SINS Δλmax,5,1,10.8,11.72846,0.7329514272095388,0.6512374300470953,0.0817139971624434
VIS_054,2,AC-SINS λmax (nm),AC-SINS Δλmax,5,2,10.4,13.201427,0.7329514272095388,0.6512374300470953,0.0817139971624434
VIS_055,2,AC-SINS λmax (nm),AC-SINS Δλmax,5,3,17.8,33.20445,0.7329514272095388,0.6512374300470953,0.0817139971624434
VIS_056,2,AC-SINS λmax (nm),AC-SINS Δλmax,5,4,9.1,10.6,0.7329514272095388,0.6512374300470953,0.0817139971624434
VIS_057,2,AC-SINS λmax (nm),AC-SINS Δλmax,5,5,40.0,45.034336,0.7329514272095388,0.6512374300470953,0.0817139971624434
VIS_058,2,AC-SINS λmax (nm),AC-SINS Δλmax,5,6,10.8,10.455034,0.7329514272095388,0.6512374300470953,0.0817139971624434
VIS_059,2,AC-SINS λmax (nm),AC-SINS Δλmax,5,7,7.6,10.3,0.7329514272095388,0.6512374300470953,0.0817139971624434
VIS_060,2,AC-SINS λmax (nm),AC-SINS Δλmax,5,8,20.1,21.7,0.7329514272095388,0.6512374300470953,0.0817139971624434
VIS_061,2,AC-SINS λmax (nm),AC-SINS Δλmax,5,9,25.9,21.351921,0.7329514272095388,0.6512374300470953,0.0817139971624434
VIS_062,2,AC-SINS λmax (nm),AC-SINS Δλmax,5,10,8.4,12.1,0.7329514272095388,0.6512374300470953,0.0817139971624434
VIS_063,2,AC-SINS λmax (nm),AC-SINS Δλmax,5,11,12.6,13.271211,0.7329514272095388,0.6512374300470953,0.0817139971624434
VIS_064,2,AC-SINS λmax (nm),AC-SINS Δλmax,5,12,30.1,33.213505,0.7329514272095388,0.6512374300470953,0.0817139971624434
VIS_065,2,AC-SINS λmax (nm),AC-SINS Δλmax,5,13,25.6,23.837229,0.7329514272095388,0.6512374300470953,0.0817139971624434
VIS_066,2,AC-SINS λmax (nm),AC-SINS Δλmax,5,14,15.0,12.82347,0.7329514272095388,0.6512374300470953,0.0817139971624434
VIS_067,2,AC-SINS λmax (nm),AC-SINS Δλmax,5,15,9.9,10.6,0.7329514272095388,0.6512374300470953,0.0817139971624434
VIS_068,2,AC-SINS λmax (nm),AC-SINS Δλmax,5,16,42.1,29.299776,0.7329514272095388,0.6512374300470953,0.0817139971624434
VIS_069,2,AC-SINS λmax (nm),AC-SINS Δλmax,5,17,16.8,10.5,0.7329514272095388,0.6512374300470953,0.0817139971624434
VIS_070,2,AC-SINS λmax (nm),AC-SINS Δλmax,5,18,13.8,22.7,0.7329514272095388,0.6512374300470953,0.0817139971624434
VIS_071,2,AC-SINS λmax (nm),AC-SINS Δλmax,5,19,13.9,10.3,0.7329514272095388,0.6512374300470953,0.0817139971624434
VIS_072,2,AC-SINS λmax (nm),AC-SINS Δλmax,5,20,11.9,11.878342,0.7329514272095388,0.6512374300470953,0.0817139971624434
VIS_073,2,AC-SINS λmax (nm),AC-SINS Δλmax,5,21,11.4,19.46063,0.7329514272095388,0.6512374300470953,0.0817139971624434
VIS_074,2,AC-SINS λmax (nm),AC-SINS Δλmax,5,22,15.2,15.84774,0.7329514272095388,0.6512374300470953,0.0817139971624434
VIS_052,2,AC-SINS λmax (nm),AC-SINS Δλmax,6,0,12.2,10.466258,0.7329514272095388,0.7262178319539727,0.006733595255566
VIS_053,2,AC-SINS λmax (nm),AC-SINS Δλmax,6,1,10.8,10.4,0.7329514272095388,0.7262178319539727,0.006733595255566
VIS_054,2,AC-SINS λmax (nm),AC-SINS Δλmax,6,2,10.4,14.142962,0.7329514272095388,0.7262178319539727,0.006733595255566
VIS_055,2,AC-SINS λmax (nm),AC-SINS Δλmax,6,3,17.8,33.02797,0.7329514272095388,0.7262178319539727,0.006733595255566
VIS_056,2,AC-SINS λmax (nm),AC-SINS Δλmax,6,4,9.1,10.13473,0.7329514272095388,0.7262178319539727,0.006733595255566
VIS_057,2,AC-SINS λmax (nm),AC-SINS Δλmax,6,5,40.0,45.0,0.7329514272095388,0.7262178319539727,0.006733595255566
VIS_058,2,AC-SINS λmax (nm),AC-SINS Δλmax,6,6,10.8,10.872535,0.7329514272095388,0.7262178319539727,0.006733595255566
VIS_059,2,AC-SINS λmax (nm),AC-SINS Δλmax,6,7,7.6,10.3,0.7329514272095388,0.7262178319539727,0.006733595255566
VIS_060,2,AC-SINS λmax (nm),AC-SINS Δλmax,6,8,20.1,21.7,0.7329514272095388,0.7262178319539727,0.006733595255566
VIS_061,2,AC-SINS λmax (nm),AC-SINS Δλmax,6,9,25.9,32.462765,0.7329514272095388,0.7262178319539727,0.006733595255566
VIS_062,2,AC-SINS λmax (nm),AC-SINS Δλmax,6,10,8.4,11.7,0.7329514272095388,0.7262178319539727,0.006733595255566
VIS_063,2,AC-SINS λmax (nm),AC-SINS Δλmax,6,11,12.6,14.25687,0.7329514272095388,0.7262178319539727,0.006733595255566
VIS_064,2,AC-SINS λmax (nm),AC-SINS Δλmax,6,12,30.1,22.442337,0.7329514272095388,0.7262178319539727,0.006733595255566
VIS_065,2,AC-SINS λmax (nm),AC-SINS Δλmax,6,13,25.6,26.670229,0.7329514272095388,0.7262178319539727,0.006733595255566
VIS_066,2,AC-SINS λmax (nm),AC-SINS Δλmax,6,14,15.0,10.9,0.7329514272095388,0.7262178319539727,0.006733595255566
VIS_067,2,AC-SINS λmax (nm),AC-SINS Δλmax,6,15,9.9,14.6,0.7329514272095388,0.7262178319539727,0.006733595255566
VIS_068,2,AC-SINS λmax (nm),AC-SINS Δλmax,6,16,42.1,33.429893,0.7329514272095388,0.7262178319539727,0.006733595255566
VIS_069,2,AC-SINS λmax (nm),AC-SINS Δλmax,6,17,16.8,14.6,0.7329514272095388,0.7262178319539727,0.006733595255566
VIS_070,2,AC-SINS λmax (nm),AC-SINS Δλmax,6,18,13.8,17.505562,0.7329514272095388,0.7262178319539727,0.006733595255566
VIS_071,2,AC-SINS λmax (nm),AC-SINS Δλmax,6,19,13.9,11.7,0.7329514272095388,0.7262178319539727,0.006733595255566
VIS_072,2,AC-SINS λmax (nm),AC-SINS Δλmax,6,20,11.9,11.878342,0.7329514272095388,0.7262178319539727,0.006733595255566
VIS_073,2,AC-SINS λmax (nm),AC-SINS Δλmax,6,21,11.4,15.0,0.7329514272095388,0.7262178319539727,0.006733595255566
VIS_074,2,AC-SINS λmax (nm),AC-SINS Δλmax,6,22,15.2,14.8,0.7329514272095388,0.7262178319539727,0.006733595255566
VIS_052,2,AC-SINS λmax (nm),AC-SINS Δλmax,7,0,12.2,10.841453,0.7329514272095388,0.78209342877571,-0.0491420015661712
VIS_053,2,AC-SINS λmax (nm),AC-SINS Δλmax,7,1,10.8,11.564073,0.7329514272095388,0.78209342877571,-0.0491420015661712
VIS_054,2,AC-SINS λmax (nm),AC-SINS Δλmax,7,2,10.4,14.8,0.7329514272095388,0.78209342877571,-0.0491420015661712
VIS_055,2,AC-SINS λmax (nm),AC-SINS Δλmax,7,3,17.8,21.2,0.7329514272095388,0.78209342877571,-0.0491420015661712
VIS_056,2,AC-SINS λmax (nm),AC-SINS Δλmax,7,4,9.1,9.4,0.7329514272095388,0.78209342877571,-0.0491420015661712
VIS_057,2,AC-SINS λmax (nm),AC-SINS Δλmax,7,5,40.0,45.11183,0.7329514272095388,0.78209342877571,-0.0491420015661712
VIS_058,2,AC-SINS λmax (nm),AC-SINS Δλmax,7,6,10.8,10.3,0.7329514272095388,0.78209342877571,-0.0491420015661712
VIS_059,2,AC-SINS λmax (nm),AC-SINS Δλmax,7,7,7.6,11.72997,0.7329514272095388,0.78209342877571,-0.0491420015661712
VIS_060,2,AC-SINS λmax (nm),AC-SINS Δλmax,7,8,20.1,12.485213,0.7329514272095388,0.78209342877571,-0.0491420015661712
VIS_061,2,AC-SINS λmax (nm),AC-SINS Δλmax,7,9,25.9,32.462765,0.7329514272095388,0.78209342877571,-0.0491420015661712
VIS_062,2,AC-SINS λmax (nm),AC-SINS Δλmax,7,10,8.4,11.7,0.7329514272095388,0.78209342877571,-0.0491420015661712
VIS_063,2,AC-SINS λmax (nm),AC-SINS Δλmax,7,11,12.6,17.1,0.7329514272095388,0.78209342877571,-0.0491420015661712
VIS_064,2,AC-SINS λmax (nm),AC-SINS Δλmax,7,12,30.1,33.15701,0.7329514272095388,0.78209342877571,-0.0491420015661712
VIS_065,2,AC-SINS λmax (nm),AC-SINS Δλmax,7,13,25.6,27.433094,0.7329514272095388,0.78209342877571,-0.0491420015661712
VIS_066,2,AC-SINS λmax (nm),AC-SINS Δλmax,7,14,15.0,16.539669,0.7329514272095388,0.78209342877571,-0.0491420015661712
VIS_067,2,AC-SINS λmax (nm),AC-SINS Δλmax,7,15,9.9,14.6,0.7329514272095388,0.78209342877571,-0.0491420015661712
VIS_068,2,AC-SINS λmax (nm),AC-SINS Δλmax,7,16,42.1,33.54469,0.7329514272095388,0.78209342877571,-0.0491420015661712
VIS_069,2,AC-SINS λmax (nm),AC-SINS Δλmax,7,17,16.8,14.909966,0.7329514272095388,0.78209342877571,-0.0491420015661712
VIS_070,2,AC-SINS λmax (nm),AC-SINS Δλmax,7,18,13.8,24.256983,0.7329514272095388,0.78209342877571,-0.0491420015661712
VIS_071,2,AC-SINS λmax (nm),AC-SINS Δλmax,7,19,13.9,12.1,0.7329514272095388,0.78209342877571,-0.0491420015661712
VIS_072,2,AC-SINS λmax (nm),AC-SINS Δλmax,7,20,11.9,10.189198,0.7329514272095388,0.78209342877571,-0.0491420015661712
VIS_073,2,AC-SINS λmax (nm),AC-SINS Δλmax,7,21,11.4,12.087787,0.7329514272095388,0.78209342877571,-0.0491420015661712
VIS_074,2,AC-SINS λmax (nm),AC-SINS Δλmax,7,22,15.2,15.84774,0.7329514272095388,0.78209342877571,-0.0491420015661712
VIS_052,2,AC-SINS λmax (nm),AC-SINS Δλmax,8,0,12.2,13.1101,0.7329514272095388,0.379485387690462,0.3534660395190767
VIS_053,2,AC-SINS λmax (nm),AC-SINS Δλmax,8,1,10.8,10.0,0.7329514272095388,0.379485387690462,0.3534660395190767
VIS_054,2,AC-SINS λmax (nm),AC-SINS Δλmax,8,2,10.4,14.8,0.7329514272095388,0.379485387690462,0.3534660395190767
VIS_055,2,AC-SINS λmax (nm),AC-SINS Δλmax,8,3,17.8,32.272984,0.7329514272095388,0.379485387690462,0.3534660395190767
VIS_056,2,AC-SINS λmax (nm),AC-SINS Δλmax,8,4,9.1,11.688461,0.7329514272095388,0.379485387690462,0.3534660395190767
VIS_057,2,AC-SINS λmax (nm),AC-SINS Δλmax,8,5,40.0,30.88689,0.7329514272095388,0.379485387690462,0.3534660395190767
VIS_058,2,AC-SINS λmax (nm),AC-SINS Δλmax,8,6,10.8,10.3,0.7329514272095388,0.379485387690462,0.3534660395190767
VIS_059,2,AC-SINS λmax (nm),AC-SINS Δλmax,8,7,7.6,12.1,0.7329514272095388,0.379485387690462,0.3534660395190767
VIS_060,2,AC-SINS λmax (nm),AC-SINS Δλmax,8,8,20.1,21.7,0.7329514272095388,0.379485387690462,0.3534660395190767
VIS_061,2,AC-SINS λmax (nm),AC-SINS Δλmax,8,9,25.9,32.77272,0.7329514272095388,0.379485387690462,0.3534660395190767
VIS_062,2,AC-SINS λmax (nm),AC-SINS Δλmax,8,10,8.4,11.896794,0.7329514272095388,0.379485387690462,0.3534660395190767
VIS_063,2,AC-SINS λmax (nm),AC-SINS Δλmax,8,11,12.6,17.448858,0.7329514272095388,0.379485387690462,0.3534660395190767
VIS_064,2,AC-SINS λmax (nm),AC-SINS Δλmax,8,12,30.1,33.104614,0.7329514272095388,0.379485387690462,0.3534660395190767
VIS_065,2,AC-SINS λmax (nm),AC-SINS Δλmax,8,13,25.6,12.325249,0.7329514272095388,0.379485387690462,0.3534660395190767
VIS_066,2,AC-SINS λmax (nm),AC-SINS Δλmax,8,14,15.0,12.82347,0.7329514272095388,0.379485387690462,0.3534660395190767
VIS_067,2,AC-SINS λmax (nm),AC-SINS Δλmax,8,15,9.9,12.097787,0.7329514272095388,0.379485387690462,0.3534660395190767
VIS_068,2,AC-SINS λmax (nm),AC-SINS Δλmax,8,16,42.1,30.771048,0.7329514272095388,0.379485387690462,0.3534660395190767
VIS_069,2,AC-SINS λmax (nm),AC-SINS Δλmax,8,17,16.8,11.7,0.7329514272095388,0.379485387690462,0.3534660395190767
VIS_070,2,AC-SINS λmax (nm),AC-SINS Δλmax,8,18,13.8,24.083418,0.7329514272095388,0.379485387690462,0.3534660395190767
VIS_071,2,AC-SINS λmax (nm),AC-SINS Δλmax,8,19,13.9,10.744138,0.7329514272095388,0.379485387690462,0.3534660395190767
VIS_072,2,AC-SINS λmax (nm),AC-SINS Δλmax,8,20,11.9,12.023269,0.7329514272095388,0.379485387690462,0.3534660395190767
VIS_073,2,AC-SINS λmax (nm),AC-SINS Δλmax,8,21,11.4,18.496307,0.7329514272095388,0.379485387690462,0.3534660395190767
VIS_074,2,AC-SINS λmax (nm),AC-SINS Δλmax,8,22,15.2,32.805332,0.7329514272095388,0.379485387690462,0.3534660395190767
VIS_052,2,AC-SINS λmax (nm),AC-SINS Δλmax,9,0,12.2,14.8,0.7329514272095388,0.4926146045075446,0.2403368227019942
VIS_053,2,AC-SINS λmax (nm),AC-SINS Δλmax,9,1,10.8,11.8843355,0.7329514272095388,0.4926146045075446,0.2403368227019942
VIS_054,2,AC-SINS λmax (nm),AC-SINS Δλmax,9,2,10.4,14.8,0.7329514272095388,0.4926146045075446,0.2403368227019942
VIS_055,2,AC-SINS λmax (nm),AC-SINS Δλmax,9,3,17.8,33.166534,0.7329514272095388,0.4926146045075446,0.2403368227019942
VIS_056,2,AC-SINS λmax (nm),AC-SINS Δλmax,9,4,9.1,10.3,0.7329514272095388,0.4926146045075446,0.2403368227019942
VIS_057,2,AC-SINS λmax (nm),AC-SINS Δλmax,9,5,40.0,45.11183,0.7329514272095388,0.4926146045075446,0.2403368227019942
VIS_058,2,AC-SINS λmax (nm),AC-SINS Δλmax,9,6,10.8,10.9,0.7329514272095388,0.4926146045075446,0.2403368227019942
VIS_059,2,AC-SINS λmax (nm),AC-SINS Δλmax,9,7,7.6,12.4,0.7329514272095388,0.4926146045075446,0.2403368227019942
VIS_060,2,AC-SINS λmax (nm),AC-SINS Δλmax,9,8,20.1,21.2,0.7329514272095388,0.4926146045075446,0.2403368227019942
VIS_061,2,AC-SINS λmax (nm),AC-SINS Δλmax,9,9,25.9,32.983234,0.7329514272095388,0.4926146045075446,0.2403368227019942
VIS_062,2,AC-SINS λmax (nm),AC-SINS Δλmax,9,10,8.4,11.7,0.7329514272095388,0.4926146045075446,0.2403368227019942
VIS_063,2,AC-SINS λmax (nm),AC-SINS Δλmax,9,11,12.6,14.25687,0.7329514272095388,0.4926146045075446,0.2403368227019942
VIS_064,2,AC-SINS λmax (nm),AC-SINS Δλmax,9,12,30.1,31.017382,0.7329514272095388,0.4926146045075446,0.2403368227019942
VIS_065,2,AC-SINS λmax (nm),AC-SINS Δλmax,9,13,25.6,29.428316,0.7329514272095388,0.4926146045075446,0.2403368227019942
VIS_066,2,AC-SINS λmax (nm),AC-SINS Δλmax,9,14,15.0,11.988503,0.7329514272095388,0.4926146045075446,0.2403368227019942
VIS_067,2,AC-SINS λmax (nm),AC-SINS Δλmax,9,15,9.9,10.6,0.7329514272095388,0.4926146045075446,0.2403368227019942
VIS_068,2,AC-SINS λmax (nm),AC-SINS Δλmax,9,16,42.1,29.299776,0.7329514272095388,0.4926146045075446,0.2403368227019942
VIS_069,2,AC-SINS λmax (nm),AC-SINS Δλmax,9,17,16.8,13.8,0.7329514272095388,0.4926146045075446,0.2403368227019942
VIS_070,2,AC-SINS λmax (nm),AC-SINS Δλmax,9,18,13.8,24.256983,0.7329514272095388,0.4926146045075446,0.2403368227019942
VIS_071,2,AC-SINS λmax (nm),AC-SINS Δλmax,9,19,13.9,10.3,0.7329514272095388,0.4926146045075446,0.2403368227019942
VIS_072,2,AC-SINS λmax (nm),AC-SINS Δλmax,9,20,11.9,10.917042,0.7329514272095388,0.4926146045075446,0.2403368227019942
VIS_073,2,AC-SINS λmax (nm),AC-SINS Δλmax,9,21,11.4,15.0,0.7329514272095388,0.4926146045075446,0.2403368227019942
VIS_074,2,AC-SINS λmax (nm),AC-SINS Δλmax,9,22,15.2,32.805332,0.7329514272095388,0.4926146045075446,0.2403368227019942
VIS_052,2,AC-SINS λmax (nm),AC-SINS Δλmax,10,0,12.2,14.8,0.7329514272095388,0.5799907169814862,0.1529607102280525
VIS_053,2,AC-SINS λmax (nm),AC-SINS Δλmax,10,1,10.8,10.389911,0.7329514272095388,0.5799907169814862,0.1529607102280525
VIS_054,2,AC-SINS λmax (nm),AC-SINS Δλmax,10,2,10.4,12.918285,0.7329514272095388,0.5799907169814862,0.1529607102280525
VIS_055,2,AC-SINS λmax (nm),AC-SINS Δλmax,10,3,17.8,21.7,0.7329514272095388,0.5799907169814862,0.1529607102280525
VIS_056,2,AC-SINS λmax (nm),AC-SINS Δλmax,10,4,9.1,10.79149,0.7329514272095388,0.5799907169814862,0.1529607102280525
VIS_057,2,AC-SINS λmax (nm),AC-SINS Δλmax,10,5,40.0,45.0,0.7329514272095388,0.5799907169814862,0.1529607102280525
VIS_058,2,AC-SINS λmax (nm),AC-SINS Δλmax,10,6,10.8,10.500964,0.7329514272095388,0.5799907169814862,0.1529607102280525
VIS_059,2,AC-SINS λmax (nm),AC-SINS Δλmax,10,7,7.6,10.3,0.7329514272095388,0.5799907169814862,0.1529607102280525
VIS_060,2,AC-SINS λmax (nm),AC-SINS Δλmax,10,8,20.1,12.485213,0.7329514272095388,0.5799907169814862,0.1529607102280525
VIS_061,2,AC-SINS λmax (nm),AC-SINS Δλmax,10,9,25.9,32.961437,0.7329514272095388,0.5799907169814862,0.1529607102280525
VIS_062,2,AC-SINS λmax (nm),AC-SINS Δλmax,10,10,8.4,12.4,0.7329514272095388,0.5799907169814862,0.1529607102280525
VIS_063,2,AC-SINS λmax (nm),AC-SINS Δλmax,10,11,12.6,13.271211,0.7329514272095388,0.5799907169814862,0.1529607102280525
VIS_064,2,AC-SINS λmax (nm),AC-SINS Δλmax,10,12,30.1,22.442337,0.7329514272095388,0.5799907169814862,0.1529607102280525
VIS_065,2,AC-SINS λmax (nm),AC-SINS Δλmax,10,13,25.6,15.0,0.7329514272095388,0.5799907169814862,0.1529607102280525
VIS_066,2,AC-SINS λmax (nm),AC-SINS Δλmax,10,14,15.0,15.3,0.7329514272095388,0.5799907169814862,0.1529607102280525
VIS_067,2,AC-SINS λmax (nm),AC-SINS Δλmax,10,15,9.9,14.6,0.7329514272095388,0.5799907169814862,0.1529607102280525
VIS_068,2,AC-SINS λmax (nm),AC-SINS Δλmax,10,16,42.1,32.62309,0.7329514272095388,0.5799907169814862,0.1529607102280525
VIS_069,2,AC-SINS λmax (nm),AC-SINS Δλmax,10,17,16.8,14.6,0.7329514272095388,0.5799907169814862,0.1529607102280525
VIS_070,2,AC-SINS λmax (nm),AC-SINS Δλmax,10,18,13.8,23.850912,0.7329514272095388,0.5799907169814862,0.1529607102280525
VIS_071,2,AC-SINS λmax (nm),AC-SINS Δλmax,10,19,13.9,11.7073555,0.7329514272095388,0.5799907169814862,0.1529607102280525
VIS_072,2,AC-SINS λmax (nm),AC-SINS Δλmax,10,20,11.9,9.780825,0.7329514272095388,0.5799907169814862,0.1529607102280525
VIS_073,2,AC-SINS λmax (nm),AC-SINS Δλmax,10,21,11.4,19.46063,0.7329514272095388,0.5799907169814862,0.1529607102280525
VIS_074,2,AC-SINS λmax (nm),AC-SINS Δλmax,10,22,15.2,29.193193,0.7329514272095388,0.5799907169814862,0.1529607102280525
VIS_052,2,SE-UHPLC Main Peak FWHM (min),SE-UHPLC FWHM,1,0,12.2,10.9,0.7329514272095388,0.6373692156585156,0.0955822115510232
VIS_053,2,SE-UHPLC Main Peak FWHM (min),SE-UHPLC FWHM,1,1,10.8,10.9,0.7329514272095388,0.6373692156585156,0.0955822115510232
VIS_054,2,SE-UHPLC Main Peak FWHM (min),SE-UHPLC FWHM,1,2,10.4,19.38277,0.7329514272095388,0.6373692156585156,0.0955822115510232
VIS_055,2,SE-UHPLC Main Peak FWHM (min),SE-UHPLC FWHM,1,3,17.8,21.396862,0.7329514272095388,0.6373692156585156,0.0955822115510232
VIS_056,2,SE-UHPLC Main Peak FWHM (min),SE-UHPLC FWHM,1,4,9.1,10.9,0.7329514272095388,0.6373692156585156,0.0955822115510232
VIS_057,2,SE-UHPLC Main Peak FWHM (min),SE-UHPLC FWHM,1,5,40.0,45.9,0.7329514272095388,0.6373692156585156,0.0955822115510232
VIS_058,2,SE-UHPLC Main Peak FWHM (min),SE-UHPLC FWHM,1,6,10.8,10.750161,0.7329514272095388,0.6373692156585156,0.0955822115510232
VIS_059,2,SE-UHPLC Main Peak FWHM (min),SE-UHPLC FWHM,1,7,7.6,10.9,0.7329514272095388,0.6373692156585156,0.0955822115510232
VIS_060,2,SE-UHPLC Main Peak FWHM (min),SE-UHPLC FWHM,1,8,20.1,21.556978,0.7329514272095388,0.6373692156585156,0.0955822115510232
VIS_061,2,SE-UHPLC Main Peak FWHM (min),SE-UHPLC FWHM,1,9,25.9,19.628016,0.7329514272095388,0.6373692156585156,0.0955822115510232
VIS_062,2,SE-UHPLC Main Peak FWHM (min),SE-UHPLC FWHM,1,10,8.4,11.86924,0.7329514272095388,0.6373692156585156,0.0955822115510232
VIS_063,2,SE-UHPLC Main Peak FWHM (min),SE-UHPLC FWHM,1,11,12.6,10.4968405,0.7329514272095388,0.6373692156585156,0.0955822115510232
VIS_064,2,SE-UHPLC Main Peak FWHM (min),SE-UHPLC FWHM,1,12,30.1,17.6,0.7329514272095388,0.6373692156585156,0.0955822115510232
VIS_065,2,SE-UHPLC Main Peak FWHM (min),SE-UHPLC FWHM,1,13,25.6,29.558147,0.7329514272095388,0.6373692156585156,0.0955822115510232
VIS_066,2,SE-UHPLC Main Peak FWHM (min),SE-UHPLC FWHM,1,14,15.0,12.80479,0.7329514272095388,0.6373692156585156,0.0955822115510232
VIS_067,2,SE-UHPLC Main Peak FWHM (min),SE-UHPLC FWHM,1,15,9.9,10.540124,0.7329514272095388,0.6373692156585156,0.0955822115510232
VIS_068,2,SE-UHPLC Main Peak FWHM (min),SE-UHPLC FWHM,1,16,42.1,43.91995,0.7329514272095388,0.6373692156585156,0.0955822115510232
VIS_069,2,SE-UHPLC Main Peak FWHM (min),SE-UHPLC FWHM,1,17,16.8,14.615146,0.7329514272095388,0.6373692156585156,0.0955822115510232
VIS_070,2,SE-UHPLC Main Peak FWHM (min),SE-UHPLC FWHM,1,18,13.8,15.203406,0.7329514272095388,0.6373692156585156,0.0955822115510232
VIS_071,2,SE-UHPLC Main Peak FWHM (min),SE-UHPLC FWHM,1,19,13.9,12.072975,0.7329514272095388,0.6373692156585156,0.0955822115510232
VIS_072,2,SE-UHPLC Main Peak FWHM (min),SE-UHPLC FWHM,1,20,11.9,10.917042,0.7329514272095388,0.6373692156585156,0.0955822115510232
VIS_073,2,SE-UHPLC Main Peak FWHM (min),SE-UHPLC FWHM,1,21,11.4,14.6,0.7329514272095388,0.6373692156585156,0.0955822115510232
VIS_074,2,SE-UHPLC Main Peak FWHM (min),SE-UHPLC FWHM,1,22,15.2,33.291847,0.7329514272095388,0.6373692156585156,0.0955822115510232
VIS_052,2,SE-UHPLC Main Peak FWHM (min),SE-UHPLC FWHM,2,0,12.2,10.6,0.7329514272095388,0.8624162599912444,-0.1294648327817056
VIS_053,2,SE-UHPLC Main Peak FWHM (min),SE-UHPLC FWHM,2,1,10.8,10.9,0.7329514272095388,0.8624162599912444,-0.1294648327817056
VIS_054,2,SE-UHPLC Main Peak FWHM (min),SE-UHPLC FWHM,2,2,10.4,18.2734,0.7329514272095388,0.8624162599912444,-0.1294648327817056
VIS_055,2,SE-UHPLC Main Peak FWHM (min),SE-UHPLC FWHM,2,3,17.8,19.293114,0.7329514272095388,0.8624162599912444,-0.1294648327817056
VIS_056,2,SE-UHPLC Main Peak FWHM (min),SE-UHPLC FWHM,2,4,9.1,10.9,0.7329514272095388,0.8624162599912444,-0.1294648327817056
VIS_057,2,SE-UHPLC Main Peak FWHM (min),SE-UHPLC FWHM,2,5,40.0,45.9,0.7329514272095388,0.8624162599912444,-0.1294648327817056
VIS_058,2,SE-UHPLC Main Peak FWHM (min),SE-UHPLC FWHM,2,6,10.8,10.420911,0.7329514272095388,0.8624162599912444,-0.1294648327817056
VIS_059,2,SE-UHPLC Main Peak FWHM (min),SE-UHPLC FWHM,2,7,7.6,10.5,0.7329514272095388,0.8624162599912444,-0.1294648327817056
VIS_060,2,SE-UHPLC Main Peak FWHM (min),SE-UHPLC FWHM,2,8,20.1,21.7,0.7329514272095388,0.8624162599912444,-0.1294648327817056
VIS_061,2,SE-UHPLC Main Peak FWHM (min),SE-UHPLC FWHM,2,9,25.9,20.014427,0.7329514272095388,0.8624162599912444,-0.1294648327817056
VIS_062,2,SE-UHPLC Main Peak FWHM (min),SE-UHPLC FWHM,2,10,8.4,11.8424015,0.7329514272095388,0.8624162599912444,-0.1294648327817056
VIS_063,2,SE-UHPLC Main Peak FWHM (min),SE-UHPLC FWHM,2,11,12.6,10.5,0.7329514272095388,0.8624162599912444,-0.1294648327817056
VIS_064,2,SE-UHPLC Main Peak FWHM (min),SE-UHPLC FWHM,2,12,30.1,29.899199,0.7329514272095388,0.8624162599912444,-0.1294648327817056
VIS_065,2,SE-UHPLC Main Peak FWHM (min),SE-UHPLC FWHM,2,13,25.6,29.572735,0.7329514272095388,0.8624162599912444,-0.1294648327817056
VIS_066,2,SE-UHPLC Main Peak FWHM (min),SE-UHPLC FWHM,2,14,15.0,12.270067,0.7329514272095388,0.8624162599912444,-0.1294648327817056
VIS_067,2,SE-UHPLC Main Peak FWHM (min),SE-UHPLC FWHM,2,15,9.9,10.6,0.7329514272095388,0.8624162599912444,-0.1294648327817056
VIS_068,2,SE-UHPLC Main Peak FWHM (min),SE-UHPLC FWHM,2,16,42.1,33.719402,0.7329514272095388,0.8624162599912444,-0.1294648327817056
VIS_069,2,SE-UHPLC Main Peak FWHM (min),SE-UHPLC FWHM,2,17,16.8,14.7253275,0.7329514272095388,0.8624162599912444,-0.1294648327817056
VIS_070,2,SE-UHPLC Main Peak FWHM (min),SE-UHPLC FWHM,2,18,13.8,15.117531,0.7329514272095388,0.8624162599912444,-0.1294648327817056
VIS_071,2,SE-UHPLC Main Peak FWHM (min),SE-UHPLC FWHM,2,19,13.9,13.424891,0.7329514272095388,0.8624162599912444,-0.1294648327817056
VIS_072,2,SE-UHPLC Main Peak FWHM (min),SE-UHPLC FWHM,2,20,11.9,11.7,0.7329514272095388,0.8624162599912444,-0.1294648327817056
VIS_073,2,SE-UHPLC Main Peak FWHM (min),SE-UHPLC FWHM,2,21,11.4,14.6,0.7329514272095388,0.8624162599912444,-0.1294648327817056
VIS_074,2,SE-UHPLC Main Peak FWHM (min),SE-UHPLC FWHM,2,22,15.2,15.0,0.7329514272095388,0.8624162599912444,-0.1294648327817056
VIS_052,2,SE-UHPLC Main Peak FWHM (min),SE-UHPLC FWHM,3,0,12.2,10.6,0.7329514272095388,0.6808886907236531,0.0520627364858856
VIS_053,2,SE-UHPLC Main Peak FWHM (min),SE-UHPLC FWHM,3,1,10.8,11.884532,0.7329514272095388,0.6808886907236531,0.0520627364858856
VIS_054,2,SE-UHPLC Main Peak FWHM (min),SE-UHPLC FWHM,3,2,10.4,19.38277,0.7329514272095388,0.6808886907236531,0.0520627364858856
VIS_055,2,SE-UHPLC Main Peak FWHM (min),SE-UHPLC FWHM,3,3,17.8,21.2,0.7329514272095388,0.6808886907236531,0.0520627364858856
VIS_056,2,SE-UHPLC Main Peak FWHM (min),SE-UHPLC FWHM,3,4,9.1,10.6,0.7329514272095388,0.6808886907236531,0.0520627364858856
VIS_057,2,SE-UHPLC Main Peak FWHM (min),SE-UHPLC FWHM,3,5,40.0,45.9,0.7329514272095388,0.6808886907236531,0.0520627364858856
VIS_058,2,SE-UHPLC Main Peak FWHM (min),SE-UHPLC FWHM,3,6,10.8,10.9,0.7329514272095388,0.6808886907236531,0.0520627364858856
VIS_059,2,SE-UHPLC Main Peak FWHM (min),SE-UHPLC FWHM,3,7,7.6,10.9,0.7329514272095388,0.6808886907236531,0.0520627364858856
VIS_060,2,SE-UHPLC Main Peak FWHM (min),SE-UHPLC FWHM,3,8,20.1,21.7,0.7329514272095388,0.6808886907236531,0.0520627364858856
VIS_061,2,SE-UHPLC Main Peak FWHM (min),SE-UHPLC FWHM,3,9,25.9,19.746408,0.7329514272095388,0.6808886907236531,0.0520627364858856
VIS_062,2,SE-UHPLC Main Peak FWHM (min),SE-UHPLC FWHM,3,10,8.4,11.82183,0.7329514272095388,0.6808886907236531,0.0520627364858856
VIS_063,2,SE-UHPLC Main Peak FWHM (min),SE-UHPLC FWHM,3,11,12.6,10.9,0.7329514272095388,0.6808886907236531,0.0520627364858856
VIS_064,2,SE-UHPLC Main Peak FWHM (min),SE-UHPLC FWHM,3,12,30.1,28.30103,0.7329514272095388,0.6808886907236531,0.0520627364858856
VIS_065,2,SE-UHPLC Main Peak FWHM (min),SE-UHPLC FWHM,3,13,25.6,29.963917,0.7329514272095388,0.6808886907236531,0.0520627364858856
VIS_066,2,SE-UHPLC Main Peak FWHM (min),SE-UHPLC FWHM,3,14,15.0,13.597547,0.7329514272095388,0.6808886907236531,0.0520627364858856
VIS_067,2,SE-UHPLC Main Peak FWHM (min),SE-UHPLC FWHM,3,15,9.9,10.5,0.7329514272095388,0.6808886907236531,0.0520627364858856
VIS_068,2,SE-UHPLC Main Peak FWHM (min),SE-UHPLC FWHM,3,16,42.1,34.2,0.7329514272095388,0.6808886907236531,0.0520627364858856
VIS_069,2,SE-UHPLC Main Peak FWHM (min),SE-UHPLC FWHM,3,17,16.8,14.730577,0.7329514272095388,0.6808886907236531,0.0520627364858856
VIS_070,2,SE-UHPLC Main Peak FWHM (min),SE-UHPLC FWHM,3,18,13.8,17.6,0.7329514272095388,0.6808886907236531,0.0520627364858856
VIS_071,2,SE-UHPLC Main Peak FWHM (min),SE-UHPLC FWHM,3,19,13.9,13.424891,0.7329514272095388,0.6808886907236531,0.0520627364858856
VIS_072,2,SE-UHPLC Main Peak FWHM (min),SE-UHPLC FWHM,3,20,11.9,10.9,0.7329514272095388,0.6808886907236531,0.0520627364858856
VIS_073,2,SE-UHPLC Main Peak FWHM (min),SE-UHPLC FWHM,3,21,11.4,14.6,0.7329514272095388,0.6808886907236531,0.0520627364858856
VIS_074,2,SE-UHPLC Main Peak FWHM (min),SE-UHPLC FWHM,3,22,15.2,33.291847,0.7329514272095388,0.6808886907236531,0.0520627364858856
VIS_052,2,SE-UHPLC Main Peak FWHM (min),SE-UHPLC FWHM,4,0,12.2,10.6,0.7329514272095388,0.6981814220664626,0.0347700051430761
VIS_053,2,SE-UHPLC Main Peak FWHM (min),SE-UHPLC FWHM,4,1,10.8,11.7,0.7329514272095388,0.6981814220664626,0.0347700051430761
VIS_054,2,SE-UHPLC Main Peak FWHM (min),SE-UHPLC FWHM,4,2,10.4,20.229265,0.7329514272095388,0.6981814220664626,0.0347700051430761
VIS_055,2,SE-UHPLC Main Peak FWHM (min),SE-UHPLC FWHM,4,3,17.8,19.313496,0.7329514272095388,0.6981814220664626,0.0347700051430761
VIS_056,2,SE-UHPLC Main Peak FWHM (min),SE-UHPLC FWHM,4,4,9.1,10.9,0.7329514272095388,0.6981814220664626,0.0347700051430761
VIS_057,2,SE-UHPLC Main Peak FWHM (min),SE-UHPLC FWHM,4,5,40.0,45.9,0.7329514272095388,0.6981814220664626,0.0347700051430761
VIS_058,2,SE-UHPLC Main Peak FWHM (min),SE-UHPLC FWHM,4,6,10.8,10.9,0.7329514272095388,0.6981814220664626,0.0347700051430761
VIS_059,2,SE-UHPLC Main Peak FWHM (min),SE-UHPLC FWHM,4,7,7.6,10.9,0.7329514272095388,0.6981814220664626,0.0347700051430761
VIS_060,2,SE-UHPLC Main Peak FWHM (min),SE-UHPLC FWHM,4,8,20.1,21.310768,0.7329514272095388,0.6981814220664626,0.0347700051430761
VIS_061,2,SE-UHPLC Main Peak FWHM (min),SE-UHPLC FWHM,4,9,25.9,21.394392,0.7329514272095388,0.6981814220664626,0.0347700051430761
VIS_062,2,SE-UHPLC Main Peak FWHM (min),SE-UHPLC FWHM,4,10,8.4,11.858322,0.7329514272095388,0.6981814220664626,0.0347700051430761
VIS_063,2,SE-UHPLC Main Peak FWHM (min),SE-UHPLC FWHM,4,11,12.6,10.5,0.7329514272095388,0.6981814220664626,0.0347700051430761
VIS_064,2,SE-UHPLC Main Peak FWHM (min),SE-UHPLC FWHM,4,12,30.1,29.412355,0.7329514272095388,0.6981814220664626,0.0347700051430761
VIS_065,2,SE-UHPLC Main Peak FWHM (min),SE-UHPLC FWHM,4,13,25.6,29.549007,0.7329514272095388,0.6981814220664626,0.0347700051430761
VIS_066,2,SE-UHPLC Main Peak FWHM (min),SE-UHPLC FWHM,4,14,15.0,12.891537,0.7329514272095388,0.6981814220664626,0.0347700051430761
VIS_067,2,SE-UHPLC Main Peak FWHM (min),SE-UHPLC FWHM,4,15,9.9,10.5,0.7329514272095388,0.6981814220664626,0.0347700051430761
VIS_068,2,SE-UHPLC Main Peak FWHM (min),SE-UHPLC FWHM,4,16,42.1,34.2,0.7329514272095388,0.6981814220664626,0.0347700051430761
VIS_069,2,SE-UHPLC Main Peak FWHM (min),SE-UHPLC FWHM,4,17,16.8,14.7253275,0.7329514272095388,0.6981814220664626,0.0347700051430761
VIS_070,2,SE-UHPLC Main Peak FWHM (min),SE-UHPLC FWHM,4,18,13.8,15.0,0.7329514272095388,0.6981814220664626,0.0347700051430761
VIS_071,2,SE-UHPLC Main Peak FWHM (min),SE-UHPLC FWHM,4,19,13.9,12.128494,0.7329514272095388,0.6981814220664626,0.0347700051430761
VIS_072,2,SE-UHPLC Main Peak FWHM (min),SE-UHPLC FWHM,4,20,11.9,11.750993,0.7329514272095388,0.6981814220664626,0.0347700051430761
VIS_073,2,SE-UHPLC Main Peak FWHM (min),SE-UHPLC FWHM,4,21,11.4,14.403985,0.7329514272095388,0.6981814220664626,0.0347700051430761
VIS_074,2,SE-UHPLC Main Peak FWHM (min),SE-UHPLC FWHM,4,22,15.2,33.033894,0.7329514272095388,0.6981814220664626,0.0347700051430761
VIS_052,2,SE-UHPLC Main Peak FWHM (min),SE-UHPLC FWHM,5,0,12.2,10.705249,0.7329514272095388,0.4662496667648133,0.2667017604447255
VIS_053,2,SE-UHPLC Main Peak FWHM (min),SE-UHPLC FWHM,5,1,10.8,11.7,0.7329514272095388,0.4662496667648133,0.2667017604447255
VIS_054,2,SE-UHPLC Main Peak FWHM (min),SE-UHPLC FWHM,5,2,10.4,18.51555,0.7329514272095388,0.4662496667648133,0.2667017604447255
VIS_055,2,SE-UHPLC Main Peak FWHM (min),SE-UHPLC FWHM,5,3,17.8,20.408098,0.7329514272095388,0.4662496667648133,0.2667017604447255
VIS_056,2,SE-UHPLC Main Peak FWHM (min),SE-UHPLC FWHM,5,4,9.1,10.5,0.7329514272095388,0.4662496667648133,0.2667017604447255
VIS_057,2,SE-UHPLC Main Peak FWHM (min),SE-UHPLC FWHM,5,5,40.0,17.6,0.7329514272095388,0.4662496667648133,0.2667017604447255
VIS_058,2,SE-UHPLC Main Peak FWHM (min),SE-UHPLC FWHM,5,6,10.8,10.435694,0.7329514272095388,0.4662496667648133,0.2667017604447255
VIS_059,2,SE-UHPLC Main Peak FWHM (min),SE-UHPLC FWHM,5,7,7.6,10.9,0.7329514272095388,0.4662496667648133,0.2667017604447255
VIS_060,2,SE-UHPLC Main Peak FWHM (min),SE-UHPLC FWHM,5,8,20.1,21.7,0.7329514272095388,0.4662496667648133,0.2667017604447255
VIS_061,2,SE-UHPLC Main Peak FWHM (min),SE-UHPLC FWHM,5,9,25.9,21.351921,0.7329514272095388,0.4662496667648133,0.2667017604447255
VIS_062,2,SE-UHPLC Main Peak FWHM (min),SE-UHPLC FWHM,5,10,8.4,11.791693,0.7329514272095388,0.4662496667648133,0.2667017604447255
VIS_063,2,SE-UHPLC Main Peak FWHM (min),SE-UHPLC FWHM,5,11,12.6,10.521445,0.7329514272095388,0.4662496667648133,0.2667017604447255
VIS_064,2,SE-UHPLC Main Peak FWHM (min),SE-UHPLC FWHM,5,12,30.1,30.378605,0.7329514272095388,0.4662496667648133,0.2667017604447255
VIS_065,2,SE-UHPLC Main Peak FWHM (min),SE-UHPLC FWHM,5,13,25.6,29.549007,0.7329514272095388,0.4662496667648133,0.2667017604447255
VIS_066,2,SE-UHPLC Main Peak FWHM (min),SE-UHPLC FWHM,5,14,15.0,12.270067,0.7329514272095388,0.4662496667648133,0.2667017604447255
VIS_067,2,SE-UHPLC Main Peak FWHM (min),SE-UHPLC FWHM,5,15,9.9,10.5,0.7329514272095388,0.4662496667648133,0.2667017604447255
VIS_068,2,SE-UHPLC Main Peak FWHM (min),SE-UHPLC FWHM,5,16,42.1,34.2,0.7329514272095388,0.4662496667648133,0.2667017604447255
VIS_069,2,SE-UHPLC Main Peak FWHM (min),SE-UHPLC FWHM,5,17,16.8,14.730577,0.7329514272095388,0.4662496667648133,0.2667017604447255
VIS_070,2,SE-UHPLC Main Peak FWHM (min),SE-UHPLC FWHM,5,18,13.8,15.203406,0.7329514272095388,0.4662496667648133,0.2667017604447255
VIS_071,2,SE-UHPLC Main Peak FWHM (min),SE-UHPLC FWHM,5,19,13.9,12.072975,0.7329514272095388,0.4662496667648133,0.2667017604447255
VIS_072,2,SE-UHPLC Main Peak FWHM (min),SE-UHPLC FWHM,5,20,11.9,12.014904,0.7329514272095388,0.4662496667648133,0.2667017604447255
VIS_073,2,SE-UHPLC Main Peak FWHM (min),SE-UHPLC FWHM,5,21,11.4,14.403985,0.7329514272095388,0.4662496667648133,0.2667017604447255
VIS_074,2,SE-UHPLC Main Peak FWHM (min),SE-UHPLC FWHM,5,22,15.2,33.7006,0.7329514272095388,0.4662496667648133,0.2667017604447255
VIS_052,2,SE-UHPLC Main Peak FWHM (min),SE-UHPLC FWHM,6,0,12.2,10.774003,0.7329514272095388,0.6912476060589676,0.0417038211505711
VIS_053,2,SE-UHPLC Main Peak FWHM (min),SE-UHPLC FWHM,6,1,10.8,11.7,0.7329514272095388,0.6912476060589676,0.0417038211505711
VIS_054,2,SE-UHPLC Main Peak FWHM (min),SE-UHPLC FWHM,6,2,10.4,19.225153,0.7329514272095388,0.6912476060589676,0.0417038211505711
VIS_055,2,SE-UHPLC Main Peak FWHM (min),SE-UHPLC FWHM,6,3,17.8,19.208992,0.7329514272095388,0.6912476060589676,0.0417038211505711
VIS_056,2,SE-UHPLC Main Peak FWHM (min),SE-UHPLC FWHM,6,4,9.1,10.6,0.7329514272095388,0.6912476060589676,0.0417038211505711
VIS_057,2,SE-UHPLC Main Peak FWHM (min),SE-UHPLC FWHM,6,5,40.0,45.294945,0.7329514272095388,0.6912476060589676,0.0417038211505711
VIS_058,2,SE-UHPLC Main Peak FWHM (min),SE-UHPLC FWHM,6,6,10.8,10.516238,0.7329514272095388,0.6912476060589676,0.0417038211505711
VIS_059,2,SE-UHPLC Main Peak FWHM (min),SE-UHPLC FWHM,6,7,7.6,10.3,0.7329514272095388,0.6912476060589676,0.0417038211505711
VIS_060,2,SE-UHPLC Main Peak FWHM (min),SE-UHPLC FWHM,6,8,20.1,21.7,0.7329514272095388,0.6912476060589676,0.0417038211505711
VIS_061,2,SE-UHPLC Main Peak FWHM (min),SE-UHPLC FWHM,6,9,25.9,21.452717,0.7329514272095388,0.6912476060589676,0.0417038211505711
VIS_062,2,SE-UHPLC Main Peak FWHM (min),SE-UHPLC FWHM,6,10,8.4,11.858322,0.7329514272095388,0.6912476060589676,0.0417038211505711
VIS_063,2,SE-UHPLC Main Peak FWHM (min),SE-UHPLC FWHM,6,11,12.6,10.5,0.7329514272095388,0.6912476060589676,0.0417038211505711
VIS_064,2,SE-UHPLC Main Peak FWHM (min),SE-UHPLC FWHM,6,12,30.1,29.109072,0.7329514272095388,0.6912476060589676,0.0417038211505711
VIS_065,2,SE-UHPLC Main Peak FWHM (min),SE-UHPLC FWHM,6,13,25.6,29.952839,0.7329514272095388,0.6912476060589676,0.0417038211505711
VIS_066,2,SE-UHPLC Main Peak FWHM (min),SE-UHPLC FWHM,6,14,15.0,12.270067,0.7329514272095388,0.6912476060589676,0.0417038211505711
VIS_067,2,SE-UHPLC Main Peak FWHM (min),SE-UHPLC FWHM,6,15,9.9,10.705313,0.7329514272095388,0.6912476060589676,0.0417038211505711
VIS_068,2,SE-UHPLC Main Peak FWHM (min),SE-UHPLC FWHM,6,16,42.1,33.289314,0.7329514272095388,0.6912476060589676,0.0417038211505711
VIS_069,2,SE-UHPLC Main Peak FWHM (min),SE-UHPLC FWHM,6,17,16.8,14.7253275,0.7329514272095388,0.6912476060589676,0.0417038211505711
VIS_070,2,SE-UHPLC Main Peak FWHM (min),SE-UHPLC FWHM,6,18,13.8,19.27336,0.7329514272095388,0.6912476060589676,0.0417038211505711
VIS_071,2,SE-UHPLC Main Peak FWHM (min),SE-UHPLC FWHM,6,19,13.9,12.128494,0.7329514272095388,0.6912476060589676,0.0417038211505711
VIS_072,2,SE-UHPLC Main Peak FWHM (min),SE-UHPLC FWHM,6,20,11.9,12.232199,0.7329514272095388,0.6912476060589676,0.0417038211505711
VIS_073,2,SE-UHPLC Main Peak FWHM (min),SE-UHPLC FWHM,6,21,11.4,14.6,0.7329514272095388,0.6912476060589676,0.0417038211505711
VIS_074,2,SE-UHPLC Main Peak FWHM (min),SE-UHPLC FWHM,6,22,15.2,32.81014,0.7329514272095388,0.6912476060589676,0.0417038211505711
VIS_052,2,SE-UHPLC Main Peak FWHM (min),SE-UHPLC FWHM,7,0,12.2,10.841453,0.7329514272095388,0.6711450742194673,0.0618063529900714
VIS_053,2,SE-UHPLC Main Peak FWHM (min),SE-UHPLC FWHM,7,1,10.8,11.7,0.7329514272095388,0.6711450742194673,0.0618063529900714
VIS_054,2,SE-UHPLC Main Peak FWHM (min),SE-UHPLC FWHM,7,2,10.4,20.704681,0.7329514272095388,0.6711450742194673,0.0618063529900714
VIS_055,2,SE-UHPLC Main Peak FWHM (min),SE-UHPLC FWHM,7,3,17.8,21.2,0.7329514272095388,0.6711450742194673,0.0618063529900714
VIS_056,2,SE-UHPLC Main Peak FWHM (min),SE-UHPLC FWHM,7,4,9.1,10.44139,0.7329514272095388,0.6711450742194673,0.0618063529900714
VIS_057,2,SE-UHPLC Main Peak FWHM (min),SE-UHPLC FWHM,7,5,40.0,45.773483,0.7329514272095388,0.6711450742194673,0.0618063529900714
VIS_058,2,SE-UHPLC Main Peak FWHM (min),SE-UHPLC FWHM,7,6,10.8,10.750161,0.7329514272095388,0.6711450742194673,0.0618063529900714
VIS_059,2,SE-UHPLC Main Peak FWHM (min),SE-UHPLC FWHM,7,7,7.6,10.3,0.7329514272095388,0.6711450742194673,0.0618063529900714
VIS_060,2,SE-UHPLC Main Peak FWHM (min),SE-UHPLC FWHM,7,8,20.1,21.7,0.7329514272095388,0.6711450742194673,0.0618063529900714
VIS_061,2,SE-UHPLC Main Peak FWHM (min),SE-UHPLC FWHM,7,9,25.9,21.452717,0.7329514272095388,0.6711450742194673,0.0618063529900714
VIS_062,2,SE-UHPLC Main Peak FWHM (min),SE-UHPLC FWHM,7,10,8.4,11.860428,0.7329514272095388,0.6711450742194673,0.0618063529900714
VIS_063,2,SE-UHPLC Main Peak FWHM (min),SE-UHPLC FWHM,7,11,12.6,10.647236,0.7329514272095388,0.6711450742194673,0.0618063529900714
VIS_064,2,SE-UHPLC Main Peak FWHM (min),SE-UHPLC FWHM,7,12,30.1,29.899199,0.7329514272095388,0.6711450742194673,0.0618063529900714
VIS_065,2,SE-UHPLC Main Peak FWHM (min),SE-UHPLC FWHM,7,13,25.6,29.866526,0.7329514272095388,0.6711450742194673,0.0618063529900714
VIS_066,2,SE-UHPLC Main Peak FWHM (min),SE-UHPLC FWHM,7,14,15.0,13.8,0.7329514272095388,0.6711450742194673,0.0618063529900714
VIS_067,2,SE-UHPLC Main Peak FWHM (min),SE-UHPLC FWHM,7,15,9.9,10.705313,0.7329514272095388,0.6711450742194673,0.0618063529900714
VIS_068,2,SE-UHPLC Main Peak FWHM (min),SE-UHPLC FWHM,7,16,42.1,33.29399,0.7329514272095388,0.6711450742194673,0.0618063529900714
VIS_069,2,SE-UHPLC Main Peak FWHM (min),SE-UHPLC FWHM,7,17,16.8,14.668385,0.7329514272095388,0.6711450742194673,0.0618063529900714
VIS_070,2,SE-UHPLC Main Peak FWHM (min),SE-UHPLC FWHM,7,18,13.8,15.7686,0.7329514272095388,0.6711450742194673,0.0618063529900714
VIS_071,2,SE-UHPLC Main Peak FWHM (min),SE-UHPLC FWHM,7,19,13.9,12.073039,0.7329514272095388,0.6711450742194673,0.0618063529900714
VIS_072,2,SE-UHPLC Main Peak FWHM (min),SE-UHPLC FWHM,7,20,11.9,11.7,0.7329514272095388,0.6711450742194673,0.0618063529900714
VIS_073,2,SE-UHPLC Main Peak FWHM (min),SE-UHPLC FWHM,7,21,11.4,14.6,0.7329514272095388,0.6711450742194673,0.0618063529900714
VIS_074,2,SE-UHPLC Main Peak FWHM (min),SE-UHPLC FWHM,7,22,15.2,33.7006,0.7329514272095388,0.6711450742194673,0.0618063529900714
VIS_052,2,SE-UHPLC Main Peak FWHM (min),SE-UHPLC FWHM,8,0,12.2,10.6,0.7329514272095388,0.7200746324368892,0.0128767947726495
VIS_053,2,SE-UHPLC Main Peak FWHM (min),SE-UHPLC FWHM,8,1,10.8,11.616892,0.7329514272095388,0.7200746324368892,0.0128767947726495
VIS_054,2,SE-UHPLC Main Peak FWHM (min),SE-UHPLC FWHM,8,2,10.4,18.47023,0.7329514272095388,0.7200746324368892,0.0128767947726495
VIS_055,2,SE-UHPLC Main Peak FWHM (min),SE-UHPLC FWHM,8,3,17.8,19.431719,0.7329514272095388,0.7200746324368892,0.0128767947726495
VIS_056,2,SE-UHPLC Main Peak FWHM (min),SE-UHPLC FWHM,8,4,9.1,10.9,0.7329514272095388,0.7200746324368892,0.0128767947726495
VIS_057,2,SE-UHPLC Main Peak FWHM (min),SE-UHPLC FWHM,8,5,40.0,45.57314,0.7329514272095388,0.7200746324368892,0.0128767947726495
VIS_058,2,SE-UHPLC Main Peak FWHM (min),SE-UHPLC FWHM,8,6,10.8,10.418811,0.7329514272095388,0.7200746324368892,0.0128767947726495
VIS_059,2,SE-UHPLC Main Peak FWHM (min),SE-UHPLC FWHM,8,7,7.6,10.4,0.7329514272095388,0.7200746324368892,0.0128767947726495
VIS_060,2,SE-UHPLC Main Peak FWHM (min),SE-UHPLC FWHM,8,8,20.1,13.8,0.7329514272095388,0.7200746324368892,0.0128767947726495
VIS_061,2,SE-UHPLC Main Peak FWHM (min),SE-UHPLC FWHM,8,9,25.9,19.684288,0.7329514272095388,0.7200746324368892,0.0128767947726495
VIS_062,2,SE-UHPLC Main Peak FWHM (min),SE-UHPLC FWHM,8,10,8.4,11.831928,0.7329514272095388,0.7200746324368892,0.0128767947726495
VIS_063,2,SE-UHPLC Main Peak FWHM (min),SE-UHPLC FWHM,8,11,12.6,10.6,0.7329514272095388,0.7200746324368892,0.0128767947726495
VIS_064,2,SE-UHPLC Main Peak FWHM (min),SE-UHPLC FWHM,8,12,30.1,28.58418,0.7329514272095388,0.7200746324368892,0.0128767947726495
VIS_065,2,SE-UHPLC Main Peak FWHM (min),SE-UHPLC FWHM,8,13,25.6,29.85285,0.7329514272095388,0.7200746324368892,0.0128767947726495
VIS_066,2,SE-UHPLC Main Peak FWHM (min),SE-UHPLC FWHM,8,14,15.0,12.1,0.7329514272095388,0.7200746324368892,0.0128767947726495
VIS_067,2,SE-UHPLC Main Peak FWHM (min),SE-UHPLC FWHM,8,15,9.9,10.5,0.7329514272095388,0.7200746324368892,0.0128767947726495
VIS_068,2,SE-UHPLC Main Peak FWHM (min),SE-UHPLC FWHM,8,16,42.1,40.132595,0.7329514272095388,0.7200746324368892,0.0128767947726495
VIS_069,2,SE-UHPLC Main Peak FWHM (min),SE-UHPLC FWHM,8,17,16.8,14.615146,0.7329514272095388,0.7200746324368892,0.0128767947726495
VIS_070,2,SE-UHPLC Main Peak FWHM (min),SE-UHPLC FWHM,8,18,13.8,15.0,0.7329514272095388,0.7200746324368892,0.0128767947726495
VIS_071,2,SE-UHPLC Main Peak FWHM (min),SE-UHPLC FWHM,8,19,13.9,12.1,0.7329514272095388,0.7200746324368892,0.0128767947726495
VIS_072,2,SE-UHPLC Main Peak FWHM (min),SE-UHPLC FWHM,8,20,11.9,11.517043,0.7329514272095388,0.7200746324368892,0.0128767947726495
VIS_073,2,SE-UHPLC Main Peak FWHM (min),SE-UHPLC FWHM,8,21,11.4,14.467907,0.7329514272095388,0.7200746324368892,0.0128767947726495
VIS_074,2,SE-UHPLC Main Peak FWHM (min),SE-UHPLC FWHM,8,22,15.2,32.665077,0.7329514272095388,0.7200746324368892,0.0128767947726495
VIS_052,2,SE-UHPLC Main Peak FWHM (min),SE-UHPLC FWHM,9,0,12.2,11.7,0.7329514272095388,0.7024487043276962,0.0305027228818425
VIS_053,2,SE-UHPLC Main Peak FWHM (min),SE-UHPLC FWHM,9,1,10.8,11.7756,0.7329514272095388,0.7024487043276962,0.0305027228818425
VIS_054,2,SE-UHPLC Main Peak FWHM (min),SE-UHPLC FWHM,9,2,10.4,18.47023,0.7329514272095388,0.7024487043276962,0.0305027228818425
VIS_055,2,SE-UHPLC Main Peak FWHM (min),SE-UHPLC FWHM,9,3,17.8,21.2,0.7329514272095388,0.7024487043276962,0.0305027228818425
VIS_056,2,SE-UHPLC Main Peak FWHM (min),SE-UHPLC FWHM,9,4,9.1,10.78944,0.7329514272095388,0.7024487043276962,0.0305027228818425
VIS_057,2,SE-UHPLC Main Peak FWHM (min),SE-UHPLC FWHM,9,5,40.0,45.773483,0.7329514272095388,0.7024487043276962,0.0305027228818425
VIS_058,2,SE-UHPLC Main Peak FWHM (min),SE-UHPLC FWHM,9,6,10.8,10.650189,0.7329514272095388,0.7024487043276962,0.0305027228818425
VIS_059,2,SE-UHPLC Main Peak FWHM (min),SE-UHPLC FWHM,9,7,7.6,10.548685,0.7329514272095388,0.7024487043276962,0.0305027228818425
VIS_060,2,SE-UHPLC Main Peak FWHM (min),SE-UHPLC FWHM,9,8,20.1,21.660677,0.7329514272095388,0.7024487043276962,0.0305027228818425
VIS_061,2,SE-UHPLC Main Peak FWHM (min),SE-UHPLC FWHM,9,9,25.9,19.628016,0.7329514272095388,0.7024487043276962,0.0305027228818425
VIS_062,2,SE-UHPLC Main Peak FWHM (min),SE-UHPLC FWHM,9,10,8.4,11.7,0.7329514272095388,0.7024487043276962,0.0305027228818425
VIS_063,2,SE-UHPLC Main Peak FWHM (min),SE-UHPLC FWHM,9,11,12.6,10.5,0.7329514272095388,0.7024487043276962,0.0305027228818425
VIS_064,2,SE-UHPLC Main Peak FWHM (min),SE-UHPLC FWHM,9,12,30.1,29.269905,0.7329514272095388,0.7024487043276962,0.0305027228818425
VIS_065,2,SE-UHPLC Main Peak FWHM (min),SE-UHPLC FWHM,9,13,25.6,29.511757,0.7329514272095388,0.7024487043276962,0.0305027228818425
VIS_066,2,SE-UHPLC Main Peak FWHM (min),SE-UHPLC FWHM,9,14,15.0,13.079574,0.7329514272095388,0.7024487043276962,0.0305027228818425
VIS_067,2,SE-UHPLC Main Peak FWHM (min),SE-UHPLC FWHM,9,15,9.9,10.5,0.7329514272095388,0.7024487043276962,0.0305027228818425
VIS_068,2,SE-UHPLC Main Peak FWHM (min),SE-UHPLC FWHM,9,16,42.1,34.2,0.7329514272095388,0.7024487043276962,0.0305027228818425
VIS_069,2,SE-UHPLC Main Peak FWHM (min),SE-UHPLC FWHM,9,17,16.8,14.615146,0.7329514272095388,0.7024487043276962,0.0305027228818425
VIS_070,2,SE-UHPLC Main Peak FWHM (min),SE-UHPLC FWHM,9,18,13.8,17.6,0.7329514272095388,0.7024487043276962,0.0305027228818425
VIS_071,2,SE-UHPLC Main Peak FWHM (min),SE-UHPLC FWHM,9,19,13.9,12.4,0.7329514272095388,0.7024487043276962,0.0305027228818425
VIS_072,2,SE-UHPLC Main Peak FWHM (min),SE-UHPLC FWHM,9,20,11.9,10.917042,0.7329514272095388,0.7024487043276962,0.0305027228818425
VIS_073,2,SE-UHPLC Main Peak FWHM (min),SE-UHPLC FWHM,9,21,11.4,14.6,0.7329514272095388,0.7024487043276962,0.0305027228818425
VIS_074,2,SE-UHPLC Main Peak FWHM (min),SE-UHPLC FWHM,9,22,15.2,32.665077,0.7329514272095388,0.7024487043276962,0.0305027228818425
VIS_052,2,SE-UHPLC Main Peak FWHM (min),SE-UHPLC FWHM,10,0,12.2,10.9,0.7329514272095388,0.6874963745907701,0.0454550526187687
VIS_053,2,SE-UHPLC Main Peak FWHM (min),SE-UHPLC FWHM,10,1,10.8,10.9,0.7329514272095388,0.6874963745907701,0.0454550526187687
VIS_054,2,SE-UHPLC Main Peak FWHM (min),SE-UHPLC FWHM,10,2,10.4,19.656702,0.7329514272095388,0.6874963745907701,0.0454550526187687
VIS_055,2,SE-UHPLC Main Peak FWHM (min),SE-UHPLC FWHM,10,3,17.8,21.396862,0.7329514272095388,0.6874963745907701,0.0454550526187687
VIS_056,2,SE-UHPLC Main Peak FWHM (min),SE-UHPLC FWHM,10,4,9.1,10.701114,0.7329514272095388,0.6874963745907701,0.0454550526187687
VIS_057,2,SE-UHPLC Main Peak FWHM (min),SE-UHPLC FWHM,10,5,40.0,45.139366,0.7329514272095388,0.6874963745907701,0.0454550526187687
VIS_058,2,SE-UHPLC Main Peak FWHM (min),SE-UHPLC FWHM,10,6,10.8,10.5,0.7329514272095388,0.6874963745907701,0.0454550526187687
VIS_059,2,SE-UHPLC Main Peak FWHM (min),SE-UHPLC FWHM,10,7,7.6,10.6,0.7329514272095388,0.6874963745907701,0.0454550526187687
VIS_060,2,SE-UHPLC Main Peak FWHM (min),SE-UHPLC FWHM,10,8,20.1,21.556978,0.7329514272095388,0.6874963745907701,0.0454550526187687
VIS_061,2,SE-UHPLC Main Peak FWHM (min),SE-UHPLC FWHM,10,9,25.9,19.64994,0.7329514272095388,0.6874963745907701,0.0454550526187687
VIS_062,2,SE-UHPLC Main Peak FWHM (min),SE-UHPLC FWHM,10,10,8.4,11.79293,0.7329514272095388,0.6874963745907701,0.0454550526187687
VIS_063,2,SE-UHPLC Main Peak FWHM (min),SE-UHPLC FWHM,10,11,12.6,10.521445,0.7329514272095388,0.6874963745907701,0.0454550526187687
VIS_064,2,SE-UHPLC Main Peak FWHM (min),SE-UHPLC FWHM,10,12,30.1,28.515127,0.7329514272095388,0.6874963745907701,0.0454550526187687
VIS_065,2,SE-UHPLC Main Peak FWHM (min),SE-UHPLC FWHM,10,13,25.6,30.01046,0.7329514272095388,0.6874963745907701,0.0454550526187687
VIS_066,2,SE-UHPLC Main Peak FWHM (min),SE-UHPLC FWHM,10,14,15.0,12.4,0.7329514272095388,0.6874963745907701,0.0454550526187687
VIS_067,2,SE-UHPLC Main Peak FWHM (min),SE-UHPLC FWHM,10,15,9.9,12.309075,0.7329514272095388,0.6874963745907701,0.0454550526187687
VIS_068,2,SE-UHPLC Main Peak FWHM (min),SE-UHPLC FWHM,10,16,42.1,34.2,0.7329514272095388,0.6874963745907701,0.0454550526187687
VIS_069,2,SE-UHPLC Main Peak FWHM (min),SE-UHPLC FWHM,10,17,16.8,14.7253275,0.7329514272095388,0.6874963745907701,0.0454550526187687
VIS_070,2,SE-UHPLC Main Peak FWHM (min),SE-UHPLC FWHM,10,18,13.8,17.358517,0.7329514272095388,0.6874963745907701,0.0454550526187687
VIS_071,2,SE-UHPLC Main Peak FWHM (min),SE-UHPLC FWHM,10,19,13.9,12.4,0.7329514272095388,0.6874963745907701,0.0454550526187687
VIS_072,2,SE-UHPLC Main Peak FWHM (min),SE-UHPLC FWHM,10,20,11.9,11.7,0.7329514272095388,0.6874963745907701,0.0454550526187687
VIS_073,2,SE-UHPLC Main Peak FWHM (min),SE-UHPLC FWHM,10,21,11.4,14.403985,0.7329514272095388,0.6874963745907701,0.0454550526187687
VIS_074,2,SE-UHPLC Main Peak FWHM (min),SE-UHPLC FWHM,10,22,15.2,32.793743,0.7329514272095388,0.6874963745907701,0.0454550526187687
VIS_052,3,DLS Interaction Parameter kD (mL/g),DLS kD,1,0,12.2,13.1,0.6337944654592766,-0.1393958120252265,0.7731902774845032
VIS_053,3,DLS Interaction Parameter kD (mL/g),DLS kD,1,1,10.8,11.992002,0.6337944654592766,-0.1393958120252265,0.7731902774845032
VIS_054,3,DLS Interaction Parameter kD (mL/g),DLS kD,1,2,10.4,12.1,0.6337944654592766,-0.1393958120252265,0.7731902774845032
VIS_055,3,DLS Interaction Parameter kD (mL/g),DLS kD,1,3,17.8,16.6,0.6337944654592766,-0.1393958120252265,0.7731902774845032
VIS_056,3,DLS Interaction Parameter kD (mL/g),DLS kD,1,4,9.1,10.0,0.6337944654592766,-0.1393958120252265,0.7731902774845032
VIS_057,3,DLS Interaction Parameter kD (mL/g),DLS kD,1,5,40.0,31.8,0.6337944654592766,-0.1393958120252265,0.7731902774845032
VIS_058,3,DLS Interaction Parameter kD (mL/g),DLS kD,1,6,10.8,26.291918,0.6337944654592766,-0.1393958120252265,0.7731902774845032
VIS_059,3,DLS Interaction Parameter kD (mL/g),DLS kD,1,7,7.6,10.3,0.6337944654592766,-0.1393958120252265,0.7731902774845032
VIS_060,3,DLS Interaction Parameter kD (mL/g),DLS kD,1,8,20.1,45.79274,0.6337944654592766,-0.1393958120252265,0.7731902774845032
VIS_061,3,DLS Interaction Parameter kD (mL/g),DLS kD,1,9,25.9,13.1,0.6337944654592766,-0.1393958120252265,0.7731902774845032
VIS_062,3,DLS Interaction Parameter kD (mL/g),DLS kD,1,10,8.4,10.031574,0.6337944654592766,-0.1393958120252265,0.7731902774845032
VIS_063,3,DLS Interaction Parameter kD (mL/g),DLS kD,1,11,12.6,12.066484,0.6337944654592766,-0.1393958120252265,0.7731902774845032
VIS_064,3,DLS Interaction Parameter kD (mL/g),DLS kD,1,12,30.1,9.925924,0.6337944654592766,-0.1393958120252265,0.7731902774845032
VIS_065,3,DLS Interaction Parameter kD (mL/g),DLS kD,1,13,25.6,20.902536,0.6337944654592766,-0.1393958120252265,0.7731902774845032
VIS_066,3,DLS Interaction Parameter kD (mL/g),DLS kD,1,14,15.0,13.8,0.6337944654592766,-0.1393958120252265,0.7731902774845032
VIS_067,3,DLS Interaction Parameter kD (mL/g),DLS kD,1,15,9.9,22.7,0.6337944654592766,-0.1393958120252265,0.7731902774845032
VIS_068,3,DLS Interaction Parameter kD (mL/g),DLS kD,1,16,42.1,21.757557,0.6337944654592766,-0.1393958120252265,0.7731902774845032
VIS_069,3,DLS Interaction Parameter kD (mL/g),DLS kD,1,17,16.8,12.264556,0.6337944654592766,-0.1393958120252265,0.7731902774845032
VIS_070,3,DLS Interaction Parameter kD (mL/g),DLS kD,1,18,13.8,9.3,0.6337944654592766,-0.1393958120252265,0.7731902774845032
VIS_071,3,DLS Interaction Parameter kD (mL/g),DLS kD,1,19,13.9,22.775768,0.6337944654592766,-0.1393958120252265,0.7731902774845032
VIS_072,3,DLS Interaction Parameter kD (mL/g),DLS kD,1,20,11.9,11.7,0.6337944654592766,-0.1393958120252265,0.7731902774845032
VIS_073,3,DLS Interaction Parameter kD (mL/g),DLS kD,1,21,11.4,14.869382,0.6337944654592766,-0.1393958120252265,0.7731902774845032
VIS_074,3,DLS Interaction Parameter kD (mL/g),DLS kD,1,22,15.2,18.19532,0.6337944654592766,-0.1393958120252265,0.7731902774845032
VIS_052,3,DLS Interaction Parameter kD (mL/g),DLS kD,2,0,12.2,10.9,0.6337944654592766,-0.1320221725693404,0.7658166380286171
VIS_053,3,DLS Interaction Parameter kD (mL/g),DLS kD,2,1,10.8,11.835611,0.6337944654592766,-0.1320221725693404,0.7658166380286171
VIS_054,3,DLS Interaction Parameter kD (mL/g),DLS kD,2,2,10.4,10.669113,0.6337944654592766,-0.1320221725693404,0.7658166380286171
VIS_055,3,DLS Interaction Parameter kD (mL/g),DLS kD,2,3,17.8,13.1,0.6337944654592766,-0.1320221725693404,0.7658166380286171
VIS_056,3,DLS Interaction Parameter kD (mL/g),DLS kD,2,4,9.1,22.7,0.6337944654592766,-0.1320221725693404,0.7658166380286171
VIS_057,3,DLS Interaction Parameter kD (mL/g),DLS kD,2,5,40.0,45.0,0.6337944654592766,-0.1320221725693404,0.7658166380286171
VIS_058,3,DLS Interaction Parameter kD (mL/g),DLS kD,2,6,10.8,10.737127,0.6337944654592766,-0.1320221725693404,0.7658166380286171
VIS_059,3,DLS Interaction Parameter kD (mL/g),DLS kD,2,7,7.6,10.260057,0.6337944654592766,-0.1320221725693404,0.7658166380286171
VIS_060,3,DLS Interaction Parameter kD (mL/g),DLS kD,2,8,20.1,21.453161,0.6337944654592766,-0.1320221725693404,0.7658166380286171
VIS_061,3,DLS Interaction Parameter kD (mL/g),DLS kD,2,9,25.9,10.400466,0.6337944654592766,-0.1320221725693404,0.7658166380286171
VIS_062,3,DLS Interaction Parameter kD (mL/g),DLS kD,2,10,8.4,12.1,0.6337944654592766,-0.1320221725693404,0.7658166380286171
VIS_063,3,DLS Interaction Parameter kD (mL/g),DLS kD,2,11,12.6,22.14106,0.6337944654592766,-0.1320221725693404,0.7658166380286171
VIS_064,3,DLS Interaction Parameter kD (mL/g),DLS kD,2,12,30.1,9.3923855,0.6337944654592766,-0.1320221725693404,0.7658166380286171
VIS_065,3,DLS Interaction Parameter kD (mL/g),DLS kD,2,13,25.6,31.8,0.6337944654592766,-0.1320221725693404,0.7658166380286171
VIS_066,3,DLS Interaction Parameter kD (mL/g),DLS kD,2,14,15.0,15.211354,0.6337944654592766,-0.1320221725693404,0.7658166380286171
VIS_067,3,DLS Interaction Parameter kD (mL/g),DLS kD,2,15,9.9,12.95735,0.6337944654592766,-0.1320221725693404,0.7658166380286171
VIS_068,3,DLS Interaction Parameter kD (mL/g),DLS kD,2,16,42.1,14.838926,0.6337944654592766,-0.1320221725693404,0.7658166380286171
VIS_069,3,DLS Interaction Parameter kD (mL/g),DLS kD,2,17,16.8,15.3,0.6337944654592766,-0.1320221725693404,0.7658166380286171
VIS_070,3,DLS Interaction Parameter kD (mL/g),DLS kD,2,18,13.8,12.732947,0.6337944654592766,-0.1320221725693404,0.7658166380286171
VIS_071,3,DLS Interaction Parameter kD (mL/g),DLS kD,2,19,13.9,12.676414,0.6337944654592766,-0.1320221725693404,0.7658166380286171
VIS_072,3,DLS Interaction Parameter kD (mL/g),DLS kD,2,20,11.9,13.1,0.6337944654592766,-0.1320221725693404,0.7658166380286171
VIS_073,3,DLS Interaction Parameter kD (mL/g),DLS kD,2,21,11.4,22.7,0.6337944654592766,-0.1320221725693404,0.7658166380286171
VIS_074,3,DLS Interaction Parameter kD (mL/g),DLS kD,2,22,15.2,33.643562,0.6337944654592766,-0.1320221725693404,0.7658166380286171
VIS_052,3,DLS Interaction Parameter kD (mL/g),DLS kD,3,0,12.2,22.458927,0.6337944654592766,-0.1411897668833923,0.774984232342669
VIS_053,3,DLS Interaction Parameter kD (mL/g),DLS kD,3,1,10.8,11.886272,0.6337944654592766,-0.1411897668833923,0.774984232342669
VIS_054,3,DLS Interaction Parameter kD (mL/g),DLS kD,3,2,10.4,10.904364,0.6337944654592766,-0.1411897668833923,0.774984232342669
VIS_055,3,DLS Interaction Parameter kD (mL/g),DLS kD,3,3,17.8,12.185192,0.6337944654592766,-0.1411897668833923,0.774984232342669
VIS_056,3,DLS Interaction Parameter kD (mL/g),DLS kD,3,4,9.1,10.5,0.6337944654592766,-0.1411897668833923,0.774984232342669
VIS_057,3,DLS Interaction Parameter kD (mL/g),DLS kD,3,5,40.0,26.408428,0.6337944654592766,-0.1411897668833923,0.774984232342669
VIS_058,3,DLS Interaction Parameter kD (mL/g),DLS kD,3,6,10.8,15.0,0.6337944654592766,-0.1411897668833923,0.774984232342669
VIS_059,3,DLS Interaction Parameter kD (mL/g),DLS kD,3,7,7.6,15.780743,0.6337944654592766,-0.1411897668833923,0.774984232342669
VIS_060,3,DLS Interaction Parameter kD (mL/g),DLS kD,3,8,20.1,31.614317,0.6337944654592766,-0.1411897668833923,0.774984232342669
VIS_061,3,DLS Interaction Parameter kD (mL/g),DLS kD,3,9,25.9,11.7,0.6337944654592766,-0.1411897668833923,0.774984232342669
VIS_062,3,DLS Interaction Parameter kD (mL/g),DLS kD,3,10,8.4,10.460864,0.6337944654592766,-0.1411897668833923,0.774984232342669
VIS_063,3,DLS Interaction Parameter kD (mL/g),DLS kD,3,11,12.6,22.14106,0.6337944654592766,-0.1411897668833923,0.774984232342669
VIS_064,3,DLS Interaction Parameter kD (mL/g),DLS kD,3,12,30.1,12.4,0.6337944654592766,-0.1411897668833923,0.774984232342669
VIS_065,3,DLS Interaction Parameter kD (mL/g),DLS kD,3,13,25.6,17.82997,0.6337944654592766,-0.1411897668833923,0.774984232342669
VIS_066,3,DLS Interaction Parameter kD (mL/g),DLS kD,3,14,15.0,25.1931,0.6337944654592766,-0.1411897668833923,0.774984232342669
VIS_067,3,DLS Interaction Parameter kD (mL/g),DLS kD,3,15,9.9,22.7,0.6337944654592766,-0.1411897668833923,0.774984232342669
VIS_068,3,DLS Interaction Parameter kD (mL/g),DLS kD,3,16,42.1,15.0,0.6337944654592766,-0.1411897668833923,0.774984232342669
VIS_069,3,DLS Interaction Parameter kD (mL/g),DLS kD,3,17,16.8,10.9,0.6337944654592766,-0.1411897668833923,0.774984232342669
VIS_070,3,DLS Interaction Parameter kD (mL/g),DLS kD,3,18,13.8,16.044146,0.6337944654592766,-0.1411897668833923,0.774984232342669
VIS_071,3,DLS Interaction Parameter kD (mL/g),DLS kD,3,19,13.9,12.4,0.6337944654592766,-0.1411897668833923,0.774984232342669
VIS_072,3,DLS Interaction Parameter kD (mL/g),DLS kD,3,20,11.9,11.235484,0.6337944654592766,-0.1411897668833923,0.774984232342669
VIS_073,3,DLS Interaction Parameter kD (mL/g),DLS kD,3,21,11.4,11.994731,0.6337944654592766,-0.1411897668833923,0.774984232342669
VIS_074,3,DLS Interaction Parameter kD (mL/g),DLS kD,3,22,15.2,21.8,0.6337944654592766,-0.1411897668833923,0.774984232342669
VIS_052,3,DLS Interaction Parameter kD (mL/g),DLS kD,4,0,12.2,15.0,0.6337944654592766,0.051792059247918,0.5820024062113586
VIS_053,3,DLS Interaction Parameter kD (mL/g),DLS kD,4,1,10.8,12.0,0.6337944654592766,0.051792059247918,0.5820024062113586
VIS_054,3,DLS Interaction Parameter kD (mL/g),DLS kD,4,2,10.4,21.075832,0.6337944654592766,0.051792059247918,0.5820024062113586
VIS_055,3,DLS Interaction Parameter kD (mL/g),DLS kD,4,3,17.8,10.47554,0.6337944654592766,0.051792059247918,0.5820024062113586
VIS_056,3,DLS Interaction Parameter kD (mL/g),DLS kD,4,4,9.1,12.036052,0.6337944654592766,0.051792059247918,0.5820024062113586
VIS_057,3,DLS Interaction Parameter kD (mL/g),DLS kD,4,5,40.0,45.0,0.6337944654592766,0.051792059247918,0.5820024062113586
VIS_058,3,DLS Interaction Parameter kD (mL/g),DLS kD,4,6,10.8,11.902564,0.6337944654592766,0.051792059247918,0.5820024062113586
VIS_059,3,DLS Interaction Parameter kD (mL/g),DLS kD,4,7,7.6,9.324553,0.6337944654592766,0.051792059247918,0.5820024062113586
VIS_060,3,DLS Interaction Parameter kD (mL/g),DLS kD,4,8,20.1,17.953026,0.6337944654592766,0.051792059247918,0.5820024062113586
VIS_061,3,DLS Interaction Parameter kD (mL/g),DLS kD,4,9,25.9,11.7,0.6337944654592766,0.051792059247918,0.5820024062113586
VIS_062,3,DLS Interaction Parameter kD (mL/g),DLS kD,4,10,8.4,10.394069,0.6337944654592766,0.051792059247918,0.5820024062113586
VIS_063,3,DLS Interaction Parameter kD (mL/g),DLS kD,4,11,12.6,10.5,0.6337944654592766,0.051792059247918,0.5820024062113586
VIS_064,3,DLS Interaction Parameter kD (mL/g),DLS kD,4,12,30.1,18.534351,0.6337944654592766,0.051792059247918,0.5820024062113586
VIS_065,3,DLS Interaction Parameter kD (mL/g),DLS kD,4,13,25.6,17.82997,0.6337944654592766,0.051792059247918,0.5820024062113586
VIS_066,3,DLS Interaction Parameter kD (mL/g),DLS kD,4,14,15.0,13.8,0.6337944654592766,0.051792059247918,0.5820024062113586
VIS_067,3,DLS Interaction Parameter kD (mL/g),DLS kD,4,15,9.9,19.811111,0.6337944654592766,0.051792059247918,0.5820024062113586
VIS_068,3,DLS Interaction Parameter kD (mL/g),DLS kD,4,16,42.1,16.6,0.6337944654592766,0.051792059247918,0.5820024062113586
VIS_069,3,DLS Interaction Parameter kD (mL/g),DLS kD,4,17,16.8,15.3,0.6337944654592766,0.051792059247918,0.5820024062113586
VIS_070,3,DLS Interaction Parameter kD (mL/g),DLS kD,4,18,13.8,12.457558,0.6337944654592766,0.051792059247918,0.5820024062113586
VIS_071,3,DLS Interaction Parameter kD (mL/g),DLS kD,4,19,13.9,29.519913,0.6337944654592766,0.051792059247918,0.5820024062113586
VIS_072,3,DLS Interaction Parameter kD (mL/g),DLS kD,4,20,11.9,11.624012,0.6337944654592766,0.051792059247918,0.5820024062113586
VIS_073,3,DLS Interaction Parameter kD (mL/g),DLS kD,4,21,11.4,23.406204,0.6337944654592766,0.051792059247918,0.5820024062113586
VIS_074,3,DLS Interaction Parameter kD (mL/g),DLS kD,4,22,15.2,27.3,0.6337944654592766,0.051792059247918,0.5820024062113586
VIS_052,3,DLS Interaction Parameter kD (mL/g),DLS kD,5,0,12.2,12.0,0.6337944654592766,-0.2044161340905161,0.8382105995497928
VIS_053,3,DLS Interaction Parameter kD (mL/g),DLS kD,5,1,10.8,16.6,0.6337944654592766,-0.2044161340905161,0.8382105995497928
VIS_054,3,DLS Interaction Parameter kD (mL/g),DLS kD,5,2,10.4,10.918446,0.6337944654592766,-0.2044161340905161,0.8382105995497928
VIS_055,3,DLS Interaction Parameter kD (mL/g),DLS kD,5,3,17.8,10.3201,0.6337944654592766,-0.2044161340905161,0.8382105995497928
VIS_056,3,DLS Interaction Parameter kD (mL/g),DLS kD,5,4,9.1,19.902554,0.6337944654592766,-0.2044161340905161,0.8382105995497928
VIS_057,3,DLS Interaction Parameter kD (mL/g),DLS kD,5,5,40.0,48.8,0.6337944654592766,-0.2044161340905161,0.8382105995497928
VIS_058,3,DLS Interaction Parameter kD (mL/g),DLS kD,5,6,10.8,11.902564,0.6337944654592766,-0.2044161340905161,0.8382105995497928
VIS_059,3,DLS Interaction Parameter kD (mL/g),DLS kD,5,7,7.6,9.765905,0.6337944654592766,-0.2044161340905161,0.8382105995497928
VIS_060,3,DLS Interaction Parameter kD (mL/g),DLS kD,5,8,20.1,41.9415,0.6337944654592766,-0.2044161340905161,0.8382105995497928
VIS_061,3,DLS Interaction Parameter kD (mL/g),DLS kD,5,9,25.9,12.283166,0.6337944654592766,-0.2044161340905161,0.8382105995497928
VIS_062,3,DLS Interaction Parameter kD (mL/g),DLS kD,5,10,8.4,12.1,0.6337944654592766,-0.2044161340905161,0.8382105995497928
VIS_063,3,DLS Interaction Parameter kD (mL/g),DLS kD,5,11,12.6,10.5,0.6337944654592766,-0.2044161340905161,0.8382105995497928
VIS_064,3,DLS Interaction Parameter kD (mL/g),DLS kD,5,12,30.1,21.8,0.6337944654592766,-0.2044161340905161,0.8382105995497928
VIS_065,3,DLS Interaction Parameter kD (mL/g),DLS kD,5,13,25.6,17.957897,0.6337944654592766,-0.2044161340905161,0.8382105995497928
VIS_066,3,DLS Interaction Parameter kD (mL/g),DLS kD,5,14,15.0,25.1931,0.6337944654592766,-0.2044161340905161,0.8382105995497928
VIS_067,3,DLS Interaction Parameter kD (mL/g),DLS kD,5,15,9.9,11.752825,0.6337944654592766,-0.2044161340905161,0.8382105995497928
VIS_068,3,DLS Interaction Parameter kD (mL/g),DLS kD,5,16,42.1,15.884364,0.6337944654592766,-0.2044161340905161,0.8382105995497928
VIS_069,3,DLS Interaction Parameter kD (mL/g),DLS kD,5,17,16.8,10.9,0.6337944654592766,-0.2044161340905161,0.8382105995497928
VIS_070,3,DLS Interaction Parameter kD (mL/g),DLS kD,5,18,13.8,10.3,0.6337944654592766,-0.2044161340905161,0.8382105995497928
VIS_071,3,DLS Interaction Parameter kD (mL/g),DLS kD,5,19,13.9,12.4,0.6337944654592766,-0.2044161340905161,0.8382105995497928
VIS_072,3,DLS Interaction Parameter kD (mL/g),DLS kD,5,20,11.9,27.3,0.6337944654592766,-0.2044161340905161,0.8382105995497928
VIS_073,3,DLS Interaction Parameter kD (mL/g),DLS kD,5,21,11.4,10.9,0.6337944654592766,-0.2044161340905161,0.8382105995497928
VIS_074,3,DLS Interaction Parameter kD (mL/g),DLS kD,5,22,15.2,30.998997,0.6337944654592766,-0.2044161340905161,0.8382105995497928
VIS_052,3,DLS Interaction Parameter kD (mL/g),DLS kD,6,0,12.2,22.282583,0.6337944654592766,-0.1751005758727264,0.8088950413320031
VIS_053,3,DLS Interaction Parameter kD (mL/g),DLS kD,6,1,10.8,16.6,0.6337944654592766,-0.1751005758727264,0.8088950413320031
VIS_054,3,DLS Interaction Parameter kD (mL/g),DLS kD,6,2,10.4,12.1,0.6337944654592766,-0.1751005758727264,0.8088950413320031
VIS_055,3,DLS Interaction Parameter kD (mL/g),DLS kD,6,3,17.8,10.294225,0.6337944654592766,-0.1751005758727264,0.8088950413320031
VIS_056,3,DLS Interaction Parameter kD (mL/g),DLS kD,6,4,9.1,10.0,0.6337944654592766,-0.1751005758727264,0.8088950413320031
VIS_057,3,DLS Interaction Parameter kD (mL/g),DLS kD,6,5,40.0,27.013334,0.6337944654592766,-0.1751005758727264,0.8088950413320031
VIS_058,3,DLS Interaction Parameter kD (mL/g),DLS kD,6,6,10.8,16.6,0.6337944654592766,-0.1751005758727264,0.8088950413320031
VIS_059,3,DLS Interaction Parameter kD (mL/g),DLS kD,6,7,7.6,9.53071,0.6337944654592766,-0.1751005758727264,0.8088950413320031
VIS_060,3,DLS Interaction Parameter kD (mL/g),DLS kD,6,8,20.1,47.10575,0.6337944654592766,-0.1751005758727264,0.8088950413320031
VIS_061,3,DLS Interaction Parameter kD (mL/g),DLS kD,6,9,25.9,12.319989,0.6337944654592766,-0.1751005758727264,0.8088950413320031
VIS_062,3,DLS Interaction Parameter kD (mL/g),DLS kD,6,10,8.4,12.4,0.6337944654592766,-0.1751005758727264,0.8088950413320031
VIS_063,3,DLS Interaction Parameter kD (mL/g),DLS kD,6,11,12.6,10.9,0.6337944654592766,-0.1751005758727264,0.8088950413320031
VIS_064,3,DLS Interaction Parameter kD (mL/g),DLS kD,6,12,30.1,9.9,0.6337944654592766,-0.1751005758727264,0.8088950413320031
VIS_065,3,DLS Interaction Parameter kD (mL/g),DLS kD,6,13,25.6,17.957897,0.6337944654592766,-0.1751005758727264,0.8088950413320031
VIS_066,3,DLS Interaction Parameter kD (mL/g),DLS kD,6,14,15.0,16.6,0.6337944654592766,-0.1751005758727264,0.8088950413320031
VIS_067,3,DLS Interaction Parameter kD (mL/g),DLS kD,6,15,9.9,10.931797,0.6337944654592766,-0.1751005758727264,0.8088950413320031
VIS_068,3,DLS Interaction Parameter kD (mL/g),DLS kD,6,16,42.1,27.953194,0.6337944654592766,-0.1751005758727264,0.8088950413320031
VIS_069,3,DLS Interaction Parameter kD (mL/g),DLS kD,6,17,16.8,12.264556,0.6337944654592766,-0.1751005758727264,0.8088950413320031
VIS_070,3,DLS Interaction Parameter kD (mL/g),DLS kD,6,18,13.8,10.0,0.6337944654592766,-0.1751005758727264,0.8088950413320031
VIS_071,3,DLS Interaction Parameter kD (mL/g),DLS kD,6,19,13.9,13.1,0.6337944654592766,-0.1751005758727264,0.8088950413320031
VIS_072,3,DLS Interaction Parameter kD (mL/g),DLS kD,6,20,11.9,26.4,0.6337944654592766,-0.1751005758727264,0.8088950413320031
VIS_073,3,DLS Interaction Parameter kD (mL/g),DLS kD,6,21,11.4,19.315416,0.6337944654592766,-0.1751005758727264,0.8088950413320031
VIS_074,3,DLS Interaction Parameter kD (mL/g),DLS kD,6,22,15.2,22.741852,0.6337944654592766,-0.1751005758727264,0.8088950413320031
VIS_052,3,DLS Interaction Parameter kD (mL/g),DLS kD,7,0,12.2,15.041698,0.6337944654592766,-0.1141210739635769,0.7479155394228536
VIS_053,3,DLS Interaction Parameter kD (mL/g),DLS kD,7,1,10.8,11.886272,0.6337944654592766,-0.1141210739635769,0.7479155394228536
VIS_054,3,DLS Interaction Parameter kD (mL/g),DLS kD,7,2,10.4,14.775222,0.6337944654592766,-0.1141210739635769,0.7479155394228536
VIS_055,3,DLS Interaction Parameter kD (mL/g),DLS kD,7,3,17.8,11.7,0.6337944654592766,-0.1141210739635769,0.7479155394228536
VIS_056,3,DLS Interaction Parameter kD (mL/g),DLS kD,7,4,9.1,10.0,0.6337944654592766,-0.1141210739635769,0.7479155394228536
VIS_057,3,DLS Interaction Parameter kD (mL/g),DLS kD,7,5,40.0,23.740725,0.6337944654592766,-0.1141210739635769,0.7479155394228536
VIS_058,3,DLS Interaction Parameter kD (mL/g),DLS kD,7,6,10.8,10.5,0.6337944654592766,-0.1141210739635769,0.7479155394228536
VIS_059,3,DLS Interaction Parameter kD (mL/g),DLS kD,7,7,7.6,10.760717,0.6337944654592766,-0.1141210739635769,0.7479155394228536
VIS_060,3,DLS Interaction Parameter kD (mL/g),DLS kD,7,8,20.1,16.954796,0.6337944654592766,-0.1141210739635769,0.7479155394228536
VIS_061,3,DLS Interaction Parameter kD (mL/g),DLS kD,7,9,25.9,12.1,0.6337944654592766,-0.1141210739635769,0.7479155394228536
VIS_062,3,DLS Interaction Parameter kD (mL/g),DLS kD,7,10,8.4,10.0,0.6337944654592766,-0.1141210739635769,0.7479155394228536
VIS_063,3,DLS Interaction Parameter kD (mL/g),DLS kD,7,11,12.6,10.930399,0.6337944654592766,-0.1141210739635769,0.7479155394228536
VIS_064,3,DLS Interaction Parameter kD (mL/g),DLS kD,7,12,30.1,10.414302,0.6337944654592766,-0.1141210739635769,0.7479155394228536
VIS_065,3,DLS Interaction Parameter kD (mL/g),DLS kD,7,13,25.6,20.902536,0.6337944654592766,-0.1141210739635769,0.7479155394228536
VIS_066,3,DLS Interaction Parameter kD (mL/g),DLS kD,7,14,15.0,14.6,0.6337944654592766,-0.1141210739635769,0.7479155394228536
VIS_067,3,DLS Interaction Parameter kD (mL/g),DLS kD,7,15,9.9,15.3,0.6337944654592766,-0.1141210739635769,0.7479155394228536
VIS_068,3,DLS Interaction Parameter kD (mL/g),DLS kD,7,16,42.1,31.8,0.6337944654592766,-0.1141210739635769,0.7479155394228536
VIS_069,3,DLS Interaction Parameter kD (mL/g),DLS kD,7,17,16.8,18.940048,0.6337944654592766,-0.1141210739635769,0.7479155394228536
VIS_070,3,DLS Interaction Parameter kD (mL/g),DLS kD,7,18,13.8,19.342913,0.6337944654592766,-0.1141210739635769,0.7479155394228536
VIS_071,3,DLS Interaction Parameter kD (mL/g),DLS kD,7,19,13.9,22.775768,0.6337944654592766,-0.1141210739635769,0.7479155394228536
VIS_072,3,DLS Interaction Parameter kD (mL/g),DLS kD,7,20,11.9,21.8,0.6337944654592766,-0.1141210739635769,0.7479155394228536
VIS_073,3,DLS Interaction Parameter kD (mL/g),DLS kD,7,21,11.4,10.3,0.6337944654592766,-0.1141210739635769,0.7479155394228536
VIS_074,3,DLS Interaction Parameter kD (mL/g),DLS kD,7,22,15.2,45.88863,0.6337944654592766,-0.1141210739635769,0.7479155394228536
VIS_052,3,DLS Interaction Parameter kD (mL/g),DLS kD,8,0,12.2,10.9,0.6337944654592766,0.336418143593261,0.2973763218660156
VIS_053,3,DLS Interaction Parameter kD (mL/g),DLS kD,8,1,10.8,22.09627,0.6337944654592766,0.336418143593261,0.2973763218660156
VIS_054,3,DLS Interaction Parameter kD (mL/g),DLS kD,8,2,10.4,21.751482,0.6337944654592766,0.336418143593261,0.2973763218660156
VIS_055,3,DLS Interaction Parameter kD (mL/g),DLS kD,8,3,17.8,12.1,0.6337944654592766,0.336418143593261,0.2973763218660156
VIS_056,3,DLS Interaction Parameter kD (mL/g),DLS kD,8,4,9.1,10.9,0.6337944654592766,0.336418143593261,0.2973763218660156
VIS_057,3,DLS Interaction Parameter kD (mL/g),DLS kD,8,5,40.0,45.0,0.6337944654592766,0.336418143593261,0.2973763218660156
VIS_058,3,DLS Interaction Parameter kD (mL/g),DLS kD,8,6,10.8,13.1,0.6337944654592766,0.336418143593261,0.2973763218660156
VIS_059,3,DLS Interaction Parameter kD (mL/g),DLS kD,8,7,7.6,16.3,0.6337944654592766,0.336418143593261,0.2973763218660156
VIS_060,3,DLS Interaction Parameter kD (mL/g),DLS kD,8,8,20.1,16.6,0.6337944654592766,0.336418143593261,0.2973763218660156
VIS_061,3,DLS Interaction Parameter kD (mL/g),DLS kD,8,9,25.9,10.400466,0.6337944654592766,0.336418143593261,0.2973763218660156
VIS_062,3,DLS Interaction Parameter kD (mL/g),DLS kD,8,10,8.4,10.9,0.6337944654592766,0.336418143593261,0.2973763218660156
VIS_063,3,DLS Interaction Parameter kD (mL/g),DLS kD,8,11,12.6,10.930399,0.6337944654592766,0.336418143593261,0.2973763218660156
VIS_064,3,DLS Interaction Parameter kD (mL/g),DLS kD,8,12,30.1,21.8,0.6337944654592766,0.336418143593261,0.2973763218660156
VIS_065,3,DLS Interaction Parameter kD (mL/g),DLS kD,8,13,25.6,17.957897,0.6337944654592766,0.336418143593261,0.2973763218660156
VIS_066,3,DLS Interaction Parameter kD (mL/g),DLS kD,8,14,15.0,12.4,0.6337944654592766,0.336418143593261,0.2973763218660156
VIS_067,3,DLS Interaction Parameter kD (mL/g),DLS kD,8,15,9.9,12.95735,0.6337944654592766,0.336418143593261,0.2973763218660156
VIS_068,3,DLS Interaction Parameter kD (mL/g),DLS kD,8,16,42.1,27.752151,0.6337944654592766,0.336418143593261,0.2973763218660156
VIS_069,3,DLS Interaction Parameter kD (mL/g),DLS kD,8,17,16.8,26.657001,0.6337944654592766,0.336418143593261,0.2973763218660156
VIS_070,3,DLS Interaction Parameter kD (mL/g),DLS kD,8,18,13.8,9.3,0.6337944654592766,0.336418143593261,0.2973763218660156
VIS_071,3,DLS Interaction Parameter kD (mL/g),DLS kD,8,19,13.9,21.714003,0.6337944654592766,0.336418143593261,0.2973763218660156
VIS_072,3,DLS Interaction Parameter kD (mL/g),DLS kD,8,20,11.9,12.953087,0.6337944654592766,0.336418143593261,0.2973763218660156
VIS_073,3,DLS Interaction Parameter kD (mL/g),DLS kD,8,21,11.4,10.179945,0.6337944654592766,0.336418143593261,0.2973763218660156
VIS_074,3,DLS Interaction Parameter kD (mL/g),DLS kD,8,22,15.2,27.3,0.6337944654592766,0.336418143593261,0.2973763218660156
VIS_052,3,DLS Interaction Parameter kD (mL/g),DLS kD,9,0,12.2,12.917538,0.6337944654592766,0.3614476142241792,0.2723468512350974
VIS_053,3,DLS Interaction Parameter kD (mL/g),DLS kD,9,1,10.8,12.021865,0.6337944654592766,0.3614476142241792,0.2723468512350974
VIS_054,3,DLS Interaction Parameter kD (mL/g),DLS kD,9,2,10.4,11.904542,0.6337944654592766,0.3614476142241792,0.2723468512350974
VIS_055,3,DLS Interaction Parameter kD (mL/g),DLS kD,9,3,17.8,12.2146225,0.6337944654592766,0.3614476142241792,0.2723468512350974
VIS_056,3,DLS Interaction Parameter kD (mL/g),DLS kD,9,4,9.1,10.104129,0.6337944654592766,0.3614476142241792,0.2723468512350974
VIS_057,3,DLS Interaction Parameter kD (mL/g),DLS kD,9,5,40.0,26.408428,0.6337944654592766,0.3614476142241792,0.2723468512350974
VIS_058,3,DLS Interaction Parameter kD (mL/g),DLS kD,9,6,10.8,15.0,0.6337944654592766,0.3614476142241792,0.2723468512350974
VIS_059,3,DLS Interaction Parameter kD (mL/g),DLS kD,9,7,7.6,15.780743,0.6337944654592766,0.3614476142241792,0.2723468512350974
VIS_060,3,DLS Interaction Parameter kD (mL/g),DLS kD,9,8,20.1,16.6,0.6337944654592766,0.3614476142241792,0.2723468512350974
VIS_061,3,DLS Interaction Parameter kD (mL/g),DLS kD,9,9,25.9,15.127175,0.6337944654592766,0.3614476142241792,0.2723468512350974
VIS_062,3,DLS Interaction Parameter kD (mL/g),DLS kD,9,10,8.4,12.1,0.6337944654592766,0.3614476142241792,0.2723468512350974
VIS_063,3,DLS Interaction Parameter kD (mL/g),DLS kD,9,11,12.6,12.066484,0.6337944654592766,0.3614476142241792,0.2723468512350974
VIS_064,3,DLS Interaction Parameter kD (mL/g),DLS kD,9,12,30.1,18.534351,0.6337944654592766,0.3614476142241792,0.2723468512350974
VIS_065,3,DLS Interaction Parameter kD (mL/g),DLS kD,9,13,25.6,17.957897,0.6337944654592766,0.3614476142241792,0.2723468512350974
VIS_066,3,DLS Interaction Parameter kD (mL/g),DLS kD,9,14,15.0,12.4,0.6337944654592766,0.3614476142241792,0.2723468512350974
VIS_067,3,DLS Interaction Parameter kD (mL/g),DLS kD,9,15,9.9,12.78051,0.6337944654592766,0.3614476142241792,0.2723468512350974
VIS_068,3,DLS Interaction Parameter kD (mL/g),DLS kD,9,16,42.1,27.953194,0.6337944654592766,0.3614476142241792,0.2723468512350974
VIS_069,3,DLS Interaction Parameter kD (mL/g),DLS kD,9,17,16.8,10.9,0.6337944654592766,0.3614476142241792,0.2723468512350974
VIS_070,3,DLS Interaction Parameter kD (mL/g),DLS kD,9,18,13.8,10.3,0.6337944654592766,0.3614476142241792,0.2723468512350974
VIS_071,3,DLS Interaction Parameter kD (mL/g),DLS kD,9,19,13.9,12.79269,0.6337944654592766,0.3614476142241792,0.2723468512350974
VIS_072,3,DLS Interaction Parameter kD (mL/g),DLS kD,9,20,11.9,27.3,0.6337944654592766,0.3614476142241792,0.2723468512350974
VIS_073,3,DLS Interaction Parameter kD (mL/g),DLS kD,9,21,11.4,23.406204,0.6337944654592766,0.3614476142241792,0.2723468512350974
VIS_074,3,DLS Interaction Parameter kD (mL/g),DLS kD,9,22,15.2,16.827509,0.6337944654592766,0.3614476142241792,0.2723468512350974
VIS_052,3,DLS Interaction Parameter kD (mL/g),DLS kD,10,0,12.2,12.0,0.6337944654592766,0.2371053103529203,0.3966891551063563
VIS_053,3,DLS Interaction Parameter kD (mL/g),DLS kD,10,1,10.8,12.0,0.6337944654592766,0.2371053103529203,0.3966891551063563
VIS_054,3,DLS Interaction Parameter kD (mL/g),DLS kD,10,2,10.4,10.9,0.6337944654592766,0.2371053103529203,0.3966891551063563
VIS_055,3,DLS Interaction Parameter kD (mL/g),DLS kD,10,3,17.8,11.451132,0.6337944654592766,0.2371053103529203,0.3966891551063563
VIS_056,3,DLS Interaction Parameter kD (mL/g),DLS kD,10,4,9.1,15.837179,0.6337944654592766,0.2371053103529203,0.3966891551063563
VIS_057,3,DLS Interaction Parameter kD (mL/g),DLS kD,10,5,40.0,48.8,0.6337944654592766,0.2371053103529203,0.3966891551063563
VIS_058,3,DLS Interaction Parameter kD (mL/g),DLS kD,10,6,10.8,10.5,0.6337944654592766,0.2371053103529203,0.3966891551063563
VIS_059,3,DLS Interaction Parameter kD (mL/g),DLS kD,10,7,7.6,9.3,0.6337944654592766,0.2371053103529203,0.3966891551063563
VIS_060,3,DLS Interaction Parameter kD (mL/g),DLS kD,10,8,20.1,19.653254,0.6337944654592766,0.2371053103529203,0.3966891551063563
VIS_061,3,DLS Interaction Parameter kD (mL/g),DLS kD,10,9,25.9,13.465738,0.6337944654592766,0.2371053103529203,0.3966891551063563
VIS_062,3,DLS Interaction Parameter kD (mL/g),DLS kD,10,10,8.4,15.232597,0.6337944654592766,0.2371053103529203,0.3966891551063563
VIS_063,3,DLS Interaction Parameter kD (mL/g),DLS kD,10,11,12.6,12.1,0.6337944654592766,0.2371053103529203,0.3966891551063563
VIS_064,3,DLS Interaction Parameter kD (mL/g),DLS kD,10,12,30.1,9.380219,0.6337944654592766,0.2371053103529203,0.3966891551063563
VIS_065,3,DLS Interaction Parameter kD (mL/g),DLS kD,10,13,25.6,22.7,0.6337944654592766,0.2371053103529203,0.3966891551063563
VIS_066,3,DLS Interaction Parameter kD (mL/g),DLS kD,10,14,15.0,13.8,0.6337944654592766,0.2371053103529203,0.3966891551063563
VIS_067,3,DLS Interaction Parameter kD (mL/g),DLS kD,10,15,9.9,11.7,0.6337944654592766,0.2371053103529203,0.3966891551063563
VIS_068,3,DLS Interaction Parameter kD (mL/g),DLS kD,10,16,42.1,27.953194,0.6337944654592766,0.2371053103529203,0.3966891551063563
VIS_069,3,DLS Interaction Parameter kD (mL/g),DLS kD,10,17,16.8,21.7,0.6337944654592766,0.2371053103529203,0.3966891551063563
VIS_070,3,DLS Interaction Parameter kD (mL/g),DLS kD,10,18,13.8,10.9,0.6337944654592766,0.2371053103529203,0.3966891551063563
VIS_071,3,DLS Interaction Parameter kD (mL/g),DLS kD,10,19,13.9,29.519913,0.6337944654592766,0.2371053103529203,0.3966891551063563
VIS_072,3,DLS Interaction Parameter kD (mL/g),DLS kD,10,20,11.9,11.732612,0.6337944654592766,0.2371053103529203,0.3966891551063563
VIS_073,3,DLS Interaction Parameter kD (mL/g),DLS kD,10,21,11.4,10.925518,0.6337944654592766,0.2371053103529203,0.3966891551063563
VIS_074,3,DLS Interaction Parameter kD (mL/g),DLS kD,10,22,15.2,30.998997,0.6337944654592766,0.2371053103529203,0.3966891551063563
VIS_052,3,SE-UHPLC Main Peak Plates (EP),SE-UHPLC Plates,1,0,12.2,10.0,0.6337944654592766,0.6976867030737409,-0.0638922376144642
VIS_053,3,SE-UHPLC Main Peak Plates (EP),SE-UHPLC Plates,1,1,10.8,12.0,0.6337944654592766,0.6976867030737409,-0.0638922376144642
VIS_054,3,SE-UHPLC Main Peak Plates (EP),SE-UHPLC Plates,1,2,10.4,14.8,0.6337944654592766,0.6976867030737409,-0.0638922376144642
VIS_055,3,SE-UHPLC Main Peak Plates (EP),SE-UHPLC Plates,1,3,17.8,16.6,0.6337944654592766,0.6976867030737409,-0.0638922376144642
VIS_056,3,SE-UHPLC Main Peak Plates (EP),SE-UHPLC Plates,1,4,9.1,10.0,0.6337944654592766,0.6976867030737409,-0.0638922376144642
VIS_057,3,SE-UHPLC Main Peak Plates (EP),SE-UHPLC Plates,1,5,40.0,45.0,0.6337944654592766,0.6976867030737409,-0.0638922376144642
VIS_058,3,SE-UHPLC Main Peak Plates (EP),SE-UHPLC Plates,1,6,10.8,10.5,0.6337944654592766,0.6976867030737409,-0.0638922376144642
VIS_059,3,SE-UHPLC Main Peak Plates (EP),SE-UHPLC Plates,1,7,7.6,10.3,0.6337944654592766,0.6976867030737409,-0.0638922376144642
VIS_060,3,SE-UHPLC Main Peak Plates (EP),SE-UHPLC Plates,1,8,20.1,14.6,0.6337944654592766,0.6976867030737409,-0.0638922376144642
VIS_061,3,SE-UHPLC Main Peak Plates (EP),SE-UHPLC Plates,1,9,25.9,26.820887,0.6337944654592766,0.6976867030737409,-0.0638922376144642
VIS_062,3,SE-UHPLC Main Peak Plates (EP),SE-UHPLC Plates,1,10,8.4,12.026327,0.6337944654592766,0.6976867030737409,-0.0638922376144642
VIS_063,3,SE-UHPLC Main Peak Plates (EP),SE-UHPLC Plates,1,11,12.6,10.915825,0.6337944654592766,0.6976867030737409,-0.0638922376144642
VIS_064,3,SE-UHPLC Main Peak Plates (EP),SE-UHPLC Plates,1,12,30.1,28.878614,0.6337944654592766,0.6976867030737409,-0.0638922376144642
VIS_065,3,SE-UHPLC Main Peak Plates (EP),SE-UHPLC Plates,1,13,25.6,20.530811,0.6337944654592766,0.6976867030737409,-0.0638922376144642
VIS_066,3,SE-UHPLC Main Peak Plates (EP),SE-UHPLC Plates,1,14,15.0,15.0,0.6337944654592766,0.6976867030737409,-0.0638922376144642
VIS_067,3,SE-UHPLC Main Peak Plates (EP),SE-UHPLC Plates,1,15,9.9,12.0,0.6337944654592766,0.6976867030737409,-0.0638922376144642
VIS_068,3,SE-UHPLC Main Peak Plates (EP),SE-UHPLC Plates,1,16,42.1,22.7,0.6337944654592766,0.6976867030737409,-0.0638922376144642
VIS_069,3,SE-UHPLC Main Peak Plates (EP),SE-UHPLC Plates,1,17,16.8,15.193787,0.6337944654592766,0.6976867030737409,-0.0638922376144642
VIS_070,3,SE-UHPLC Main Peak Plates (EP),SE-UHPLC Plates,1,18,13.8,13.206151,0.6337944654592766,0.6976867030737409,-0.0638922376144642
VIS_071,3,SE-UHPLC Main Peak Plates (EP),SE-UHPLC Plates,1,19,13.9,12.1,0.6337944654592766,0.6976867030737409,-0.0638922376144642
VIS_072,3,SE-UHPLC Main Peak Plates (EP),SE-UHPLC Plates,1,20,11.9,11.7,0.6337944654592766,0.6976867030737409,-0.0638922376144642
VIS_073,3,SE-UHPLC Main Peak Plates (EP),SE-UHPLC Plates,1,21,11.4,17.042957,0.6337944654592766,0.6976867030737409,-0.0638922376144642
VIS_074,3,SE-UHPLC Main Peak Plates (EP),SE-UHPLC Plates,1,22,15.2,22.7,0.6337944654592766,0.6976867030737409,-0.0638922376144642
VIS_052,3,SE-UHPLC Main Peak Plates (EP),SE-UHPLC Plates,2,0,12.2,10.3,0.6337944654592766,0.2155977958159054,0.4181966696433712
VIS_053,3,SE-UHPLC Main Peak Plates (EP),SE-UHPLC Plates,2,1,10.8,11.835611,0.6337944654592766,0.2155977958159054,0.4181966696433712
VIS_054,3,SE-UHPLC Main Peak Plates (EP),SE-UHPLC Plates,2,2,10.4,14.8,0.6337944654592766,0.2155977958159054,0.4181966696433712
VIS_055,3,SE-UHPLC Main Peak Plates (EP),SE-UHPLC Plates,2,3,17.8,21.708408,0.6337944654592766,0.2155977958159054,0.4181966696433712
VIS_056,3,SE-UHPLC Main Peak Plates (EP),SE-UHPLC Plates,2,4,9.1,10.061759,0.6337944654592766,0.2155977958159054,0.4181966696433712
VIS_057,3,SE-UHPLC Main Peak Plates (EP),SE-UHPLC Plates,2,5,40.0,33.846157,0.6337944654592766,0.2155977958159054,0.4181966696433712
VIS_058,3,SE-UHPLC Main Peak Plates (EP),SE-UHPLC Plates,2,6,10.8,12.008336,0.6337944654592766,0.2155977958159054,0.4181966696433712
VIS_059,3,SE-UHPLC Main Peak Plates (EP),SE-UHPLC Plates,2,7,7.6,10.3,0.6337944654592766,0.2155977958159054,0.4181966696433712
VIS_060,3,SE-UHPLC Main Peak Plates (EP),SE-UHPLC Plates,2,8,20.1,21.453161,0.6337944654592766,0.2155977958159054,0.4181966696433712
VIS_061,3,SE-UHPLC Main Peak Plates (EP),SE-UHPLC Plates,2,9,25.9,15.244102,0.6337944654592766,0.2155977958159054,0.4181966696433712
VIS_062,3,SE-UHPLC Main Peak Plates (EP),SE-UHPLC Plates,2,10,8.4,12.852985,0.6337944654592766,0.2155977958159054,0.4181966696433712
VIS_063,3,SE-UHPLC Main Peak Plates (EP),SE-UHPLC Plates,2,11,12.6,10.918488,0.6337944654592766,0.2155977958159054,0.4181966696433712
VIS_064,3,SE-UHPLC Main Peak Plates (EP),SE-UHPLC Plates,2,12,30.1,27.47345,0.6337944654592766,0.2155977958159054,0.4181966696433712
VIS_065,3,SE-UHPLC Main Peak Plates (EP),SE-UHPLC Plates,2,13,25.6,17.728333,0.6337944654592766,0.2155977958159054,0.4181966696433712
VIS_066,3,SE-UHPLC Main Peak Plates (EP),SE-UHPLC Plates,2,14,15.0,11.115622,0.6337944654592766,0.2155977958159054,0.4181966696433712
VIS_067,3,SE-UHPLC Main Peak Plates (EP),SE-UHPLC Plates,2,15,9.9,10.367795,0.6337944654592766,0.2155977958159054,0.4181966696433712
VIS_068,3,SE-UHPLC Main Peak Plates (EP),SE-UHPLC Plates,2,16,42.1,22.7,0.6337944654592766,0.2155977958159054,0.4181966696433712
VIS_069,3,SE-UHPLC Main Peak Plates (EP),SE-UHPLC Plates,2,17,16.8,14.680331,0.6337944654592766,0.2155977958159054,0.4181966696433712
VIS_070,3,SE-UHPLC Main Peak Plates (EP),SE-UHPLC Plates,2,18,13.8,12.732947,0.6337944654592766,0.2155977958159054,0.4181966696433712
VIS_071,3,SE-UHPLC Main Peak Plates (EP),SE-UHPLC Plates,2,19,13.9,14.6,0.6337944654592766,0.2155977958159054,0.4181966696433712
VIS_072,3,SE-UHPLC Main Peak Plates (EP),SE-UHPLC Plates,2,20,11.9,12.4,0.6337944654592766,0.2155977958159054,0.4181966696433712
VIS_073,3,SE-UHPLC Main Peak Plates (EP),SE-UHPLC Plates,2,21,11.4,12.784845,0.6337944654592766,0.2155977958159054,0.4181966696433712
VIS_074,3,SE-UHPLC Main Peak Plates (EP),SE-UHPLC Plates,2,22,15.2,45.0,0.6337944654592766,0.2155977958159054,0.4181966696433712
VIS_052,3,SE-UHPLC Main Peak Plates (EP),SE-UHPLC Plates,3,0,12.2,10.3,0.6337944654592766,0.3257912265995784,0.3080032388596982
VIS_053,3,SE-UHPLC Main Peak Plates (EP),SE-UHPLC Plates,3,1,10.8,11.779327,0.6337944654592766,0.3257912265995784,0.3080032388596982
VIS_054,3,SE-UHPLC Main Peak Plates (EP),SE-UHPLC Plates,3,2,10.4,16.189436,0.6337944654592766,0.3257912265995784,0.3080032388596982
VIS_055,3,SE-UHPLC Main Peak Plates (EP),SE-UHPLC Plates,3,3,17.8,26.4,0.6337944654592766,0.3257912265995784,0.3080032388596982
VIS_056,3,SE-UHPLC Main Peak Plates (EP),SE-UHPLC Plates,3,4,9.1,13.889819,0.6337944654592766,0.3257912265995784,0.3080032388596982
VIS_057,3,SE-UHPLC Main Peak Plates (EP),SE-UHPLC Plates,3,5,40.0,22.7,0.6337944654592766,0.3257912265995784,0.3080032388596982
VIS_058,3,SE-UHPLC Main Peak Plates (EP),SE-UHPLC Plates,3,6,10.8,10.605077,0.6337944654592766,0.3257912265995784,0.3080032388596982
VIS_059,3,SE-UHPLC Main Peak Plates (EP),SE-UHPLC Plates,3,7,7.6,15.3,0.6337944654592766,0.3257912265995784,0.3080032388596982
VIS_060,3,SE-UHPLC Main Peak Plates (EP),SE-UHPLC Plates,3,8,20.1,13.33722,0.6337944654592766,0.3257912265995784,0.3080032388596982
VIS_061,3,SE-UHPLC Main Peak Plates (EP),SE-UHPLC Plates,3,9,25.9,15.621704,0.6337944654592766,0.3257912265995784,0.3080032388596982
VIS_062,3,SE-UHPLC Main Peak Plates (EP),SE-UHPLC Plates,3,10,8.4,12.075534,0.6337944654592766,0.3257912265995784,0.3080032388596982
VIS_063,3,SE-UHPLC Main Peak Plates (EP),SE-UHPLC Plates,3,11,12.6,10.918488,0.6337944654592766,0.3257912265995784,0.3080032388596982
VIS_064,3,SE-UHPLC Main Peak Plates (EP),SE-UHPLC Plates,3,12,30.1,45.0,0.6337944654592766,0.3257912265995784,0.3080032388596982
VIS_065,3,SE-UHPLC Main Peak Plates (EP),SE-UHPLC Plates,3,13,25.6,18.904541,0.6337944654592766,0.3257912265995784,0.3080032388596982
VIS_066,3,SE-UHPLC Main Peak Plates (EP),SE-UHPLC Plates,3,14,15.0,13.1,0.6337944654592766,0.3257912265995784,0.3080032388596982
VIS_067,3,SE-UHPLC Main Peak Plates (EP),SE-UHPLC Plates,3,15,9.9,10.357179,0.6337944654592766,0.3257912265995784,0.3080032388596982
VIS_068,3,SE-UHPLC Main Peak Plates (EP),SE-UHPLC Plates,3,16,42.1,22.7,0.6337944654592766,0.3257912265995784,0.3080032388596982
VIS_069,3,SE-UHPLC Main Peak Plates (EP),SE-UHPLC Plates,3,17,16.8,14.792212,0.6337944654592766,0.3257912265995784,0.3080032388596982
VIS_070,3,SE-UHPLC Main Peak Plates (EP),SE-UHPLC Plates,3,18,13.8,13.8,0.6337944654592766,0.3257912265995784,0.3080032388596982
VIS_071,3,SE-UHPLC Main Peak Plates (EP),SE-UHPLC Plates,3,19,13.9,12.288527,0.6337944654592766,0.3257912265995784,0.3080032388596982
VIS_072,3,SE-UHPLC Main Peak Plates (EP),SE-UHPLC Plates,3,20,11.9,12.992134,0.6337944654592766,0.3257912265995784,0.3080032388596982
VIS_073,3,SE-UHPLC Main Peak Plates (EP),SE-UHPLC Plates,3,21,11.4,12.467348,0.6337944654592766,0.3257912265995784,0.3080032388596982
VIS_074,3,SE-UHPLC Main Peak Plates (EP),SE-UHPLC Plates,3,22,15.2,21.7,0.6337944654592766,0.3257912265995784,0.3080032388596982
VIS_052,3,SE-UHPLC Main Peak Plates (EP),SE-UHPLC Plates,4,0,12.2,13.8,0.6337944654592766,0.5989578538731624,0.0348366115861142
VIS_053,3,SE-UHPLC Main Peak Plates (EP),SE-UHPLC Plates,4,1,10.8,12.524984,0.6337944654592766,0.5989578538731624,0.0348366115861142
VIS_054,3,SE-UHPLC Main Peak Plates (EP),SE-UHPLC Plates,4,2,10.4,15.0,0.6337944654592766,0.5989578538731624,0.0348366115861142
VIS_055,3,SE-UHPLC Main Peak Plates (EP),SE-UHPLC Plates,4,3,17.8,21.442661,0.6337944654592766,0.5989578538731624,0.0348366115861142
VIS_056,3,SE-UHPLC Main Peak Plates (EP),SE-UHPLC Plates,4,4,9.1,10.0,0.6337944654592766,0.5989578538731624,0.0348366115861142
VIS_057,3,SE-UHPLC Main Peak Plates (EP),SE-UHPLC Plates,4,5,40.0,33.846157,0.6337944654592766,0.5989578538731624,0.0348366115861142
VIS_058,3,SE-UHPLC Main Peak Plates (EP),SE-UHPLC Plates,4,6,10.8,11.118071,0.6337944654592766,0.5989578538731624,0.0348366115861142
VIS_059,3,SE-UHPLC Main Peak Plates (EP),SE-UHPLC Plates,4,7,7.6,10.336555,0.6337944654592766,0.5989578538731624,0.0348366115861142
VIS_060,3,SE-UHPLC Main Peak Plates (EP),SE-UHPLC Plates,4,8,20.1,14.716182,0.6337944654592766,0.5989578538731624,0.0348366115861142
VIS_061,3,SE-UHPLC Main Peak Plates (EP),SE-UHPLC Plates,4,9,25.9,14.819033,0.6337944654592766,0.5989578538731624,0.0348366115861142
VIS_062,3,SE-UHPLC Main Peak Plates (EP),SE-UHPLC Plates,4,10,8.4,11.7,0.6337944654592766,0.5989578538731624,0.0348366115861142
VIS_063,3,SE-UHPLC Main Peak Plates (EP),SE-UHPLC Plates,4,11,12.6,12.011832,0.6337944654592766,0.5989578538731624,0.0348366115861142
VIS_064,3,SE-UHPLC Main Peak Plates (EP),SE-UHPLC Plates,4,12,30.1,22.246597,0.6337944654592766,0.5989578538731624,0.0348366115861142
VIS_065,3,SE-UHPLC Main Peak Plates (EP),SE-UHPLC Plates,4,13,25.6,18.904541,0.6337944654592766,0.5989578538731624,0.0348366115861142
VIS_066,3,SE-UHPLC Main Peak Plates (EP),SE-UHPLC Plates,4,14,15.0,15.0,0.6337944654592766,0.5989578538731624,0.0348366115861142
VIS_067,3,SE-UHPLC Main Peak Plates (EP),SE-UHPLC Plates,4,15,9.9,10.333667,0.6337944654592766,0.5989578538731624,0.0348366115861142
VIS_068,3,SE-UHPLC Main Peak Plates (EP),SE-UHPLC Plates,4,16,42.1,22.7,0.6337944654592766,0.5989578538731624,0.0348366115861142
VIS_069,3,SE-UHPLC Main Peak Plates (EP),SE-UHPLC Plates,4,17,16.8,21.752901,0.6337944654592766,0.5989578538731624,0.0348366115861142
VIS_070,3,SE-UHPLC Main Peak Plates (EP),SE-UHPLC Plates,4,18,13.8,15.993901,0.6337944654592766,0.5989578538731624,0.0348366115861142
VIS_071,3,SE-UHPLC Main Peak Plates (EP),SE-UHPLC Plates,4,19,13.9,12.381346,0.6337944654592766,0.5989578538731624,0.0348366115861142
VIS_072,3,SE-UHPLC Main Peak Plates (EP),SE-UHPLC Plates,4,20,11.9,11.704628,0.6337944654592766,0.5989578538731624,0.0348366115861142
VIS_073,3,SE-UHPLC Main Peak Plates (EP),SE-UHPLC Plates,4,21,11.4,12.477572,0.6337944654592766,0.5989578538731624,0.0348366115861142
VIS_074,3,SE-UHPLC Main Peak Plates (EP),SE-UHPLC Plates,4,22,15.2,21.8,0.6337944654592766,0.5989578538731624,0.0348366115861142
VIS_052,3,SE-UHPLC Main Peak Plates (EP),SE-UHPLC Plates,5,0,12.2,10.3,0.6337944654592766,0.7350948764339771,-0.1013004109747004
VIS_053,3,SE-UHPLC Main Peak Plates (EP),SE-UHPLC Plates,5,1,10.8,12.0,0.6337944654592766,0.7350948764339771,-0.1013004109747004
VIS_054,3,SE-UHPLC Main Peak Plates (EP),SE-UHPLC Plates,5,2,10.4,15.0,0.6337944654592766,0.7350948764339771,-0.1013004109747004
VIS_055,3,SE-UHPLC Main Peak Plates (EP),SE-UHPLC Plates,5,3,17.8,17.298922,0.6337944654592766,0.7350948764339771,-0.1013004109747004
VIS_056,3,SE-UHPLC Main Peak Plates (EP),SE-UHPLC Plates,5,4,9.1,15.206253,0.6337944654592766,0.7350948764339771,-0.1013004109747004
VIS_057,3,SE-UHPLC Main Peak Plates (EP),SE-UHPLC Plates,5,5,40.0,24.793762,0.6337944654592766,0.7350948764339771,-0.1013004109747004
VIS_058,3,SE-UHPLC Main Peak Plates (EP),SE-UHPLC Plates,5,6,10.8,11.118071,0.6337944654592766,0.7350948764339771,-0.1013004109747004
VIS_059,3,SE-UHPLC Main Peak Plates (EP),SE-UHPLC Plates,5,7,7.6,11.82797,0.6337944654592766,0.7350948764339771,-0.1013004109747004
VIS_060,3,SE-UHPLC Main Peak Plates (EP),SE-UHPLC Plates,5,8,20.1,13.8,0.6337944654592766,0.7350948764339771,-0.1013004109747004
VIS_061,3,SE-UHPLC Main Peak Plates (EP),SE-UHPLC Plates,5,9,25.9,21.77275,0.6337944654592766,0.7350948764339771,-0.1013004109747004
VIS_062,3,SE-UHPLC Main Peak Plates (EP),SE-UHPLC Plates,5,10,8.4,12.852985,0.6337944654592766,0.7350948764339771,-0.1013004109747004
VIS_063,3,SE-UHPLC Main Peak Plates (EP),SE-UHPLC Plates,5,11,12.6,10.9,0.6337944654592766,0.7350948764339771,-0.1013004109747004
VIS_064,3,SE-UHPLC Main Peak Plates (EP),SE-UHPLC Plates,5,12,30.1,22.995735,0.6337944654592766,0.7350948764339771,-0.1013004109747004
VIS_065,3,SE-UHPLC Main Peak Plates (EP),SE-UHPLC Plates,5,13,25.6,21.75968,0.6337944654592766,0.7350948764339771,-0.1013004109747004
VIS_066,3,SE-UHPLC Main Peak Plates (EP),SE-UHPLC Plates,5,14,15.0,13.1,0.6337944654592766,0.7350948764339771,-0.1013004109747004
VIS_067,3,SE-UHPLC Main Peak Plates (EP),SE-UHPLC Plates,5,15,9.9,10.9,0.6337944654592766,0.7350948764339771,-0.1013004109747004
VIS_068,3,SE-UHPLC Main Peak Plates (EP),SE-UHPLC Plates,5,16,42.1,37.301655,0.6337944654592766,0.7350948764339771,-0.1013004109747004
VIS_069,3,SE-UHPLC Main Peak Plates (EP),SE-UHPLC Plates,5,17,16.8,14.6,0.6337944654592766,0.7350948764339771,-0.1013004109747004
VIS_070,3,SE-UHPLC Main Peak Plates (EP),SE-UHPLC Plates,5,18,13.8,12.885449,0.6337944654592766,0.7350948764339771,-0.1013004109747004
VIS_071,3,SE-UHPLC Main Peak Plates (EP),SE-UHPLC Plates,5,19,13.9,12.13843,0.6337944654592766,0.7350948764339771,-0.1013004109747004
VIS_072,3,SE-UHPLC Main Peak Plates (EP),SE-UHPLC Plates,5,20,11.9,11.7,0.6337944654592766,0.7350948764339771,-0.1013004109747004
VIS_073,3,SE-UHPLC Main Peak Plates (EP),SE-UHPLC Plates,5,21,11.4,12.4,0.6337944654592766,0.7350948764339771,-0.1013004109747004
VIS_074,3,SE-UHPLC Main Peak Plates (EP),SE-UHPLC Plates,5,22,15.2,21.454208,0.6337944654592766,0.7350948764339771,-0.1013004109747004
VIS_052,3,SE-UHPLC Main Peak Plates (EP),SE-UHPLC Plates,6,0,12.2,10.3,0.6337944654592766,0.5734764326853454,0.0603180327739312
VIS_053,3,SE-UHPLC Main Peak Plates (EP),SE-UHPLC Plates,6,1,10.8,12.0,0.6337944654592766,0.5734764326853454,0.0603180327739312
VIS_054,3,SE-UHPLC Main Peak Plates (EP),SE-UHPLC Plates,6,2,10.4,14.8,0.6337944654592766,0.5734764326853454,0.0603180327739312
VIS_055,3,SE-UHPLC Main Peak Plates (EP),SE-UHPLC Plates,6,3,17.8,16.6,0.6337944654592766,0.5734764326853454,0.0603180327739312
VIS_056,3,SE-UHPLC Main Peak Plates (EP),SE-UHPLC Plates,6,4,9.1,10.0,0.6337944654592766,0.5734764326853454,0.0603180327739312
VIS_057,3,SE-UHPLC Main Peak Plates (EP),SE-UHPLC Plates,6,5,40.0,22.811245,0.6337944654592766,0.5734764326853454,0.0603180327739312
VIS_058,3,SE-UHPLC Main Peak Plates (EP),SE-UHPLC Plates,6,6,10.8,14.6,0.6337944654592766,0.5734764326853454,0.0603180327739312
VIS_059,3,SE-UHPLC Main Peak Plates (EP),SE-UHPLC Plates,6,7,7.6,10.456999,0.6337944654592766,0.5734764326853454,0.0603180327739312
VIS_060,3,SE-UHPLC Main Peak Plates (EP),SE-UHPLC Plates,6,8,20.1,14.6,0.6337944654592766,0.5734764326853454,0.0603180327739312
VIS_061,3,SE-UHPLC Main Peak Plates (EP),SE-UHPLC Plates,6,9,25.9,14.8,0.6337944654592766,0.5734764326853454,0.0603180327739312
VIS_062,3,SE-UHPLC Main Peak Plates (EP),SE-UHPLC Plates,6,10,8.4,13.727275,0.6337944654592766,0.5734764326853454,0.0603180327739312
VIS_063,3,SE-UHPLC Main Peak Plates (EP),SE-UHPLC Plates,6,11,12.6,11.7,0.6337944654592766,0.5734764326853454,0.0603180327739312
VIS_064,3,SE-UHPLC Main Peak Plates (EP),SE-UHPLC Plates,6,12,30.1,27.3,0.6337944654592766,0.5734764326853454,0.0603180327739312
VIS_065,3,SE-UHPLC Main Peak Plates (EP),SE-UHPLC Plates,6,13,25.6,21.75968,0.6337944654592766,0.5734764326853454,0.0603180327739312
VIS_066,3,SE-UHPLC Main Peak Plates (EP),SE-UHPLC Plates,6,14,15.0,15.024367,0.6337944654592766,0.5734764326853454,0.0603180327739312
VIS_067,3,SE-UHPLC Main Peak Plates (EP),SE-UHPLC Plates,6,15,9.9,10.367187,0.6337944654592766,0.5734764326853454,0.0603180327739312
VIS_068,3,SE-UHPLC Main Peak Plates (EP),SE-UHPLC Plates,6,16,42.1,27.953194,0.6337944654592766,0.5734764326853454,0.0603180327739312
VIS_069,3,SE-UHPLC Main Peak Plates (EP),SE-UHPLC Plates,6,17,16.8,15.193787,0.6337944654592766,0.5734764326853454,0.0603180327739312
VIS_070,3,SE-UHPLC Main Peak Plates (EP),SE-UHPLC Plates,6,18,13.8,21.7,0.6337944654592766,0.5734764326853454,0.0603180327739312
VIS_071,3,SE-UHPLC Main Peak Plates (EP),SE-UHPLC Plates,6,19,13.9,14.8,0.6337944654592766,0.5734764326853454,0.0603180327739312
VIS_072,3,SE-UHPLC Main Peak Plates (EP),SE-UHPLC Plates,6,20,11.9,11.836234,0.6337944654592766,0.5734764326853454,0.0603180327739312
VIS_073,3,SE-UHPLC Main Peak Plates (EP),SE-UHPLC Plates,6,21,11.4,12.4,0.6337944654592766,0.5734764326853454,0.0603180327739312
VIS_074,3,SE-UHPLC Main Peak Plates (EP),SE-UHPLC Plates,6,22,15.2,21.756042,0.6337944654592766,0.5734764326853454,0.0603180327739312
VIS_052,3,SE-UHPLC Main Peak Plates (EP),SE-UHPLC Plates,7,0,12.2,11.728547,0.6337944654592766,0.5512389679179572,0.0825554975413194
VIS_053,3,SE-UHPLC Main Peak Plates (EP),SE-UHPLC Plates,7,1,10.8,11.779327,0.6337944654592766,0.5512389679179572,0.0825554975413194
VIS_054,3,SE-UHPLC Main Peak Plates (EP),SE-UHPLC Plates,7,2,10.4,21.978342,0.6337944654592766,0.5512389679179572,0.0825554975413194
VIS_055,3,SE-UHPLC Main Peak Plates (EP),SE-UHPLC Plates,7,3,17.8,16.3,0.6337944654592766,0.5512389679179572,0.0825554975413194
VIS_056,3,SE-UHPLC Main Peak Plates (EP),SE-UHPLC Plates,7,4,9.1,10.9,0.6337944654592766,0.5512389679179572,0.0825554975413194
VIS_057,3,SE-UHPLC Main Peak Plates (EP),SE-UHPLC Plates,7,5,40.0,42.303143,0.6337944654592766,0.5512389679179572,0.0825554975413194
VIS_058,3,SE-UHPLC Main Peak Plates (EP),SE-UHPLC Plates,7,6,10.8,10.736881,0.6337944654592766,0.5512389679179572,0.0825554975413194
VIS_059,3,SE-UHPLC Main Peak Plates (EP),SE-UHPLC Plates,7,7,7.6,10.384884,0.6337944654592766,0.5512389679179572,0.0825554975413194
VIS_060,3,SE-UHPLC Main Peak Plates (EP),SE-UHPLC Plates,7,8,20.1,14.6,0.6337944654592766,0.5512389679179572,0.0825554975413194
VIS_061,3,SE-UHPLC Main Peak Plates (EP),SE-UHPLC Plates,7,9,25.9,15.130712,0.6337944654592766,0.5512389679179572,0.0825554975413194
VIS_062,3,SE-UHPLC Main Peak Plates (EP),SE-UHPLC Plates,7,10,8.4,10.942978,0.6337944654592766,0.5512389679179572,0.0825554975413194
VIS_063,3,SE-UHPLC Main Peak Plates (EP),SE-UHPLC Plates,7,11,12.6,12.067473,0.6337944654592766,0.5512389679179572,0.0825554975413194
VIS_064,3,SE-UHPLC Main Peak Plates (EP),SE-UHPLC Plates,7,12,30.1,22.430754,0.6337944654592766,0.5512389679179572,0.0825554975413194
VIS_065,3,SE-UHPLC Main Peak Plates (EP),SE-UHPLC Plates,7,13,25.6,20.530811,0.6337944654592766,0.5512389679179572,0.0825554975413194
VIS_066,3,SE-UHPLC Main Peak Plates (EP),SE-UHPLC Plates,7,14,15.0,12.051623,0.6337944654592766,0.5512389679179572,0.0825554975413194
VIS_067,3,SE-UHPLC Main Peak Plates (EP),SE-UHPLC Plates,7,15,9.9,13.885618,0.6337944654592766,0.5512389679179572,0.0825554975413194
VIS_068,3,SE-UHPLC Main Peak Plates (EP),SE-UHPLC Plates,7,16,42.1,22.7,0.6337944654592766,0.5512389679179572,0.0825554975413194
VIS_069,3,SE-UHPLC Main Peak Plates (EP),SE-UHPLC Plates,7,17,16.8,13.102629,0.6337944654592766,0.5512389679179572,0.0825554975413194
VIS_070,3,SE-UHPLC Main Peak Plates (EP),SE-UHPLC Plates,7,18,13.8,13.520062,0.6337944654592766,0.5512389679179572,0.0825554975413194
VIS_071,3,SE-UHPLC Main Peak Plates (EP),SE-UHPLC Plates,7,19,13.9,12.1,0.6337944654592766,0.5512389679179572,0.0825554975413194
VIS_072,3,SE-UHPLC Main Peak Plates (EP),SE-UHPLC Plates,7,20,11.9,18.7508,0.6337944654592766,0.5512389679179572,0.0825554975413194
VIS_073,3,SE-UHPLC Main Peak Plates (EP),SE-UHPLC Plates,7,21,11.4,13.8,0.6337944654592766,0.5512389679179572,0.0825554975413194
VIS_074,3,SE-UHPLC Main Peak Plates (EP),SE-UHPLC Plates,7,22,15.2,21.75948,0.6337944654592766,0.5512389679179572,0.0825554975413194
VIS_052,3,SE-UHPLC Main Peak Plates (EP),SE-UHPLC Plates,8,0,12.2,10.9,0.6337944654592766,0.6215880794077091,0.0122063860515675
VIS_053,3,SE-UHPLC Main Peak Plates (EP),SE-UHPLC Plates,8,1,10.8,14.6,0.6337944654592766,0.6215880794077091,0.0122063860515675
VIS_054,3,SE-UHPLC Main Peak Plates (EP),SE-UHPLC Plates,8,2,10.4,14.942937,0.6337944654592766,0.6215880794077091,0.0122063860515675
VIS_055,3,SE-UHPLC Main Peak Plates (EP),SE-UHPLC Plates,8,3,17.8,26.997143,0.6337944654592766,0.6215880794077091,0.0122063860515675
VIS_056,3,SE-UHPLC Main Peak Plates (EP),SE-UHPLC Plates,8,4,9.1,10.5,0.6337944654592766,0.6215880794077091,0.0122063860515675
VIS_057,3,SE-UHPLC Main Peak Plates (EP),SE-UHPLC Plates,8,5,40.0,22.7,0.6337944654592766,0.6215880794077091,0.0122063860515675
VIS_058,3,SE-UHPLC Main Peak Plates (EP),SE-UHPLC Plates,8,6,10.8,10.5,0.6337944654592766,0.6215880794077091,0.0122063860515675
VIS_059,3,SE-UHPLC Main Peak Plates (EP),SE-UHPLC Plates,8,7,7.6,10.3,0.6337944654592766,0.6215880794077091,0.0122063860515675
VIS_060,3,SE-UHPLC Main Peak Plates (EP),SE-UHPLC Plates,8,8,20.1,13.8,0.6337944654592766,0.6215880794077091,0.0122063860515675
VIS_061,3,SE-UHPLC Main Peak Plates (EP),SE-UHPLC Plates,8,9,25.9,15.244102,0.6337944654592766,0.6215880794077091,0.0122063860515675
VIS_062,3,SE-UHPLC Main Peak Plates (EP),SE-UHPLC Plates,8,10,8.4,12.688157,0.6337944654592766,0.6215880794077091,0.0122063860515675
VIS_063,3,SE-UHPLC Main Peak Plates (EP),SE-UHPLC Plates,8,11,12.6,12.067473,0.6337944654592766,0.6215880794077091,0.0122063860515675
VIS_064,3,SE-UHPLC Main Peak Plates (EP),SE-UHPLC Plates,8,12,30.1,22.995735,0.6337944654592766,0.6215880794077091,0.0122063860515675
VIS_065,3,SE-UHPLC Main Peak Plates (EP),SE-UHPLC Plates,8,13,25.6,21.75968,0.6337944654592766,0.6215880794077091,0.0122063860515675
VIS_066,3,SE-UHPLC Main Peak Plates (EP),SE-UHPLC Plates,8,14,15.0,11.358924,0.6337944654592766,0.6215880794077091,0.0122063860515675
VIS_067,3,SE-UHPLC Main Peak Plates (EP),SE-UHPLC Plates,8,15,9.9,10.367795,0.6337944654592766,0.6215880794077091,0.0122063860515675
VIS_068,3,SE-UHPLC Main Peak Plates (EP),SE-UHPLC Plates,8,16,42.1,47.13977,0.6337944654592766,0.6215880794077091,0.0122063860515675
VIS_069,3,SE-UHPLC Main Peak Plates (EP),SE-UHPLC Plates,8,17,16.8,14.6,0.6337944654592766,0.6215880794077091,0.0122063860515675
VIS_070,3,SE-UHPLC Main Peak Plates (EP),SE-UHPLC Plates,8,18,13.8,13.206151,0.6337944654592766,0.6215880794077091,0.0122063860515675
VIS_071,3,SE-UHPLC Main Peak Plates (EP),SE-UHPLC Plates,8,19,13.9,16.6,0.6337944654592766,0.6215880794077091,0.0122063860515675
VIS_072,3,SE-UHPLC Main Peak Plates (EP),SE-UHPLC Plates,8,20,11.9,11.7,0.6337944654592766,0.6215880794077091,0.0122063860515675
VIS_073,3,SE-UHPLC Main Peak Plates (EP),SE-UHPLC Plates,8,21,11.4,12.4,0.6337944654592766,0.6215880794077091,0.0122063860515675
VIS_074,3,SE-UHPLC Main Peak Plates (EP),SE-UHPLC Plates,8,22,15.2,21.8,0.6337944654592766,0.6215880794077091,0.0122063860515675
VIS_052,3,SE-UHPLC Main Peak Plates (EP),SE-UHPLC Plates,9,0,12.2,12.1,0.6337944654592766,0.483778077572188,0.1500163878870886
VIS_053,3,SE-UHPLC Main Peak Plates (EP),SE-UHPLC Plates,9,1,10.8,13.8,0.6337944654592766,0.483778077572188,0.1500163878870886
VIS_054,3,SE-UHPLC Main Peak Plates (EP),SE-UHPLC Plates,9,2,10.4,22.7,0.6337944654592766,0.483778077572188,0.1500163878870886
VIS_055,3,SE-UHPLC Main Peak Plates (EP),SE-UHPLC Plates,9,3,17.8,16.186491,0.6337944654592766,0.483778077572188,0.1500163878870886
VIS_056,3,SE-UHPLC Main Peak Plates (EP),SE-UHPLC Plates,9,4,9.1,10.3,0.6337944654592766,0.483778077572188,0.1500163878870886
VIS_057,3,SE-UHPLC Main Peak Plates (EP),SE-UHPLC Plates,9,5,40.0,22.7,0.6337944654592766,0.483778077572188,0.1500163878870886
VIS_058,3,SE-UHPLC Main Peak Plates (EP),SE-UHPLC Plates,9,6,10.8,10.605077,0.6337944654592766,0.483778077572188,0.1500163878870886
VIS_059,3,SE-UHPLC Main Peak Plates (EP),SE-UHPLC Plates,9,7,7.6,15.3,0.6337944654592766,0.483778077572188,0.1500163878870886
VIS_060,3,SE-UHPLC Main Peak Plates (EP),SE-UHPLC Plates,9,8,20.1,13.8,0.6337944654592766,0.483778077572188,0.1500163878870886
VIS_061,3,SE-UHPLC Main Peak Plates (EP),SE-UHPLC Plates,9,9,25.9,15.127175,0.6337944654592766,0.483778077572188,0.1500163878870886
VIS_062,3,SE-UHPLC Main Peak Plates (EP),SE-UHPLC Plates,9,10,8.4,12.852985,0.6337944654592766,0.483778077572188,0.1500163878870886
VIS_063,3,SE-UHPLC Main Peak Plates (EP),SE-UHPLC Plates,9,11,12.6,10.915825,0.6337944654592766,0.483778077572188,0.1500163878870886
VIS_064,3,SE-UHPLC Main Peak Plates (EP),SE-UHPLC Plates,9,12,30.1,22.246597,0.6337944654592766,0.483778077572188,0.1500163878870886
VIS_065,3,SE-UHPLC Main Peak Plates (EP),SE-UHPLC Plates,9,13,25.6,21.75968,0.6337944654592766,0.483778077572188,0.1500163878870886
VIS_066,3,SE-UHPLC Main Peak Plates (EP),SE-UHPLC Plates,9,14,15.0,12.1,0.6337944654592766,0.483778077572188,0.1500163878870886
VIS_067,3,SE-UHPLC Main Peak Plates (EP),SE-UHPLC Plates,9,15,9.9,10.9,0.6337944654592766,0.483778077572188,0.1500163878870886
VIS_068,3,SE-UHPLC Main Peak Plates (EP),SE-UHPLC Plates,9,16,42.1,27.953194,0.6337944654592766,0.483778077572188,0.1500163878870886
VIS_069,3,SE-UHPLC Main Peak Plates (EP),SE-UHPLC Plates,9,17,16.8,14.323633,0.6337944654592766,0.483778077572188,0.1500163878870886
VIS_070,3,SE-UHPLC Main Peak Plates (EP),SE-UHPLC Plates,9,18,13.8,12.885449,0.6337944654592766,0.483778077572188,0.1500163878870886
VIS_071,3,SE-UHPLC Main Peak Plates (EP),SE-UHPLC Plates,9,19,13.9,12.382551,0.6337944654592766,0.483778077572188,0.1500163878870886
VIS_072,3,SE-UHPLC Main Peak Plates (EP),SE-UHPLC Plates,9,20,11.9,11.732253,0.6337944654592766,0.483778077572188,0.1500163878870886
VIS_073,3,SE-UHPLC Main Peak Plates (EP),SE-UHPLC Plates,9,21,11.4,12.477572,0.6337944654592766,0.483778077572188,0.1500163878870886
VIS_074,3,SE-UHPLC Main Peak Plates (EP),SE-UHPLC Plates,9,22,15.2,21.770441,0.6337944654592766,0.483778077572188,0.1500163878870886
VIS_052,3,SE-UHPLC Main Peak Plates (EP),SE-UHPLC Plates,10,0,12.2,10.3,0.6337944654592766,0.5656468551301277,0.0681476103291489
VIS_053,3,SE-UHPLC Main Peak Plates (EP),SE-UHPLC Plates,10,1,10.8,12.524984,0.6337944654592766,0.5656468551301277,0.0681476103291489
VIS_054,3,SE-UHPLC Main Peak Plates (EP),SE-UHPLC Plates,10,2,10.4,14.964876,0.6337944654592766,0.5656468551301277,0.0681476103291489
VIS_055,3,SE-UHPLC Main Peak Plates (EP),SE-UHPLC Plates,10,3,17.8,20.052244,0.6337944654592766,0.5656468551301277,0.0681476103291489
VIS_056,3,SE-UHPLC Main Peak Plates (EP),SE-UHPLC Plates,10,4,9.1,13.530101,0.6337944654592766,0.5656468551301277,0.0681476103291489
VIS_057,3,SE-UHPLC Main Peak Plates (EP),SE-UHPLC Plates,10,5,40.0,26.00848,0.6337944654592766,0.5656468551301277,0.0681476103291489
VIS_058,3,SE-UHPLC Main Peak Plates (EP),SE-UHPLC Plates,10,6,10.8,10.736881,0.6337944654592766,0.5656468551301277,0.0681476103291489
VIS_059,3,SE-UHPLC Main Peak Plates (EP),SE-UHPLC Plates,10,7,7.6,11.7108965,0.6337944654592766,0.5656468551301277,0.0681476103291489
VIS_060,3,SE-UHPLC Main Peak Plates (EP),SE-UHPLC Plates,10,8,20.1,16.11537,0.6337944654592766,0.5656468551301277,0.0681476103291489
VIS_061,3,SE-UHPLC Main Peak Plates (EP),SE-UHPLC Plates,10,9,25.9,14.8,0.6337944654592766,0.5656468551301277,0.0681476103291489
VIS_062,3,SE-UHPLC Main Peak Plates (EP),SE-UHPLC Plates,10,10,8.4,11.554153,0.6337944654592766,0.5656468551301277,0.0681476103291489
VIS_063,3,SE-UHPLC Main Peak Plates (EP),SE-UHPLC Plates,10,11,12.6,11.7,0.6337944654592766,0.5656468551301277,0.0681476103291489
VIS_064,3,SE-UHPLC Main Peak Plates (EP),SE-UHPLC Plates,10,12,30.1,22.50701,0.6337944654592766,0.5656468551301277,0.0681476103291489
VIS_065,3,SE-UHPLC Main Peak Plates (EP),SE-UHPLC Plates,10,13,25.6,18.772715,0.6337944654592766,0.5656468551301277,0.0681476103291489
VIS_066,3,SE-UHPLC Main Peak Plates (EP),SE-UHPLC Plates,10,14,15.0,15.0,0.6337944654592766,0.5656468551301277,0.0681476103291489
VIS_067,3,SE-UHPLC Main Peak Plates (EP),SE-UHPLC Plates,10,15,9.9,10.394885,0.6337944654592766,0.5656468551301277,0.0681476103291489
VIS_068,3,SE-UHPLC Main Peak Plates (EP),SE-UHPLC Plates,10,16,42.1,27.953194,0.6337944654592766,0.5656468551301277,0.0681476103291489
VIS_069,3,SE-UHPLC Main Peak Plates (EP),SE-UHPLC Plates,10,17,16.8,23.99325,0.6337944654592766,0.5656468551301277,0.0681476103291489
VIS_070,3,SE-UHPLC Main Peak Plates (EP),SE-UHPLC Plates,10,18,13.8,21.7,0.6337944654592766,0.5656468551301277,0.0681476103291489
VIS_071,3,SE-UHPLC Main Peak Plates (EP),SE-UHPLC Plates,10,19,13.9,12.381346,0.6337944654592766,0.5656468551301277,0.0681476103291489
VIS_072,3,SE-UHPLC Main Peak Plates (EP),SE-UHPLC Plates,10,20,11.9,11.732612,0.6337944654592766,0.5656468551301277,0.0681476103291489
VIS_073,3,SE-UHPLC Main Peak Plates (EP),SE-UHPLC Plates,10,21,11.4,12.4,0.6337944654592766,0.5656468551301277,0.0681476103291489
VIS_074,3,SE-UHPLC Main Peak Plates (EP),SE-UHPLC Plates,10,22,15.2,21.454208,0.6337944654592766,0.5656468551301277,0.0681476103291489
VIS_052,3,AC-SINS λmax (nm),AC-SINS Δλmax,1,0,12.2,14.6,0.6337944654592766,0.6363423119943542,-0.0025478465350775
VIS_053,3,AC-SINS λmax (nm),AC-SINS Δλmax,1,1,10.8,12.239138,0.6337944654592766,0.6363423119943542,-0.0025478465350775
VIS_054,3,AC-SINS λmax (nm),AC-SINS Δλmax,1,2,10.4,12.075091,0.6337944654592766,0.6363423119943542,-0.0025478465350775
VIS_055,3,AC-SINS λmax (nm),AC-SINS Δλmax,1,3,17.8,16.6,0.6337944654592766,0.6363423119943542,-0.0025478465350775
VIS_056,3,AC-SINS λmax (nm),AC-SINS Δλmax,1,4,9.1,10.0,0.6337944654592766,0.6363423119943542,-0.0025478465350775
VIS_057,3,AC-SINS λmax (nm),AC-SINS Δλmax,1,5,40.0,47.409008,0.6337944654592766,0.6363423119943542,-0.0025478465350775
VIS_058,3,AC-SINS λmax (nm),AC-SINS Δλmax,1,6,10.8,9.949332,0.6337944654592766,0.6363423119943542,-0.0025478465350775
VIS_059,3,AC-SINS λmax (nm),AC-SINS Δλmax,1,7,7.6,10.3,0.6337944654592766,0.6363423119943542,-0.0025478465350775
VIS_060,3,AC-SINS λmax (nm),AC-SINS Δλmax,1,8,20.1,14.369985,0.6337944654592766,0.6363423119943542,-0.0025478465350775
VIS_061,3,AC-SINS λmax (nm),AC-SINS Δλmax,1,9,25.9,26.435781,0.6337944654592766,0.6363423119943542,-0.0025478465350775
VIS_062,3,AC-SINS λmax (nm),AC-SINS Δλmax,1,10,8.4,10.156239,0.6337944654592766,0.6363423119943542,-0.0025478465350775
VIS_063,3,AC-SINS λmax (nm),AC-SINS Δλmax,1,11,12.6,15.0,0.6337944654592766,0.6363423119943542,-0.0025478465350775
VIS_064,3,AC-SINS λmax (nm),AC-SINS Δλmax,1,12,30.1,22.747057,0.6337944654592766,0.6363423119943542,-0.0025478465350775
VIS_065,3,AC-SINS λmax (nm),AC-SINS Δλmax,1,13,25.6,27.3,0.6337944654592766,0.6363423119943542,-0.0025478465350775
VIS_066,3,AC-SINS λmax (nm),AC-SINS Δλmax,1,14,15.0,15.050569,0.6337944654592766,0.6363423119943542,-0.0025478465350775
VIS_067,3,AC-SINS λmax (nm),AC-SINS Δλmax,1,15,9.9,13.638619,0.6337944654592766,0.6363423119943542,-0.0025478465350775
VIS_068,3,AC-SINS λmax (nm),AC-SINS Δλmax,1,16,42.1,22.686089,0.6337944654592766,0.6363423119943542,-0.0025478465350775
VIS_069,3,AC-SINS λmax (nm),AC-SINS Δλmax,1,17,16.8,10.940356,0.6337944654592766,0.6363423119943542,-0.0025478465350775
VIS_070,3,AC-SINS λmax (nm),AC-SINS Δλmax,1,18,13.8,21.2,0.6337944654592766,0.6363423119943542,-0.0025478465350775
VIS_071,3,AC-SINS λmax (nm),AC-SINS Δλmax,1,19,13.9,10.3,0.6337944654592766,0.6363423119943542,-0.0025478465350775
VIS_072,3,AC-SINS λmax (nm),AC-SINS Δλmax,1,20,11.9,10.9,0.6337944654592766,0.6363423119943542,-0.0025478465350775
VIS_073,3,AC-SINS λmax (nm),AC-SINS Δλmax,1,21,11.4,19.366234,0.6337944654592766,0.6363423119943542,-0.0025478465350775
VIS_074,3,AC-SINS λmax (nm),AC-SINS Δλmax,1,22,15.2,16.3,0.6337944654592766,0.6363423119943542,-0.0025478465350775
VIS_052,3,AC-SINS λmax (nm),AC-SINS Δλmax,2,0,12.2,13.245282,0.6337944654592766,0.6196573653456507,0.0141371001136259
VIS_053,3,AC-SINS λmax (nm),AC-SINS Δλmax,2,1,10.8,11.835611,0.6337944654592766,0.6196573653456507,0.0141371001136259
VIS_054,3,AC-SINS λmax (nm),AC-SINS Δλmax,2,2,10.4,13.8,0.6337944654592766,0.6196573653456507,0.0141371001136259
VIS_055,3,AC-SINS λmax (nm),AC-SINS Δλmax,2,3,17.8,27.221996,0.6337944654592766,0.6196573653456507,0.0141371001136259
VIS_056,3,AC-SINS λmax (nm),AC-SINS Δλmax,2,4,9.1,10.0,0.6337944654592766,0.6196573653456507,0.0141371001136259
VIS_057,3,AC-SINS λmax (nm),AC-SINS Δλmax,2,5,40.0,47.300922,0.6337944654592766,0.6196573653456507,0.0141371001136259
VIS_058,3,AC-SINS λmax (nm),AC-SINS Δλmax,2,6,10.8,10.185462,0.6337944654592766,0.6196573653456507,0.0141371001136259
VIS_059,3,AC-SINS λmax (nm),AC-SINS Δλmax,2,7,7.6,10.91676,0.6337944654592766,0.6196573653456507,0.0141371001136259
VIS_060,3,AC-SINS λmax (nm),AC-SINS Δλmax,2,8,20.1,21.453161,0.6337944654592766,0.6196573653456507,0.0141371001136259
VIS_061,3,AC-SINS λmax (nm),AC-SINS Δλmax,2,9,25.9,26.447584,0.6337944654592766,0.6196573653456507,0.0141371001136259
VIS_062,3,AC-SINS λmax (nm),AC-SINS Δλmax,2,10,8.4,11.988479,0.6337944654592766,0.6196573653456507,0.0141371001136259
VIS_063,3,AC-SINS λmax (nm),AC-SINS Δλmax,2,11,12.6,12.576277,0.6337944654592766,0.6196573653456507,0.0141371001136259
VIS_064,3,AC-SINS λmax (nm),AC-SINS Δλmax,2,12,30.1,22.7,0.6337944654592766,0.6196573653456507,0.0141371001136259
VIS_065,3,AC-SINS λmax (nm),AC-SINS Δλmax,2,13,25.6,28.583748,0.6337944654592766,0.6196573653456507,0.0141371001136259
VIS_066,3,AC-SINS λmax (nm),AC-SINS Δλmax,2,14,15.0,14.6,0.6337944654592766,0.6196573653456507,0.0141371001136259
VIS_067,3,AC-SINS λmax (nm),AC-SINS Δλmax,2,15,9.9,10.9,0.6337944654592766,0.6196573653456507,0.0141371001136259
VIS_068,3,AC-SINS λmax (nm),AC-SINS Δλmax,2,16,42.1,27.3,0.6337944654592766,0.6196573653456507,0.0141371001136259
VIS_069,3,AC-SINS λmax (nm),AC-SINS Δλmax,2,17,16.8,11.10047,0.6337944654592766,0.6196573653456507,0.0141371001136259
VIS_070,3,AC-SINS λmax (nm),AC-SINS Δλmax,2,18,13.8,12.732947,0.6337944654592766,0.6196573653456507,0.0141371001136259
VIS_071,3,AC-SINS λmax (nm),AC-SINS Δλmax,2,19,13.9,10.3,0.6337944654592766,0.6196573653456507,0.0141371001136259
VIS_072,3,AC-SINS λmax (nm),AC-SINS Δλmax,2,20,11.9,10.0,0.6337944654592766,0.6196573653456507,0.0141371001136259
VIS_073,3,AC-SINS λmax (nm),AC-SINS Δλmax,2,21,11.4,12.189293,0.6337944654592766,0.6196573653456507,0.0141371001136259
VIS_074,3,AC-SINS λmax (nm),AC-SINS Δλmax,2,22,15.2,30.988829,0.6337944654592766,0.6196573653456507,0.0141371001136259
VIS_052,3,AC-SINS λmax (nm),AC-SINS Δλmax,3,0,12.2,10.985433,0.6337944654592766,0.5818292462373411,0.0519652192219355
VIS_053,3,AC-SINS λmax (nm),AC-SINS Δλmax,3,1,10.8,10.9,0.6337944654592766,0.5818292462373411,0.0519652192219355
VIS_054,3,AC-SINS λmax (nm),AC-SINS Δλmax,3,2,10.4,12.4,0.6337944654592766,0.5818292462373411,0.0519652192219355
VIS_055,3,AC-SINS λmax (nm),AC-SINS Δλmax,3,3,17.8,27.3,0.6337944654592766,0.5818292462373411,0.0519652192219355
VIS_056,3,AC-SINS λmax (nm),AC-SINS Δλmax,3,4,9.1,10.539498,0.6337944654592766,0.5818292462373411,0.0519652192219355
VIS_057,3,AC-SINS λmax (nm),AC-SINS Δλmax,3,5,40.0,21.7,0.6337944654592766,0.5818292462373411,0.0519652192219355
VIS_058,3,AC-SINS λmax (nm),AC-SINS Δλmax,3,6,10.8,9.72416,0.6337944654592766,0.5818292462373411,0.0519652192219355
VIS_059,3,AC-SINS λmax (nm),AC-SINS Δλmax,3,7,7.6,13.1,0.6337944654592766,0.5818292462373411,0.0519652192219355
VIS_060,3,AC-SINS λmax (nm),AC-SINS Δλmax,3,8,20.1,21.7,0.6337944654592766,0.5818292462373411,0.0519652192219355
VIS_061,3,AC-SINS λmax (nm),AC-SINS Δλmax,3,9,25.9,17.2034,0.6337944654592766,0.5818292462373411,0.0519652192219355
VIS_062,3,AC-SINS λmax (nm),AC-SINS Δλmax,3,10,8.4,10.3,0.6337944654592766,0.5818292462373411,0.0519652192219355
VIS_063,3,AC-SINS λmax (nm),AC-SINS Δλmax,3,11,12.6,12.576277,0.6337944654592766,0.5818292462373411,0.0519652192219355
VIS_064,3,AC-SINS λmax (nm),AC-SINS Δλmax,3,12,30.1,26.988485,0.6337944654592766,0.5818292462373411,0.0519652192219355
VIS_065,3,AC-SINS λmax (nm),AC-SINS Δλmax,3,13,25.6,26.4,0.6337944654592766,0.5818292462373411,0.0519652192219355
VIS_066,3,AC-SINS λmax (nm),AC-SINS Δλmax,3,14,15.0,15.0,0.6337944654592766,0.5818292462373411,0.0519652192219355
VIS_067,3,AC-SINS λmax (nm),AC-SINS Δλmax,3,15,9.9,10.9,0.6337944654592766,0.5818292462373411,0.0519652192219355
VIS_068,3,AC-SINS λmax (nm),AC-SINS Δλmax,3,16,42.1,27.680801,0.6337944654592766,0.5818292462373411,0.0519652192219355
VIS_069,3,AC-SINS λmax (nm),AC-SINS Δλmax,3,17,16.8,15.3,0.6337944654592766,0.5818292462373411,0.0519652192219355
VIS_070,3,AC-SINS λmax (nm),AC-SINS Δλmax,3,18,13.8,12.562181,0.6337944654592766,0.5818292462373411,0.0519652192219355
VIS_071,3,AC-SINS λmax (nm),AC-SINS Δλmax,3,19,13.9,12.0,0.6337944654592766,0.5818292462373411,0.0519652192219355
VIS_072,3,AC-SINS λmax (nm),AC-SINS Δλmax,3,20,11.9,10.3,0.6337944654592766,0.5818292462373411,0.0519652192219355
VIS_073,3,AC-SINS λmax (nm),AC-SINS Δλmax,3,21,11.4,16.359198,0.6337944654592766,0.5818292462373411,0.0519652192219355
VIS_074,3,AC-SINS λmax (nm),AC-SINS Δλmax,3,22,15.2,21.8,0.6337944654592766,0.5818292462373411,0.0519652192219355
VIS_052,3,AC-SINS λmax (nm),AC-SINS Δλmax,4,0,12.2,14.72892,0.6337944654592766,0.5721651542652951,0.0616293111939815
VIS_053,3,AC-SINS λmax (nm),AC-SINS Δλmax,4,1,10.8,10.0,0.6337944654592766,0.5721651542652951,0.0616293111939815
VIS_054,3,AC-SINS λmax (nm),AC-SINS Δλmax,4,2,10.4,12.075091,0.6337944654592766,0.5721651542652951,0.0616293111939815
VIS_055,3,AC-SINS λmax (nm),AC-SINS Δλmax,4,3,17.8,24.34504,0.6337944654592766,0.5721651542652951,0.0616293111939815
VIS_056,3,AC-SINS λmax (nm),AC-SINS Δλmax,4,4,9.1,10.172813,0.6337944654592766,0.5721651542652951,0.0616293111939815
VIS_057,3,AC-SINS λmax (nm),AC-SINS Δλmax,4,5,40.0,47.300922,0.6337944654592766,0.5721651542652951,0.0616293111939815
VIS_058,3,AC-SINS λmax (nm),AC-SINS Δλmax,4,6,10.8,9.9,0.6337944654592766,0.5721651542652951,0.0616293111939815
VIS_059,3,AC-SINS λmax (nm),AC-SINS Δλmax,4,7,7.6,11.7,0.6337944654592766,0.5721651542652951,0.0616293111939815
VIS_060,3,AC-SINS λmax (nm),AC-SINS Δλmax,4,8,20.1,21.758713,0.6337944654592766,0.5721651542652951,0.0616293111939815
VIS_061,3,AC-SINS λmax (nm),AC-SINS Δλmax,4,9,25.9,15.127175,0.6337944654592766,0.5721651542652951,0.0616293111939815
VIS_062,3,AC-SINS λmax (nm),AC-SINS Δλmax,4,10,8.4,10.932294,0.6337944654592766,0.5721651542652951,0.0616293111939815
VIS_063,3,AC-SINS λmax (nm),AC-SINS Δλmax,4,11,12.6,12.576277,0.6337944654592766,0.5721651542652951,0.0616293111939815
VIS_064,3,AC-SINS λmax (nm),AC-SINS Δλmax,4,12,30.1,20.592592,0.6337944654592766,0.5721651542652951,0.0616293111939815
VIS_065,3,AC-SINS λmax (nm),AC-SINS Δλmax,4,13,25.6,26.4,0.6337944654592766,0.5721651542652951,0.0616293111939815
VIS_066,3,AC-SINS λmax (nm),AC-SINS Δλmax,4,14,15.0,15.050569,0.6337944654592766,0.5721651542652951,0.0616293111939815
VIS_067,3,AC-SINS λmax (nm),AC-SINS Δλmax,4,15,9.9,14.6,0.6337944654592766,0.5721651542652951,0.0616293111939815
VIS_068,3,AC-SINS λmax (nm),AC-SINS Δλmax,4,16,42.1,22.686089,0.6337944654592766,0.5721651542652951,0.0616293111939815
VIS_069,3,AC-SINS λmax (nm),AC-SINS Δλmax,4,17,16.8,15.3,0.6337944654592766,0.5721651542652951,0.0616293111939815
VIS_070,3,AC-SINS λmax (nm),AC-SINS Δλmax,4,18,13.8,21.2,0.6337944654592766,0.5721651542652951,0.0616293111939815
VIS_071,3,AC-SINS λmax (nm),AC-SINS Δλmax,4,19,13.9,10.460646,0.6337944654592766,0.5721651542652951,0.0616293111939815
VIS_072,3,AC-SINS λmax (nm),AC-SINS Δλmax,4,20,11.9,11.787467,0.6337944654592766,0.5721651542652951,0.0616293111939815
VIS_073,3,AC-SINS λmax (nm),AC-SINS Δλmax,4,21,11.4,14.613712,0.6337944654592766,0.5721651542652951,0.0616293111939815
VIS_074,3,AC-SINS λmax (nm),AC-SINS Δλmax,4,22,15.2,21.8,0.6337944654592766,0.5721651542652951,0.0616293111939815
VIS_052,3,AC-SINS λmax (nm),AC-SINS Δλmax,5,0,12.2,12.492896,0.6337944654592766,0.4098119005941406,0.223982564865136
VIS_053,3,AC-SINS λmax (nm),AC-SINS Δλmax,5,1,10.8,10.0,0.6337944654592766,0.4098119005941406,0.223982564865136
VIS_054,3,AC-SINS λmax (nm),AC-SINS Δλmax,5,2,10.4,14.6,0.6337944654592766,0.4098119005941406,0.223982564865136
VIS_055,3,AC-SINS λmax (nm),AC-SINS Δλmax,5,3,17.8,27.3,0.6337944654592766,0.4098119005941406,0.223982564865136
VIS_056,3,AC-SINS λmax (nm),AC-SINS Δλmax,5,4,9.1,10.9,0.6337944654592766,0.4098119005941406,0.223982564865136
VIS_057,3,AC-SINS λmax (nm),AC-SINS Δλmax,5,5,40.0,21.7,0.6337944654592766,0.4098119005941406,0.223982564865136
VIS_058,3,AC-SINS λmax (nm),AC-SINS Δλmax,5,6,10.8,9.9,0.6337944654592766,0.4098119005941406,0.223982564865136
VIS_059,3,AC-SINS λmax (nm),AC-SINS Δλmax,5,7,7.6,10.9,0.6337944654592766,0.4098119005941406,0.223982564865136
VIS_060,3,AC-SINS λmax (nm),AC-SINS Δλmax,5,8,20.1,13.053522,0.6337944654592766,0.4098119005941406,0.223982564865136
VIS_061,3,AC-SINS λmax (nm),AC-SINS Δλmax,5,9,25.9,26.4,0.6337944654592766,0.4098119005941406,0.223982564865136
VIS_062,3,AC-SINS λmax (nm),AC-SINS Δλmax,5,10,8.4,11.988479,0.6337944654592766,0.4098119005941406,0.223982564865136
VIS_063,3,AC-SINS λmax (nm),AC-SINS Δλmax,5,11,12.6,14.8,0.6337944654592766,0.4098119005941406,0.223982564865136
VIS_064,3,AC-SINS λmax (nm),AC-SINS Δλmax,5,12,30.1,16.3,0.6337944654592766,0.4098119005941406,0.223982564865136
VIS_065,3,AC-SINS λmax (nm),AC-SINS Δλmax,5,13,25.6,21.8,0.6337944654592766,0.4098119005941406,0.223982564865136
VIS_066,3,AC-SINS λmax (nm),AC-SINS Δλmax,5,14,15.0,15.0,0.6337944654592766,0.4098119005941406,0.223982564865136
VIS_067,3,AC-SINS λmax (nm),AC-SINS Δλmax,5,15,9.9,10.9,0.6337944654592766,0.4098119005941406,0.223982564865136
VIS_068,3,AC-SINS λmax (nm),AC-SINS Δλmax,5,16,42.1,28.173758,0.6337944654592766,0.4098119005941406,0.223982564865136
VIS_069,3,AC-SINS λmax (nm),AC-SINS Δλmax,5,17,16.8,14.8,0.6337944654592766,0.4098119005941406,0.223982564865136
VIS_070,3,AC-SINS λmax (nm),AC-SINS Δλmax,5,18,13.8,15.651894,0.6337944654592766,0.4098119005941406,0.223982564865136
VIS_071,3,AC-SINS λmax (nm),AC-SINS Δλmax,5,19,13.9,10.94261,0.6337944654592766,0.4098119005941406,0.223982564865136
VIS_072,3,AC-SINS λmax (nm),AC-SINS Δλmax,5,20,11.9,10.3,0.6337944654592766,0.4098119005941406,0.223982564865136
VIS_073,3,AC-SINS λmax (nm),AC-SINS Δλmax,5,21,11.4,12.189293,0.6337944654592766,0.4098119005941406,0.223982564865136
VIS_074,3,AC-SINS λmax (nm),AC-SINS Δλmax,5,22,15.2,30.848557,0.6337944654592766,0.4098119005941406,0.223982564865136
VIS_052,3,AC-SINS λmax (nm),AC-SINS Δλmax,6,0,12.2,11.201771,0.6337944654592766,0.5821010241423799,0.0516934413168967
VIS_053,3,AC-SINS λmax (nm),AC-SINS Δλmax,6,1,10.8,10.0,0.6337944654592766,0.5821010241423799,0.0516934413168967
VIS_054,3,AC-SINS λmax (nm),AC-SINS Δλmax,6,2,10.4,12.075091,0.6337944654592766,0.5821010241423799,0.0516934413168967
VIS_055,3,AC-SINS λmax (nm),AC-SINS Δλmax,6,3,17.8,27.051233,0.6337944654592766,0.5821010241423799,0.0516934413168967
VIS_056,3,AC-SINS λmax (nm),AC-SINS Δλmax,6,4,9.1,10.0,0.6337944654592766,0.5821010241423799,0.0516934413168967
VIS_057,3,AC-SINS λmax (nm),AC-SINS Δλmax,6,5,40.0,31.8,0.6337944654592766,0.5821010241423799,0.0516934413168967
VIS_058,3,AC-SINS λmax (nm),AC-SINS Δλmax,6,6,10.8,11.770316,0.6337944654592766,0.5821010241423799,0.0516934413168967
VIS_059,3,AC-SINS λmax (nm),AC-SINS Δλmax,6,7,7.6,12.1,0.6337944654592766,0.5821010241423799,0.0516934413168967
VIS_060,3,AC-SINS λmax (nm),AC-SINS Δλmax,6,8,20.1,14.369985,0.6337944654592766,0.5821010241423799,0.0516934413168967
VIS_061,3,AC-SINS λmax (nm),AC-SINS Δλmax,6,9,25.9,26.4,0.6337944654592766,0.5821010241423799,0.0516934413168967
VIS_062,3,AC-SINS λmax (nm),AC-SINS Δλmax,6,10,8.4,12.0,0.6337944654592766,0.5821010241423799,0.0516934413168967
VIS_063,3,AC-SINS λmax (nm),AC-SINS Δλmax,6,11,12.6,16.396515,0.6337944654592766,0.5821010241423799,0.0516934413168967
VIS_064,3,AC-SINS λmax (nm),AC-SINS Δλmax,6,12,30.1,20.592592,0.6337944654592766,0.5821010241423799,0.0516934413168967
VIS_065,3,AC-SINS λmax (nm),AC-SINS Δλmax,6,13,25.6,21.8,0.6337944654592766,0.5821010241423799,0.0516934413168967
VIS_066,3,AC-SINS λmax (nm),AC-SINS Δλmax,6,14,15.0,15.3,0.6337944654592766,0.5821010241423799,0.0516934413168967
VIS_067,3,AC-SINS λmax (nm),AC-SINS Δλmax,6,15,9.9,12.1,0.6337944654592766,0.5821010241423799,0.0516934413168967
VIS_068,3,AC-SINS λmax (nm),AC-SINS Δλmax,6,16,42.1,27.953194,0.6337944654592766,0.5821010241423799,0.0516934413168967
VIS_069,3,AC-SINS λmax (nm),AC-SINS Δλmax,6,17,16.8,10.940356,0.6337944654592766,0.5821010241423799,0.0516934413168967
VIS_070,3,AC-SINS λmax (nm),AC-SINS Δλmax,6,18,13.8,21.32017,0.6337944654592766,0.5821010241423799,0.0516934413168967
VIS_071,3,AC-SINS λmax (nm),AC-SINS Δλmax,6,19,13.9,10.532821,0.6337944654592766,0.5821010241423799,0.0516934413168967
VIS_072,3,AC-SINS λmax (nm),AC-SINS Δλmax,6,20,11.9,10.406628,0.6337944654592766,0.5821010241423799,0.0516934413168967
VIS_073,3,AC-SINS λmax (nm),AC-SINS Δλmax,6,21,11.4,12.0,0.6337944654592766,0.5821010241423799,0.0516934413168967
VIS_074,3,AC-SINS λmax (nm),AC-SINS Δλmax,6,22,15.2,28.920916,0.6337944654592766,0.5821010241423799,0.0516934413168967
VIS_052,3,AC-SINS λmax (nm),AC-SINS Δλmax,7,0,12.2,13.8,0.6337944654592766,0.4056877708948887,0.2281066945643879
VIS_053,3,AC-SINS λmax (nm),AC-SINS Δλmax,7,1,10.8,10.9,0.6337944654592766,0.4056877708948887,0.2281066945643879
VIS_054,3,AC-SINS λmax (nm),AC-SINS Δλmax,7,2,10.4,14.8,0.6337944654592766,0.4056877708948887,0.2281066945643879
VIS_055,3,AC-SINS λmax (nm),AC-SINS Δλmax,7,3,17.8,22.7,0.6337944654592766,0.4056877708948887,0.2281066945643879
VIS_056,3,AC-SINS λmax (nm),AC-SINS Δλmax,7,4,9.1,9.3,0.6337944654592766,0.4056877708948887,0.2281066945643879
VIS_057,3,AC-SINS λmax (nm),AC-SINS Δλmax,7,5,40.0,46.848053,0.6337944654592766,0.4056877708948887,0.2281066945643879
VIS_058,3,AC-SINS λmax (nm),AC-SINS Δλmax,7,6,10.8,11.990038,0.6337944654592766,0.4056877708948887,0.2281066945643879
VIS_059,3,AC-SINS λmax (nm),AC-SINS Δλmax,7,7,7.6,11.847725,0.6337944654592766,0.4056877708948887,0.2281066945643879
VIS_060,3,AC-SINS λmax (nm),AC-SINS Δλmax,7,8,20.1,21.2,0.6337944654592766,0.4056877708948887,0.2281066945643879
VIS_061,3,AC-SINS λmax (nm),AC-SINS Δλmax,7,9,25.9,21.8,0.6337944654592766,0.4056877708948887,0.2281066945643879
VIS_062,3,AC-SINS λmax (nm),AC-SINS Δλmax,7,10,8.4,10.5,0.6337944654592766,0.4056877708948887,0.2281066945643879
VIS_063,3,AC-SINS λmax (nm),AC-SINS Δλmax,7,11,12.6,13.8,0.6337944654592766,0.4056877708948887,0.2281066945643879
VIS_064,3,AC-SINS λmax (nm),AC-SINS Δλmax,7,12,30.1,16.3,0.6337944654592766,0.4056877708948887,0.2281066945643879
VIS_065,3,AC-SINS λmax (nm),AC-SINS Δλmax,7,13,25.6,27.3,0.6337944654592766,0.4056877708948887,0.2281066945643879
VIS_066,3,AC-SINS λmax (nm),AC-SINS Δλmax,7,14,15.0,11.776694,0.6337944654592766,0.4056877708948887,0.2281066945643879
VIS_067,3,AC-SINS λmax (nm),AC-SINS Δλmax,7,15,9.9,14.6,0.6337944654592766,0.4056877708948887,0.2281066945643879
VIS_068,3,AC-SINS λmax (nm),AC-SINS Δλmax,7,16,42.1,15.3,0.6337944654592766,0.4056877708948887,0.2281066945643879
VIS_069,3,AC-SINS λmax (nm),AC-SINS Δλmax,7,17,16.8,15.3,0.6337944654592766,0.4056877708948887,0.2281066945643879
VIS_070,3,AC-SINS λmax (nm),AC-SINS Δλmax,7,18,13.8,12.562181,0.6337944654592766,0.4056877708948887,0.2281066945643879
VIS_071,3,AC-SINS λmax (nm),AC-SINS Δλmax,7,19,13.9,10.3,0.6337944654592766,0.4056877708948887,0.2281066945643879
VIS_072,3,AC-SINS λmax (nm),AC-SINS Δλmax,7,20,11.9,12.21188,0.6337944654592766,0.4056877708948887,0.2281066945643879
VIS_073,3,AC-SINS λmax (nm),AC-SINS Δλmax,7,21,11.4,12.0,0.6337944654592766,0.4056877708948887,0.2281066945643879
VIS_074,3,AC-SINS λmax (nm),AC-SINS Δλmax,7,22,15.2,25.249079,0.6337944654592766,0.4056877708948887,0.2281066945643879
VIS_052,3,AC-SINS λmax (nm),AC-SINS Δλmax,8,0,12.2,10.9,0.6337944654592766,0.6448524489430607,-0.011057983483784
VIS_053,3,AC-SINS λmax (nm),AC-SINS Δλmax,8,1,10.8,11.970272,0.6337944654592766,0.6448524489430607,-0.011057983483784
VIS_054,3,AC-SINS λmax (nm),AC-SINS Δλmax,8,2,10.4,13.1,0.6337944654592766,0.6448524489430607,-0.011057983483784
VIS_055,3,AC-SINS λmax (nm),AC-SINS Δλmax,8,3,17.8,27.3,0.6337944654592766,0.6448524489430607,-0.011057983483784
VIS_056,3,AC-SINS λmax (nm),AC-SINS Δλmax,8,4,9.1,9.263712,0.6337944654592766,0.6448524489430607,-0.011057983483784
VIS_057,3,AC-SINS λmax (nm),AC-SINS Δλmax,8,5,40.0,47.409008,0.6337944654592766,0.6448524489430607,-0.011057983483784
VIS_058,3,AC-SINS λmax (nm),AC-SINS Δλmax,8,6,10.8,10.73296,0.6337944654592766,0.6448524489430607,-0.011057983483784
VIS_059,3,AC-SINS λmax (nm),AC-SINS Δλmax,8,7,7.6,10.39462,0.6337944654592766,0.6448524489430607,-0.011057983483784
VIS_060,3,AC-SINS λmax (nm),AC-SINS Δλmax,8,8,20.1,17.01868,0.6337944654592766,0.6448524489430607,-0.011057983483784
VIS_061,3,AC-SINS λmax (nm),AC-SINS Δλmax,8,9,25.9,26.447584,0.6337944654592766,0.6448524489430607,-0.011057983483784
VIS_062,3,AC-SINS λmax (nm),AC-SINS Δλmax,8,10,8.4,11.7,0.6337944654592766,0.6448524489430607,-0.011057983483784
VIS_063,3,AC-SINS λmax (nm),AC-SINS Δλmax,8,11,12.6,13.8,0.6337944654592766,0.6448524489430607,-0.011057983483784
VIS_064,3,AC-SINS λmax (nm),AC-SINS Δλmax,8,12,30.1,16.3,0.6337944654592766,0.6448524489430607,-0.011057983483784
VIS_065,3,AC-SINS λmax (nm),AC-SINS Δλmax,8,13,25.6,21.8,0.6337944654592766,0.6448524489430607,-0.011057983483784
VIS_066,3,AC-SINS λmax (nm),AC-SINS Δλmax,8,14,15.0,14.8,0.6337944654592766,0.6448524489430607,-0.011057983483784
VIS_067,3,AC-SINS λmax (nm),AC-SINS Δλmax,8,15,9.9,10.9,0.6337944654592766,0.6448524489430607,-0.011057983483784
VIS_068,3,AC-SINS λmax (nm),AC-SINS Δλmax,8,16,42.1,28.842726,0.6337944654592766,0.6448524489430607,-0.011057983483784
VIS_069,3,AC-SINS λmax (nm),AC-SINS Δλmax,8,17,16.8,11.910299,0.6337944654592766,0.6448524489430607,-0.011057983483784
VIS_070,3,AC-SINS λmax (nm),AC-SINS Δλmax,8,18,13.8,21.2,0.6337944654592766,0.6448524489430607,-0.011057983483784
VIS_071,3,AC-SINS λmax (nm),AC-SINS Δλmax,8,19,13.9,12.4,0.6337944654592766,0.6448524489430607,-0.011057983483784
VIS_072,3,AC-SINS λmax (nm),AC-SINS Δλmax,8,20,11.9,10.406628,0.6337944654592766,0.6448524489430607,-0.011057983483784
VIS_073,3,AC-SINS λmax (nm),AC-SINS Δλmax,8,21,11.4,16.124033,0.6337944654592766,0.6448524489430607,-0.011057983483784
VIS_074,3,AC-SINS λmax (nm),AC-SINS Δλmax,8,22,15.2,21.8,0.6337944654592766,0.6448524489430607,-0.011057983483784
VIS_052,3,AC-SINS λmax (nm),AC-SINS Δλmax,9,0,12.2,14.6,0.6337944654592766,0.4052875815444059,0.2285068839148707
VIS_053,3,AC-SINS λmax (nm),AC-SINS Δλmax,9,1,10.8,10.4934845,0.6337944654592766,0.4052875815444059,0.2285068839148707
VIS_054,3,AC-SINS λmax (nm),AC-SINS Δλmax,9,2,10.4,14.633179,0.6337944654592766,0.4052875815444059,0.2285068839148707
VIS_055,3,AC-SINS λmax (nm),AC-SINS Δλmax,9,3,17.8,27.3,0.6337944654592766,0.4052875815444059,0.2285068839148707
VIS_056,3,AC-SINS λmax (nm),AC-SINS Δλmax,9,4,9.1,10.9,0.6337944654592766,0.4052875815444059,0.2285068839148707
VIS_057,3,AC-SINS λmax (nm),AC-SINS Δλmax,9,5,40.0,21.7,0.6337944654592766,0.4052875815444059,0.2285068839148707
VIS_058,3,AC-SINS λmax (nm),AC-SINS Δλmax,9,6,10.8,9.72416,0.6337944654592766,0.4052875815444059,0.2285068839148707
VIS_059,3,AC-SINS λmax (nm),AC-SINS Δλmax,9,7,7.6,13.1,0.6337944654592766,0.4052875815444059,0.2285068839148707
VIS_060,3,AC-SINS λmax (nm),AC-SINS Δλmax,9,8,20.1,17.01868,0.6337944654592766,0.4052875815444059,0.2285068839148707
VIS_061,3,AC-SINS λmax (nm),AC-SINS Δλmax,9,9,25.9,15.127175,0.6337944654592766,0.4052875815444059,0.2285068839148707
VIS_062,3,AC-SINS λmax (nm),AC-SINS Δλmax,9,10,8.4,11.988479,0.6337944654592766,0.4052875815444059,0.2285068839148707
VIS_063,3,AC-SINS λmax (nm),AC-SINS Δλmax,9,11,12.6,15.0,0.6337944654592766,0.4052875815444059,0.2285068839148707
VIS_064,3,AC-SINS λmax (nm),AC-SINS Δλmax,9,12,30.1,20.592592,0.6337944654592766,0.4052875815444059,0.2285068839148707
VIS_065,3,AC-SINS λmax (nm),AC-SINS Δλmax,9,13,25.6,21.8,0.6337944654592766,0.4052875815444059,0.2285068839148707
VIS_066,3,AC-SINS λmax (nm),AC-SINS Δλmax,9,14,15.0,11.776694,0.6337944654592766,0.4052875815444059,0.2285068839148707
VIS_067,3,AC-SINS λmax (nm),AC-SINS Δλmax,9,15,9.9,10.9,0.6337944654592766,0.4052875815444059,0.2285068839148707
VIS_068,3,AC-SINS λmax (nm),AC-SINS Δλmax,9,16,42.1,27.953194,0.6337944654592766,0.4052875815444059,0.2285068839148707
VIS_069,3,AC-SINS λmax (nm),AC-SINS Δλmax,9,17,16.8,13.8,0.6337944654592766,0.4052875815444059,0.2285068839148707
VIS_070,3,AC-SINS λmax (nm),AC-SINS Δλmax,9,18,13.8,15.651894,0.6337944654592766,0.4052875815444059,0.2285068839148707
VIS_071,3,AC-SINS λmax (nm),AC-SINS Δλmax,9,19,13.9,12.0,0.6337944654592766,0.4052875815444059,0.2285068839148707
VIS_072,3,AC-SINS λmax (nm),AC-SINS Δλmax,9,20,11.9,10.406628,0.6337944654592766,0.4052875815444059,0.2285068839148707
VIS_073,3,AC-SINS λmax (nm),AC-SINS Δλmax,9,21,11.4,14.613712,0.6337944654592766,0.4052875815444059,0.2285068839148707
VIS_074,3,AC-SINS λmax (nm),AC-SINS Δλmax,9,22,15.2,30.251528,0.6337944654592766,0.4052875815444059,0.2285068839148707
VIS_052,3,AC-SINS λmax (nm),AC-SINS Δλmax,10,0,12.2,12.492896,0.6337944654592766,0.4333703468377347,0.2004241186215419
VIS_053,3,AC-SINS λmax (nm),AC-SINS Δλmax,10,1,10.8,10.0,0.6337944654592766,0.4333703468377347,0.2004241186215419
VIS_054,3,AC-SINS λmax (nm),AC-SINS Δλmax,10,2,10.4,14.6,0.6337944654592766,0.4333703468377347,0.2004241186215419
VIS_055,3,AC-SINS λmax (nm),AC-SINS Δλmax,10,3,17.8,21.2,0.6337944654592766,0.4333703468377347,0.2004241186215419
VIS_056,3,AC-SINS λmax (nm),AC-SINS Δλmax,10,4,9.1,10.9,0.6337944654592766,0.4333703468377347,0.2004241186215419
VIS_057,3,AC-SINS λmax (nm),AC-SINS Δλmax,10,5,40.0,21.7,0.6337944654592766,0.4333703468377347,0.2004241186215419
VIS_058,3,AC-SINS λmax (nm),AC-SINS Δλmax,10,6,10.8,11.990038,0.6337944654592766,0.4333703468377347,0.2004241186215419
VIS_059,3,AC-SINS λmax (nm),AC-SINS Δλmax,10,7,7.6,10.4703245,0.6337944654592766,0.4333703468377347,0.2004241186215419
VIS_060,3,AC-SINS λmax (nm),AC-SINS Δλmax,10,8,20.1,15.5721655,0.6337944654592766,0.4333703468377347,0.2004241186215419
VIS_061,3,AC-SINS λmax (nm),AC-SINS Δλmax,10,9,25.9,17.2034,0.6337944654592766,0.4333703468377347,0.2004241186215419
VIS_062,3,AC-SINS λmax (nm),AC-SINS Δλmax,10,10,8.4,10.156239,0.6337944654592766,0.4333703468377347,0.2004241186215419
VIS_063,3,AC-SINS λmax (nm),AC-SINS Δλmax,10,11,12.6,12.022732,0.6337944654592766,0.4333703468377347,0.2004241186215419
VIS_064,3,AC-SINS λmax (nm),AC-SINS Δλmax,10,12,30.1,24.919945,0.6337944654592766,0.4333703468377347,0.2004241186215419
VIS_065,3,AC-SINS λmax (nm),AC-SINS Δλmax,10,13,25.6,15.04102,0.6337944654592766,0.4333703468377347,0.2004241186215419
VIS_066,3,AC-SINS λmax (nm),AC-SINS Δλmax,10,14,15.0,15.050569,0.6337944654592766,0.4333703468377347,0.2004241186215419
VIS_067,3,AC-SINS λmax (nm),AC-SINS Δλmax,10,15,9.9,12.1,0.6337944654592766,0.4333703468377347,0.2004241186215419
VIS_068,3,AC-SINS λmax (nm),AC-SINS Δλmax,10,16,42.1,27.953194,0.6337944654592766,0.4333703468377347,0.2004241186215419
VIS_069,3,AC-SINS λmax (nm),AC-SINS Δλmax,10,17,16.8,15.3,0.6337944654592766,0.4333703468377347,0.2004241186215419
VIS_070,3,AC-SINS λmax (nm),AC-SINS Δλmax,10,18,13.8,21.61951,0.6337944654592766,0.4333703468377347,0.2004241186215419
VIS_071,3,AC-SINS λmax (nm),AC-SINS Δλmax,10,19,13.9,10.460646,0.6337944654592766,0.4333703468377347,0.2004241186215419
VIS_072,3,AC-SINS λmax (nm),AC-SINS Δλmax,10,20,11.9,11.732612,0.6337944654592766,0.4333703468377347,0.2004241186215419
VIS_073,3,AC-SINS λmax (nm),AC-SINS Δλmax,10,21,11.4,12.78804,0.6337944654592766,0.4333703468377347,0.2004241186215419
VIS_074,3,AC-SINS λmax (nm),AC-SINS Δλmax,10,22,15.2,30.848557,0.6337944654592766,0.4333703468377347,0.2004241186215419
VIS_052,3,SE-UHPLC Main Peak FWHM (min),SE-UHPLC FWHM,1,0,12.2,11.7,0.6337944654592766,0.6410785054424912,-0.0072840399832145
VIS_053,3,SE-UHPLC Main Peak FWHM (min),SE-UHPLC FWHM,1,1,10.8,11.745957,0.6337944654592766,0.6410785054424912,-0.0072840399832145
VIS_054,3,SE-UHPLC Main Peak FWHM (min),SE-UHPLC FWHM,1,2,10.4,16.6,0.6337944654592766,0.6410785054424912,-0.0072840399832145
VIS_055,3,SE-UHPLC Main Peak FWHM (min),SE-UHPLC FWHM,1,3,17.8,16.6,0.6337944654592766,0.6410785054424912,-0.0072840399832145
VIS_056,3,SE-UHPLC Main Peak FWHM (min),SE-UHPLC FWHM,1,4,9.1,10.0,0.6337944654592766,0.6410785054424912,-0.0072840399832145
VIS_057,3,SE-UHPLC Main Peak FWHM (min),SE-UHPLC FWHM,1,5,40.0,47.66698,0.6337944654592766,0.6410785054424912,-0.0072840399832145
VIS_058,3,SE-UHPLC Main Peak FWHM (min),SE-UHPLC FWHM,1,6,10.8,10.3,0.6337944654592766,0.6410785054424912,-0.0072840399832145
VIS_059,3,SE-UHPLC Main Peak FWHM (min),SE-UHPLC FWHM,1,7,7.6,10.3,0.6337944654592766,0.6410785054424912,-0.0072840399832145
VIS_060,3,SE-UHPLC Main Peak FWHM (min),SE-UHPLC FWHM,1,8,20.1,17.152166,0.6337944654592766,0.6410785054424912,-0.0072840399832145
VIS_061,3,SE-UHPLC Main Peak FWHM (min),SE-UHPLC FWHM,1,9,25.9,15.3,0.6337944654592766,0.6410785054424912,-0.0072840399832145
VIS_062,3,SE-UHPLC Main Peak FWHM (min),SE-UHPLC FWHM,1,10,8.4,10.918343,0.6337944654592766,0.6410785054424912,-0.0072840399832145
VIS_063,3,SE-UHPLC Main Peak FWHM (min),SE-UHPLC FWHM,1,11,12.6,11.7,0.6337944654592766,0.6410785054424912,-0.0072840399832145
VIS_064,3,SE-UHPLC Main Peak FWHM (min),SE-UHPLC FWHM,1,12,30.1,26.4,0.6337944654592766,0.6410785054424912,-0.0072840399832145
VIS_065,3,SE-UHPLC Main Peak FWHM (min),SE-UHPLC FWHM,1,13,25.6,27.525532,0.6337944654592766,0.6410785054424912,-0.0072840399832145
VIS_066,3,SE-UHPLC Main Peak FWHM (min),SE-UHPLC FWHM,1,14,15.0,13.041033,0.6337944654592766,0.6410785054424912,-0.0072840399832145
VIS_067,3,SE-UHPLC Main Peak FWHM (min),SE-UHPLC FWHM,1,15,9.9,11.271309,0.6337944654592766,0.6410785054424912,-0.0072840399832145
VIS_068,3,SE-UHPLC Main Peak FWHM (min),SE-UHPLC FWHM,1,16,42.1,27.604488,0.6337944654592766,0.6410785054424912,-0.0072840399832145
VIS_069,3,SE-UHPLC Main Peak FWHM (min),SE-UHPLC FWHM,1,17,16.8,14.956868,0.6337944654592766,0.6410785054424912,-0.0072840399832145
VIS_070,3,SE-UHPLC Main Peak FWHM (min),SE-UHPLC FWHM,1,18,13.8,13.740384,0.6337944654592766,0.6410785054424912,-0.0072840399832145
VIS_071,3,SE-UHPLC Main Peak FWHM (min),SE-UHPLC FWHM,1,19,13.9,11.769464,0.6337944654592766,0.6410785054424912,-0.0072840399832145
VIS_072,3,SE-UHPLC Main Peak FWHM (min),SE-UHPLC FWHM,1,20,11.9,11.551292,0.6337944654592766,0.6410785054424912,-0.0072840399832145
VIS_073,3,SE-UHPLC Main Peak FWHM (min),SE-UHPLC FWHM,1,21,11.4,13.8,0.6337944654592766,0.6410785054424912,-0.0072840399832145
VIS_074,3,SE-UHPLC Main Peak FWHM (min),SE-UHPLC FWHM,1,22,15.2,30.703342,0.6337944654592766,0.6410785054424912,-0.0072840399832145
VIS_052,3,SE-UHPLC Main Peak FWHM (min),SE-UHPLC FWHM,2,0,12.2,10.810821,0.6337944654592766,0.6233672149755011,0.0104272504837755
VIS_053,3,SE-UHPLC Main Peak FWHM (min),SE-UHPLC FWHM,2,1,10.8,11.835611,0.6337944654592766,0.6233672149755011,0.0104272504837755
VIS_054,3,SE-UHPLC Main Peak FWHM (min),SE-UHPLC FWHM,2,2,10.4,17.246,0.6337944654592766,0.6233672149755011,0.0104272504837755
VIS_055,3,SE-UHPLC Main Peak FWHM (min),SE-UHPLC FWHM,2,3,17.8,17.067566,0.6337944654592766,0.6233672149755011,0.0104272504837755
VIS_056,3,SE-UHPLC Main Peak FWHM (min),SE-UHPLC FWHM,2,4,9.1,10.3,0.6337944654592766,0.6233672149755011,0.0104272504837755
VIS_057,3,SE-UHPLC Main Peak FWHM (min),SE-UHPLC FWHM,2,5,40.0,47.795204,0.6337944654592766,0.6233672149755011,0.0104272504837755
VIS_058,3,SE-UHPLC Main Peak FWHM (min),SE-UHPLC FWHM,2,6,10.8,11.713959,0.6337944654592766,0.6233672149755011,0.0104272504837755
VIS_059,3,SE-UHPLC Main Peak FWHM (min),SE-UHPLC FWHM,2,7,7.6,10.0190325,0.6337944654592766,0.6233672149755011,0.0104272504837755
VIS_060,3,SE-UHPLC Main Peak FWHM (min),SE-UHPLC FWHM,2,8,20.1,21.453161,0.6337944654592766,0.6233672149755011,0.0104272504837755
VIS_061,3,SE-UHPLC Main Peak FWHM (min),SE-UHPLC FWHM,2,9,25.9,15.3,0.6337944654592766,0.6233672149755011,0.0104272504837755
VIS_062,3,SE-UHPLC Main Peak FWHM (min),SE-UHPLC FWHM,2,10,8.4,11.221261,0.6337944654592766,0.6233672149755011,0.0104272504837755
VIS_063,3,SE-UHPLC Main Peak FWHM (min),SE-UHPLC FWHM,2,11,12.6,11.152566,0.6337944654592766,0.6233672149755011,0.0104272504837755
VIS_064,3,SE-UHPLC Main Peak FWHM (min),SE-UHPLC FWHM,2,12,30.1,25.901602,0.6337944654592766,0.6233672149755011,0.0104272504837755
VIS_065,3,SE-UHPLC Main Peak FWHM (min),SE-UHPLC FWHM,2,13,25.6,21.2,0.6337944654592766,0.6233672149755011,0.0104272504837755
VIS_066,3,SE-UHPLC Main Peak FWHM (min),SE-UHPLC FWHM,2,14,15.0,12.001024,0.6337944654592766,0.6233672149755011,0.0104272504837755
VIS_067,3,SE-UHPLC Main Peak FWHM (min),SE-UHPLC FWHM,2,15,9.9,10.450631,0.6337944654592766,0.6233672149755011,0.0104272504837755
VIS_068,3,SE-UHPLC Main Peak FWHM (min),SE-UHPLC FWHM,2,16,42.1,27.3,0.6337944654592766,0.6233672149755011,0.0104272504837755
VIS_069,3,SE-UHPLC Main Peak FWHM (min),SE-UHPLC FWHM,2,17,16.8,14.733474,0.6337944654592766,0.6233672149755011,0.0104272504837755
VIS_070,3,SE-UHPLC Main Peak FWHM (min),SE-UHPLC FWHM,2,18,13.8,12.732947,0.6337944654592766,0.6233672149755011,0.0104272504837755
VIS_071,3,SE-UHPLC Main Peak FWHM (min),SE-UHPLC FWHM,2,19,13.9,13.1,0.6337944654592766,0.6233672149755011,0.0104272504837755
VIS_072,3,SE-UHPLC Main Peak FWHM (min),SE-UHPLC FWHM,2,20,11.9,12.294485,0.6337944654592766,0.6233672149755011,0.0104272504837755
VIS_073,3,SE-UHPLC Main Peak FWHM (min),SE-UHPLC FWHM,2,21,11.4,12.073994,0.6337944654592766,0.6233672149755011,0.0104272504837755
VIS_074,3,SE-UHPLC Main Peak FWHM (min),SE-UHPLC FWHM,2,22,15.2,30.819153,0.6337944654592766,0.6233672149755011,0.0104272504837755
VIS_052,3,SE-UHPLC Main Peak FWHM (min),SE-UHPLC FWHM,3,0,12.2,10.5,0.6337944654592766,0.6208740193825373,0.0129204460767393
VIS_053,3,SE-UHPLC Main Peak FWHM (min),SE-UHPLC FWHM,3,1,10.8,10.935149,0.6337944654592766,0.6208740193825373,0.0129204460767393
VIS_054,3,SE-UHPLC Main Peak FWHM (min),SE-UHPLC FWHM,3,2,10.4,21.2,0.6337944654592766,0.6208740193825373,0.0129204460767393
VIS_055,3,SE-UHPLC Main Peak FWHM (min),SE-UHPLC FWHM,3,3,17.8,17.182796,0.6337944654592766,0.6208740193825373,0.0129204460767393
VIS_056,3,SE-UHPLC Main Peak FWHM (min),SE-UHPLC FWHM,3,4,9.1,11.735577,0.6337944654592766,0.6208740193825373,0.0129204460767393
VIS_057,3,SE-UHPLC Main Peak FWHM (min),SE-UHPLC FWHM,3,5,40.0,45.0,0.6337944654592766,0.6208740193825373,0.0129204460767393
VIS_058,3,SE-UHPLC Main Peak FWHM (min),SE-UHPLC FWHM,3,6,10.8,10.909818,0.6337944654592766,0.6208740193825373,0.0129204460767393
VIS_059,3,SE-UHPLC Main Peak FWHM (min),SE-UHPLC FWHM,3,7,7.6,11.562631,0.6337944654592766,0.6208740193825373,0.0129204460767393
VIS_060,3,SE-UHPLC Main Peak FWHM (min),SE-UHPLC FWHM,3,8,20.1,15.3,0.6337944654592766,0.6208740193825373,0.0129204460767393
VIS_061,3,SE-UHPLC Main Peak FWHM (min),SE-UHPLC FWHM,3,9,25.9,15.3,0.6337944654592766,0.6208740193825373,0.0129204460767393
VIS_062,3,SE-UHPLC Main Peak FWHM (min),SE-UHPLC FWHM,3,10,8.4,10.937643,0.6337944654592766,0.6208740193825373,0.0129204460767393
VIS_063,3,SE-UHPLC Main Peak FWHM (min),SE-UHPLC FWHM,3,11,12.6,11.152566,0.6337944654592766,0.6208740193825373,0.0129204460767393
VIS_064,3,SE-UHPLC Main Peak FWHM (min),SE-UHPLC FWHM,3,12,30.1,26.4,0.6337944654592766,0.6208740193825373,0.0129204460767393
VIS_065,3,SE-UHPLC Main Peak FWHM (min),SE-UHPLC FWHM,3,13,25.6,26.769403,0.6337944654592766,0.6208740193825373,0.0129204460767393
VIS_066,3,SE-UHPLC Main Peak FWHM (min),SE-UHPLC FWHM,3,14,15.0,12.479921,0.6337944654592766,0.6208740193825373,0.0129204460767393
VIS_067,3,SE-UHPLC Main Peak FWHM (min),SE-UHPLC FWHM,3,15,9.9,10.34117,0.6337944654592766,0.6208740193825373,0.0129204460767393
VIS_068,3,SE-UHPLC Main Peak FWHM (min),SE-UHPLC FWHM,3,16,42.1,27.3,0.6337944654592766,0.6208740193825373,0.0129204460767393
VIS_069,3,SE-UHPLC Main Peak FWHM (min),SE-UHPLC FWHM,3,17,16.8,14.6,0.6337944654592766,0.6208740193825373,0.0129204460767393
VIS_070,3,SE-UHPLC Main Peak FWHM (min),SE-UHPLC FWHM,3,18,13.8,13.1,0.6337944654592766,0.6208740193825373,0.0129204460767393
VIS_071,3,SE-UHPLC Main Peak FWHM (min),SE-UHPLC FWHM,3,19,13.9,12.730973,0.6337944654592766,0.6208740193825373,0.0129204460767393
VIS_072,3,SE-UHPLC Main Peak FWHM (min),SE-UHPLC FWHM,3,20,11.9,12.1,0.6337944654592766,0.6208740193825373,0.0129204460767393
VIS_073,3,SE-UHPLC Main Peak FWHM (min),SE-UHPLC FWHM,3,21,11.4,12.4,0.6337944654592766,0.6208740193825373,0.0129204460767393
VIS_074,3,SE-UHPLC Main Peak FWHM (min),SE-UHPLC FWHM,3,22,15.2,29.504133,0.6337944654592766,0.6208740193825373,0.0129204460767393
VIS_052,3,SE-UHPLC Main Peak FWHM (min),SE-UHPLC FWHM,4,0,12.2,11.152824,0.6337944654592766,0.6023679533265807,0.0314265121326959
VIS_053,3,SE-UHPLC Main Peak FWHM (min),SE-UHPLC FWHM,4,1,10.8,12.0,0.6337944654592766,0.6023679533265807,0.0314265121326959
VIS_054,3,SE-UHPLC Main Peak FWHM (min),SE-UHPLC FWHM,4,2,10.4,18.55688,0.6337944654592766,0.6023679533265807,0.0314265121326959
VIS_055,3,SE-UHPLC Main Peak FWHM (min),SE-UHPLC FWHM,4,3,17.8,17.104372,0.6337944654592766,0.6023679533265807,0.0314265121326959
VIS_056,3,SE-UHPLC Main Peak FWHM (min),SE-UHPLC FWHM,4,4,9.1,10.5,0.6337944654592766,0.6023679533265807,0.0314265121326959
VIS_057,3,SE-UHPLC Main Peak FWHM (min),SE-UHPLC FWHM,4,5,40.0,47.795204,0.6337944654592766,0.6023679533265807,0.0314265121326959
VIS_058,3,SE-UHPLC Main Peak FWHM (min),SE-UHPLC FWHM,4,6,10.8,11.7,0.6337944654592766,0.6023679533265807,0.0314265121326959
VIS_059,3,SE-UHPLC Main Peak FWHM (min),SE-UHPLC FWHM,4,7,7.6,10.348152,0.6337944654592766,0.6023679533265807,0.0314265121326959
VIS_060,3,SE-UHPLC Main Peak FWHM (min),SE-UHPLC FWHM,4,8,20.1,19.98961,0.6337944654592766,0.6023679533265807,0.0314265121326959
VIS_061,3,SE-UHPLC Main Peak FWHM (min),SE-UHPLC FWHM,4,9,25.9,14.703028,0.6337944654592766,0.6023679533265807,0.0314265121326959
VIS_062,3,SE-UHPLC Main Peak FWHM (min),SE-UHPLC FWHM,4,10,8.4,10.9,0.6337944654592766,0.6023679533265807,0.0314265121326959
VIS_063,3,SE-UHPLC Main Peak FWHM (min),SE-UHPLC FWHM,4,11,12.6,11.974151,0.6337944654592766,0.6023679533265807,0.0314265121326959
VIS_064,3,SE-UHPLC Main Peak FWHM (min),SE-UHPLC FWHM,4,12,30.1,22.7,0.6337944654592766,0.6023679533265807,0.0314265121326959
VIS_065,3,SE-UHPLC Main Peak FWHM (min),SE-UHPLC FWHM,4,13,25.6,26.769403,0.6337944654592766,0.6023679533265807,0.0314265121326959
VIS_066,3,SE-UHPLC Main Peak FWHM (min),SE-UHPLC FWHM,4,14,15.0,13.041033,0.6337944654592766,0.6023679533265807,0.0314265121326959
VIS_067,3,SE-UHPLC Main Peak FWHM (min),SE-UHPLC FWHM,4,15,9.9,11.779829,0.6337944654592766,0.6023679533265807,0.0314265121326959
VIS_068,3,SE-UHPLC Main Peak FWHM (min),SE-UHPLC FWHM,4,16,42.1,27.3,0.6337944654592766,0.6023679533265807,0.0314265121326959
VIS_069,3,SE-UHPLC Main Peak FWHM (min),SE-UHPLC FWHM,4,17,16.8,15.0,0.6337944654592766,0.6023679533265807,0.0314265121326959
VIS_070,3,SE-UHPLC Main Peak FWHM (min),SE-UHPLC FWHM,4,18,13.8,13.949638,0.6337944654592766,0.6023679533265807,0.0314265121326959
VIS_071,3,SE-UHPLC Main Peak FWHM (min),SE-UHPLC FWHM,4,19,13.9,12.001106,0.6337944654592766,0.6023679533265807,0.0314265121326959
VIS_072,3,SE-UHPLC Main Peak FWHM (min),SE-UHPLC FWHM,4,20,11.9,12.0,0.6337944654592766,0.6023679533265807,0.0314265121326959
VIS_073,3,SE-UHPLC Main Peak FWHM (min),SE-UHPLC FWHM,4,21,11.4,12.0,0.6337944654592766,0.6023679533265807,0.0314265121326959
VIS_074,3,SE-UHPLC Main Peak FWHM (min),SE-UHPLC FWHM,4,22,15.2,30.672052,0.6337944654592766,0.6023679533265807,0.0314265121326959
VIS_052,3,SE-UHPLC Main Peak FWHM (min),SE-UHPLC FWHM,5,0,12.2,10.810821,0.6337944654592766,0.6987344114724288,-0.0649399460131521
VIS_053,3,SE-UHPLC Main Peak FWHM (min),SE-UHPLC FWHM,5,1,10.8,11.968577,0.6337944654592766,0.6987344114724288,-0.0649399460131521
VIS_054,3,SE-UHPLC Main Peak FWHM (min),SE-UHPLC FWHM,5,2,10.4,20.529928,0.6337944654592766,0.6987344114724288,-0.0649399460131521
VIS_055,3,SE-UHPLC Main Peak FWHM (min),SE-UHPLC FWHM,5,3,17.8,16.827526,0.6337944654592766,0.6987344114724288,-0.0649399460131521
VIS_056,3,SE-UHPLC Main Peak FWHM (min),SE-UHPLC FWHM,5,4,9.1,11.772711,0.6337944654592766,0.6987344114724288,-0.0649399460131521
VIS_057,3,SE-UHPLC Main Peak FWHM (min),SE-UHPLC FWHM,5,5,40.0,45.412445,0.6337944654592766,0.6987344114724288,-0.0649399460131521
VIS_058,3,SE-UHPLC Main Peak FWHM (min),SE-UHPLC FWHM,5,6,10.8,11.7,0.6337944654592766,0.6987344114724288,-0.0649399460131521
VIS_059,3,SE-UHPLC Main Peak FWHM (min),SE-UHPLC FWHM,5,7,7.6,10.906177,0.6337944654592766,0.6987344114724288,-0.0649399460131521
VIS_060,3,SE-UHPLC Main Peak FWHM (min),SE-UHPLC FWHM,5,8,20.1,16.516369,0.6337944654592766,0.6987344114724288,-0.0649399460131521
VIS_061,3,SE-UHPLC Main Peak FWHM (min),SE-UHPLC FWHM,5,9,25.9,15.3,0.6337944654592766,0.6987344114724288,-0.0649399460131521
VIS_062,3,SE-UHPLC Main Peak FWHM (min),SE-UHPLC FWHM,5,10,8.4,11.221261,0.6337944654592766,0.6987344114724288,-0.0649399460131521
VIS_063,3,SE-UHPLC Main Peak FWHM (min),SE-UHPLC FWHM,5,11,12.6,11.00817,0.6337944654592766,0.6987344114724288,-0.0649399460131521
VIS_064,3,SE-UHPLC Main Peak FWHM (min),SE-UHPLC FWHM,5,12,30.1,22.7,0.6337944654592766,0.6987344114724288,-0.0649399460131521
VIS_065,3,SE-UHPLC Main Peak FWHM (min),SE-UHPLC FWHM,5,13,25.6,28.274004,0.6337944654592766,0.6987344114724288,-0.0649399460131521
VIS_066,3,SE-UHPLC Main Peak FWHM (min),SE-UHPLC FWHM,5,14,15.0,12.479921,0.6337944654592766,0.6987344114724288,-0.0649399460131521
VIS_067,3,SE-UHPLC Main Peak FWHM (min),SE-UHPLC FWHM,5,15,9.9,10.9,0.6337944654592766,0.6987344114724288,-0.0649399460131521
VIS_068,3,SE-UHPLC Main Peak FWHM (min),SE-UHPLC FWHM,5,16,42.1,28.167711,0.6337944654592766,0.6987344114724288,-0.0649399460131521
VIS_069,3,SE-UHPLC Main Peak FWHM (min),SE-UHPLC FWHM,5,17,16.8,14.617021,0.6337944654592766,0.6987344114724288,-0.0649399460131521
VIS_070,3,SE-UHPLC Main Peak FWHM (min),SE-UHPLC FWHM,5,18,13.8,13.1,0.6337944654592766,0.6987344114724288,-0.0649399460131521
VIS_071,3,SE-UHPLC Main Peak FWHM (min),SE-UHPLC FWHM,5,19,13.9,12.1,0.6337944654592766,0.6987344114724288,-0.0649399460131521
VIS_072,3,SE-UHPLC Main Peak FWHM (min),SE-UHPLC FWHM,5,20,11.9,10.9,0.6337944654592766,0.6987344114724288,-0.0649399460131521
VIS_073,3,SE-UHPLC Main Peak FWHM (min),SE-UHPLC FWHM,5,21,11.4,11.991366,0.6337944654592766,0.6987344114724288,-0.0649399460131521
VIS_074,3,SE-UHPLC Main Peak FWHM (min),SE-UHPLC FWHM,5,22,15.2,21.8,0.6337944654592766,0.6987344114724288,-0.0649399460131521
VIS_052,3,SE-UHPLC Main Peak FWHM (min),SE-UHPLC FWHM,6,0,12.2,10.5,0.6337944654592766,0.6272532076223363,0.0065412578369403
VIS_053,3,SE-UHPLC Main Peak FWHM (min),SE-UHPLC FWHM,6,1,10.8,11.968577,0.6337944654592766,0.6272532076223363,0.0065412578369403
VIS_054,3,SE-UHPLC Main Peak FWHM (min),SE-UHPLC FWHM,6,2,10.4,16.6,0.6337944654592766,0.6272532076223363,0.0065412578369403
VIS_055,3,SE-UHPLC Main Peak FWHM (min),SE-UHPLC FWHM,6,3,17.8,16.878094,0.6337944654592766,0.6272532076223363,0.0065412578369403
VIS_056,3,SE-UHPLC Main Peak FWHM (min),SE-UHPLC FWHM,6,4,9.1,10.3841915,0.6337944654592766,0.6272532076223363,0.0065412578369403
VIS_057,3,SE-UHPLC Main Peak FWHM (min),SE-UHPLC FWHM,6,5,40.0,45.412445,0.6337944654592766,0.6272532076223363,0.0065412578369403
VIS_058,3,SE-UHPLC Main Peak FWHM (min),SE-UHPLC FWHM,6,6,10.8,11.791715,0.6337944654592766,0.6272532076223363,0.0065412578369403
VIS_059,3,SE-UHPLC Main Peak FWHM (min),SE-UHPLC FWHM,6,7,7.6,10.447395,0.6337944654592766,0.6272532076223363,0.0065412578369403
VIS_060,3,SE-UHPLC Main Peak FWHM (min),SE-UHPLC FWHM,6,8,20.1,17.152166,0.6337944654592766,0.6272532076223363,0.0065412578369403
VIS_061,3,SE-UHPLC Main Peak FWHM (min),SE-UHPLC FWHM,6,9,25.9,12.659021,0.6337944654592766,0.6272532076223363,0.0065412578369403
VIS_062,3,SE-UHPLC Main Peak FWHM (min),SE-UHPLC FWHM,6,10,8.4,11.296717,0.6337944654592766,0.6272532076223363,0.0065412578369403
VIS_063,3,SE-UHPLC Main Peak FWHM (min),SE-UHPLC FWHM,6,11,12.6,11.740188,0.6337944654592766,0.6272532076223363,0.0065412578369403
VIS_064,3,SE-UHPLC Main Peak FWHM (min),SE-UHPLC FWHM,6,12,30.1,25.146208,0.6337944654592766,0.6272532076223363,0.0065412578369403
VIS_065,3,SE-UHPLC Main Peak FWHM (min),SE-UHPLC FWHM,6,13,25.6,28.274004,0.6337944654592766,0.6272532076223363,0.0065412578369403
VIS_066,3,SE-UHPLC Main Peak FWHM (min),SE-UHPLC FWHM,6,14,15.0,13.095778,0.6337944654592766,0.6272532076223363,0.0065412578369403
VIS_067,3,SE-UHPLC Main Peak FWHM (min),SE-UHPLC FWHM,6,15,9.9,10.34117,0.6337944654592766,0.6272532076223363,0.0065412578369403
VIS_068,3,SE-UHPLC Main Peak FWHM (min),SE-UHPLC FWHM,6,16,42.1,27.953194,0.6337944654592766,0.6272532076223363,0.0065412578369403
VIS_069,3,SE-UHPLC Main Peak FWHM (min),SE-UHPLC FWHM,6,17,16.8,14.956868,0.6337944654592766,0.6272532076223363,0.0065412578369403
VIS_070,3,SE-UHPLC Main Peak FWHM (min),SE-UHPLC FWHM,6,18,13.8,14.568367,0.6337944654592766,0.6272532076223363,0.0065412578369403
VIS_071,3,SE-UHPLC Main Peak FWHM (min),SE-UHPLC FWHM,6,19,13.9,13.8,0.6337944654592766,0.6272532076223363,0.0065412578369403
VIS_072,3,SE-UHPLC Main Peak FWHM (min),SE-UHPLC FWHM,6,20,11.9,10.905755,0.6337944654592766,0.6272532076223363,0.0065412578369403
VIS_073,3,SE-UHPLC Main Peak FWHM (min),SE-UHPLC FWHM,6,21,11.4,12.0,0.6337944654592766,0.6272532076223363,0.0065412578369403
VIS_074,3,SE-UHPLC Main Peak FWHM (min),SE-UHPLC FWHM,6,22,15.2,30.494957,0.6337944654592766,0.6272532076223363,0.0065412578369403
VIS_052,3,SE-UHPLC Main Peak FWHM (min),SE-UHPLC FWHM,7,0,12.2,10.911944,0.6337944654592766,0.5932784571596459,0.0405160082996307
VIS_053,3,SE-UHPLC Main Peak FWHM (min),SE-UHPLC FWHM,7,1,10.8,10.935149,0.6337944654592766,0.5932784571596459,0.0405160082996307
VIS_054,3,SE-UHPLC Main Peak FWHM (min),SE-UHPLC FWHM,7,2,10.4,21.7,0.6337944654592766,0.5932784571596459,0.0405160082996307
VIS_055,3,SE-UHPLC Main Peak FWHM (min),SE-UHPLC FWHM,7,3,17.8,16.6,0.6337944654592766,0.5932784571596459,0.0405160082996307
VIS_056,3,SE-UHPLC Main Peak FWHM (min),SE-UHPLC FWHM,7,4,9.1,10.942534,0.6337944654592766,0.5932784571596459,0.0405160082996307
VIS_057,3,SE-UHPLC Main Peak FWHM (min),SE-UHPLC FWHM,7,5,40.0,47.69825,0.6337944654592766,0.5932784571596459,0.0405160082996307
VIS_058,3,SE-UHPLC Main Peak FWHM (min),SE-UHPLC FWHM,7,6,10.8,10.9,0.6337944654592766,0.5932784571596459,0.0405160082996307
VIS_059,3,SE-UHPLC Main Peak FWHM (min),SE-UHPLC FWHM,7,7,7.6,10.447395,0.6337944654592766,0.5932784571596459,0.0405160082996307
VIS_060,3,SE-UHPLC Main Peak FWHM (min),SE-UHPLC FWHM,7,8,20.1,20.352768,0.6337944654592766,0.5932784571596459,0.0405160082996307
VIS_061,3,SE-UHPLC Main Peak FWHM (min),SE-UHPLC FWHM,7,9,25.9,15.3,0.6337944654592766,0.5932784571596459,0.0405160082996307
VIS_062,3,SE-UHPLC Main Peak FWHM (min),SE-UHPLC FWHM,7,10,8.4,10.900592,0.6337944654592766,0.5932784571596459,0.0405160082996307
VIS_063,3,SE-UHPLC Main Peak FWHM (min),SE-UHPLC FWHM,7,11,12.6,12.0,0.6337944654592766,0.5932784571596459,0.0405160082996307
VIS_064,3,SE-UHPLC Main Peak FWHM (min),SE-UHPLC FWHM,7,12,30.1,22.545513,0.6337944654592766,0.5932784571596459,0.0405160082996307
VIS_065,3,SE-UHPLC Main Peak FWHM (min),SE-UHPLC FWHM,7,13,25.6,27.525532,0.6337944654592766,0.5932784571596459,0.0405160082996307
VIS_066,3,SE-UHPLC Main Peak FWHM (min),SE-UHPLC FWHM,7,14,15.0,12.55266,0.6337944654592766,0.5932784571596459,0.0405160082996307
VIS_067,3,SE-UHPLC Main Peak FWHM (min),SE-UHPLC FWHM,7,15,9.9,11.719577,0.6337944654592766,0.5932784571596459,0.0405160082996307
VIS_068,3,SE-UHPLC Main Peak FWHM (min),SE-UHPLC FWHM,7,16,42.1,27.3,0.6337944654592766,0.5932784571596459,0.0405160082996307
VIS_069,3,SE-UHPLC Main Peak FWHM (min),SE-UHPLC FWHM,7,17,16.8,13.1,0.6337944654592766,0.5932784571596459,0.0405160082996307
VIS_070,3,SE-UHPLC Main Peak FWHM (min),SE-UHPLC FWHM,7,18,13.8,13.1,0.6337944654592766,0.5932784571596459,0.0405160082996307
VIS_071,3,SE-UHPLC Main Peak FWHM (min),SE-UHPLC FWHM,7,19,13.9,11.769464,0.6337944654592766,0.5932784571596459,0.0405160082996307
VIS_072,3,SE-UHPLC Main Peak FWHM (min),SE-UHPLC FWHM,7,20,11.9,12.516436,0.6337944654592766,0.5932784571596459,0.0405160082996307
VIS_073,3,SE-UHPLC Main Peak FWHM (min),SE-UHPLC FWHM,7,21,11.4,12.995499,0.6337944654592766,0.5932784571596459,0.0405160082996307
VIS_074,3,SE-UHPLC Main Peak FWHM (min),SE-UHPLC FWHM,7,22,15.2,28.93959,0.6337944654592766,0.5932784571596459,0.0405160082996307
VIS_052,3,SE-UHPLC Main Peak FWHM (min),SE-UHPLC FWHM,8,0,12.2,10.9,0.6337944654592766,0.5970935349920021,0.0367009304672745
VIS_053,3,SE-UHPLC Main Peak FWHM (min),SE-UHPLC FWHM,8,1,10.8,12.1,0.6337944654592766,0.5970935349920021,0.0367009304672745
VIS_054,3,SE-UHPLC Main Peak FWHM (min),SE-UHPLC FWHM,8,2,10.4,17.740486,0.6337944654592766,0.5970935349920021,0.0367009304672745
VIS_055,3,SE-UHPLC Main Peak FWHM (min),SE-UHPLC FWHM,8,3,17.8,17.278692,0.6337944654592766,0.5970935349920021,0.0367009304672745
VIS_056,3,SE-UHPLC Main Peak FWHM (min),SE-UHPLC FWHM,8,4,9.1,11.577614,0.6337944654592766,0.5970935349920021,0.0367009304672745
VIS_057,3,SE-UHPLC Main Peak FWHM (min),SE-UHPLC FWHM,8,5,40.0,30.549252,0.6337944654592766,0.5970935349920021,0.0367009304672745
VIS_058,3,SE-UHPLC Main Peak FWHM (min),SE-UHPLC FWHM,8,6,10.8,10.700329,0.6337944654592766,0.5970935349920021,0.0367009304672745
VIS_059,3,SE-UHPLC Main Peak FWHM (min),SE-UHPLC FWHM,8,7,7.6,10.152763,0.6337944654592766,0.5970935349920021,0.0367009304672745
VIS_060,3,SE-UHPLC Main Peak FWHM (min),SE-UHPLC FWHM,8,8,20.1,16.516369,0.6337944654592766,0.5970935349920021,0.0367009304672745
VIS_061,3,SE-UHPLC Main Peak FWHM (min),SE-UHPLC FWHM,8,9,25.9,15.3,0.6337944654592766,0.5970935349920021,0.0367009304672745
VIS_062,3,SE-UHPLC Main Peak FWHM (min),SE-UHPLC FWHM,8,10,8.4,11.170539,0.6337944654592766,0.5970935349920021,0.0367009304672745
VIS_063,3,SE-UHPLC Main Peak FWHM (min),SE-UHPLC FWHM,8,11,12.6,12.0,0.6337944654592766,0.5970935349920021,0.0367009304672745
VIS_064,3,SE-UHPLC Main Peak FWHM (min),SE-UHPLC FWHM,8,12,30.1,22.7,0.6337944654592766,0.5970935349920021,0.0367009304672745
VIS_065,3,SE-UHPLC Main Peak FWHM (min),SE-UHPLC FWHM,8,13,25.6,28.274004,0.6337944654592766,0.5970935349920021,0.0367009304672745
VIS_066,3,SE-UHPLC Main Peak FWHM (min),SE-UHPLC FWHM,8,14,15.0,12.001024,0.6337944654592766,0.5970935349920021,0.0367009304672745
VIS_067,3,SE-UHPLC Main Peak FWHM (min),SE-UHPLC FWHM,8,15,9.9,10.450631,0.6337944654592766,0.5970935349920021,0.0367009304672745
VIS_068,3,SE-UHPLC Main Peak FWHM (min),SE-UHPLC FWHM,8,16,42.1,28.208769,0.6337944654592766,0.5970935349920021,0.0367009304672745
VIS_069,3,SE-UHPLC Main Peak FWHM (min),SE-UHPLC FWHM,8,17,16.8,13.1,0.6337944654592766,0.5970935349920021,0.0367009304672745
VIS_070,3,SE-UHPLC Main Peak FWHM (min),SE-UHPLC FWHM,8,18,13.8,13.740384,0.6337944654592766,0.5970935349920021,0.0367009304672745
VIS_071,3,SE-UHPLC Main Peak FWHM (min),SE-UHPLC FWHM,8,19,13.9,13.8,0.6337944654592766,0.5970935349920021,0.0367009304672745
VIS_072,3,SE-UHPLC Main Peak FWHM (min),SE-UHPLC FWHM,8,20,11.9,10.5,0.6337944654592766,0.5970935349920021,0.0367009304672745
VIS_073,3,SE-UHPLC Main Peak FWHM (min),SE-UHPLC FWHM,8,21,11.4,12.1,0.6337944654592766,0.5970935349920021,0.0367009304672745
VIS_074,3,SE-UHPLC Main Peak FWHM (min),SE-UHPLC FWHM,8,22,15.2,30.672052,0.6337944654592766,0.5970935349920021,0.0367009304672745
VIS_052,3,SE-UHPLC Main Peak FWHM (min),SE-UHPLC FWHM,9,0,12.2,10.941903,0.6337944654592766,0.5744873727829618,0.0593070926763148
VIS_053,3,SE-UHPLC Main Peak FWHM (min),SE-UHPLC FWHM,9,1,10.8,12.1,0.6337944654592766,0.5744873727829618,0.0593070926763148
VIS_054,3,SE-UHPLC Main Peak FWHM (min),SE-UHPLC FWHM,9,2,10.4,21.7,0.6337944654592766,0.5744873727829618,0.0593070926763148
VIS_055,3,SE-UHPLC Main Peak FWHM (min),SE-UHPLC FWHM,9,3,17.8,13.006581,0.6337944654592766,0.5744873727829618,0.0593070926763148
VIS_056,3,SE-UHPLC Main Peak FWHM (min),SE-UHPLC FWHM,9,4,9.1,10.746707,0.6337944654592766,0.5744873727829618,0.0593070926763148
VIS_057,3,SE-UHPLC Main Peak FWHM (min),SE-UHPLC FWHM,9,5,40.0,45.0,0.6337944654592766,0.5744873727829618,0.0593070926763148
VIS_058,3,SE-UHPLC Main Peak FWHM (min),SE-UHPLC FWHM,9,6,10.8,10.909818,0.6337944654592766,0.5744873727829618,0.0593070926763148
VIS_059,3,SE-UHPLC Main Peak FWHM (min),SE-UHPLC FWHM,9,7,7.6,11.562631,0.6337944654592766,0.5744873727829618,0.0593070926763148
VIS_060,3,SE-UHPLC Main Peak FWHM (min),SE-UHPLC FWHM,9,8,20.1,16.516369,0.6337944654592766,0.5744873727829618,0.0593070926763148
VIS_061,3,SE-UHPLC Main Peak FWHM (min),SE-UHPLC FWHM,9,9,25.9,15.127175,0.6337944654592766,0.5744873727829618,0.0593070926763148
VIS_062,3,SE-UHPLC Main Peak FWHM (min),SE-UHPLC FWHM,9,10,8.4,11.221261,0.6337944654592766,0.5744873727829618,0.0593070926763148
VIS_063,3,SE-UHPLC Main Peak FWHM (min),SE-UHPLC FWHM,9,11,12.6,11.7,0.6337944654592766,0.5744873727829618,0.0593070926763148
VIS_064,3,SE-UHPLC Main Peak FWHM (min),SE-UHPLC FWHM,9,12,30.1,22.7,0.6337944654592766,0.5744873727829618,0.0593070926763148
VIS_065,3,SE-UHPLC Main Peak FWHM (min),SE-UHPLC FWHM,9,13,25.6,28.274004,0.6337944654592766,0.5744873727829618,0.0593070926763148
VIS_066,3,SE-UHPLC Main Peak FWHM (min),SE-UHPLC FWHM,9,14,15.0,12.306464,0.6337944654592766,0.5744873727829618,0.0593070926763148
VIS_067,3,SE-UHPLC Main Peak FWHM (min),SE-UHPLC FWHM,9,15,9.9,11.45358,0.6337944654592766,0.5744873727829618,0.0593070926763148
VIS_068,3,SE-UHPLC Main Peak FWHM (min),SE-UHPLC FWHM,9,16,42.1,27.953194,0.6337944654592766,0.5744873727829618,0.0593070926763148
VIS_069,3,SE-UHPLC Main Peak FWHM (min),SE-UHPLC FWHM,9,17,16.8,13.8,0.6337944654592766,0.5744873727829618,0.0593070926763148
VIS_070,3,SE-UHPLC Main Peak FWHM (min),SE-UHPLC FWHM,9,18,13.8,13.1,0.6337944654592766,0.5744873727829618,0.0593070926763148
VIS_071,3,SE-UHPLC Main Peak FWHM (min),SE-UHPLC FWHM,9,19,13.9,12.4,0.6337944654592766,0.5744873727829618,0.0593070926763148
VIS_072,3,SE-UHPLC Main Peak FWHM (min),SE-UHPLC FWHM,9,20,11.9,10.905755,0.6337944654592766,0.5744873727829618,0.0593070926763148
VIS_073,3,SE-UHPLC Main Peak FWHM (min),SE-UHPLC FWHM,9,21,11.4,12.0,0.6337944654592766,0.5744873727829618,0.0593070926763148
VIS_074,3,SE-UHPLC Main Peak FWHM (min),SE-UHPLC FWHM,9,22,15.2,30.634396,0.6337944654592766,0.5744873727829618,0.0593070926763148
VIS_052,3,SE-UHPLC Main Peak FWHM (min),SE-UHPLC FWHM,10,0,12.2,10.810821,0.6337944654592766,0.6993778413981093,-0.0655833759388326
VIS_053,3,SE-UHPLC Main Peak FWHM (min),SE-UHPLC FWHM,10,1,10.8,12.0,0.6337944654592766,0.6993778413981093,-0.0655833759388326
VIS_054,3,SE-UHPLC Main Peak FWHM (min),SE-UHPLC FWHM,10,2,10.4,21.2,0.6337944654592766,0.6993778413981093,-0.0655833759388326
VIS_055,3,SE-UHPLC Main Peak FWHM (min),SE-UHPLC FWHM,10,3,17.8,17.089314,0.6337944654592766,0.6993778413981093,-0.0655833759388326
VIS_056,3,SE-UHPLC Main Peak FWHM (min),SE-UHPLC FWHM,10,4,9.1,11.7,0.6337944654592766,0.6993778413981093,-0.0655833759388326
VIS_057,3,SE-UHPLC Main Peak FWHM (min),SE-UHPLC FWHM,10,5,40.0,45.412445,0.6337944654592766,0.6993778413981093,-0.0655833759388326
VIS_058,3,SE-UHPLC Main Peak FWHM (min),SE-UHPLC FWHM,10,6,10.8,10.9,0.6337944654592766,0.6993778413981093,-0.0655833759388326
VIS_059,3,SE-UHPLC Main Peak FWHM (min),SE-UHPLC FWHM,10,7,7.6,10.9,0.6337944654592766,0.6993778413981093,-0.0655833759388326
VIS_060,3,SE-UHPLC Main Peak FWHM (min),SE-UHPLC FWHM,10,8,20.1,21.2,0.6337944654592766,0.6993778413981093,-0.0655833759388326
VIS_061,3,SE-UHPLC Main Peak FWHM (min),SE-UHPLC FWHM,10,9,25.9,14.971403,0.6337944654592766,0.6993778413981093,-0.0655833759388326
VIS_062,3,SE-UHPLC Main Peak FWHM (min),SE-UHPLC FWHM,10,10,8.4,10.9,0.6337944654592766,0.6993778413981093,-0.0655833759388326
VIS_063,3,SE-UHPLC Main Peak FWHM (min),SE-UHPLC FWHM,10,11,12.6,11.809424,0.6337944654592766,0.6993778413981093,-0.0655833759388326
VIS_064,3,SE-UHPLC Main Peak FWHM (min),SE-UHPLC FWHM,10,12,30.1,22.7,0.6337944654592766,0.6993778413981093,-0.0655833759388326
VIS_065,3,SE-UHPLC Main Peak FWHM (min),SE-UHPLC FWHM,10,13,25.6,26.4,0.6337944654592766,0.6993778413981093,-0.0655833759388326
VIS_066,3,SE-UHPLC Main Peak FWHM (min),SE-UHPLC FWHM,10,14,15.0,13.041033,0.6337944654592766,0.6993778413981093,-0.0655833759388326
VIS_067,3,SE-UHPLC Main Peak FWHM (min),SE-UHPLC FWHM,10,15,9.9,10.5,0.6337944654592766,0.6993778413981093,-0.0655833759388326
VIS_068,3,SE-UHPLC Main Peak FWHM (min),SE-UHPLC FWHM,10,16,42.1,27.953194,0.6337944654592766,0.6993778413981093,-0.0655833759388326
VIS_069,3,SE-UHPLC Main Peak FWHM (min),SE-UHPLC FWHM,10,17,16.8,15.010572,0.6337944654592766,0.6993778413981093,-0.0655833759388326
VIS_070,3,SE-UHPLC Main Peak FWHM (min),SE-UHPLC FWHM,10,18,13.8,14.6,0.6337944654592766,0.6993778413981093,-0.0655833759388326
VIS_071,3,SE-UHPLC Main Peak FWHM (min),SE-UHPLC FWHM,10,19,13.9,12.001106,0.6337944654592766,0.6993778413981093,-0.0655833759388326
VIS_072,3,SE-UHPLC Main Peak FWHM (min),SE-UHPLC FWHM,10,20,11.9,11.732612,0.6337944654592766,0.6993778413981093,-0.0655833759388326
VIS_073,3,SE-UHPLC Main Peak FWHM (min),SE-UHPLC FWHM,10,21,11.4,12.073994,0.6337944654592766,0.6993778413981093,-0.0655833759388326
VIS_074,3,SE-UHPLC Main Peak FWHM (min),SE-UHPLC FWHM,10,22,15.2,21.8,0.6337944654592766,0.6993778413981093,-0.0655833759388326
VIS_052,4,DLS Interaction Parameter kD (mL/g),DLS kD,1,0,12.2,21.060366,0.7280961099999991,0.0731257060718655,0.6549704039281335
VIS_053,4,DLS Interaction Parameter kD (mL/g),DLS kD,1,1,10.8,22.7,0.7280961099999991,0.0731257060718655,0.6549704039281335
VIS_054,4,DLS Interaction Parameter kD (mL/g),DLS kD,1,2,10.4,11.885618,0.7280961099999991,0.0731257060718655,0.6549704039281335
VIS_055,4,DLS Interaction Parameter kD (mL/g),DLS kD,1,3,17.8,10.415987,0.7280961099999991,0.0731257060718655,0.6549704039281335
VIS_056,4,DLS Interaction Parameter kD (mL/g),DLS kD,1,4,9.1,10.441425,0.7280961099999991,0.0731257060718655,0.6549704039281335
VIS_057,4,DLS Interaction Parameter kD (mL/g),DLS kD,1,5,40.0,48.8,0.7280961099999991,0.0731257060718655,0.6549704039281335
VIS_058,4,DLS Interaction Parameter kD (mL/g),DLS kD,1,6,10.8,10.6,0.7280961099999991,0.0731257060718655,0.6549704039281335
VIS_059,4,DLS Interaction Parameter kD (mL/g),DLS kD,1,7,7.6,10.277978,0.7280961099999991,0.0731257060718655,0.6549704039281335
VIS_060,4,DLS Interaction Parameter kD (mL/g),DLS kD,1,8,20.1,21.08416,0.7280961099999991,0.0731257060718655,0.6549704039281335
VIS_061,4,DLS Interaction Parameter kD (mL/g),DLS kD,1,9,25.9,16.48165,0.7280961099999991,0.0731257060718655,0.6549704039281335
VIS_062,4,DLS Interaction Parameter kD (mL/g),DLS kD,1,10,8.4,13.238064,0.7280961099999991,0.0731257060718655,0.6549704039281335
VIS_063,4,DLS Interaction Parameter kD (mL/g),DLS kD,1,11,12.6,12.082707,0.7280961099999991,0.0731257060718655,0.6549704039281335
VIS_064,4,DLS Interaction Parameter kD (mL/g),DLS kD,1,12,30.1,10.6,0.7280961099999991,0.0731257060718655,0.6549704039281335
VIS_065,4,DLS Interaction Parameter kD (mL/g),DLS kD,1,13,25.6,45.0,0.7280961099999991,0.0731257060718655,0.6549704039281335
VIS_066,4,DLS Interaction Parameter kD (mL/g),DLS kD,1,14,15.0,14.8,0.7280961099999991,0.0731257060718655,0.6549704039281335
VIS_067,4,DLS Interaction Parameter kD (mL/g),DLS kD,1,15,9.9,21.7,0.7280961099999991,0.0731257060718655,0.6549704039281335
VIS_068,4,DLS Interaction Parameter kD (mL/g),DLS kD,1,16,42.1,23.217329,0.7280961099999991,0.0731257060718655,0.6549704039281335
VIS_069,4,DLS Interaction Parameter kD (mL/g),DLS kD,1,17,16.8,16.3,0.7280961099999991,0.0731257060718655,0.6549704039281335
VIS_070,4,DLS Interaction Parameter kD (mL/g),DLS kD,1,18,13.8,10.3,0.7280961099999991,0.0731257060718655,0.6549704039281335
VIS_071,4,DLS Interaction Parameter kD (mL/g),DLS kD,1,19,13.9,13.8,0.7280961099999991,0.0731257060718655,0.6549704039281335
VIS_072,4,DLS Interaction Parameter kD (mL/g),DLS kD,1,20,11.9,16.435873,0.7280961099999991,0.0731257060718655,0.6549704039281335
VIS_073,4,DLS Interaction Parameter kD (mL/g),DLS kD,1,21,11.4,21.455772,0.7280961099999991,0.0731257060718655,0.6549704039281335
VIS_074,4,DLS Interaction Parameter kD (mL/g),DLS kD,1,22,15.2,17.6,0.7280961099999991,0.0731257060718655,0.6549704039281335
VIS_052,4,DLS Interaction Parameter kD (mL/g),DLS kD,2,0,12.2,12.088357,0.7280961099999991,-0.5780930635672277,1.3061891735672266
VIS_053,4,DLS Interaction Parameter kD (mL/g),DLS kD,2,1,10.8,13.521192,0.7280961099999991,-0.5780930635672277,1.3061891735672266
VIS_054,4,DLS Interaction Parameter kD (mL/g),DLS kD,2,2,10.4,14.6,0.7280961099999991,-0.5780930635672277,1.3061891735672266
VIS_055,4,DLS Interaction Parameter kD (mL/g),DLS kD,2,3,17.8,12.148411,0.7280961099999991,-0.5780930635672277,1.3061891735672266
VIS_056,4,DLS Interaction Parameter kD (mL/g),DLS kD,2,4,9.1,21.7,0.7280961099999991,-0.5780930635672277,1.3061891735672266
VIS_057,4,DLS Interaction Parameter kD (mL/g),DLS kD,2,5,40.0,20.999538,0.7280961099999991,-0.5780930635672277,1.3061891735672266
VIS_058,4,DLS Interaction Parameter kD (mL/g),DLS kD,2,6,10.8,10.580267,0.7280961099999991,-0.5780930635672277,1.3061891735672266
VIS_059,4,DLS Interaction Parameter kD (mL/g),DLS kD,2,7,7.6,16.3,0.7280961099999991,-0.5780930635672277,1.3061891735672266
VIS_060,4,DLS Interaction Parameter kD (mL/g),DLS kD,2,8,20.1,48.8,0.7280961099999991,-0.5780930635672277,1.3061891735672266
VIS_061,4,DLS Interaction Parameter kD (mL/g),DLS kD,2,9,25.9,12.374998,0.7280961099999991,-0.5780930635672277,1.3061891735672266
VIS_062,4,DLS Interaction Parameter kD (mL/g),DLS kD,2,10,8.4,10.3,0.7280961099999991,-0.5780930635672277,1.3061891735672266
VIS_063,4,DLS Interaction Parameter kD (mL/g),DLS kD,2,11,12.6,16.487625,0.7280961099999991,-0.5780930635672277,1.3061891735672266
VIS_064,4,DLS Interaction Parameter kD (mL/g),DLS kD,2,12,30.1,16.804955,0.7280961099999991,-0.5780930635672277,1.3061891735672266
VIS_065,4,DLS Interaction Parameter kD (mL/g),DLS kD,2,13,25.6,45.0,0.7280961099999991,-0.5780930635672277,1.3061891735672266
VIS_066,4,DLS Interaction Parameter kD (mL/g),DLS kD,2,14,15.0,13.8,0.7280961099999991,-0.5780930635672277,1.3061891735672266
VIS_067,4,DLS Interaction Parameter kD (mL/g),DLS kD,2,15,9.9,11.7,0.7280961099999991,-0.5780930635672277,1.3061891735672266
VIS_068,4,DLS Interaction Parameter kD (mL/g),DLS kD,2,16,42.1,18.45685,0.7280961099999991,-0.5780930635672277,1.3061891735672266
VIS_069,4,DLS Interaction Parameter kD (mL/g),DLS kD,2,17,16.8,16.3,0.7280961099999991,-0.5780930635672277,1.3061891735672266
VIS_070,4,DLS Interaction Parameter kD (mL/g),DLS kD,2,18,13.8,9.9,0.7280961099999991,-0.5780930635672277,1.3061891735672266
VIS_071,4,DLS Interaction Parameter kD (mL/g),DLS kD,2,19,13.9,14.6,0.7280961099999991,-0.5780930635672277,1.3061891735672266
VIS_072,4,DLS Interaction Parameter kD (mL/g),DLS kD,2,20,11.9,30.56043,0.7280961099999991,-0.5780930635672277,1.3061891735672266
VIS_073,4,DLS Interaction Parameter kD (mL/g),DLS kD,2,21,11.4,15.028376,0.7280961099999991,-0.5780930635672277,1.3061891735672266
VIS_074,4,DLS Interaction Parameter kD (mL/g),DLS kD,2,22,15.2,18.404495,0.7280961099999991,-0.5780930635672277,1.3061891735672266
VIS_052,4,DLS Interaction Parameter kD (mL/g),DLS kD,3,0,12.2,12.1761265,0.7280961099999991,-0.8712224427528981,1.599318552752897
VIS_053,4,DLS Interaction Parameter kD (mL/g),DLS kD,3,1,10.8,14.6,0.7280961099999991,-0.8712224427528981,1.599318552752897
VIS_054,4,DLS Interaction Parameter kD (mL/g),DLS kD,3,2,10.4,16.3,0.7280961099999991,-0.8712224427528981,1.599318552752897
VIS_055,4,DLS Interaction Parameter kD (mL/g),DLS kD,3,3,17.8,10.872967,0.7280961099999991,-0.8712224427528981,1.599318552752897
VIS_056,4,DLS Interaction Parameter kD (mL/g),DLS kD,3,4,9.1,19.33916,0.7280961099999991,-0.8712224427528981,1.599318552752897
VIS_057,4,DLS Interaction Parameter kD (mL/g),DLS kD,3,5,40.0,21.77556,0.7280961099999991,-0.8712224427528981,1.599318552752897
VIS_058,4,DLS Interaction Parameter kD (mL/g),DLS kD,3,6,10.8,14.8,0.7280961099999991,-0.8712224427528981,1.599318552752897
VIS_059,4,DLS Interaction Parameter kD (mL/g),DLS kD,3,7,7.6,10.3,0.7280961099999991,-0.8712224427528981,1.599318552752897
VIS_060,4,DLS Interaction Parameter kD (mL/g),DLS kD,3,8,20.1,47.96338,0.7280961099999991,-0.8712224427528981,1.599318552752897
VIS_061,4,DLS Interaction Parameter kD (mL/g),DLS kD,3,9,25.9,10.9,0.7280961099999991,-0.8712224427528981,1.599318552752897
VIS_062,4,DLS Interaction Parameter kD (mL/g),DLS kD,3,10,8.4,14.6,0.7280961099999991,-0.8712224427528981,1.599318552752897
VIS_063,4,DLS Interaction Parameter kD (mL/g),DLS kD,3,11,12.6,15.0,0.7280961099999991,-0.8712224427528981,1.599318552752897
VIS_064,4,DLS Interaction Parameter kD (mL/g),DLS kD,3,12,30.1,15.0,0.7280961099999991,-0.8712224427528981,1.599318552752897
VIS_065,4,DLS Interaction Parameter kD (mL/g),DLS kD,3,13,25.6,33.17377,0.7280961099999991,-0.8712224427528981,1.599318552752897
VIS_066,4,DLS Interaction Parameter kD (mL/g),DLS kD,3,14,15.0,27.486034,0.7280961099999991,-0.8712224427528981,1.599318552752897
VIS_067,4,DLS Interaction Parameter kD (mL/g),DLS kD,3,15,9.9,14.6,0.7280961099999991,-0.8712224427528981,1.599318552752897
VIS_068,4,DLS Interaction Parameter kD (mL/g),DLS kD,3,16,42.1,18.665487,0.7280961099999991,-0.8712224427528981,1.599318552752897
VIS_069,4,DLS Interaction Parameter kD (mL/g),DLS kD,3,17,16.8,20.406132,0.7280961099999991,-0.8712224427528981,1.599318552752897
VIS_070,4,DLS Interaction Parameter kD (mL/g),DLS kD,3,18,13.8,9.849402,0.7280961099999991,-0.8712224427528981,1.599318552752897
VIS_071,4,DLS Interaction Parameter kD (mL/g),DLS kD,3,19,13.9,13.8,0.7280961099999991,-0.8712224427528981,1.599318552752897
VIS_072,4,DLS Interaction Parameter kD (mL/g),DLS kD,3,20,11.9,11.7,0.7280961099999991,-0.8712224427528981,1.599318552752897
VIS_073,4,DLS Interaction Parameter kD (mL/g),DLS kD,3,21,11.4,10.3,0.7280961099999991,-0.8712224427528981,1.599318552752897
VIS_074,4,DLS Interaction Parameter kD (mL/g),DLS kD,3,22,15.2,48.783787,0.7280961099999991,-0.8712224427528981,1.599318552752897
VIS_052,4,DLS Interaction Parameter kD (mL/g),DLS kD,4,0,12.2,12.158704,0.7280961099999991,-0.0824403735533172,0.8105364835533163
VIS_053,4,DLS Interaction Parameter kD (mL/g),DLS kD,4,1,10.8,11.7,0.7280961099999991,-0.0824403735533172,0.8105364835533163
VIS_054,4,DLS Interaction Parameter kD (mL/g),DLS kD,4,2,10.4,11.917029,0.7280961099999991,-0.0824403735533172,0.8105364835533163
VIS_055,4,DLS Interaction Parameter kD (mL/g),DLS kD,4,3,17.8,16.3,0.7280961099999991,-0.0824403735533172,0.8105364835533163
VIS_056,4,DLS Interaction Parameter kD (mL/g),DLS kD,4,4,9.1,10.441425,0.7280961099999991,-0.0824403735533172,0.8105364835533163
VIS_057,4,DLS Interaction Parameter kD (mL/g),DLS kD,4,5,40.0,45.0,0.7280961099999991,-0.0824403735533172,0.8105364835533163
VIS_058,4,DLS Interaction Parameter kD (mL/g),DLS kD,4,6,10.8,10.616962,0.7280961099999991,-0.0824403735533172,0.8105364835533163
VIS_059,4,DLS Interaction Parameter kD (mL/g),DLS kD,4,7,7.6,12.388059,0.7280961099999991,-0.0824403735533172,0.8105364835533163
VIS_060,4,DLS Interaction Parameter kD (mL/g),DLS kD,4,8,20.1,21.383013,0.7280961099999991,-0.0824403735533172,0.8105364835533163
VIS_061,4,DLS Interaction Parameter kD (mL/g),DLS kD,4,9,25.9,12.4,0.7280961099999991,-0.0824403735533172,0.8105364835533163
VIS_062,4,DLS Interaction Parameter kD (mL/g),DLS kD,4,10,8.4,15.741478,0.7280961099999991,-0.0824403735533172,0.8105364835533163
VIS_063,4,DLS Interaction Parameter kD (mL/g),DLS kD,4,11,12.6,13.8,0.7280961099999991,-0.0824403735533172,0.8105364835533163
VIS_064,4,DLS Interaction Parameter kD (mL/g),DLS kD,4,12,30.1,10.406703,0.7280961099999991,-0.0824403735533172,0.8105364835533163
VIS_065,4,DLS Interaction Parameter kD (mL/g),DLS kD,4,13,25.6,19.3303,0.7280961099999991,-0.0824403735533172,0.8105364835533163
VIS_066,4,DLS Interaction Parameter kD (mL/g),DLS kD,4,14,15.0,45.0,0.7280961099999991,-0.0824403735533172,0.8105364835533163
VIS_067,4,DLS Interaction Parameter kD (mL/g),DLS kD,4,15,9.9,11.7,0.7280961099999991,-0.0824403735533172,0.8105364835533163
VIS_068,4,DLS Interaction Parameter kD (mL/g),DLS kD,4,16,42.1,31.125765,0.7280961099999991,-0.0824403735533172,0.8105364835533163
VIS_069,4,DLS Interaction Parameter kD (mL/g),DLS kD,4,17,16.8,11.604709,0.7280961099999991,-0.0824403735533172,0.8105364835533163
VIS_070,4,DLS Interaction Parameter kD (mL/g),DLS kD,4,18,13.8,15.3,0.7280961099999991,-0.0824403735533172,0.8105364835533163
VIS_071,4,DLS Interaction Parameter kD (mL/g),DLS kD,4,19,13.9,14.803088,0.7280961099999991,-0.0824403735533172,0.8105364835533163
VIS_072,4,DLS Interaction Parameter kD (mL/g),DLS kD,4,20,11.9,30.68261,0.7280961099999991,-0.0824403735533172,0.8105364835533163
VIS_073,4,DLS Interaction Parameter kD (mL/g),DLS kD,4,21,11.4,17.420986,0.7280961099999991,-0.0824403735533172,0.8105364835533163
VIS_074,4,DLS Interaction Parameter kD (mL/g),DLS kD,4,22,15.2,19.50069,0.7280961099999991,-0.0824403735533172,0.8105364835533163
VIS_052,4,DLS Interaction Parameter kD (mL/g),DLS kD,5,0,12.2,12.244205,0.7280961099999991,-0.1894031188586342,0.9174992288586332
VIS_053,4,DLS Interaction Parameter kD (mL/g),DLS kD,5,1,10.8,16.354418,0.7280961099999991,-0.1894031188586342,0.9174992288586332
VIS_054,4,DLS Interaction Parameter kD (mL/g),DLS kD,5,2,10.4,10.9,0.7280961099999991,-0.1894031188586342,0.9174992288586332
VIS_055,4,DLS Interaction Parameter kD (mL/g),DLS kD,5,3,17.8,17.271475,0.7280961099999991,-0.1894031188586342,0.9174992288586332
VIS_056,4,DLS Interaction Parameter kD (mL/g),DLS kD,5,4,9.1,11.7,0.7280961099999991,-0.1894031188586342,0.9174992288586332
VIS_057,4,DLS Interaction Parameter kD (mL/g),DLS kD,5,5,40.0,45.959183,0.7280961099999991,-0.1894031188586342,0.9174992288586332
VIS_058,4,DLS Interaction Parameter kD (mL/g),DLS kD,5,6,10.8,12.4,0.7280961099999991,-0.1894031188586342,0.9174992288586332
VIS_059,4,DLS Interaction Parameter kD (mL/g),DLS kD,5,7,7.6,10.130757,0.7280961099999991,-0.1894031188586342,0.9174992288586332
VIS_060,4,DLS Interaction Parameter kD (mL/g),DLS kD,5,8,20.1,48.8,0.7280961099999991,-0.1894031188586342,0.9174992288586332
VIS_061,4,DLS Interaction Parameter kD (mL/g),DLS kD,5,9,25.9,15.0,0.7280961099999991,-0.1894031188586342,0.9174992288586332
VIS_062,4,DLS Interaction Parameter kD (mL/g),DLS kD,5,10,8.4,13.238064,0.7280961099999991,-0.1894031188586342,0.9174992288586332
VIS_063,4,DLS Interaction Parameter kD (mL/g),DLS kD,5,11,12.6,12.028152,0.7280961099999991,-0.1894031188586342,0.9174992288586332
VIS_064,4,DLS Interaction Parameter kD (mL/g),DLS kD,5,12,30.1,20.234573,0.7280961099999991,-0.1894031188586342,0.9174992288586332
VIS_065,4,DLS Interaction Parameter kD (mL/g),DLS kD,5,13,25.6,45.0,0.7280961099999991,-0.1894031188586342,0.9174992288586332
VIS_066,4,DLS Interaction Parameter kD (mL/g),DLS kD,5,14,15.0,21.782305,0.7280961099999991,-0.1894031188586342,0.9174992288586332
VIS_067,4,DLS Interaction Parameter kD (mL/g),DLS kD,5,15,9.9,11.7,0.7280961099999991,-0.1894031188586342,0.9174992288586332
VIS_068,4,DLS Interaction Parameter kD (mL/g),DLS kD,5,16,42.1,16.562101,0.7280961099999991,-0.1894031188586342,0.9174992288586332
VIS_069,4,DLS Interaction Parameter kD (mL/g),DLS kD,5,17,16.8,10.9,0.7280961099999991,-0.1894031188586342,0.9174992288586332
VIS_070,4,DLS Interaction Parameter kD (mL/g),DLS kD,5,18,13.8,15.580789,0.7280961099999991,-0.1894031188586342,0.9174992288586332
VIS_071,4,DLS Interaction Parameter kD (mL/g),DLS kD,5,19,13.9,14.719409,0.7280961099999991,-0.1894031188586342,0.9174992288586332
VIS_072,4,DLS Interaction Parameter kD (mL/g),DLS kD,5,20,11.9,11.7,0.7280961099999991,-0.1894031188586342,0.9174992288586332
VIS_073,4,DLS Interaction Parameter kD (mL/g),DLS kD,5,21,11.4,10.3,0.7280961099999991,-0.1894031188586342,0.9174992288586332
VIS_074,4,DLS Interaction Parameter kD (mL/g),DLS kD,5,22,15.2,26.80088,0.7280961099999991,-0.1894031188586342,0.9174992288586332
VIS_052,4,DLS Interaction Parameter kD (mL/g),DLS kD,6,0,12.2,12.262434,0.7280961099999991,0.2588836320343574,0.4692124779656417
VIS_053,4,DLS Interaction Parameter kD (mL/g),DLS kD,6,1,10.8,11.89803,0.7280961099999991,0.2588836320343574,0.4692124779656417
VIS_054,4,DLS Interaction Parameter kD (mL/g),DLS kD,6,2,10.4,12.4,0.7280961099999991,0.2588836320343574,0.4692124779656417
VIS_055,4,DLS Interaction Parameter kD (mL/g),DLS kD,6,3,17.8,16.3,0.7280961099999991,0.2588836320343574,0.4692124779656417
VIS_056,4,DLS Interaction Parameter kD (mL/g),DLS kD,6,4,9.1,10.481392,0.7280961099999991,0.2588836320343574,0.4692124779656417
VIS_057,4,DLS Interaction Parameter kD (mL/g),DLS kD,6,5,40.0,20.223217,0.7280961099999991,0.2588836320343574,0.4692124779656417
VIS_058,4,DLS Interaction Parameter kD (mL/g),DLS kD,6,6,10.8,27.798319,0.7280961099999991,0.2588836320343574,0.4692124779656417
VIS_059,4,DLS Interaction Parameter kD (mL/g),DLS kD,6,7,7.6,10.130757,0.7280961099999991,0.2588836320343574,0.4692124779656417
VIS_060,4,DLS Interaction Parameter kD (mL/g),DLS kD,6,8,20.1,21.727036,0.7280961099999991,0.2588836320343574,0.4692124779656417
VIS_061,4,DLS Interaction Parameter kD (mL/g),DLS kD,6,9,25.9,14.6,0.7280961099999991,0.2588836320343574,0.4692124779656417
VIS_062,4,DLS Interaction Parameter kD (mL/g),DLS kD,6,10,8.4,11.183659,0.7280961099999991,0.2588836320343574,0.4692124779656417
VIS_063,4,DLS Interaction Parameter kD (mL/g),DLS kD,6,11,12.6,15.0,0.7280961099999991,0.2588836320343574,0.4692124779656417
VIS_064,4,DLS Interaction Parameter kD (mL/g),DLS kD,6,12,30.1,10.3,0.7280961099999991,0.2588836320343574,0.4692124779656417
VIS_065,4,DLS Interaction Parameter kD (mL/g),DLS kD,6,13,25.6,19.7,0.7280961099999991,0.2588836320343574,0.4692124779656417
VIS_066,4,DLS Interaction Parameter kD (mL/g),DLS kD,6,14,15.0,20.624453,0.7280961099999991,0.2588836320343574,0.4692124779656417
VIS_067,4,DLS Interaction Parameter kD (mL/g),DLS kD,6,15,9.9,11.7,0.7280961099999991,0.2588836320343574,0.4692124779656417
VIS_068,4,DLS Interaction Parameter kD (mL/g),DLS kD,6,16,42.1,45.54724,0.7280961099999991,0.2588836320343574,0.4692124779656417
VIS_069,4,DLS Interaction Parameter kD (mL/g),DLS kD,6,17,16.8,13.8,0.7280961099999991,0.2588836320343574,0.4692124779656417
VIS_070,4,DLS Interaction Parameter kD (mL/g),DLS kD,6,18,13.8,15.789648,0.7280961099999991,0.2588836320343574,0.4692124779656417
VIS_071,4,DLS Interaction Parameter kD (mL/g),DLS kD,6,19,13.9,21.7,0.7280961099999991,0.2588836320343574,0.4692124779656417
VIS_072,4,DLS Interaction Parameter kD (mL/g),DLS kD,6,20,11.9,21.2,0.7280961099999991,0.2588836320343574,0.4692124779656417
VIS_073,4,DLS Interaction Parameter kD (mL/g),DLS kD,6,21,11.4,10.4,0.7280961099999991,0.2588836320343574,0.4692124779656417
VIS_074,4,DLS Interaction Parameter kD (mL/g),DLS kD,6,22,15.2,19.660006,0.7280961099999991,0.2588836320343574,0.4692124779656417
VIS_052,4,DLS Interaction Parameter kD (mL/g),DLS kD,7,0,12.2,12.0626545,0.7280961099999991,-0.6444143577296768,1.372510467729676
VIS_053,4,DLS Interaction Parameter kD (mL/g),DLS kD,7,1,10.8,18.29795,0.7280961099999991,-0.6444143577296768,1.372510467729676
VIS_054,4,DLS Interaction Parameter kD (mL/g),DLS kD,7,2,10.4,14.6,0.7280961099999991,-0.6444143577296768,1.372510467729676
VIS_055,4,DLS Interaction Parameter kD (mL/g),DLS kD,7,3,17.8,12.070105,0.7280961099999991,-0.6444143577296768,1.372510467729676
VIS_056,4,DLS Interaction Parameter kD (mL/g),DLS kD,7,4,9.1,19.33916,0.7280961099999991,-0.6444143577296768,1.372510467729676
VIS_057,4,DLS Interaction Parameter kD (mL/g),DLS kD,7,5,40.0,20.999538,0.7280961099999991,-0.6444143577296768,1.372510467729676
VIS_058,4,DLS Interaction Parameter kD (mL/g),DLS kD,7,6,10.8,12.4,0.7280961099999991,-0.6444143577296768,1.372510467729676
VIS_059,4,DLS Interaction Parameter kD (mL/g),DLS kD,7,7,7.6,16.3,0.7280961099999991,-0.6444143577296768,1.372510467729676
VIS_060,4,DLS Interaction Parameter kD (mL/g),DLS kD,7,8,20.1,21.08416,0.7280961099999991,-0.6444143577296768,1.372510467729676
VIS_061,4,DLS Interaction Parameter kD (mL/g),DLS kD,7,9,25.9,10.6483755,0.7280961099999991,-0.6444143577296768,1.372510467729676
VIS_062,4,DLS Interaction Parameter kD (mL/g),DLS kD,7,10,8.4,14.6,0.7280961099999991,-0.6444143577296768,1.372510467729676
VIS_063,4,DLS Interaction Parameter kD (mL/g),DLS kD,7,11,12.6,13.8,0.7280961099999991,-0.6444143577296768,1.372510467729676
VIS_064,4,DLS Interaction Parameter kD (mL/g),DLS kD,7,12,30.1,31.291306,0.7280961099999991,-0.6444143577296768,1.372510467729676
VIS_065,4,DLS Interaction Parameter kD (mL/g),DLS kD,7,13,25.6,19.7,0.7280961099999991,-0.6444143577296768,1.372510467729676
VIS_066,4,DLS Interaction Parameter kD (mL/g),DLS kD,7,14,15.0,14.6,0.7280961099999991,-0.6444143577296768,1.372510467729676
VIS_067,4,DLS Interaction Parameter kD (mL/g),DLS kD,7,15,9.9,34.2,0.7280961099999991,-0.6444143577296768,1.372510467729676
VIS_068,4,DLS Interaction Parameter kD (mL/g),DLS kD,7,16,42.1,19.662544,0.7280961099999991,-0.6444143577296768,1.372510467729676
VIS_069,4,DLS Interaction Parameter kD (mL/g),DLS kD,7,17,16.8,10.681506,0.7280961099999991,-0.6444143577296768,1.372510467729676
VIS_070,4,DLS Interaction Parameter kD (mL/g),DLS kD,7,18,13.8,9.9,0.7280961099999991,-0.6444143577296768,1.372510467729676
VIS_071,4,DLS Interaction Parameter kD (mL/g),DLS kD,7,19,13.9,31.8,0.7280961099999991,-0.6444143577296768,1.372510467729676
VIS_072,4,DLS Interaction Parameter kD (mL/g),DLS kD,7,20,11.9,11.7,0.7280961099999991,-0.6444143577296768,1.372510467729676
VIS_073,4,DLS Interaction Parameter kD (mL/g),DLS kD,7,21,11.4,10.9,0.7280961099999991,-0.6444143577296768,1.372510467729676
VIS_074,4,DLS Interaction Parameter kD (mL/g),DLS kD,7,22,15.2,45.0,0.7280961099999991,-0.6444143577296768,1.372510467729676
VIS_052,4,DLS Interaction Parameter kD (mL/g),DLS kD,8,0,12.2,12.208315,0.7280961099999991,-0.2920326810974492,1.020128791097448
VIS_053,4,DLS Interaction Parameter kD (mL/g),DLS kD,8,1,10.8,12.182912,0.7280961099999991,-0.2920326810974492,1.020128791097448
VIS_054,4,DLS Interaction Parameter kD (mL/g),DLS kD,8,2,10.4,10.9,0.7280961099999991,-0.2920326810974492,1.020128791097448
VIS_055,4,DLS Interaction Parameter kD (mL/g),DLS kD,8,3,17.8,14.6,0.7280961099999991,-0.2920326810974492,1.020128791097448
VIS_056,4,DLS Interaction Parameter kD (mL/g),DLS kD,8,4,9.1,10.4,0.7280961099999991,-0.2920326810974492,1.020128791097448
VIS_057,4,DLS Interaction Parameter kD (mL/g),DLS kD,8,5,40.0,45.0,0.7280961099999991,-0.2920326810974492,1.020128791097448
VIS_058,4,DLS Interaction Parameter kD (mL/g),DLS kD,8,6,10.8,17.489796,0.7280961099999991,-0.2920326810974492,1.020128791097448
VIS_059,4,DLS Interaction Parameter kD (mL/g),DLS kD,8,7,7.6,29.304564,0.7280961099999991,-0.2920326810974492,1.020128791097448
VIS_060,4,DLS Interaction Parameter kD (mL/g),DLS kD,8,8,20.1,47.96338,0.7280961099999991,-0.2920326810974492,1.020128791097448
VIS_061,4,DLS Interaction Parameter kD (mL/g),DLS kD,8,9,25.9,13.372704,0.7280961099999991,-0.2920326810974492,1.020128791097448
VIS_062,4,DLS Interaction Parameter kD (mL/g),DLS kD,8,10,8.4,10.3,0.7280961099999991,-0.2920326810974492,1.020128791097448
VIS_063,4,DLS Interaction Parameter kD (mL/g),DLS kD,8,11,12.6,13.8,0.7280961099999991,-0.2920326810974492,1.020128791097448
VIS_064,4,DLS Interaction Parameter kD (mL/g),DLS kD,8,12,30.1,10.406703,0.7280961099999991,-0.2920326810974492,1.020128791097448
VIS_065,4,DLS Interaction Parameter kD (mL/g),DLS kD,8,13,25.6,45.0,0.7280961099999991,-0.2920326810974492,1.020128791097448
VIS_066,4,DLS Interaction Parameter kD (mL/g),DLS kD,8,14,15.0,27.79965,0.7280961099999991,-0.2920326810974492,1.020128791097448
VIS_067,4,DLS Interaction Parameter kD (mL/g),DLS kD,8,15,9.9,12.180703,0.7280961099999991,-0.2920326810974492,1.020128791097448
VIS_068,4,DLS Interaction Parameter kD (mL/g),DLS kD,8,16,42.1,45.54724,0.7280961099999991,-0.2920326810974492,1.020128791097448
VIS_069,4,DLS Interaction Parameter kD (mL/g),DLS kD,8,17,16.8,10.9,0.7280961099999991,-0.2920326810974492,1.020128791097448
VIS_070,4,DLS Interaction Parameter kD (mL/g),DLS kD,8,18,13.8,10.3,0.7280961099999991,-0.2920326810974492,1.020128791097448
VIS_071,4,DLS Interaction Parameter kD (mL/g),DLS kD,8,19,13.9,14.802033,0.7280961099999991,-0.2920326810974492,1.020128791097448
VIS_072,4,DLS Interaction Parameter kD (mL/g),DLS kD,8,20,11.9,14.6,0.7280961099999991,-0.2920326810974492,1.020128791097448
VIS_073,4,DLS Interaction Parameter kD (mL/g),DLS kD,8,21,11.4,21.7,0.7280961099999991,-0.2920326810974492,1.020128791097448
VIS_074,4,DLS Interaction Parameter kD (mL/g),DLS kD,8,22,15.2,17.6,0.7280961099999991,-0.2920326810974492,1.020128791097448
VIS_052,4,DLS Interaction Parameter kD (mL/g),DLS kD,9,0,12.2,13.641368,0.7280961099999991,-0.9924385162383192,1.7205346262383183
VIS_053,4,DLS Interaction Parameter kD (mL/g),DLS kD,9,1,10.8,12.091378,0.7280961099999991,-0.9924385162383192,1.7205346262383183
VIS_054,4,DLS Interaction Parameter kD (mL/g),DLS kD,9,2,10.4,11.885618,0.7280961099999991,-0.9924385162383192,1.7205346262383183
VIS_055,4,DLS Interaction Parameter kD (mL/g),DLS kD,9,3,17.8,10.4,0.7280961099999991,-0.9924385162383192,1.7205346262383183
VIS_056,4,DLS Interaction Parameter kD (mL/g),DLS kD,9,4,9.1,24.833117,0.7280961099999991,-0.9924385162383192,1.7205346262383183
VIS_057,4,DLS Interaction Parameter kD (mL/g),DLS kD,9,5,40.0,20.223217,0.7280961099999991,-0.9924385162383192,1.7205346262383183
VIS_058,4,DLS Interaction Parameter kD (mL/g),DLS kD,9,6,10.8,14.8,0.7280961099999991,-0.9924385162383192,1.7205346262383183
VIS_059,4,DLS Interaction Parameter kD (mL/g),DLS kD,9,7,7.6,10.186889,0.7280961099999991,-0.9924385162383192,1.7205346262383183
VIS_060,4,DLS Interaction Parameter kD (mL/g),DLS kD,9,8,20.1,32.65769,0.7280961099999991,-0.9924385162383192,1.7205346262383183
VIS_061,4,DLS Interaction Parameter kD (mL/g),DLS kD,9,9,25.9,15.078457,0.7280961099999991,-0.9924385162383192,1.7205346262383183
VIS_062,4,DLS Interaction Parameter kD (mL/g),DLS kD,9,10,8.4,11.183659,0.7280961099999991,-0.9924385162383192,1.7205346262383183
VIS_063,4,DLS Interaction Parameter kD (mL/g),DLS kD,9,11,12.6,19.460005,0.7280961099999991,-0.9924385162383192,1.7205346262383183
VIS_064,4,DLS Interaction Parameter kD (mL/g),DLS kD,9,12,30.1,10.313052,0.7280961099999991,-0.9924385162383192,1.7205346262383183
VIS_065,4,DLS Interaction Parameter kD (mL/g),DLS kD,9,13,25.6,19.7,0.7280961099999991,-0.9924385162383192,1.7205346262383183
VIS_066,4,DLS Interaction Parameter kD (mL/g),DLS kD,9,14,15.0,45.0,0.7280961099999991,-0.9924385162383192,1.7205346262383183
VIS_067,4,DLS Interaction Parameter kD (mL/g),DLS kD,9,15,9.9,11.7,0.7280961099999991,-0.9924385162383192,1.7205346262383183
VIS_068,4,DLS Interaction Parameter kD (mL/g),DLS kD,9,16,42.1,18.888931,0.7280961099999991,-0.9924385162383192,1.7205346262383183
VIS_069,4,DLS Interaction Parameter kD (mL/g),DLS kD,9,17,16.8,10.9,0.7280961099999991,-0.9924385162383192,1.7205346262383183
VIS_070,4,DLS Interaction Parameter kD (mL/g),DLS kD,9,18,13.8,10.0,0.7280961099999991,-0.9924385162383192,1.7205346262383183
VIS_071,4,DLS Interaction Parameter kD (mL/g),DLS kD,9,19,13.9,21.7,0.7280961099999991,-0.9924385162383192,1.7205346262383183
VIS_072,4,DLS Interaction Parameter kD (mL/g),DLS kD,9,20,11.9,21.2,0.7280961099999991,-0.9924385162383192,1.7205346262383183
VIS_073,4,DLS Interaction Parameter kD (mL/g),DLS kD,9,21,11.4,15.028376,0.7280961099999991,-0.9924385162383192,1.7205346262383183
VIS_074,4,DLS Interaction Parameter kD (mL/g),DLS kD,9,22,15.2,45.0,0.7280961099999991,-0.9924385162383192,1.7205346262383183
VIS_052,4,DLS Interaction Parameter kD (mL/g),DLS kD,10,0,12.2,13.66579,0.7280961099999991,-0.3145856834483782,1.0426817934483772
VIS_053,4,DLS Interaction Parameter kD (mL/g),DLS kD,10,1,10.8,20.809399,0.7280961099999991,-0.3145856834483782,1.0426817934483772
VIS_054,4,DLS Interaction Parameter kD (mL/g),DLS kD,10,2,10.4,11.7,0.7280961099999991,-0.3145856834483782,1.0426817934483772
VIS_055,4,DLS Interaction Parameter kD (mL/g),DLS kD,10,3,17.8,10.4,0.7280961099999991,-0.3145856834483782,1.0426817934483772
VIS_056,4,DLS Interaction Parameter kD (mL/g),DLS kD,10,4,9.1,10.441425,0.7280961099999991,-0.3145856834483782,1.0426817934483772
VIS_057,4,DLS Interaction Parameter kD (mL/g),DLS kD,10,5,40.0,19.7,0.7280961099999991,-0.3145856834483782,1.0426817934483772
VIS_058,4,DLS Interaction Parameter kD (mL/g),DLS kD,10,6,10.8,19.7,0.7280961099999991,-0.3145856834483782,1.0426817934483772
VIS_059,4,DLS Interaction Parameter kD (mL/g),DLS kD,10,7,7.6,10.3,0.7280961099999991,-0.3145856834483782,1.0426817934483772
VIS_060,4,DLS Interaction Parameter kD (mL/g),DLS kD,10,8,20.1,33.201626,0.7280961099999991,-0.3145856834483782,1.0426817934483772
VIS_061,4,DLS Interaction Parameter kD (mL/g),DLS kD,10,9,25.9,13.372704,0.7280961099999991,-0.3145856834483782,1.0426817934483772
VIS_062,4,DLS Interaction Parameter kD (mL/g),DLS kD,10,10,8.4,11.183659,0.7280961099999991,-0.3145856834483782,1.0426817934483772
VIS_063,4,DLS Interaction Parameter kD (mL/g),DLS kD,10,11,12.6,12.081217,0.7280961099999991,-0.3145856834483782,1.0426817934483772
VIS_064,4,DLS Interaction Parameter kD (mL/g),DLS kD,10,12,30.1,16.804955,0.7280961099999991,-0.3145856834483782,1.0426817934483772
VIS_065,4,DLS Interaction Parameter kD (mL/g),DLS kD,10,13,25.6,19.7,0.7280961099999991,-0.3145856834483782,1.0426817934483772
VIS_066,4,DLS Interaction Parameter kD (mL/g),DLS kD,10,14,15.0,13.8,0.7280961099999991,-0.3145856834483782,1.0426817934483772
VIS_067,4,DLS Interaction Parameter kD (mL/g),DLS kD,10,15,9.9,12.108131,0.7280961099999991,-0.3145856834483782,1.0426817934483772
VIS_068,4,DLS Interaction Parameter kD (mL/g),DLS kD,10,16,42.1,31.715788,0.7280961099999991,-0.3145856834483782,1.0426817934483772
VIS_069,4,DLS Interaction Parameter kD (mL/g),DLS kD,10,17,16.8,11.604709,0.7280961099999991,-0.3145856834483782,1.0426817934483772
VIS_070,4,DLS Interaction Parameter kD (mL/g),DLS kD,10,18,13.8,15.580789,0.7280961099999991,-0.3145856834483782,1.0426817934483772
VIS_071,4,DLS Interaction Parameter kD (mL/g),DLS kD,10,19,13.9,31.8,0.7280961099999991,-0.3145856834483782,1.0426817934483772
VIS_072,4,DLS Interaction Parameter kD (mL/g),DLS kD,10,20,11.9,14.6,0.7280961099999991,-0.3145856834483782,1.0426817934483772
VIS_073,4,DLS Interaction Parameter kD (mL/g),DLS kD,10,21,11.4,15.020065,0.7280961099999991,-0.3145856834483782,1.0426817934483772
VIS_074,4,DLS Interaction Parameter kD (mL/g),DLS kD,10,22,15.2,46.158302,0.7280961099999991,-0.3145856834483782,1.0426817934483772
VIS_052,4,SE-UHPLC Main Peak Plates (EP),SE-UHPLC Plates,1,0,12.2,10.4,0.7280961099999991,0.304157416292803,0.423938693707196
VIS_053,4,SE-UHPLC Main Peak Plates (EP),SE-UHPLC Plates,1,1,10.8,12.373963,0.7280961099999991,0.304157416292803,0.423938693707196
VIS_054,4,SE-UHPLC Main Peak Plates (EP),SE-UHPLC Plates,1,2,10.4,14.8,0.7280961099999991,0.304157416292803,0.423938693707196
VIS_055,4,SE-UHPLC Main Peak Plates (EP),SE-UHPLC Plates,1,3,17.8,21.757719,0.7280961099999991,0.304157416292803,0.423938693707196
VIS_056,4,SE-UHPLC Main Peak Plates (EP),SE-UHPLC Plates,1,4,9.1,10.4,0.7280961099999991,0.304157416292803,0.423938693707196
VIS_057,4,SE-UHPLC Main Peak Plates (EP),SE-UHPLC Plates,1,5,40.0,19.7,0.7280961099999991,0.304157416292803,0.423938693707196
VIS_058,4,SE-UHPLC Main Peak Plates (EP),SE-UHPLC Plates,1,6,10.8,13.287856,0.7280961099999991,0.304157416292803,0.423938693707196
VIS_059,4,SE-UHPLC Main Peak Plates (EP),SE-UHPLC Plates,1,7,7.6,10.467493,0.7280961099999991,0.304157416292803,0.423938693707196
VIS_060,4,SE-UHPLC Main Peak Plates (EP),SE-UHPLC Plates,1,8,20.1,21.08416,0.7280961099999991,0.304157416292803,0.423938693707196
VIS_061,4,SE-UHPLC Main Peak Plates (EP),SE-UHPLC Plates,1,9,25.9,21.7,0.7280961099999991,0.304157416292803,0.423938693707196
VIS_062,4,SE-UHPLC Main Peak Plates (EP),SE-UHPLC Plates,1,10,8.4,12.009842,0.7280961099999991,0.304157416292803,0.423938693707196
VIS_063,4,SE-UHPLC Main Peak Plates (EP),SE-UHPLC Plates,1,11,12.6,10.419479,0.7280961099999991,0.304157416292803,0.423938693707196
VIS_064,4,SE-UHPLC Main Peak Plates (EP),SE-UHPLC Plates,1,12,30.1,27.601591,0.7280961099999991,0.304157416292803,0.423938693707196
VIS_065,4,SE-UHPLC Main Peak Plates (EP),SE-UHPLC Plates,1,13,25.6,15.3,0.7280961099999991,0.304157416292803,0.423938693707196
VIS_066,4,SE-UHPLC Main Peak Plates (EP),SE-UHPLC Plates,1,14,15.0,14.8,0.7280961099999991,0.304157416292803,0.423938693707196
VIS_067,4,SE-UHPLC Main Peak Plates (EP),SE-UHPLC Plates,1,15,9.9,13.8,0.7280961099999991,0.304157416292803,0.423938693707196
VIS_068,4,SE-UHPLC Main Peak Plates (EP),SE-UHPLC Plates,1,16,42.1,17.6,0.7280961099999991,0.304157416292803,0.423938693707196
VIS_069,4,SE-UHPLC Main Peak Plates (EP),SE-UHPLC Plates,1,17,16.8,22.7,0.7280961099999991,0.304157416292803,0.423938693707196
VIS_070,4,SE-UHPLC Main Peak Plates (EP),SE-UHPLC Plates,1,18,13.8,15.474674,0.7280961099999991,0.304157416292803,0.423938693707196
VIS_071,4,SE-UHPLC Main Peak Plates (EP),SE-UHPLC Plates,1,19,13.9,12.4,0.7280961099999991,0.304157416292803,0.423938693707196
VIS_072,4,SE-UHPLC Main Peak Plates (EP),SE-UHPLC Plates,1,20,11.9,12.381157,0.7280961099999991,0.304157416292803,0.423938693707196
VIS_073,4,SE-UHPLC Main Peak Plates (EP),SE-UHPLC Plates,1,21,11.4,22.7,0.7280961099999991,0.304157416292803,0.423938693707196
VIS_074,4,SE-UHPLC Main Peak Plates (EP),SE-UHPLC Plates,1,22,15.2,16.693499,0.7280961099999991,0.304157416292803,0.423938693707196
VIS_052,4,SE-UHPLC Main Peak Plates (EP),SE-UHPLC Plates,2,0,12.2,10.3,0.7280961099999991,0.3573686266397059,0.3707274833602931
VIS_053,4,SE-UHPLC Main Peak Plates (EP),SE-UHPLC Plates,2,1,10.8,17.6,0.7280961099999991,0.3573686266397059,0.3707274833602931
VIS_054,4,SE-UHPLC Main Peak Plates (EP),SE-UHPLC Plates,2,2,10.4,13.1,0.7280961099999991,0.3573686266397059,0.3707274833602931
VIS_055,4,SE-UHPLC Main Peak Plates (EP),SE-UHPLC Plates,2,3,17.8,17.20088,0.7280961099999991,0.3573686266397059,0.3707274833602931
VIS_056,4,SE-UHPLC Main Peak Plates (EP),SE-UHPLC Plates,2,4,9.1,10.4648695,0.7280961099999991,0.3573686266397059,0.3707274833602931
VIS_057,4,SE-UHPLC Main Peak Plates (EP),SE-UHPLC Plates,2,5,40.0,27.3,0.7280961099999991,0.3573686266397059,0.3707274833602931
VIS_058,4,SE-UHPLC Main Peak Plates (EP),SE-UHPLC Plates,2,6,10.8,10.580267,0.7280961099999991,0.3573686266397059,0.3707274833602931
VIS_059,4,SE-UHPLC Main Peak Plates (EP),SE-UHPLC Plates,2,7,7.6,10.4,0.7280961099999991,0.3573686266397059,0.3707274833602931
VIS_060,4,SE-UHPLC Main Peak Plates (EP),SE-UHPLC Plates,2,8,20.1,14.6,0.7280961099999991,0.3573686266397059,0.3707274833602931
VIS_061,4,SE-UHPLC Main Peak Plates (EP),SE-UHPLC Plates,2,9,25.9,20.195309,0.7280961099999991,0.3573686266397059,0.3707274833602931
VIS_062,4,SE-UHPLC Main Peak Plates (EP),SE-UHPLC Plates,2,10,8.4,14.449846,0.7280961099999991,0.3573686266397059,0.3707274833602931
VIS_063,4,SE-UHPLC Main Peak Plates (EP),SE-UHPLC Plates,2,11,12.6,14.652382,0.7280961099999991,0.3573686266397059,0.3707274833602931
VIS_064,4,SE-UHPLC Main Peak Plates (EP),SE-UHPLC Plates,2,12,30.1,48.8,0.7280961099999991,0.3573686266397059,0.3707274833602931
VIS_065,4,SE-UHPLC Main Peak Plates (EP),SE-UHPLC Plates,2,13,25.6,21.434418,0.7280961099999991,0.3573686266397059,0.3707274833602931
VIS_066,4,SE-UHPLC Main Peak Plates (EP),SE-UHPLC Plates,2,14,15.0,10.791963,0.7280961099999991,0.3573686266397059,0.3707274833602931
VIS_067,4,SE-UHPLC Main Peak Plates (EP),SE-UHPLC Plates,2,15,9.9,11.7,0.7280961099999991,0.3573686266397059,0.3707274833602931
VIS_068,4,SE-UHPLC Main Peak Plates (EP),SE-UHPLC Plates,2,16,42.1,19.412918,0.7280961099999991,0.3573686266397059,0.3707274833602931
VIS_069,4,SE-UHPLC Main Peak Plates (EP),SE-UHPLC Plates,2,17,16.8,22.7,0.7280961099999991,0.3573686266397059,0.3707274833602931
VIS_070,4,SE-UHPLC Main Peak Plates (EP),SE-UHPLC Plates,2,18,13.8,16.3,0.7280961099999991,0.3573686266397059,0.3707274833602931
VIS_071,4,SE-UHPLC Main Peak Plates (EP),SE-UHPLC Plates,2,19,13.9,12.878204,0.7280961099999991,0.3573686266397059,0.3707274833602931
VIS_072,4,SE-UHPLC Main Peak Plates (EP),SE-UHPLC Plates,2,20,11.9,11.825684,0.7280961099999991,0.3573686266397059,0.3707274833602931
VIS_073,4,SE-UHPLC Main Peak Plates (EP),SE-UHPLC Plates,2,21,11.4,15.028376,0.7280961099999991,0.3573686266397059,0.3707274833602931
VIS_074,4,SE-UHPLC Main Peak Plates (EP),SE-UHPLC Plates,2,22,15.2,17.6,0.7280961099999991,0.3573686266397059,0.3707274833602931
VIS_052,4,SE-UHPLC Main Peak Plates (EP),SE-UHPLC Plates,3,0,12.2,12.1761265,0.7280961099999991,0.3174830554949926,0.4106130545050064
VIS_053,4,SE-UHPLC Main Peak Plates (EP),SE-UHPLC Plates,3,1,10.8,11.0414,0.7280961099999991,0.3174830554949926,0.4106130545050064
VIS_054,4,SE-UHPLC Main Peak Plates (EP),SE-UHPLC Plates,3,2,10.4,13.940907,0.7280961099999991,0.3174830554949926,0.4106130545050064
VIS_055,4,SE-UHPLC Main Peak Plates (EP),SE-UHPLC Plates,3,3,17.8,22.657827,0.7280961099999991,0.3174830554949926,0.4106130545050064
VIS_056,4,SE-UHPLC Main Peak Plates (EP),SE-UHPLC Plates,3,4,9.1,10.4,0.7280961099999991,0.3174830554949926,0.4106130545050064
VIS_057,4,SE-UHPLC Main Peak Plates (EP),SE-UHPLC Plates,3,5,40.0,19.135286,0.7280961099999991,0.3174830554949926,0.4106130545050064
VIS_058,4,SE-UHPLC Main Peak Plates (EP),SE-UHPLC Plates,3,6,10.8,10.6,0.7280961099999991,0.3174830554949926,0.4106130545050064
VIS_059,4,SE-UHPLC Main Peak Plates (EP),SE-UHPLC Plates,3,7,7.6,10.4,0.7280961099999991,0.3174830554949926,0.4106130545050064
VIS_060,4,SE-UHPLC Main Peak Plates (EP),SE-UHPLC Plates,3,8,20.1,14.790917,0.7280961099999991,0.3174830554949926,0.4106130545050064
VIS_061,4,SE-UHPLC Main Peak Plates (EP),SE-UHPLC Plates,3,9,25.9,18.69114,0.7280961099999991,0.3174830554949926,0.4106130545050064
VIS_062,4,SE-UHPLC Main Peak Plates (EP),SE-UHPLC Plates,3,10,8.4,12.4,0.7280961099999991,0.3174830554949926,0.4106130545050064
VIS_063,4,SE-UHPLC Main Peak Plates (EP),SE-UHPLC Plates,3,11,12.6,10.3,0.7280961099999991,0.3174830554949926,0.4106130545050064
VIS_064,4,SE-UHPLC Main Peak Plates (EP),SE-UHPLC Plates,3,12,30.1,48.8,0.7280961099999991,0.3174830554949926,0.4106130545050064
VIS_065,4,SE-UHPLC Main Peak Plates (EP),SE-UHPLC Plates,3,13,25.6,25.145033,0.7280961099999991,0.3174830554949926,0.4106130545050064
VIS_066,4,SE-UHPLC Main Peak Plates (EP),SE-UHPLC Plates,3,14,15.0,17.259108,0.7280961099999991,0.3174830554949926,0.4106130545050064
VIS_067,4,SE-UHPLC Main Peak Plates (EP),SE-UHPLC Plates,3,15,9.9,13.936342,0.7280961099999991,0.3174830554949926,0.4106130545050064
VIS_068,4,SE-UHPLC Main Peak Plates (EP),SE-UHPLC Plates,3,16,42.1,22.7,0.7280961099999991,0.3174830554949926,0.4106130545050064
VIS_069,4,SE-UHPLC Main Peak Plates (EP),SE-UHPLC Plates,3,17,16.8,19.647718,0.7280961099999991,0.3174830554949926,0.4106130545050064
VIS_070,4,SE-UHPLC Main Peak Plates (EP),SE-UHPLC Plates,3,18,13.8,15.463451,0.7280961099999991,0.3174830554949926,0.4106130545050064
VIS_071,4,SE-UHPLC Main Peak Plates (EP),SE-UHPLC Plates,3,19,13.9,12.323361,0.7280961099999991,0.3174830554949926,0.4106130545050064
VIS_072,4,SE-UHPLC Main Peak Plates (EP),SE-UHPLC Plates,3,20,11.9,11.919099,0.7280961099999991,0.3174830554949926,0.4106130545050064
VIS_073,4,SE-UHPLC Main Peak Plates (EP),SE-UHPLC Plates,3,21,11.4,16.594553,0.7280961099999991,0.3174830554949926,0.4106130545050064
VIS_074,4,SE-UHPLC Main Peak Plates (EP),SE-UHPLC Plates,3,22,15.2,17.6,0.7280961099999991,0.3174830554949926,0.4106130545050064
VIS_052,4,SE-UHPLC Main Peak Plates (EP),SE-UHPLC Plates,4,0,12.2,10.6,0.7280961099999991,0.3312344059629756,0.3968617040370235
VIS_053,4,SE-UHPLC Main Peak Plates (EP),SE-UHPLC Plates,4,1,10.8,14.912849,0.7280961099999991,0.3312344059629756,0.3968617040370235
VIS_054,4,SE-UHPLC Main Peak Plates (EP),SE-UHPLC Plates,4,2,10.4,14.6,0.7280961099999991,0.3312344059629756,0.3968617040370235
VIS_055,4,SE-UHPLC Main Peak Plates (EP),SE-UHPLC Plates,4,3,17.8,22.7,0.7280961099999991,0.3312344059629756,0.3968617040370235
VIS_056,4,SE-UHPLC Main Peak Plates (EP),SE-UHPLC Plates,4,4,9.1,10.4,0.7280961099999991,0.3312344059629756,0.3968617040370235
VIS_057,4,SE-UHPLC Main Peak Plates (EP),SE-UHPLC Plates,4,5,40.0,17.53029,0.7280961099999991,0.3312344059629756,0.3968617040370235
VIS_058,4,SE-UHPLC Main Peak Plates (EP),SE-UHPLC Plates,4,6,10.8,10.6,0.7280961099999991,0.3312344059629756,0.3968617040370235
VIS_059,4,SE-UHPLC Main Peak Plates (EP),SE-UHPLC Plates,4,7,7.6,10.4,0.7280961099999991,0.3312344059629756,0.3968617040370235
VIS_060,4,SE-UHPLC Main Peak Plates (EP),SE-UHPLC Plates,4,8,20.1,13.554344,0.7280961099999991,0.3312344059629756,0.3968617040370235
VIS_061,4,SE-UHPLC Main Peak Plates (EP),SE-UHPLC Plates,4,9,25.9,16.39697,0.7280961099999991,0.3312344059629756,0.3968617040370235
VIS_062,4,SE-UHPLC Main Peak Plates (EP),SE-UHPLC Plates,4,10,8.4,12.4,0.7280961099999991,0.3312344059629756,0.3968617040370235
VIS_063,4,SE-UHPLC Main Peak Plates (EP),SE-UHPLC Plates,4,11,12.6,14.6,0.7280961099999991,0.3312344059629756,0.3968617040370235
VIS_064,4,SE-UHPLC Main Peak Plates (EP),SE-UHPLC Plates,4,12,30.1,48.8,0.7280961099999991,0.3312344059629756,0.3968617040370235
VIS_065,4,SE-UHPLC Main Peak Plates (EP),SE-UHPLC Plates,4,13,25.6,16.36222,0.7280961099999991,0.3312344059629756,0.3968617040370235
VIS_066,4,SE-UHPLC Main Peak Plates (EP),SE-UHPLC Plates,4,14,15.0,10.9,0.7280961099999991,0.3312344059629756,0.3968617040370235
VIS_067,4,SE-UHPLC Main Peak Plates (EP),SE-UHPLC Plates,4,15,9.9,10.33816,0.7280961099999991,0.3312344059629756,0.3968617040370235
VIS_068,4,SE-UHPLC Main Peak Plates (EP),SE-UHPLC Plates,4,16,42.1,48.76932,0.7280961099999991,0.3312344059629756,0.3968617040370235
VIS_069,4,SE-UHPLC Main Peak Plates (EP),SE-UHPLC Plates,4,17,16.8,18.823019,0.7280961099999991,0.3312344059629756,0.3968617040370235
VIS_070,4,SE-UHPLC Main Peak Plates (EP),SE-UHPLC Plates,4,18,13.8,15.3,0.7280961099999991,0.3312344059629756,0.3968617040370235
VIS_071,4,SE-UHPLC Main Peak Plates (EP),SE-UHPLC Plates,4,19,13.9,14.951213,0.7280961099999991,0.3312344059629756,0.3968617040370235
VIS_072,4,SE-UHPLC Main Peak Plates (EP),SE-UHPLC Plates,4,20,11.9,12.047366,0.7280961099999991,0.3312344059629756,0.3968617040370235
VIS_073,4,SE-UHPLC Main Peak Plates (EP),SE-UHPLC Plates,4,21,11.4,19.979641,0.7280961099999991,0.3312344059629756,0.3968617040370235
VIS_074,4,SE-UHPLC Main Peak Plates (EP),SE-UHPLC Plates,4,22,15.2,21.7,0.7280961099999991,0.3312344059629756,0.3968617040370235
VIS_052,4,SE-UHPLC Main Peak Plates (EP),SE-UHPLC Plates,5,0,12.2,10.3,0.7280961099999991,0.32680023445994,0.4012958755400591
VIS_053,4,SE-UHPLC Main Peak Plates (EP),SE-UHPLC Plates,5,1,10.8,17.9183,0.7280961099999991,0.32680023445994,0.4012958755400591
VIS_054,4,SE-UHPLC Main Peak Plates (EP),SE-UHPLC Plates,5,2,10.4,15.0,0.7280961099999991,0.32680023445994,0.4012958755400591
VIS_055,4,SE-UHPLC Main Peak Plates (EP),SE-UHPLC Plates,5,3,17.8,19.7,0.7280961099999991,0.32680023445994,0.4012958755400591
VIS_056,4,SE-UHPLC Main Peak Plates (EP),SE-UHPLC Plates,5,4,9.1,10.4,0.7280961099999991,0.32680023445994,0.4012958755400591
VIS_057,4,SE-UHPLC Main Peak Plates (EP),SE-UHPLC Plates,5,5,40.0,18.258352,0.7280961099999991,0.32680023445994,0.4012958755400591
VIS_058,4,SE-UHPLC Main Peak Plates (EP),SE-UHPLC Plates,5,6,10.8,12.890307,0.7280961099999991,0.32680023445994,0.4012958755400591
VIS_059,4,SE-UHPLC Main Peak Plates (EP),SE-UHPLC Plates,5,7,7.6,11.342026,0.7280961099999991,0.32680023445994,0.4012958755400591
VIS_060,4,SE-UHPLC Main Peak Plates (EP),SE-UHPLC Plates,5,8,20.1,14.6,0.7280961099999991,0.32680023445994,0.4012958755400591
VIS_061,4,SE-UHPLC Main Peak Plates (EP),SE-UHPLC Plates,5,9,25.9,23.08342,0.7280961099999991,0.32680023445994,0.4012958755400591
VIS_062,4,SE-UHPLC Main Peak Plates (EP),SE-UHPLC Plates,5,10,8.4,12.009842,0.7280961099999991,0.32680023445994,0.4012958755400591
VIS_063,4,SE-UHPLC Main Peak Plates (EP),SE-UHPLC Plates,5,11,12.6,10.4,0.7280961099999991,0.32680023445994,0.4012958755400591
VIS_064,4,SE-UHPLC Main Peak Plates (EP),SE-UHPLC Plates,5,12,30.1,48.8,0.7280961099999991,0.32680023445994,0.4012958755400591
VIS_065,4,SE-UHPLC Main Peak Plates (EP),SE-UHPLC Plates,5,13,25.6,21.434418,0.7280961099999991,0.32680023445994,0.4012958755400591
VIS_066,4,SE-UHPLC Main Peak Plates (EP),SE-UHPLC Plates,5,14,15.0,10.6,0.7280961099999991,0.32680023445994,0.4012958755400591
VIS_067,4,SE-UHPLC Main Peak Plates (EP),SE-UHPLC Plates,5,15,9.9,10.33816,0.7280961099999991,0.32680023445994,0.4012958755400591
VIS_068,4,SE-UHPLC Main Peak Plates (EP),SE-UHPLC Plates,5,16,42.1,25.561684,0.7280961099999991,0.32680023445994,0.4012958755400591
VIS_069,4,SE-UHPLC Main Peak Plates (EP),SE-UHPLC Plates,5,17,16.8,15.3,0.7280961099999991,0.32680023445994,0.4012958755400591
VIS_070,4,SE-UHPLC Main Peak Plates (EP),SE-UHPLC Plates,5,18,13.8,16.104128,0.7280961099999991,0.32680023445994,0.4012958755400591
VIS_071,4,SE-UHPLC Main Peak Plates (EP),SE-UHPLC Plates,5,19,13.9,19.494837,0.7280961099999991,0.32680023445994,0.4012958755400591
VIS_072,4,SE-UHPLC Main Peak Plates (EP),SE-UHPLC Plates,5,20,11.9,11.7,0.7280961099999991,0.32680023445994,0.4012958755400591
VIS_073,4,SE-UHPLC Main Peak Plates (EP),SE-UHPLC Plates,5,21,11.4,14.972797,0.7280961099999991,0.32680023445994,0.4012958755400591
VIS_074,4,SE-UHPLC Main Peak Plates (EP),SE-UHPLC Plates,5,22,15.2,19.427814,0.7280961099999991,0.32680023445994,0.4012958755400591
VIS_052,4,SE-UHPLC Main Peak Plates (EP),SE-UHPLC Plates,6,0,12.2,12.087762,0.7280961099999991,0.4168240371430123,0.3112720728569867
VIS_053,4,SE-UHPLC Main Peak Plates (EP),SE-UHPLC Plates,6,1,10.8,11.89803,0.7280961099999991,0.4168240371430123,0.3112720728569867
VIS_054,4,SE-UHPLC Main Peak Plates (EP),SE-UHPLC Plates,6,2,10.4,17.07291,0.7280961099999991,0.4168240371430123,0.3112720728569867
VIS_055,4,SE-UHPLC Main Peak Plates (EP),SE-UHPLC Plates,6,3,17.8,16.897705,0.7280961099999991,0.4168240371430123,0.3112720728569867
VIS_056,4,SE-UHPLC Main Peak Plates (EP),SE-UHPLC Plates,6,4,9.1,10.497365,0.7280961099999991,0.4168240371430123,0.3112720728569867
VIS_057,4,SE-UHPLC Main Peak Plates (EP),SE-UHPLC Plates,6,5,40.0,22.7,0.7280961099999991,0.4168240371430123,0.3112720728569867
VIS_058,4,SE-UHPLC Main Peak Plates (EP),SE-UHPLC Plates,6,6,10.8,10.6,0.7280961099999991,0.4168240371430123,0.3112720728569867
VIS_059,4,SE-UHPLC Main Peak Plates (EP),SE-UHPLC Plates,6,7,7.6,11.342026,0.7280961099999991,0.4168240371430123,0.3112720728569867
VIS_060,4,SE-UHPLC Main Peak Plates (EP),SE-UHPLC Plates,6,8,20.1,14.6,0.7280961099999991,0.4168240371430123,0.3112720728569867
VIS_061,4,SE-UHPLC Main Peak Plates (EP),SE-UHPLC Plates,6,9,25.9,27.3,0.7280961099999991,0.4168240371430123,0.3112720728569867
VIS_062,4,SE-UHPLC Main Peak Plates (EP),SE-UHPLC Plates,6,10,8.4,11.183659,0.7280961099999991,0.4168240371430123,0.3112720728569867
VIS_063,4,SE-UHPLC Main Peak Plates (EP),SE-UHPLC Plates,6,11,12.6,10.3,0.7280961099999991,0.4168240371430123,0.3112720728569867
VIS_064,4,SE-UHPLC Main Peak Plates (EP),SE-UHPLC Plates,6,12,30.1,30.56451,0.7280961099999991,0.4168240371430123,0.3112720728569867
VIS_065,4,SE-UHPLC Main Peak Plates (EP),SE-UHPLC Plates,6,13,25.6,16.532444,0.7280961099999991,0.4168240371430123,0.3112720728569867
VIS_066,4,SE-UHPLC Main Peak Plates (EP),SE-UHPLC Plates,6,14,15.0,11.761704,0.7280961099999991,0.4168240371430123,0.3112720728569867
VIS_067,4,SE-UHPLC Main Peak Plates (EP),SE-UHPLC Plates,6,15,9.9,10.33816,0.7280961099999991,0.4168240371430123,0.3112720728569867
VIS_068,4,SE-UHPLC Main Peak Plates (EP),SE-UHPLC Plates,6,16,42.1,20.728783,0.7280961099999991,0.4168240371430123,0.3112720728569867
VIS_069,4,SE-UHPLC Main Peak Plates (EP),SE-UHPLC Plates,6,17,16.8,14.8,0.7280961099999991,0.4168240371430123,0.3112720728569867
VIS_070,4,SE-UHPLC Main Peak Plates (EP),SE-UHPLC Plates,6,18,13.8,16.3,0.7280961099999991,0.4168240371430123,0.3112720728569867
VIS_071,4,SE-UHPLC Main Peak Plates (EP),SE-UHPLC Plates,6,19,13.9,16.376228,0.7280961099999991,0.4168240371430123,0.3112720728569867
VIS_072,4,SE-UHPLC Main Peak Plates (EP),SE-UHPLC Plates,6,20,11.9,19.728266,0.7280961099999991,0.4168240371430123,0.3112720728569867
VIS_073,4,SE-UHPLC Main Peak Plates (EP),SE-UHPLC Plates,6,21,11.4,21.096626,0.7280961099999991,0.4168240371430123,0.3112720728569867
VIS_074,4,SE-UHPLC Main Peak Plates (EP),SE-UHPLC Plates,6,22,15.2,22.08156,0.7280961099999991,0.4168240371430123,0.3112720728569867
VIS_052,4,SE-UHPLC Main Peak Plates (EP),SE-UHPLC Plates,7,0,12.2,10.3,0.7280961099999991,0.0820109413402989,0.6460851686597001
VIS_053,4,SE-UHPLC Main Peak Plates (EP),SE-UHPLC Plates,7,1,10.8,10.9,0.7280961099999991,0.0820109413402989,0.6460851686597001
VIS_054,4,SE-UHPLC Main Peak Plates (EP),SE-UHPLC Plates,7,2,10.4,15.3,0.7280961099999991,0.0820109413402989,0.6460851686597001
VIS_055,4,SE-UHPLC Main Peak Plates (EP),SE-UHPLC Plates,7,3,17.8,17.098658,0.7280961099999991,0.0820109413402989,0.6460851686597001
VIS_056,4,SE-UHPLC Main Peak Plates (EP),SE-UHPLC Plates,7,4,9.1,10.4,0.7280961099999991,0.0820109413402989,0.6460851686597001
VIS_057,4,SE-UHPLC Main Peak Plates (EP),SE-UHPLC Plates,7,5,40.0,27.3,0.7280961099999991,0.0820109413402989,0.6460851686597001
VIS_058,4,SE-UHPLC Main Peak Plates (EP),SE-UHPLC Plates,7,6,10.8,12.890307,0.7280961099999991,0.0820109413402989,0.6460851686597001
VIS_059,4,SE-UHPLC Main Peak Plates (EP),SE-UHPLC Plates,7,7,7.6,13.197063,0.7280961099999991,0.0820109413402989,0.6460851686597001
VIS_060,4,SE-UHPLC Main Peak Plates (EP),SE-UHPLC Plates,7,8,20.1,21.08416,0.7280961099999991,0.0820109413402989,0.6460851686597001
VIS_061,4,SE-UHPLC Main Peak Plates (EP),SE-UHPLC Plates,7,9,25.9,16.959936,0.7280961099999991,0.0820109413402989,0.6460851686597001
VIS_062,4,SE-UHPLC Main Peak Plates (EP),SE-UHPLC Plates,7,10,8.4,14.95087,0.7280961099999991,0.0820109413402989,0.6460851686597001
VIS_063,4,SE-UHPLC Main Peak Plates (EP),SE-UHPLC Plates,7,11,12.6,10.6,0.7280961099999991,0.0820109413402989,0.6460851686597001
VIS_064,4,SE-UHPLC Main Peak Plates (EP),SE-UHPLC Plates,7,12,30.1,31.8,0.7280961099999991,0.0820109413402989,0.6460851686597001
VIS_065,4,SE-UHPLC Main Peak Plates (EP),SE-UHPLC Plates,7,13,25.6,16.532444,0.7280961099999991,0.0820109413402989,0.6460851686597001
VIS_066,4,SE-UHPLC Main Peak Plates (EP),SE-UHPLC Plates,7,14,15.0,12.028284,0.7280961099999991,0.0820109413402989,0.6460851686597001
VIS_067,4,SE-UHPLC Main Peak Plates (EP),SE-UHPLC Plates,7,15,9.9,10.4,0.7280961099999991,0.0820109413402989,0.6460851686597001
VIS_068,4,SE-UHPLC Main Peak Plates (EP),SE-UHPLC Plates,7,16,42.1,19.917814,0.7280961099999991,0.0820109413402989,0.6460851686597001
VIS_069,4,SE-UHPLC Main Peak Plates (EP),SE-UHPLC Plates,7,17,16.8,17.542923,0.7280961099999991,0.0820109413402989,0.6460851686597001
VIS_070,4,SE-UHPLC Main Peak Plates (EP),SE-UHPLC Plates,7,18,13.8,16.6,0.7280961099999991,0.0820109413402989,0.6460851686597001
VIS_071,4,SE-UHPLC Main Peak Plates (EP),SE-UHPLC Plates,7,19,13.9,12.4,0.7280961099999991,0.0820109413402989,0.6460851686597001
VIS_072,4,SE-UHPLC Main Peak Plates (EP),SE-UHPLC Plates,7,20,11.9,11.7,0.7280961099999991,0.0820109413402989,0.6460851686597001
VIS_073,4,SE-UHPLC Main Peak Plates (EP),SE-UHPLC Plates,7,21,11.4,14.801226,0.7280961099999991,0.0820109413402989,0.6460851686597001
VIS_074,4,SE-UHPLC Main Peak Plates (EP),SE-UHPLC Plates,7,22,15.2,45.0,0.7280961099999991,0.0820109413402989,0.6460851686597001
VIS_052,4,SE-UHPLC Main Peak Plates (EP),SE-UHPLC Plates,8,0,12.2,12.415144,0.7280961099999991,0.3670623390826418,0.3610337709173572
VIS_053,4,SE-UHPLC Main Peak Plates (EP),SE-UHPLC Plates,8,1,10.8,12.04376,0.7280961099999991,0.3670623390826418,0.3610337709173572
VIS_054,4,SE-UHPLC Main Peak Plates (EP),SE-UHPLC Plates,8,2,10.4,13.779317,0.7280961099999991,0.3670623390826418,0.3610337709173572
VIS_055,4,SE-UHPLC Main Peak Plates (EP),SE-UHPLC Plates,8,3,17.8,31.984642,0.7280961099999991,0.3670623390826418,0.3610337709173572
VIS_056,4,SE-UHPLC Main Peak Plates (EP),SE-UHPLC Plates,8,4,9.1,10.4,0.7280961099999991,0.3670623390826418,0.3610337709173572
VIS_057,4,SE-UHPLC Main Peak Plates (EP),SE-UHPLC Plates,8,5,40.0,38.630478,0.7280961099999991,0.3670623390826418,0.3610337709173572
VIS_058,4,SE-UHPLC Main Peak Plates (EP),SE-UHPLC Plates,8,6,10.8,10.501331,0.7280961099999991,0.3670623390826418,0.3610337709173572
VIS_059,4,SE-UHPLC Main Peak Plates (EP),SE-UHPLC Plates,8,7,7.6,10.4,0.7280961099999991,0.3670623390826418,0.3610337709173572
VIS_060,4,SE-UHPLC Main Peak Plates (EP),SE-UHPLC Plates,8,8,20.1,14.790917,0.7280961099999991,0.3670623390826418,0.3610337709173572
VIS_061,4,SE-UHPLC Main Peak Plates (EP),SE-UHPLC Plates,8,9,25.9,16.775993,0.7280961099999991,0.3670623390826418,0.3610337709173572
VIS_062,4,SE-UHPLC Main Peak Plates (EP),SE-UHPLC Plates,8,10,8.4,12.4,0.7280961099999991,0.3670623390826418,0.3610337709173572
VIS_063,4,SE-UHPLC Main Peak Plates (EP),SE-UHPLC Plates,8,11,12.6,10.6,0.7280961099999991,0.3670623390826418,0.3610337709173572
VIS_064,4,SE-UHPLC Main Peak Plates (EP),SE-UHPLC Plates,8,12,30.1,48.8,0.7280961099999991,0.3670623390826418,0.3610337709173572
VIS_065,4,SE-UHPLC Main Peak Plates (EP),SE-UHPLC Plates,8,13,25.6,31.8,0.7280961099999991,0.3670623390826418,0.3610337709173572
VIS_066,4,SE-UHPLC Main Peak Plates (EP),SE-UHPLC Plates,8,14,15.0,14.862448,0.7280961099999991,0.3670623390826418,0.3610337709173572
VIS_067,4,SE-UHPLC Main Peak Plates (EP),SE-UHPLC Plates,8,15,9.9,11.448636,0.7280961099999991,0.3670623390826418,0.3610337709173572
VIS_068,4,SE-UHPLC Main Peak Plates (EP),SE-UHPLC Plates,8,16,42.1,20.728783,0.7280961099999991,0.3670623390826418,0.3610337709173572
VIS_069,4,SE-UHPLC Main Peak Plates (EP),SE-UHPLC Plates,8,17,16.8,14.883969,0.7280961099999991,0.3670623390826418,0.3610337709173572
VIS_070,4,SE-UHPLC Main Peak Plates (EP),SE-UHPLC Plates,8,18,13.8,15.474674,0.7280961099999991,0.3670623390826418,0.3610337709173572
VIS_071,4,SE-UHPLC Main Peak Plates (EP),SE-UHPLC Plates,8,19,13.9,12.108486,0.7280961099999991,0.3670623390826418,0.3610337709173572
VIS_072,4,SE-UHPLC Main Peak Plates (EP),SE-UHPLC Plates,8,20,11.9,14.8,0.7280961099999991,0.3670623390826418,0.3610337709173572
VIS_073,4,SE-UHPLC Main Peak Plates (EP),SE-UHPLC Plates,8,21,11.4,14.8,0.7280961099999991,0.3670623390826418,0.3610337709173572
VIS_074,4,SE-UHPLC Main Peak Plates (EP),SE-UHPLC Plates,8,22,15.2,21.7,0.7280961099999991,0.3670623390826418,0.3610337709173572
VIS_052,4,SE-UHPLC Main Peak Plates (EP),SE-UHPLC Plates,9,0,12.2,14.6,0.7280961099999991,-0.1877572718105362,0.9158533818105352
VIS_053,4,SE-UHPLC Main Peak Plates (EP),SE-UHPLC Plates,9,1,10.8,12.472901,0.7280961099999991,-0.1877572718105362,0.9158533818105352
VIS_054,4,SE-UHPLC Main Peak Plates (EP),SE-UHPLC Plates,9,2,10.4,14.8,0.7280961099999991,-0.1877572718105362,0.9158533818105352
VIS_055,4,SE-UHPLC Main Peak Plates (EP),SE-UHPLC Plates,9,3,17.8,17.1837,0.7280961099999991,-0.1877572718105362,0.9158533818105352
VIS_056,4,SE-UHPLC Main Peak Plates (EP),SE-UHPLC Plates,9,4,9.1,10.413388,0.7280961099999991,-0.1877572718105362,0.9158533818105352
VIS_057,4,SE-UHPLC Main Peak Plates (EP),SE-UHPLC Plates,9,5,40.0,22.7,0.7280961099999991,-0.1877572718105362,0.9158533818105352
VIS_058,4,SE-UHPLC Main Peak Plates (EP),SE-UHPLC Plates,9,6,10.8,10.6,0.7280961099999991,-0.1877572718105362,0.9158533818105352
VIS_059,4,SE-UHPLC Main Peak Plates (EP),SE-UHPLC Plates,9,7,7.6,10.4,0.7280961099999991,-0.1877572718105362,0.9158533818105352
VIS_060,4,SE-UHPLC Main Peak Plates (EP),SE-UHPLC Plates,9,8,20.1,20.324038,0.7280961099999991,-0.1877572718105362,0.9158533818105352
VIS_061,4,SE-UHPLC Main Peak Plates (EP),SE-UHPLC Plates,9,9,25.9,15.841527,0.7280961099999991,-0.1877572718105362,0.9158533818105352
VIS_062,4,SE-UHPLC Main Peak Plates (EP),SE-UHPLC Plates,9,10,8.4,11.183659,0.7280961099999991,-0.1877572718105362,0.9158533818105352
VIS_063,4,SE-UHPLC Main Peak Plates (EP),SE-UHPLC Plates,9,11,12.6,10.6,0.7280961099999991,-0.1877572718105362,0.9158533818105352
VIS_064,4,SE-UHPLC Main Peak Plates (EP),SE-UHPLC Plates,9,12,30.1,48.73445,0.7280961099999991,-0.1877572718105362,0.9158533818105352
VIS_065,4,SE-UHPLC Main Peak Plates (EP),SE-UHPLC Plates,9,13,25.6,16.532444,0.7280961099999991,-0.1877572718105362,0.9158533818105352
VIS_066,4,SE-UHPLC Main Peak Plates (EP),SE-UHPLC Plates,9,14,15.0,10.9,0.7280961099999991,-0.1877572718105362,0.9158533818105352
VIS_067,4,SE-UHPLC Main Peak Plates (EP),SE-UHPLC Plates,9,15,9.9,11.7,0.7280961099999991,-0.1877572718105362,0.9158533818105352
VIS_068,4,SE-UHPLC Main Peak Plates (EP),SE-UHPLC Plates,9,16,42.1,19.500687,0.7280961099999991,-0.1877572718105362,0.9158533818105352
VIS_069,4,SE-UHPLC Main Peak Plates (EP),SE-UHPLC Plates,9,17,16.8,14.802254,0.7280961099999991,-0.1877572718105362,0.9158533818105352
VIS_070,4,SE-UHPLC Main Peak Plates (EP),SE-UHPLC Plates,9,18,13.8,21.7,0.7280961099999991,-0.1877572718105362,0.9158533818105352
VIS_071,4,SE-UHPLC Main Peak Plates (EP),SE-UHPLC Plates,9,19,13.9,12.074958,0.7280961099999991,-0.1877572718105362,0.9158533818105352
VIS_072,4,SE-UHPLC Main Peak Plates (EP),SE-UHPLC Plates,9,20,11.9,15.612629,0.7280961099999991,-0.1877572718105362,0.9158533818105352
VIS_073,4,SE-UHPLC Main Peak Plates (EP),SE-UHPLC Plates,9,21,11.4,15.028376,0.7280961099999991,-0.1877572718105362,0.9158533818105352
VIS_074,4,SE-UHPLC Main Peak Plates (EP),SE-UHPLC Plates,9,22,15.2,45.0,0.7280961099999991,-0.1877572718105362,0.9158533818105352
VIS_052,4,SE-UHPLC Main Peak Plates (EP),SE-UHPLC Plates,10,0,12.2,10.577472,0.7280961099999991,0.1482460436331433,0.5798500663668558
VIS_053,4,SE-UHPLC Main Peak Plates (EP),SE-UHPLC Plates,10,1,10.8,15.3,0.7280961099999991,0.1482460436331433,0.5798500663668558
VIS_054,4,SE-UHPLC Main Peak Plates (EP),SE-UHPLC Plates,10,2,10.4,17.525698,0.7280961099999991,0.1482460436331433,0.5798500663668558
VIS_055,4,SE-UHPLC Main Peak Plates (EP),SE-UHPLC Plates,10,3,17.8,17.1837,0.7280961099999991,0.1482460436331433,0.5798500663668558
VIS_056,4,SE-UHPLC Main Peak Plates (EP),SE-UHPLC Plates,10,4,9.1,10.4,0.7280961099999991,0.1482460436331433,0.5798500663668558
VIS_057,4,SE-UHPLC Main Peak Plates (EP),SE-UHPLC Plates,10,5,40.0,19.7,0.7280961099999991,0.1482460436331433,0.5798500663668558
VIS_058,4,SE-UHPLC Main Peak Plates (EP),SE-UHPLC Plates,10,6,10.8,16.80387,0.7280961099999991,0.1482460436331433,0.5798500663668558
VIS_059,4,SE-UHPLC Main Peak Plates (EP),SE-UHPLC Plates,10,7,7.6,10.4,0.7280961099999991,0.1482460436331433,0.5798500663668558
VIS_060,4,SE-UHPLC Main Peak Plates (EP),SE-UHPLC Plates,10,8,20.1,13.084432,0.7280961099999991,0.1482460436331433,0.5798500663668558
VIS_061,4,SE-UHPLC Main Peak Plates (EP),SE-UHPLC Plates,10,9,25.9,16.775993,0.7280961099999991,0.1482460436331433,0.5798500663668558
VIS_062,4,SE-UHPLC Main Peak Plates (EP),SE-UHPLC Plates,10,10,8.4,11.183659,0.7280961099999991,0.1482460436331433,0.5798500663668558
VIS_063,4,SE-UHPLC Main Peak Plates (EP),SE-UHPLC Plates,10,11,12.6,10.3,0.7280961099999991,0.1482460436331433,0.5798500663668558
VIS_064,4,SE-UHPLC Main Peak Plates (EP),SE-UHPLC Plates,10,12,30.1,48.8,0.7280961099999991,0.1482460436331433,0.5798500663668558
VIS_065,4,SE-UHPLC Main Peak Plates (EP),SE-UHPLC Plates,10,13,25.6,19.7,0.7280961099999991,0.1482460436331433,0.5798500663668558
VIS_066,4,SE-UHPLC Main Peak Plates (EP),SE-UHPLC Plates,10,14,15.0,14.6,0.7280961099999991,0.1482460436331433,0.5798500663668558
VIS_067,4,SE-UHPLC Main Peak Plates (EP),SE-UHPLC Plates,10,15,9.9,10.42906,0.7280961099999991,0.1482460436331433,0.5798500663668558
VIS_068,4,SE-UHPLC Main Peak Plates (EP),SE-UHPLC Plates,10,16,42.1,19.237074,0.7280961099999991,0.1482460436331433,0.5798500663668558
VIS_069,4,SE-UHPLC Main Peak Plates (EP),SE-UHPLC Plates,10,17,16.8,18.823019,0.7280961099999991,0.1482460436331433,0.5798500663668558
VIS_070,4,SE-UHPLC Main Peak Plates (EP),SE-UHPLC Plates,10,18,13.8,16.104128,0.7280961099999991,0.1482460436331433,0.5798500663668558
VIS_071,4,SE-UHPLC Main Peak Plates (EP),SE-UHPLC Plates,10,19,13.9,12.870931,0.7280961099999991,0.1482460436331433,0.5798500663668558
VIS_072,4,SE-UHPLC Main Peak Plates (EP),SE-UHPLC Plates,10,20,11.9,14.8,0.7280961099999991,0.1482460436331433,0.5798500663668558
VIS_073,4,SE-UHPLC Main Peak Plates (EP),SE-UHPLC Plates,10,21,11.4,21.2,0.7280961099999991,0.1482460436331433,0.5798500663668558
VIS_074,4,SE-UHPLC Main Peak Plates (EP),SE-UHPLC Plates,10,22,15.2,19.419033,0.7280961099999991,0.1482460436331433,0.5798500663668558
VIS_052,4,AC-SINS λmax (nm),AC-SINS Δλmax,1,0,12.2,12.4,0.7280961099999991,0.4692496840391311,0.2588464259608679
VIS_053,4,AC-SINS λmax (nm),AC-SINS Δλmax,1,1,10.8,10.599779,0.7280961099999991,0.4692496840391311,0.2588464259608679
VIS_054,4,AC-SINS λmax (nm),AC-SINS Δλmax,1,2,10.4,12.894212,0.7280961099999991,0.4692496840391311,0.2588464259608679
VIS_055,4,AC-SINS λmax (nm),AC-SINS Δλmax,1,3,17.8,31.8,0.7280961099999991,0.4692496840391311,0.2588464259608679
VIS_056,4,AC-SINS λmax (nm),AC-SINS Δλmax,1,4,9.1,10.4,0.7280961099999991,0.4692496840391311,0.2588464259608679
VIS_057,4,AC-SINS λmax (nm),AC-SINS Δλmax,1,5,40.0,45.9,0.7280961099999991,0.4692496840391311,0.2588464259608679
VIS_058,4,AC-SINS λmax (nm),AC-SINS Δλmax,1,6,10.8,10.17648,0.7280961099999991,0.4692496840391311,0.2588464259608679
VIS_059,4,AC-SINS λmax (nm),AC-SINS Δλmax,1,7,7.6,13.8,0.7280961099999991,0.4692496840391311,0.2588464259608679
VIS_060,4,AC-SINS λmax (nm),AC-SINS Δλmax,1,8,20.1,21.08416,0.7280961099999991,0.4692496840391311,0.2588464259608679
VIS_061,4,AC-SINS λmax (nm),AC-SINS Δλmax,1,9,25.9,27.52232,0.7280961099999991,0.4692496840391311,0.2588464259608679
VIS_062,4,AC-SINS λmax (nm),AC-SINS Δλmax,1,10,8.4,11.7,0.7280961099999991,0.4692496840391311,0.2588464259608679
VIS_063,4,AC-SINS λmax (nm),AC-SINS Δλmax,1,11,12.6,16.3,0.7280961099999991,0.4692496840391311,0.2588464259608679
VIS_064,4,AC-SINS λmax (nm),AC-SINS Δλmax,1,12,30.1,17.6,0.7280961099999991,0.4692496840391311,0.2588464259608679
VIS_065,4,AC-SINS λmax (nm),AC-SINS Δλmax,1,13,25.6,15.01379,0.7280961099999991,0.4692496840391311,0.2588464259608679
VIS_066,4,AC-SINS λmax (nm),AC-SINS Δλmax,1,14,15.0,14.8,0.7280961099999991,0.4692496840391311,0.2588464259608679
VIS_067,4,AC-SINS λmax (nm),AC-SINS Δλmax,1,15,9.9,15.099569,0.7280961099999991,0.4692496840391311,0.2588464259608679
VIS_068,4,AC-SINS λmax (nm),AC-SINS Δλmax,1,16,42.1,31.23011,0.7280961099999991,0.4692496840391311,0.2588464259608679
VIS_069,4,AC-SINS λmax (nm),AC-SINS Δλmax,1,17,16.8,14.980808,0.7280961099999991,0.4692496840391311,0.2588464259608679
VIS_070,4,AC-SINS λmax (nm),AC-SINS Δλmax,1,18,13.8,19.974735,0.7280961099999991,0.4692496840391311,0.2588464259608679
VIS_071,4,AC-SINS λmax (nm),AC-SINS Δλmax,1,19,13.9,12.999458,0.7280961099999991,0.4692496840391311,0.2588464259608679
VIS_072,4,AC-SINS λmax (nm),AC-SINS Δλmax,1,20,11.9,10.3,0.7280961099999991,0.4692496840391311,0.2588464259608679
VIS_073,4,AC-SINS λmax (nm),AC-SINS Δλmax,1,21,11.4,16.926199,0.7280961099999991,0.4692496840391311,0.2588464259608679
VIS_074,4,AC-SINS λmax (nm),AC-SINS Δλmax,1,22,15.2,31.8,0.7280961099999991,0.4692496840391311,0.2588464259608679
VIS_052,4,AC-SINS λmax (nm),AC-SINS Δλmax,2,0,12.2,14.812111,0.7280961099999991,0.3773635688619259,0.3507325411380732
VIS_053,4,AC-SINS λmax (nm),AC-SINS Δλmax,2,1,10.8,12.112704,0.7280961099999991,0.3773635688619259,0.3507325411380732
VIS_054,4,AC-SINS λmax (nm),AC-SINS Δλmax,2,2,10.4,12.894212,0.7280961099999991,0.3773635688619259,0.3507325411380732
VIS_055,4,AC-SINS λmax (nm),AC-SINS Δλmax,2,3,17.8,31.8,0.7280961099999991,0.3773635688619259,0.3507325411380732
VIS_056,4,AC-SINS λmax (nm),AC-SINS Δλmax,2,4,9.1,10.3,0.7280961099999991,0.3773635688619259,0.3507325411380732
VIS_057,4,AC-SINS λmax (nm),AC-SINS Δλmax,2,5,40.0,45.9,0.7280961099999991,0.3773635688619259,0.3507325411380732
VIS_058,4,AC-SINS λmax (nm),AC-SINS Δλmax,2,6,10.8,10.580267,0.7280961099999991,0.3773635688619259,0.3507325411380732
VIS_059,4,AC-SINS λmax (nm),AC-SINS Δλmax,2,7,7.6,13.78284,0.7280961099999991,0.3773635688619259,0.3507325411380732
VIS_060,4,AC-SINS λmax (nm),AC-SINS Δλmax,2,8,20.1,14.856778,0.7280961099999991,0.3773635688619259,0.3507325411380732
VIS_061,4,AC-SINS λmax (nm),AC-SINS Δλmax,2,9,25.9,16.988304,0.7280961099999991,0.3773635688619259,0.3507325411380732
VIS_062,4,AC-SINS λmax (nm),AC-SINS Δλmax,2,10,8.4,10.3,0.7280961099999991,0.3773635688619259,0.3507325411380732
VIS_063,4,AC-SINS λmax (nm),AC-SINS Δλmax,2,11,12.6,16.3,0.7280961099999991,0.3773635688619259,0.3507325411380732
VIS_064,4,AC-SINS λmax (nm),AC-SINS Δλmax,2,12,30.1,27.45023,0.7280961099999991,0.3773635688619259,0.3507325411380732
VIS_065,4,AC-SINS λmax (nm),AC-SINS Δλmax,2,13,25.6,27.667377,0.7280961099999991,0.3773635688619259,0.3507325411380732
VIS_066,4,AC-SINS λmax (nm),AC-SINS Δλmax,2,14,15.0,15.3,0.7280961099999991,0.3773635688619259,0.3507325411380732
VIS_067,4,AC-SINS λmax (nm),AC-SINS Δλmax,2,15,9.9,11.7,0.7280961099999991,0.3773635688619259,0.3507325411380732
VIS_068,4,AC-SINS λmax (nm),AC-SINS Δλmax,2,16,42.1,19.421326,0.7280961099999991,0.3773635688619259,0.3507325411380732
VIS_069,4,AC-SINS λmax (nm),AC-SINS Δλmax,2,17,16.8,14.980808,0.7280961099999991,0.3773635688619259,0.3507325411380732
VIS_070,4,AC-SINS λmax (nm),AC-SINS Δλmax,2,18,13.8,18.410576,0.7280961099999991,0.3773635688619259,0.3507325411380732
VIS_071,4,AC-SINS λmax (nm),AC-SINS Δλmax,2,19,13.9,12.650184,0.7280961099999991,0.3773635688619259,0.3507325411380732
VIS_072,4,AC-SINS λmax (nm),AC-SINS Δλmax,2,20,11.9,10.4,0.7280961099999991,0.3773635688619259,0.3507325411380732
VIS_073,4,AC-SINS λmax (nm),AC-SINS Δλmax,2,21,11.4,15.028376,0.7280961099999991,0.3773635688619259,0.3507325411380732
VIS_074,4,AC-SINS λmax (nm),AC-SINS Δλmax,2,22,15.2,31.8,0.7280961099999991,0.3773635688619259,0.3507325411380732
VIS_052,4,AC-SINS λmax (nm),AC-SINS Δλmax,3,0,12.2,12.1761265,0.7280961099999991,0.3811793074181118,0.3469168025818873
VIS_053,4,AC-SINS λmax (nm),AC-SINS Δλmax,3,1,10.8,10.599779,0.7280961099999991,0.3811793074181118,0.3469168025818873
VIS_054,4,AC-SINS λmax (nm),AC-SINS Δλmax,3,2,10.4,14.6,0.7280961099999991,0.3811793074181118,0.3469168025818873
VIS_055,4,AC-SINS λmax (nm),AC-SINS Δλmax,3,3,17.8,31.636395,0.7280961099999991,0.3811793074181118,0.3469168025818873
VIS_056,4,AC-SINS λmax (nm),AC-SINS Δλmax,3,4,9.1,9.9,0.7280961099999991,0.3811793074181118,0.3469168025818873
VIS_057,4,AC-SINS λmax (nm),AC-SINS Δλmax,3,5,40.0,45.0,0.7280961099999991,0.3811793074181118,0.3469168025818873
VIS_058,4,AC-SINS λmax (nm),AC-SINS Δλmax,3,6,10.8,10.603284,0.7280961099999991,0.3811793074181118,0.3469168025818873
VIS_059,4,AC-SINS λmax (nm),AC-SINS Δλmax,3,7,7.6,13.029986,0.7280961099999991,0.3811793074181118,0.3469168025818873
VIS_060,4,AC-SINS λmax (nm),AC-SINS Δλmax,3,8,20.1,14.856778,0.7280961099999991,0.3811793074181118,0.3469168025818873
VIS_061,4,AC-SINS λmax (nm),AC-SINS Δλmax,3,9,25.9,27.3,0.7280961099999991,0.3811793074181118,0.3469168025818873
VIS_062,4,AC-SINS λmax (nm),AC-SINS Δλmax,3,10,8.4,10.338763,0.7280961099999991,0.3811793074181118,0.3469168025818873
VIS_063,4,AC-SINS λmax (nm),AC-SINS Δλmax,3,11,12.6,16.3,0.7280961099999991,0.3811793074181118,0.3469168025818873
VIS_064,4,AC-SINS λmax (nm),AC-SINS Δλmax,3,12,30.1,27.39047,0.7280961099999991,0.3811793074181118,0.3469168025818873
VIS_065,4,AC-SINS λmax (nm),AC-SINS Δλmax,3,13,25.6,27.609934,0.7280961099999991,0.3811793074181118,0.3469168025818873
VIS_066,4,AC-SINS λmax (nm),AC-SINS Δλmax,3,14,15.0,16.548225,0.7280961099999991,0.3811793074181118,0.3469168025818873
VIS_067,4,AC-SINS λmax (nm),AC-SINS Δλmax,3,15,9.9,15.0,0.7280961099999991,0.3811793074181118,0.3469168025818873
VIS_068,4,AC-SINS λmax (nm),AC-SINS Δλmax,3,16,42.1,17.6,0.7280961099999991,0.3811793074181118,0.3469168025818873
VIS_069,4,AC-SINS λmax (nm),AC-SINS Δλmax,3,17,16.8,14.939998,0.7280961099999991,0.3811793074181118,0.3469168025818873
VIS_070,4,AC-SINS λmax (nm),AC-SINS Δλmax,3,18,13.8,19.101515,0.7280961099999991,0.3811793074181118,0.3469168025818873
VIS_071,4,AC-SINS λmax (nm),AC-SINS Δλmax,3,19,13.9,11.965968,0.7280961099999991,0.3811793074181118,0.3469168025818873
VIS_072,4,AC-SINS λmax (nm),AC-SINS Δλmax,3,20,11.9,12.096439,0.7280961099999991,0.3811793074181118,0.3469168025818873
VIS_073,4,AC-SINS λmax (nm),AC-SINS Δλmax,3,21,11.4,16.250927,0.7280961099999991,0.3811793074181118,0.3469168025818873
VIS_074,4,AC-SINS λmax (nm),AC-SINS Δλmax,3,22,15.2,30.619316,0.7280961099999991,0.3811793074181118,0.3469168025818873
VIS_052,4,AC-SINS λmax (nm),AC-SINS Δλmax,4,0,12.2,15.3,0.7280961099999991,0.7428870657349645,-0.0147909557349654
VIS_053,4,AC-SINS λmax (nm),AC-SINS Δλmax,4,1,10.8,10.369852,0.7280961099999991,0.7428870657349645,-0.0147909557349654
VIS_054,4,AC-SINS λmax (nm),AC-SINS Δλmax,4,2,10.4,11.949052,0.7280961099999991,0.7428870657349645,-0.0147909557349654
VIS_055,4,AC-SINS λmax (nm),AC-SINS Δλmax,4,3,17.8,30.714312,0.7280961099999991,0.7428870657349645,-0.0147909557349654
VIS_056,4,AC-SINS λmax (nm),AC-SINS Δλmax,4,4,9.1,10.4,0.7280961099999991,0.7428870657349645,-0.0147909557349654
VIS_057,4,AC-SINS λmax (nm),AC-SINS Δλmax,4,5,40.0,45.9,0.7280961099999991,0.7428870657349645,-0.0147909557349654
VIS_058,4,AC-SINS λmax (nm),AC-SINS Δλmax,4,6,10.8,10.9,0.7280961099999991,0.7428870657349645,-0.0147909557349654
VIS_059,4,AC-SINS λmax (nm),AC-SINS Δλmax,4,7,7.6,12.4,0.7280961099999991,0.7428870657349645,-0.0147909557349654
VIS_060,4,AC-SINS λmax (nm),AC-SINS Δλmax,4,8,20.1,14.856778,0.7280961099999991,0.7428870657349645,-0.0147909557349654
VIS_061,4,AC-SINS λmax (nm),AC-SINS Δλmax,4,9,25.9,30.760895,0.7280961099999991,0.7428870657349645,-0.0147909557349654
VIS_062,4,AC-SINS λmax (nm),AC-SINS Δλmax,4,10,8.4,11.183659,0.7280961099999991,0.7428870657349645,-0.0147909557349654
VIS_063,4,AC-SINS λmax (nm),AC-SINS Δλmax,4,11,12.6,16.3,0.7280961099999991,0.7428870657349645,-0.0147909557349654
VIS_064,4,AC-SINS λmax (nm),AC-SINS Δλmax,4,12,30.1,27.662296,0.7280961099999991,0.7428870657349645,-0.0147909557349654
VIS_065,4,AC-SINS λmax (nm),AC-SINS Δλmax,4,13,25.6,27.654142,0.7280961099999991,0.7428870657349645,-0.0147909557349654
VIS_066,4,AC-SINS λmax (nm),AC-SINS Δλmax,4,14,15.0,13.1,0.7280961099999991,0.7428870657349645,-0.0147909557349654
VIS_067,4,AC-SINS λmax (nm),AC-SINS Δλmax,4,15,9.9,14.6,0.7280961099999991,0.7428870657349645,-0.0147909557349654
VIS_068,4,AC-SINS λmax (nm),AC-SINS Δλmax,4,16,42.1,31.152296,0.7280961099999991,0.7428870657349645,-0.0147909557349654
VIS_069,4,AC-SINS λmax (nm),AC-SINS Δλmax,4,17,16.8,14.75672,0.7280961099999991,0.7428870657349645,-0.0147909557349654
VIS_070,4,AC-SINS λmax (nm),AC-SINS Δλmax,4,18,13.8,15.3,0.7280961099999991,0.7428870657349645,-0.0147909557349654
VIS_071,4,AC-SINS λmax (nm),AC-SINS Δλmax,4,19,13.9,10.59715,0.7280961099999991,0.7428870657349645,-0.0147909557349654
VIS_072,4,AC-SINS λmax (nm),AC-SINS Δλmax,4,20,11.9,10.9,0.7280961099999991,0.7428870657349645,-0.0147909557349654
VIS_073,4,AC-SINS λmax (nm),AC-SINS Δλmax,4,21,11.4,16.913462,0.7280961099999991,0.7428870657349645,-0.0147909557349654
VIS_074,4,AC-SINS λmax (nm),AC-SINS Δλmax,4,22,15.2,16.915493,0.7280961099999991,0.7428870657349645,-0.0147909557349654
VIS_052,4,AC-SINS λmax (nm),AC-SINS Δλmax,5,0,12.2,10.9,0.7280961099999991,0.4019401140876851,0.3261559959123139
VIS_053,4,AC-SINS λmax (nm),AC-SINS Δλmax,5,1,10.8,12.32776,0.7280961099999991,0.4019401140876851,0.3261559959123139
VIS_054,4,AC-SINS λmax (nm),AC-SINS Δλmax,5,2,10.4,11.898142,0.7280961099999991,0.4019401140876851,0.3261559959123139
VIS_055,4,AC-SINS λmax (nm),AC-SINS Δλmax,5,3,17.8,19.328636,0.7280961099999991,0.4019401140876851,0.3261559959123139
VIS_056,4,AC-SINS λmax (nm),AC-SINS Δλmax,5,4,9.1,10.3,0.7280961099999991,0.4019401140876851,0.3261559959123139
VIS_057,4,AC-SINS λmax (nm),AC-SINS Δλmax,5,5,40.0,21.783054,0.7280961099999991,0.4019401140876851,0.3261559959123139
VIS_058,4,AC-SINS λmax (nm),AC-SINS Δλmax,5,6,10.8,10.17648,0.7280961099999991,0.4019401140876851,0.3261559959123139
VIS_059,4,AC-SINS λmax (nm),AC-SINS Δλmax,5,7,7.6,10.9,0.7280961099999991,0.4019401140876851,0.3261559959123139
VIS_060,4,AC-SINS λmax (nm),AC-SINS Δλmax,5,8,20.1,14.856778,0.7280961099999991,0.4019401140876851,0.3261559959123139
VIS_061,4,AC-SINS λmax (nm),AC-SINS Δλmax,5,9,25.9,27.324322,0.7280961099999991,0.4019401140876851,0.3261559959123139
VIS_062,4,AC-SINS λmax (nm),AC-SINS Δλmax,5,10,8.4,11.7,0.7280961099999991,0.4019401140876851,0.3261559959123139
VIS_063,4,AC-SINS λmax (nm),AC-SINS Δλmax,5,11,12.6,16.3,0.7280961099999991,0.4019401140876851,0.3261559959123139
VIS_064,4,AC-SINS λmax (nm),AC-SINS Δλmax,5,12,30.1,27.3,0.7280961099999991,0.4019401140876851,0.3261559959123139
VIS_065,4,AC-SINS λmax (nm),AC-SINS Δλmax,5,13,25.6,27.667377,0.7280961099999991,0.4019401140876851,0.3261559959123139
VIS_066,4,AC-SINS λmax (nm),AC-SINS Δλmax,5,14,15.0,16.522003,0.7280961099999991,0.4019401140876851,0.3261559959123139
VIS_067,4,AC-SINS λmax (nm),AC-SINS Δλmax,5,15,9.9,14.6,0.7280961099999991,0.4019401140876851,0.3261559959123139
VIS_068,4,AC-SINS λmax (nm),AC-SINS Δλmax,5,16,42.1,17.6,0.7280961099999991,0.4019401140876851,0.3261559959123139
VIS_069,4,AC-SINS λmax (nm),AC-SINS Δλmax,5,17,16.8,14.987941,0.7280961099999991,0.4019401140876851,0.3261559959123139
VIS_070,4,AC-SINS λmax (nm),AC-SINS Δλmax,5,18,13.8,19.660603,0.7280961099999991,0.4019401140876851,0.3261559959123139
VIS_071,4,AC-SINS λmax (nm),AC-SINS Δλmax,5,19,13.9,13.318779,0.7280961099999991,0.4019401140876851,0.3261559959123139
VIS_072,4,AC-SINS λmax (nm),AC-SINS Δλmax,5,20,11.9,10.9,0.7280961099999991,0.4019401140876851,0.3261559959123139
VIS_073,4,AC-SINS λmax (nm),AC-SINS Δλmax,5,21,11.4,16.80662,0.7280961099999991,0.4019401140876851,0.3261559959123139
VIS_074,4,AC-SINS λmax (nm),AC-SINS Δλmax,5,22,15.2,24.882164,0.7280961099999991,0.4019401140876851,0.3261559959123139
VIS_052,4,AC-SINS λmax (nm),AC-SINS Δλmax,6,0,12.2,12.1761265,0.7280961099999991,0.3866713339733537,0.3414247760266453
VIS_053,4,AC-SINS λmax (nm),AC-SINS Δλmax,6,1,10.8,11.89803,0.7280961099999991,0.3866713339733537,0.3414247760266453
VIS_054,4,AC-SINS λmax (nm),AC-SINS Δλmax,6,2,10.4,12.5502405,0.7280961099999991,0.3866713339733537,0.3414247760266453
VIS_055,4,AC-SINS λmax (nm),AC-SINS Δλmax,6,3,17.8,16.843145,0.7280961099999991,0.3866713339733537,0.3414247760266453
VIS_056,4,AC-SINS λmax (nm),AC-SINS Δλmax,6,4,9.1,10.9,0.7280961099999991,0.3866713339733537,0.3414247760266453
VIS_057,4,AC-SINS λmax (nm),AC-SINS Δλmax,6,5,40.0,21.783054,0.7280961099999991,0.3866713339733537,0.3414247760266453
VIS_058,4,AC-SINS λmax (nm),AC-SINS Δλmax,6,6,10.8,10.305887,0.7280961099999991,0.3866713339733537,0.3414247760266453
VIS_059,4,AC-SINS λmax (nm),AC-SINS Δλmax,6,7,7.6,10.9,0.7280961099999991,0.3866713339733537,0.3414247760266453
VIS_060,4,AC-SINS λmax (nm),AC-SINS Δλmax,6,8,20.1,20.763859,0.7280961099999991,0.3866713339733537,0.3414247760266453
VIS_061,4,AC-SINS λmax (nm),AC-SINS Δλmax,6,9,25.9,27.3,0.7280961099999991,0.3866713339733537,0.3414247760266453
VIS_062,4,AC-SINS λmax (nm),AC-SINS Δλmax,6,10,8.4,11.183659,0.7280961099999991,0.3866713339733537,0.3414247760266453
VIS_063,4,AC-SINS λmax (nm),AC-SINS Δλmax,6,11,12.6,16.3,0.7280961099999991,0.3866713339733537,0.3414247760266453
VIS_064,4,AC-SINS λmax (nm),AC-SINS Δλmax,6,12,30.1,29.039585,0.7280961099999991,0.3866713339733537,0.3414247760266453
VIS_065,4,AC-SINS λmax (nm),AC-SINS Δλmax,6,13,25.6,27.635801,0.7280961099999991,0.3866713339733537,0.3414247760266453
VIS_066,4,AC-SINS λmax (nm),AC-SINS Δλmax,6,14,15.0,11.7,0.7280961099999991,0.3866713339733537,0.3414247760266453
VIS_067,4,AC-SINS λmax (nm),AC-SINS Δλmax,6,15,9.9,14.6,0.7280961099999991,0.3866713339733537,0.3414247760266453
VIS_068,4,AC-SINS λmax (nm),AC-SINS Δλmax,6,16,42.1,19.421326,0.7280961099999991,0.3866713339733537,0.3414247760266453
VIS_069,4,AC-SINS λmax (nm),AC-SINS Δλmax,6,17,16.8,13.1,0.7280961099999991,0.3866713339733537,0.3414247760266453
VIS_070,4,AC-SINS λmax (nm),AC-SINS Δλmax,6,18,13.8,15.3,0.7280961099999991,0.3866713339733537,0.3414247760266453
VIS_071,4,AC-SINS λmax (nm),AC-SINS Δλmax,6,19,13.9,13.1,0.7280961099999991,0.3866713339733537,0.3414247760266453
VIS_072,4,AC-SINS λmax (nm),AC-SINS Δλmax,6,20,11.9,12.72287,0.7280961099999991,0.3866713339733537,0.3414247760266453
VIS_073,4,AC-SINS λmax (nm),AC-SINS Δλmax,6,21,11.4,16.884192,0.7280961099999991,0.3866713339733537,0.3414247760266453
VIS_074,4,AC-SINS λmax (nm),AC-SINS Δλmax,6,22,15.2,31.326515,0.7280961099999991,0.3866713339733537,0.3414247760266453
VIS_052,4,AC-SINS λmax (nm),AC-SINS Δλmax,7,0,12.2,14.8,0.7280961099999991,0.652255440286453,0.075840669713546
VIS_053,4,AC-SINS λmax (nm),AC-SINS Δλmax,7,1,10.8,12.32776,0.7280961099999991,0.652255440286453,0.075840669713546
VIS_054,4,AC-SINS λmax (nm),AC-SINS Δλmax,7,2,10.4,12.4,0.7280961099999991,0.652255440286453,0.075840669713546
VIS_055,4,AC-SINS λmax (nm),AC-SINS Δλmax,7,3,17.8,19.328636,0.7280961099999991,0.652255440286453,0.075840669713546
VIS_056,4,AC-SINS λmax (nm),AC-SINS Δλmax,7,4,9.1,9.9,0.7280961099999991,0.652255440286453,0.075840669713546
VIS_057,4,AC-SINS λmax (nm),AC-SINS Δλmax,7,5,40.0,45.9,0.7280961099999991,0.652255440286453,0.075840669713546
VIS_058,4,AC-SINS λmax (nm),AC-SINS Δλmax,7,6,10.8,10.17648,0.7280961099999991,0.652255440286453,0.075840669713546
VIS_059,4,AC-SINS λmax (nm),AC-SINS Δλmax,7,7,7.6,13.669072,0.7280961099999991,0.652255440286453,0.075840669713546
VIS_060,4,AC-SINS λmax (nm),AC-SINS Δλmax,7,8,20.1,21.08416,0.7280961099999991,0.652255440286453,0.075840669713546
VIS_061,4,AC-SINS λmax (nm),AC-SINS Δλmax,7,9,25.9,27.565933,0.7280961099999991,0.652255440286453,0.075840669713546
VIS_062,4,AC-SINS λmax (nm),AC-SINS Δλmax,7,10,8.4,12.4,0.7280961099999991,0.652255440286453,0.075840669713546
VIS_063,4,AC-SINS λmax (nm),AC-SINS Δλmax,7,11,12.6,11.967957,0.7280961099999991,0.652255440286453,0.075840669713546
VIS_064,4,AC-SINS λmax (nm),AC-SINS Δλmax,7,12,30.1,17.6,0.7280961099999991,0.652255440286453,0.075840669713546
VIS_065,4,AC-SINS λmax (nm),AC-SINS Δλmax,7,13,25.6,27.635801,0.7280961099999991,0.652255440286453,0.075840669713546
VIS_066,4,AC-SINS λmax (nm),AC-SINS Δλmax,7,14,15.0,16.54932,0.7280961099999991,0.652255440286453,0.075840669713546
VIS_067,4,AC-SINS λmax (nm),AC-SINS Δλmax,7,15,9.9,12.221591,0.7280961099999991,0.652255440286453,0.075840669713546
VIS_068,4,AC-SINS λmax (nm),AC-SINS Δλmax,7,16,42.1,31.323952,0.7280961099999991,0.652255440286453,0.075840669713546
VIS_069,4,AC-SINS λmax (nm),AC-SINS Δλmax,7,17,16.8,14.6,0.7280961099999991,0.652255440286453,0.075840669713546
VIS_070,4,AC-SINS λmax (nm),AC-SINS Δλmax,7,18,13.8,15.3,0.7280961099999991,0.652255440286453,0.075840669713546
VIS_071,4,AC-SINS λmax (nm),AC-SINS Δλmax,7,19,13.9,10.45589,0.7280961099999991,0.652255440286453,0.075840669713546
VIS_072,4,AC-SINS λmax (nm),AC-SINS Δλmax,7,20,11.9,10.9,0.7280961099999991,0.652255440286453,0.075840669713546
VIS_073,4,AC-SINS λmax (nm),AC-SINS Δλmax,7,21,11.4,15.028376,0.7280961099999991,0.652255440286453,0.075840669713546
VIS_074,4,AC-SINS λmax (nm),AC-SINS Δλmax,7,22,15.2,31.8,0.7280961099999991,0.652255440286453,0.075840669713546
VIS_052,4,AC-SINS λmax (nm),AC-SINS Δλmax,8,0,12.2,13.767693,0.7280961099999991,0.4590925242940431,0.2690035857059559
VIS_053,4,AC-SINS λmax (nm),AC-SINS Δλmax,8,1,10.8,11.753752,0.7280961099999991,0.4590925242940431,0.2690035857059559
VIS_054,4,AC-SINS λmax (nm),AC-SINS Δλmax,8,2,10.4,12.0937605,0.7280961099999991,0.4590925242940431,0.2690035857059559
VIS_055,4,AC-SINS λmax (nm),AC-SINS Δλmax,8,3,17.8,30.5472,0.7280961099999991,0.4590925242940431,0.2690035857059559
VIS_056,4,AC-SINS λmax (nm),AC-SINS Δλmax,8,4,9.1,10.4,0.7280961099999991,0.4590925242940431,0.2690035857059559
VIS_057,4,AC-SINS λmax (nm),AC-SINS Δλmax,8,5,40.0,45.9,0.7280961099999991,0.4590925242940431,0.2690035857059559
VIS_058,4,AC-SINS λmax (nm),AC-SINS Δλmax,8,6,10.8,11.800605,0.7280961099999991,0.4590925242940431,0.2690035857059559
VIS_059,4,AC-SINS λmax (nm),AC-SINS Δλmax,8,7,7.6,10.9,0.7280961099999991,0.4590925242940431,0.2690035857059559
VIS_060,4,AC-SINS λmax (nm),AC-SINS Δλmax,8,8,20.1,14.856778,0.7280961099999991,0.4590925242940431,0.2690035857059559
VIS_061,4,AC-SINS λmax (nm),AC-SINS Δλmax,8,9,25.9,27.726795,0.7280961099999991,0.4590925242940431,0.2690035857059559
VIS_062,4,AC-SINS λmax (nm),AC-SINS Δλmax,8,10,8.4,12.447694,0.7280961099999991,0.4590925242940431,0.2690035857059559
VIS_063,4,AC-SINS λmax (nm),AC-SINS Δλmax,8,11,12.6,11.967957,0.7280961099999991,0.4590925242940431,0.2690035857059559
VIS_064,4,AC-SINS λmax (nm),AC-SINS Δλmax,8,12,30.1,27.662296,0.7280961099999991,0.4590925242940431,0.2690035857059559
VIS_065,4,AC-SINS λmax (nm),AC-SINS Δλmax,8,13,25.6,27.514833,0.7280961099999991,0.4590925242940431,0.2690035857059559
VIS_066,4,AC-SINS λmax (nm),AC-SINS Δλmax,8,14,15.0,16.317741,0.7280961099999991,0.4590925242940431,0.2690035857059559
VIS_067,4,AC-SINS λmax (nm),AC-SINS Δλmax,8,15,9.9,12.176809,0.7280961099999991,0.4590925242940431,0.2690035857059559
VIS_068,4,AC-SINS λmax (nm),AC-SINS Δλmax,8,16,42.1,19.421326,0.7280961099999991,0.4590925242940431,0.2690035857059559
VIS_069,4,AC-SINS λmax (nm),AC-SINS Δλmax,8,17,16.8,14.926191,0.7280961099999991,0.4590925242940431,0.2690035857059559
VIS_070,4,AC-SINS λmax (nm),AC-SINS Δλmax,8,18,13.8,19.974735,0.7280961099999991,0.4590925242940431,0.2690035857059559
VIS_071,4,AC-SINS λmax (nm),AC-SINS Δλmax,8,19,13.9,11.183097,0.7280961099999991,0.4590925242940431,0.2690035857059559
VIS_072,4,AC-SINS λmax (nm),AC-SINS Δλmax,8,20,11.9,10.3,0.7280961099999991,0.4590925242940431,0.2690035857059559
VIS_073,4,AC-SINS λmax (nm),AC-SINS Δλmax,8,21,11.4,13.814485,0.7280961099999991,0.4590925242940431,0.2690035857059559
VIS_074,4,AC-SINS λmax (nm),AC-SINS Δλmax,8,22,15.2,30.619316,0.7280961099999991,0.4590925242940431,0.2690035857059559
VIS_052,4,AC-SINS λmax (nm),AC-SINS Δλmax,9,0,12.2,15.3,0.7280961099999991,0.4498653100691916,0.2782307999308074
VIS_053,4,AC-SINS λmax (nm),AC-SINS Δλmax,9,1,10.8,12.4,0.7280961099999991,0.4498653100691916,0.2782307999308074
VIS_054,4,AC-SINS λmax (nm),AC-SINS Δλmax,9,2,10.4,12.894212,0.7280961099999991,0.4498653100691916,0.2782307999308074
VIS_055,4,AC-SINS λmax (nm),AC-SINS Δλmax,9,3,17.8,31.082413,0.7280961099999991,0.4498653100691916,0.2782307999308074
VIS_056,4,AC-SINS λmax (nm),AC-SINS Δλmax,9,4,9.1,10.3,0.7280961099999991,0.4498653100691916,0.2782307999308074
VIS_057,4,AC-SINS λmax (nm),AC-SINS Δλmax,9,5,40.0,21.783054,0.7280961099999991,0.4498653100691916,0.2782307999308074
VIS_058,4,AC-SINS λmax (nm),AC-SINS Δλmax,9,6,10.8,10.603284,0.7280961099999991,0.4498653100691916,0.2782307999308074
VIS_059,4,AC-SINS λmax (nm),AC-SINS Δλmax,9,7,7.6,13.1,0.7280961099999991,0.4498653100691916,0.2782307999308074
VIS_060,4,AC-SINS λmax (nm),AC-SINS Δλmax,9,8,20.1,20.953606,0.7280961099999991,0.4498653100691916,0.2782307999308074
VIS_061,4,AC-SINS λmax (nm),AC-SINS Δλmax,9,9,25.9,27.3,0.7280961099999991,0.4498653100691916,0.2782307999308074
VIS_062,4,AC-SINS λmax (nm),AC-SINS Δλmax,9,10,8.4,11.183659,0.7280961099999991,0.4498653100691916,0.2782307999308074
VIS_063,4,AC-SINS λmax (nm),AC-SINS Δλmax,9,11,12.6,13.927246,0.7280961099999991,0.4498653100691916,0.2782307999308074
VIS_064,4,AC-SINS λmax (nm),AC-SINS Δλmax,9,12,30.1,30.57206,0.7280961099999991,0.4498653100691916,0.2782307999308074
VIS_065,4,AC-SINS λmax (nm),AC-SINS Δλmax,9,13,25.6,27.635801,0.7280961099999991,0.4498653100691916,0.2782307999308074
VIS_066,4,AC-SINS λmax (nm),AC-SINS Δλmax,9,14,15.0,13.1,0.7280961099999991,0.4498653100691916,0.2782307999308074
VIS_067,4,AC-SINS λmax (nm),AC-SINS Δλmax,9,15,9.9,11.7,0.7280961099999991,0.4498653100691916,0.2782307999308074
VIS_068,4,AC-SINS λmax (nm),AC-SINS Δλmax,9,16,42.1,27.894629,0.7280961099999991,0.4498653100691916,0.2782307999308074
VIS_069,4,AC-SINS λmax (nm),AC-SINS Δλmax,9,17,16.8,14.802697,0.7280961099999991,0.4498653100691916,0.2782307999308074
VIS_070,4,AC-SINS λmax (nm),AC-SINS Δλmax,9,18,13.8,18.496363,0.7280961099999991,0.4498653100691916,0.2782307999308074
VIS_071,4,AC-SINS λmax (nm),AC-SINS Δλmax,9,19,13.9,10.59715,0.7280961099999991,0.4498653100691916,0.2782307999308074
VIS_072,4,AC-SINS λmax (nm),AC-SINS Δλmax,9,20,11.9,12.157994,0.7280961099999991,0.4498653100691916,0.2782307999308074
VIS_073,4,AC-SINS λmax (nm),AC-SINS Δλmax,9,21,11.4,15.028376,0.7280961099999991,0.4498653100691916,0.2782307999308074
VIS_074,4,AC-SINS λmax (nm),AC-SINS Δλmax,9,22,15.2,31.8,0.7280961099999991,0.4498653100691916,0.2782307999308074
VIS_052,4,AC-SINS λmax (nm),AC-SINS Δλmax,10,0,12.2,10.9,0.7280961099999991,0.4459224680113893,0.2821736419886097
VIS_053,4,AC-SINS λmax (nm),AC-SINS Δλmax,10,1,10.8,12.026865,0.7280961099999991,0.4459224680113893,0.2821736419886097
VIS_054,4,AC-SINS λmax (nm),AC-SINS Δλmax,10,2,10.4,12.4,0.7280961099999991,0.4459224680113893,0.2821736419886097
VIS_055,4,AC-SINS λmax (nm),AC-SINS Δλmax,10,3,17.8,31.082413,0.7280961099999991,0.4459224680113893,0.2821736419886097
VIS_056,4,AC-SINS λmax (nm),AC-SINS Δλmax,10,4,9.1,10.4,0.7280961099999991,0.4459224680113893,0.2821736419886097
VIS_057,4,AC-SINS λmax (nm),AC-SINS Δλmax,10,5,40.0,46.514862,0.7280961099999991,0.4459224680113893,0.2821736419886097
VIS_058,4,AC-SINS λmax (nm),AC-SINS Δλmax,10,6,10.8,11.992388,0.7280961099999991,0.4459224680113893,0.2821736419886097
VIS_059,4,AC-SINS λmax (nm),AC-SINS Δλmax,10,7,7.6,13.029986,0.7280961099999991,0.4459224680113893,0.2821736419886097
VIS_060,4,AC-SINS λmax (nm),AC-SINS Δλmax,10,8,20.1,20.904274,0.7280961099999991,0.4459224680113893,0.2821736419886097
VIS_061,4,AC-SINS λmax (nm),AC-SINS Δλmax,10,9,25.9,27.726795,0.7280961099999991,0.4459224680113893,0.2821736419886097
VIS_062,4,AC-SINS λmax (nm),AC-SINS Δλmax,10,10,8.4,11.183659,0.7280961099999991,0.4459224680113893,0.2821736419886097
VIS_063,4,AC-SINS λmax (nm),AC-SINS Δλmax,10,11,12.6,11.967957,0.7280961099999991,0.4459224680113893,0.2821736419886097
VIS_064,4,AC-SINS λmax (nm),AC-SINS Δλmax,10,12,30.1,27.45023,0.7280961099999991,0.4459224680113893,0.2821736419886097
VIS_065,4,AC-SINS λmax (nm),AC-SINS Δλmax,10,13,25.6,15.01379,0.7280961099999991,0.4459224680113893,0.2821736419886097
VIS_066,4,AC-SINS λmax (nm),AC-SINS Δλmax,10,14,15.0,13.1,0.7280961099999991,0.4459224680113893,0.2821736419886097
VIS_067,4,AC-SINS λmax (nm),AC-SINS Δλmax,10,15,9.9,15.255324,0.7280961099999991,0.4459224680113893,0.2821736419886097
VIS_068,4,AC-SINS λmax (nm),AC-SINS Δλmax,10,16,42.1,17.6,0.7280961099999991,0.4459224680113893,0.2821736419886097
VIS_069,4,AC-SINS λmax (nm),AC-SINS Δλmax,10,17,16.8,14.75672,0.7280961099999991,0.4459224680113893,0.2821736419886097
VIS_070,4,AC-SINS λmax (nm),AC-SINS Δλmax,10,18,13.8,19.660603,0.7280961099999991,0.4459224680113893,0.2821736419886097
VIS_071,4,AC-SINS λmax (nm),AC-SINS Δλmax,10,19,13.9,11.183097,0.7280961099999991,0.4459224680113893,0.2821736419886097
VIS_072,4,AC-SINS λmax (nm),AC-SINS Δλmax,10,20,11.9,10.3,0.7280961099999991,0.4459224680113893,0.2821736419886097
VIS_073,4,AC-SINS λmax (nm),AC-SINS Δλmax,10,21,11.4,16.918673,0.7280961099999991,0.4459224680113893,0.2821736419886097
VIS_074,4,AC-SINS λmax (nm),AC-SINS Δλmax,10,22,15.2,19.195883,0.7280961099999991,0.4459224680113893,0.2821736419886097
VIS_052,4,SE-UHPLC Main Peak FWHM (min),SE-UHPLC FWHM,1,0,12.2,11.7,0.7280961099999991,0.4494848423350804,0.2786112676649186
VIS_053,4,SE-UHPLC Main Peak FWHM (min),SE-UHPLC FWHM,1,1,10.8,10.9,0.7280961099999991,0.4494848423350804,0.2786112676649186
VIS_054,4,SE-UHPLC Main Peak FWHM (min),SE-UHPLC FWHM,1,2,10.4,16.57173,0.7280961099999991,0.4494848423350804,0.2786112676649186
VIS_055,4,SE-UHPLC Main Peak FWHM (min),SE-UHPLC FWHM,1,3,17.8,18.381527,0.7280961099999991,0.4494848423350804,0.2786112676649186
VIS_056,4,SE-UHPLC Main Peak FWHM (min),SE-UHPLC FWHM,1,4,9.1,10.448468,0.7280961099999991,0.4494848423350804,0.2786112676649186
VIS_057,4,SE-UHPLC Main Peak FWHM (min),SE-UHPLC FWHM,1,5,40.0,48.8,0.7280961099999991,0.4494848423350804,0.2786112676649186
VIS_058,4,SE-UHPLC Main Peak FWHM (min),SE-UHPLC FWHM,1,6,10.8,10.9,0.7280961099999991,0.4494848423350804,0.2786112676649186
VIS_059,4,SE-UHPLC Main Peak FWHM (min),SE-UHPLC FWHM,1,7,7.6,10.6,0.7280961099999991,0.4494848423350804,0.2786112676649186
VIS_060,4,SE-UHPLC Main Peak FWHM (min),SE-UHPLC FWHM,1,8,20.1,21.08416,0.7280961099999991,0.4494848423350804,0.2786112676649186
VIS_061,4,SE-UHPLC Main Peak FWHM (min),SE-UHPLC FWHM,1,9,25.9,17.6,0.7280961099999991,0.4494848423350804,0.2786112676649186
VIS_062,4,SE-UHPLC Main Peak FWHM (min),SE-UHPLC FWHM,1,10,8.4,10.9,0.7280961099999991,0.4494848423350804,0.2786112676649186
VIS_063,4,SE-UHPLC Main Peak FWHM (min),SE-UHPLC FWHM,1,11,12.6,12.178758,0.7280961099999991,0.4494848423350804,0.2786112676649186
VIS_064,4,SE-UHPLC Main Peak FWHM (min),SE-UHPLC FWHM,1,12,30.1,30.628765,0.7280961099999991,0.4494848423350804,0.2786112676649186
VIS_065,4,SE-UHPLC Main Peak FWHM (min),SE-UHPLC FWHM,1,13,25.6,22.7,0.7280961099999991,0.4494848423350804,0.2786112676649186
VIS_066,4,SE-UHPLC Main Peak FWHM (min),SE-UHPLC FWHM,1,14,15.0,14.8,0.7280961099999991,0.4494848423350804,0.2786112676649186
VIS_067,4,SE-UHPLC Main Peak FWHM (min),SE-UHPLC FWHM,1,15,9.9,11.822494,0.7280961099999991,0.4494848423350804,0.2786112676649186
VIS_068,4,SE-UHPLC Main Peak FWHM (min),SE-UHPLC FWHM,1,16,42.1,17.6,0.7280961099999991,0.4494848423350804,0.2786112676649186
VIS_069,4,SE-UHPLC Main Peak FWHM (min),SE-UHPLC FWHM,1,17,16.8,14.985939,0.7280961099999991,0.4494848423350804,0.2786112676649186
VIS_070,4,SE-UHPLC Main Peak FWHM (min),SE-UHPLC FWHM,1,18,13.8,15.328341,0.7280961099999991,0.4494848423350804,0.2786112676649186
VIS_071,4,SE-UHPLC Main Peak FWHM (min),SE-UHPLC FWHM,1,19,13.9,14.468302,0.7280961099999991,0.4494848423350804,0.2786112676649186
VIS_072,4,SE-UHPLC Main Peak FWHM (min),SE-UHPLC FWHM,1,20,11.9,12.3434725,0.7280961099999991,0.4494848423350804,0.2786112676649186
VIS_073,4,SE-UHPLC Main Peak FWHM (min),SE-UHPLC FWHM,1,21,11.4,15.0,0.7280961099999991,0.4494848423350804,0.2786112676649186
VIS_074,4,SE-UHPLC Main Peak FWHM (min),SE-UHPLC FWHM,1,22,15.2,31.78603,0.7280961099999991,0.4494848423350804,0.2786112676649186
VIS_052,4,SE-UHPLC Main Peak FWHM (min),SE-UHPLC FWHM,2,0,12.2,12.084067,0.7280961099999991,0.6002014084305779,0.1278947015694211
VIS_053,4,SE-UHPLC Main Peak FWHM (min),SE-UHPLC FWHM,2,1,10.8,12.363779,0.7280961099999991,0.6002014084305779,0.1278947015694211
VIS_054,4,SE-UHPLC Main Peak FWHM (min),SE-UHPLC FWHM,2,2,10.4,16.218777,0.7280961099999991,0.6002014084305779,0.1278947015694211
VIS_055,4,SE-UHPLC Main Peak FWHM (min),SE-UHPLC FWHM,2,3,17.8,19.328636,0.7280961099999991,0.6002014084305779,0.1278947015694211
VIS_056,4,SE-UHPLC Main Peak FWHM (min),SE-UHPLC FWHM,2,4,9.1,10.410288,0.7280961099999991,0.6002014084305779,0.1278947015694211
VIS_057,4,SE-UHPLC Main Peak FWHM (min),SE-UHPLC FWHM,2,5,40.0,48.27904,0.7280961099999991,0.6002014084305779,0.1278947015694211
VIS_058,4,SE-UHPLC Main Peak FWHM (min),SE-UHPLC FWHM,2,6,10.8,10.580267,0.7280961099999991,0.6002014084305779,0.1278947015694211
VIS_059,4,SE-UHPLC Main Peak FWHM (min),SE-UHPLC FWHM,2,7,7.6,13.972387,0.7280961099999991,0.6002014084305779,0.1278947015694211
VIS_060,4,SE-UHPLC Main Peak FWHM (min),SE-UHPLC FWHM,2,8,20.1,19.789461,0.7280961099999991,0.6002014084305779,0.1278947015694211
VIS_061,4,SE-UHPLC Main Peak FWHM (min),SE-UHPLC FWHM,2,9,25.9,17.6,0.7280961099999991,0.6002014084305779,0.1278947015694211
VIS_062,4,SE-UHPLC Main Peak FWHM (min),SE-UHPLC FWHM,2,10,8.4,10.9,0.7280961099999991,0.6002014084305779,0.1278947015694211
VIS_063,4,SE-UHPLC Main Peak FWHM (min),SE-UHPLC FWHM,2,11,12.6,12.030018,0.7280961099999991,0.6002014084305779,0.1278947015694211
VIS_064,4,SE-UHPLC Main Peak FWHM (min),SE-UHPLC FWHM,2,12,30.1,27.3,0.7280961099999991,0.6002014084305779,0.1278947015694211
VIS_065,4,SE-UHPLC Main Peak FWHM (min),SE-UHPLC FWHM,2,13,25.6,28.471222,0.7280961099999991,0.6002014084305779,0.1278947015694211
VIS_066,4,SE-UHPLC Main Peak FWHM (min),SE-UHPLC FWHM,2,14,15.0,12.126812,0.7280961099999991,0.6002014084305779,0.1278947015694211
VIS_067,4,SE-UHPLC Main Peak FWHM (min),SE-UHPLC FWHM,2,15,9.9,11.7,0.7280961099999991,0.6002014084305779,0.1278947015694211
VIS_068,4,SE-UHPLC Main Peak FWHM (min),SE-UHPLC FWHM,2,16,42.1,28.193035,0.7280961099999991,0.6002014084305779,0.1278947015694211
VIS_069,4,SE-UHPLC Main Peak FWHM (min),SE-UHPLC FWHM,2,17,16.8,14.985939,0.7280961099999991,0.6002014084305779,0.1278947015694211
VIS_070,4,SE-UHPLC Main Peak FWHM (min),SE-UHPLC FWHM,2,18,13.8,15.3,0.7280961099999991,0.6002014084305779,0.1278947015694211
VIS_071,4,SE-UHPLC Main Peak FWHM (min),SE-UHPLC FWHM,2,19,13.9,13.8,0.7280961099999991,0.6002014084305779,0.1278947015694211
VIS_072,4,SE-UHPLC Main Peak FWHM (min),SE-UHPLC FWHM,2,20,11.9,10.9,0.7280961099999991,0.6002014084305779,0.1278947015694211
VIS_073,4,SE-UHPLC Main Peak FWHM (min),SE-UHPLC FWHM,2,21,11.4,15.028376,0.7280961099999991,0.6002014084305779,0.1278947015694211
VIS_074,4,SE-UHPLC Main Peak FWHM (min),SE-UHPLC FWHM,2,22,15.2,33.649128,0.7280961099999991,0.6002014084305779,0.1278947015694211
VIS_052,4,SE-UHPLC Main Peak FWHM (min),SE-UHPLC FWHM,3,0,12.2,12.1761265,0.7280961099999991,0.68961747584455,0.038478634155449
VIS_053,4,SE-UHPLC Main Peak FWHM (min),SE-UHPLC FWHM,3,1,10.8,10.669549,0.7280961099999991,0.68961747584455,0.038478634155449
VIS_054,4,SE-UHPLC Main Peak FWHM (min),SE-UHPLC FWHM,3,2,10.4,16.452484,0.7280961099999991,0.68961747584455,0.038478634155449
VIS_055,4,SE-UHPLC Main Peak FWHM (min),SE-UHPLC FWHM,3,3,17.8,17.621378,0.7280961099999991,0.68961747584455,0.038478634155449
VIS_056,4,SE-UHPLC Main Peak FWHM (min),SE-UHPLC FWHM,3,4,9.1,10.4,0.7280961099999991,0.68961747584455,0.038478634155449
VIS_057,4,SE-UHPLC Main Peak FWHM (min),SE-UHPLC FWHM,3,5,40.0,48.8,0.7280961099999991,0.68961747584455,0.038478634155449
VIS_058,4,SE-UHPLC Main Peak FWHM (min),SE-UHPLC FWHM,3,6,10.8,10.6,0.7280961099999991,0.68961747584455,0.038478634155449
VIS_059,4,SE-UHPLC Main Peak FWHM (min),SE-UHPLC FWHM,3,7,7.6,10.564529,0.7280961099999991,0.68961747584455,0.038478634155449
VIS_060,4,SE-UHPLC Main Peak FWHM (min),SE-UHPLC FWHM,3,8,20.1,19.789461,0.7280961099999991,0.68961747584455,0.038478634155449
VIS_061,4,SE-UHPLC Main Peak FWHM (min),SE-UHPLC FWHM,3,9,25.9,17.829311,0.7280961099999991,0.68961747584455,0.038478634155449
VIS_062,4,SE-UHPLC Main Peak FWHM (min),SE-UHPLC FWHM,3,10,8.4,10.9,0.7280961099999991,0.68961747584455,0.038478634155449
VIS_063,4,SE-UHPLC Main Peak FWHM (min),SE-UHPLC FWHM,3,11,12.6,12.145032,0.7280961099999991,0.68961747584455,0.038478634155449
VIS_064,4,SE-UHPLC Main Peak FWHM (min),SE-UHPLC FWHM,3,12,30.1,27.3,0.7280961099999991,0.68961747584455,0.038478634155449
VIS_065,4,SE-UHPLC Main Peak FWHM (min),SE-UHPLC FWHM,3,13,25.6,27.882153,0.7280961099999991,0.68961747584455,0.038478634155449
VIS_066,4,SE-UHPLC Main Peak FWHM (min),SE-UHPLC FWHM,3,14,15.0,14.8012085,0.7280961099999991,0.68961747584455,0.038478634155449
VIS_067,4,SE-UHPLC Main Peak FWHM (min),SE-UHPLC FWHM,3,15,9.9,11.890007,0.7280961099999991,0.68961747584455,0.038478634155449
VIS_068,4,SE-UHPLC Main Peak FWHM (min),SE-UHPLC FWHM,3,16,42.1,31.252401,0.7280961099999991,0.68961747584455,0.038478634155449
VIS_069,4,SE-UHPLC Main Peak FWHM (min),SE-UHPLC FWHM,3,17,16.8,14.978591,0.7280961099999991,0.68961747584455,0.038478634155449
VIS_070,4,SE-UHPLC Main Peak FWHM (min),SE-UHPLC FWHM,3,18,13.8,15.3,0.7280961099999991,0.68961747584455,0.038478634155449
VIS_071,4,SE-UHPLC Main Peak FWHM (min),SE-UHPLC FWHM,3,19,13.9,13.1,0.7280961099999991,0.68961747584455,0.038478634155449
VIS_072,4,SE-UHPLC Main Peak FWHM (min),SE-UHPLC FWHM,3,20,11.9,12.238696,0.7280961099999991,0.68961747584455,0.038478634155449
VIS_073,4,SE-UHPLC Main Peak FWHM (min),SE-UHPLC FWHM,3,21,11.4,15.0,0.7280961099999991,0.68961747584455,0.038478634155449
VIS_074,4,SE-UHPLC Main Peak FWHM (min),SE-UHPLC FWHM,3,22,15.2,31.8,0.7280961099999991,0.68961747584455,0.038478634155449
VIS_052,4,SE-UHPLC Main Peak FWHM (min),SE-UHPLC FWHM,4,0,12.2,12.137514,0.7280961099999991,0.5120287534332107,0.2160673565667883
VIS_053,4,SE-UHPLC Main Peak FWHM (min),SE-UHPLC FWHM,4,1,10.8,12.138376,0.7280961099999991,0.5120287534332107,0.2160673565667883
VIS_054,4,SE-UHPLC Main Peak FWHM (min),SE-UHPLC FWHM,4,2,10.4,16.6,0.7280961099999991,0.5120287534332107,0.2160673565667883
VIS_055,4,SE-UHPLC Main Peak FWHM (min),SE-UHPLC FWHM,4,3,17.8,17.938251,0.7280961099999991,0.5120287534332107,0.2160673565667883
VIS_056,4,SE-UHPLC Main Peak FWHM (min),SE-UHPLC FWHM,4,4,9.1,10.448468,0.7280961099999991,0.5120287534332107,0.2160673565667883
VIS_057,4,SE-UHPLC Main Peak FWHM (min),SE-UHPLC FWHM,4,5,40.0,21.7,0.7280961099999991,0.5120287534332107,0.2160673565667883
VIS_058,4,SE-UHPLC Main Peak FWHM (min),SE-UHPLC FWHM,4,6,10.8,10.6,0.7280961099999991,0.5120287534332107,0.2160673565667883
VIS_059,4,SE-UHPLC Main Peak FWHM (min),SE-UHPLC FWHM,4,7,7.6,10.564529,0.7280961099999991,0.5120287534332107,0.2160673565667883
VIS_060,4,SE-UHPLC Main Peak FWHM (min),SE-UHPLC FWHM,4,8,20.1,16.786985,0.7280961099999991,0.5120287534332107,0.2160673565667883
VIS_061,4,SE-UHPLC Main Peak FWHM (min),SE-UHPLC FWHM,4,9,25.9,17.615103,0.7280961099999991,0.5120287534332107,0.2160673565667883
VIS_062,4,SE-UHPLC Main Peak FWHM (min),SE-UHPLC FWHM,4,10,8.4,10.9,0.7280961099999991,0.5120287534332107,0.2160673565667883
VIS_063,4,SE-UHPLC Main Peak FWHM (min),SE-UHPLC FWHM,4,11,12.6,12.037199,0.7280961099999991,0.5120287534332107,0.2160673565667883
VIS_064,4,SE-UHPLC Main Peak FWHM (min),SE-UHPLC FWHM,4,12,30.1,27.3,0.7280961099999991,0.5120287534332107,0.2160673565667883
VIS_065,4,SE-UHPLC Main Peak FWHM (min),SE-UHPLC FWHM,4,13,25.6,29.86256,0.7280961099999991,0.5120287534332107,0.2160673565667883
VIS_066,4,SE-UHPLC Main Peak FWHM (min),SE-UHPLC FWHM,4,14,15.0,12.346476,0.7280961099999991,0.5120287534332107,0.2160673565667883
VIS_067,4,SE-UHPLC Main Peak FWHM (min),SE-UHPLC FWHM,4,15,9.9,10.581509,0.7280961099999991,0.5120287534332107,0.2160673565667883
VIS_068,4,SE-UHPLC Main Peak FWHM (min),SE-UHPLC FWHM,4,16,42.1,30.577028,0.7280961099999991,0.5120287534332107,0.2160673565667883
VIS_069,4,SE-UHPLC Main Peak FWHM (min),SE-UHPLC FWHM,4,17,16.8,14.982481,0.7280961099999991,0.5120287534332107,0.2160673565667883
VIS_070,4,SE-UHPLC Main Peak FWHM (min),SE-UHPLC FWHM,4,18,13.8,15.3,0.7280961099999991,0.5120287534332107,0.2160673565667883
VIS_071,4,SE-UHPLC Main Peak FWHM (min),SE-UHPLC FWHM,4,19,13.9,14.6,0.7280961099999991,0.5120287534332107,0.2160673565667883
VIS_072,4,SE-UHPLC Main Peak FWHM (min),SE-UHPLC FWHM,4,20,11.9,11.478894,0.7280961099999991,0.5120287534332107,0.2160673565667883
VIS_073,4,SE-UHPLC Main Peak FWHM (min),SE-UHPLC FWHM,4,21,11.4,15.0,0.7280961099999991,0.5120287534332107,0.2160673565667883
VIS_074,4,SE-UHPLC Main Peak FWHM (min),SE-UHPLC FWHM,4,22,15.2,33.27076,0.7280961099999991,0.5120287534332107,0.2160673565667883
VIS_052,4,SE-UHPLC Main Peak FWHM (min),SE-UHPLC FWHM,5,0,12.2,11.7,0.7280961099999991,0.6545764642455606,0.0735196457544384
VIS_053,4,SE-UHPLC Main Peak FWHM (min),SE-UHPLC FWHM,5,1,10.8,12.3787365,0.7280961099999991,0.6545764642455606,0.0735196457544384
VIS_054,4,SE-UHPLC Main Peak FWHM (min),SE-UHPLC FWHM,5,2,10.4,16.558743,0.7280961099999991,0.6545764642455606,0.0735196457544384
VIS_055,4,SE-UHPLC Main Peak FWHM (min),SE-UHPLC FWHM,5,3,17.8,19.328636,0.7280961099999991,0.6545764642455606,0.0735196457544384
VIS_056,4,SE-UHPLC Main Peak FWHM (min),SE-UHPLC FWHM,5,4,9.1,10.397674,0.7280961099999991,0.6545764642455606,0.0735196457544384
VIS_057,4,SE-UHPLC Main Peak FWHM (min),SE-UHPLC FWHM,5,5,40.0,48.8,0.7280961099999991,0.6545764642455606,0.0735196457544384
VIS_058,4,SE-UHPLC Main Peak FWHM (min),SE-UHPLC FWHM,5,6,10.8,10.9,0.7280961099999991,0.6545764642455606,0.0735196457544384
VIS_059,4,SE-UHPLC Main Peak FWHM (min),SE-UHPLC FWHM,5,7,7.6,10.9,0.7280961099999991,0.6545764642455606,0.0735196457544384
VIS_060,4,SE-UHPLC Main Peak FWHM (min),SE-UHPLC FWHM,5,8,20.1,19.789461,0.7280961099999991,0.6545764642455606,0.0735196457544384
VIS_061,4,SE-UHPLC Main Peak FWHM (min),SE-UHPLC FWHM,5,9,25.9,17.409473,0.7280961099999991,0.6545764642455606,0.0735196457544384
VIS_062,4,SE-UHPLC Main Peak FWHM (min),SE-UHPLC FWHM,5,10,8.4,10.9,0.7280961099999991,0.6545764642455606,0.0735196457544384
VIS_063,4,SE-UHPLC Main Peak FWHM (min),SE-UHPLC FWHM,5,11,12.6,12.1722975,0.7280961099999991,0.6545764642455606,0.0735196457544384
VIS_064,4,SE-UHPLC Main Peak FWHM (min),SE-UHPLC FWHM,5,12,30.1,26.704948,0.7280961099999991,0.6545764642455606,0.0735196457544384
VIS_065,4,SE-UHPLC Main Peak FWHM (min),SE-UHPLC FWHM,5,13,25.6,28.471222,0.7280961099999991,0.6545764642455606,0.0735196457544384
VIS_066,4,SE-UHPLC Main Peak FWHM (min),SE-UHPLC FWHM,5,14,15.0,12.714752,0.7280961099999991,0.6545764642455606,0.0735196457544384
VIS_067,4,SE-UHPLC Main Peak FWHM (min),SE-UHPLC FWHM,5,15,9.9,10.581509,0.7280961099999991,0.6545764642455606,0.0735196457544384
VIS_068,4,SE-UHPLC Main Peak FWHM (min),SE-UHPLC FWHM,5,16,42.1,31.8,0.7280961099999991,0.6545764642455606,0.0735196457544384
VIS_069,4,SE-UHPLC Main Peak FWHM (min),SE-UHPLC FWHM,5,17,16.8,14.894075,0.7280961099999991,0.6545764642455606,0.0735196457544384
VIS_070,4,SE-UHPLC Main Peak FWHM (min),SE-UHPLC FWHM,5,18,13.8,15.3,0.7280961099999991,0.6545764642455606,0.0735196457544384
VIS_071,4,SE-UHPLC Main Peak FWHM (min),SE-UHPLC FWHM,5,19,13.9,14.6,0.7280961099999991,0.6545764642455606,0.0735196457544384
VIS_072,4,SE-UHPLC Main Peak FWHM (min),SE-UHPLC FWHM,5,20,11.9,11.740145,0.7280961099999991,0.6545764642455606,0.0735196457544384
VIS_073,4,SE-UHPLC Main Peak FWHM (min),SE-UHPLC FWHM,5,21,11.4,15.0,0.7280961099999991,0.6545764642455606,0.0735196457544384
VIS_074,4,SE-UHPLC Main Peak FWHM (min),SE-UHPLC FWHM,5,22,15.2,33.47551,0.7280961099999991,0.6545764642455606,0.0735196457544384
VIS_052,4,SE-UHPLC Main Peak FWHM (min),SE-UHPLC FWHM,6,0,12.2,12.157425,0.7280961099999991,0.6817516853248999,0.0463444246750991
VIS_053,4,SE-UHPLC Main Peak FWHM (min),SE-UHPLC FWHM,6,1,10.8,11.89803,0.7280961099999991,0.6817516853248999,0.0463444246750991
VIS_054,4,SE-UHPLC Main Peak FWHM (min),SE-UHPLC FWHM,6,2,10.4,16.497904,0.7280961099999991,0.6817516853248999,0.0463444246750991
VIS_055,4,SE-UHPLC Main Peak FWHM (min),SE-UHPLC FWHM,6,3,17.8,18.831293,0.7280961099999991,0.6817516853248999,0.0463444246750991
VIS_056,4,SE-UHPLC Main Peak FWHM (min),SE-UHPLC FWHM,6,4,9.1,10.546065,0.7280961099999991,0.6817516853248999,0.0463444246750991
VIS_057,4,SE-UHPLC Main Peak FWHM (min),SE-UHPLC FWHM,6,5,40.0,48.8,0.7280961099999991,0.6817516853248999,0.0463444246750991
VIS_058,4,SE-UHPLC Main Peak FWHM (min),SE-UHPLC FWHM,6,6,10.8,10.475863,0.7280961099999991,0.6817516853248999,0.0463444246750991
VIS_059,4,SE-UHPLC Main Peak FWHM (min),SE-UHPLC FWHM,6,7,7.6,10.9,0.7280961099999991,0.6817516853248999,0.0463444246750991
VIS_060,4,SE-UHPLC Main Peak FWHM (min),SE-UHPLC FWHM,6,8,20.1,21.105412,0.7280961099999991,0.6817516853248999,0.0463444246750991
VIS_061,4,SE-UHPLC Main Peak FWHM (min),SE-UHPLC FWHM,6,9,25.9,17.231459,0.7280961099999991,0.6817516853248999,0.0463444246750991
VIS_062,4,SE-UHPLC Main Peak FWHM (min),SE-UHPLC FWHM,6,10,8.4,11.183659,0.7280961099999991,0.6817516853248999,0.0463444246750991
VIS_063,4,SE-UHPLC Main Peak FWHM (min),SE-UHPLC FWHM,6,11,12.6,12.145032,0.7280961099999991,0.6817516853248999,0.0463444246750991
VIS_064,4,SE-UHPLC Main Peak FWHM (min),SE-UHPLC FWHM,6,12,30.1,30.870316,0.7280961099999991,0.6817516853248999,0.0463444246750991
VIS_065,4,SE-UHPLC Main Peak FWHM (min),SE-UHPLC FWHM,6,13,25.6,29.529898,0.7280961099999991,0.6817516853248999,0.0463444246750991
VIS_066,4,SE-UHPLC Main Peak FWHM (min),SE-UHPLC FWHM,6,14,15.0,14.6,0.7280961099999991,0.6817516853248999,0.0463444246750991
VIS_067,4,SE-UHPLC Main Peak FWHM (min),SE-UHPLC FWHM,6,15,9.9,10.581509,0.7280961099999991,0.6817516853248999,0.0463444246750991
VIS_068,4,SE-UHPLC Main Peak FWHM (min),SE-UHPLC FWHM,6,16,42.1,31.8,0.7280961099999991,0.6817516853248999,0.0463444246750991
VIS_069,4,SE-UHPLC Main Peak FWHM (min),SE-UHPLC FWHM,6,17,16.8,14.8,0.7280961099999991,0.6817516853248999,0.0463444246750991
VIS_070,4,SE-UHPLC Main Peak FWHM (min),SE-UHPLC FWHM,6,18,13.8,15.328341,0.7280961099999991,0.6817516853248999,0.0463444246750991
VIS_071,4,SE-UHPLC Main Peak FWHM (min),SE-UHPLC FWHM,6,19,13.9,14.6,0.7280961099999991,0.6817516853248999,0.0463444246750991
VIS_072,4,SE-UHPLC Main Peak FWHM (min),SE-UHPLC FWHM,6,20,11.9,13.1,0.7280961099999991,0.6817516853248999,0.0463444246750991
VIS_073,4,SE-UHPLC Main Peak FWHM (min),SE-UHPLC FWHM,6,21,11.4,15.0,0.7280961099999991,0.6817516853248999,0.0463444246750991
VIS_074,4,SE-UHPLC Main Peak FWHM (min),SE-UHPLC FWHM,6,22,15.2,32.04287,0.7280961099999991,0.6817516853248999,0.0463444246750991
VIS_052,4,SE-UHPLC Main Peak FWHM (min),SE-UHPLC FWHM,7,0,12.2,10.9,0.7280961099999991,0.6952880129149691,0.0328080970850299
VIS_053,4,SE-UHPLC Main Peak FWHM (min),SE-UHPLC FWHM,7,1,10.8,10.9,0.7280961099999991,0.6952880129149691,0.0328080970850299
VIS_054,4,SE-UHPLC Main Peak FWHM (min),SE-UHPLC FWHM,7,2,10.4,16.591183,0.7280961099999991,0.6952880129149691,0.0328080970850299
VIS_055,4,SE-UHPLC Main Peak FWHM (min),SE-UHPLC FWHM,7,3,17.8,17.6,0.7280961099999991,0.6952880129149691,0.0328080970850299
VIS_056,4,SE-UHPLC Main Peak FWHM (min),SE-UHPLC FWHM,7,4,9.1,10.4,0.7280961099999991,0.6952880129149691,0.0328080970850299
VIS_057,4,SE-UHPLC Main Peak FWHM (min),SE-UHPLC FWHM,7,5,40.0,48.27904,0.7280961099999991,0.6952880129149691,0.0328080970850299
VIS_058,4,SE-UHPLC Main Peak FWHM (min),SE-UHPLC FWHM,7,6,10.8,10.9,0.7280961099999991,0.6952880129149691,0.0328080970850299
VIS_059,4,SE-UHPLC Main Peak FWHM (min),SE-UHPLC FWHM,7,7,7.6,10.9,0.7280961099999991,0.6952880129149691,0.0328080970850299
VIS_060,4,SE-UHPLC Main Peak FWHM (min),SE-UHPLC FWHM,7,8,20.1,21.08416,0.7280961099999991,0.6952880129149691,0.0328080970850299
VIS_061,4,SE-UHPLC Main Peak FWHM (min),SE-UHPLC FWHM,7,9,25.9,17.657944,0.7280961099999991,0.6952880129149691,0.0328080970850299
VIS_062,4,SE-UHPLC Main Peak FWHM (min),SE-UHPLC FWHM,7,10,8.4,10.9,0.7280961099999991,0.6952880129149691,0.0328080970850299
VIS_063,4,SE-UHPLC Main Peak FWHM (min),SE-UHPLC FWHM,7,11,12.6,12.162164,0.7280961099999991,0.6952880129149691,0.0328080970850299
VIS_064,4,SE-UHPLC Main Peak FWHM (min),SE-UHPLC FWHM,7,12,30.1,31.027435,0.7280961099999991,0.6952880129149691,0.0328080970850299
VIS_065,4,SE-UHPLC Main Peak FWHM (min),SE-UHPLC FWHM,7,13,25.6,29.529898,0.7280961099999991,0.6952880129149691,0.0328080970850299
VIS_066,4,SE-UHPLC Main Peak FWHM (min),SE-UHPLC FWHM,7,14,15.0,14.6,0.7280961099999991,0.6952880129149691,0.0328080970850299
VIS_067,4,SE-UHPLC Main Peak FWHM (min),SE-UHPLC FWHM,7,15,9.9,10.791134,0.7280961099999991,0.6952880129149691,0.0328080970850299
VIS_068,4,SE-UHPLC Main Peak FWHM (min),SE-UHPLC FWHM,7,16,42.1,31.906805,0.7280961099999991,0.6952880129149691,0.0328080970850299
VIS_069,4,SE-UHPLC Main Peak FWHM (min),SE-UHPLC FWHM,7,17,16.8,14.970142,0.7280961099999991,0.6952880129149691,0.0328080970850299
VIS_070,4,SE-UHPLC Main Peak FWHM (min),SE-UHPLC FWHM,7,18,13.8,15.3,0.7280961099999991,0.6952880129149691,0.0328080970850299
VIS_071,4,SE-UHPLC Main Peak FWHM (min),SE-UHPLC FWHM,7,19,13.9,12.285321,0.7280961099999991,0.6952880129149691,0.0328080970850299
VIS_072,4,SE-UHPLC Main Peak FWHM (min),SE-UHPLC FWHM,7,20,11.9,11.740145,0.7280961099999991,0.6952880129149691,0.0328080970850299
VIS_073,4,SE-UHPLC Main Peak FWHM (min),SE-UHPLC FWHM,7,21,11.4,15.0,0.7280961099999991,0.6952880129149691,0.0328080970850299
VIS_074,4,SE-UHPLC Main Peak FWHM (min),SE-UHPLC FWHM,7,22,15.2,31.8,0.7280961099999991,0.6952880129149691,0.0328080970850299
VIS_052,4,SE-UHPLC Main Peak FWHM (min),SE-UHPLC FWHM,8,0,12.2,12.153649,0.7280961099999991,0.6946155813352466,0.0334805286647524
VIS_053,4,SE-UHPLC Main Peak FWHM (min),SE-UHPLC FWHM,8,1,10.8,11.7,0.7280961099999991,0.6946155813352466,0.0334805286647524
VIS_054,4,SE-UHPLC Main Peak FWHM (min),SE-UHPLC FWHM,8,2,10.4,16.6,0.7280961099999991,0.6946155813352466,0.0334805286647524
VIS_055,4,SE-UHPLC Main Peak FWHM (min),SE-UHPLC FWHM,8,3,17.8,17.6,0.7280961099999991,0.6946155813352466,0.0334805286647524
VIS_056,4,SE-UHPLC Main Peak FWHM (min),SE-UHPLC FWHM,8,4,9.1,10.4,0.7280961099999991,0.6946155813352466,0.0334805286647524
VIS_057,4,SE-UHPLC Main Peak FWHM (min),SE-UHPLC FWHM,8,5,40.0,46.885468,0.7280961099999991,0.6946155813352466,0.0334805286647524
VIS_058,4,SE-UHPLC Main Peak FWHM (min),SE-UHPLC FWHM,8,6,10.8,10.9,0.7280961099999991,0.6946155813352466,0.0334805286647524
VIS_059,4,SE-UHPLC Main Peak FWHM (min),SE-UHPLC FWHM,8,7,7.6,10.4,0.7280961099999991,0.6946155813352466,0.0334805286647524
VIS_060,4,SE-UHPLC Main Peak FWHM (min),SE-UHPLC FWHM,8,8,20.1,19.789461,0.7280961099999991,0.6946155813352466,0.0334805286647524
VIS_061,4,SE-UHPLC Main Peak FWHM (min),SE-UHPLC FWHM,8,9,25.9,17.99966,0.7280961099999991,0.6946155813352466,0.0334805286647524
VIS_062,4,SE-UHPLC Main Peak FWHM (min),SE-UHPLC FWHM,8,10,8.4,10.9,0.7280961099999991,0.6946155813352466,0.0334805286647524
VIS_063,4,SE-UHPLC Main Peak FWHM (min),SE-UHPLC FWHM,8,11,12.6,12.162164,0.7280961099999991,0.6946155813352466,0.0334805286647524
VIS_064,4,SE-UHPLC Main Peak FWHM (min),SE-UHPLC FWHM,8,12,30.1,27.3,0.7280961099999991,0.6946155813352466,0.0334805286647524
VIS_065,4,SE-UHPLC Main Peak FWHM (min),SE-UHPLC FWHM,8,13,25.6,27.483538,0.7280961099999991,0.6946155813352466,0.0334805286647524
VIS_066,4,SE-UHPLC Main Peak FWHM (min),SE-UHPLC FWHM,8,14,15.0,14.8,0.7280961099999991,0.6946155813352466,0.0334805286647524
VIS_067,4,SE-UHPLC Main Peak FWHM (min),SE-UHPLC FWHM,8,15,9.9,11.7,0.7280961099999991,0.6946155813352466,0.0334805286647524
VIS_068,4,SE-UHPLC Main Peak FWHM (min),SE-UHPLC FWHM,8,16,42.1,31.8,0.7280961099999991,0.6946155813352466,0.0334805286647524
VIS_069,4,SE-UHPLC Main Peak FWHM (min),SE-UHPLC FWHM,8,17,16.8,14.917013,0.7280961099999991,0.6946155813352466,0.0334805286647524
VIS_070,4,SE-UHPLC Main Peak FWHM (min),SE-UHPLC FWHM,8,18,13.8,15.328341,0.7280961099999991,0.6946155813352466,0.0334805286647524
VIS_071,4,SE-UHPLC Main Peak FWHM (min),SE-UHPLC FWHM,8,19,13.9,12.064632,0.7280961099999991,0.6946155813352466,0.0334805286647524
VIS_072,4,SE-UHPLC Main Peak FWHM (min),SE-UHPLC FWHM,8,20,11.9,12.782127,0.7280961099999991,0.6946155813352466,0.0334805286647524
VIS_073,4,SE-UHPLC Main Peak FWHM (min),SE-UHPLC FWHM,8,21,11.4,14.830424,0.7280961099999991,0.6946155813352466,0.0334805286647524
VIS_074,4,SE-UHPLC Main Peak FWHM (min),SE-UHPLC FWHM,8,22,15.2,32.751713,0.7280961099999991,0.6946155813352466,0.0334805286647524
VIS_052,4,SE-UHPLC Main Peak FWHM (min),SE-UHPLC FWHM,9,0,12.2,12.112923,0.7280961099999991,0.6555738859851913,0.0725222240148077
VIS_053,4,SE-UHPLC Main Peak FWHM (min),SE-UHPLC FWHM,9,1,10.8,11.731675,0.7280961099999991,0.6555738859851913,0.0725222240148077
VIS_054,4,SE-UHPLC Main Peak FWHM (min),SE-UHPLC FWHM,9,2,10.4,16.57173,0.7280961099999991,0.6555738859851913,0.0725222240148077
VIS_055,4,SE-UHPLC Main Peak FWHM (min),SE-UHPLC FWHM,9,3,17.8,18.831293,0.7280961099999991,0.6555738859851913,0.0725222240148077
VIS_056,4,SE-UHPLC Main Peak FWHM (min),SE-UHPLC FWHM,9,4,9.1,10.410288,0.7280961099999991,0.6555738859851913,0.0725222240148077
VIS_057,4,SE-UHPLC Main Peak FWHM (min),SE-UHPLC FWHM,9,5,40.0,48.8,0.7280961099999991,0.6555738859851913,0.0725222240148077
VIS_058,4,SE-UHPLC Main Peak FWHM (min),SE-UHPLC FWHM,9,6,10.8,10.6,0.7280961099999991,0.6555738859851913,0.0725222240148077
VIS_059,4,SE-UHPLC Main Peak FWHM (min),SE-UHPLC FWHM,9,7,7.6,10.617533,0.7280961099999991,0.6555738859851913,0.0725222240148077
VIS_060,4,SE-UHPLC Main Peak FWHM (min),SE-UHPLC FWHM,9,8,20.1,21.197403,0.7280961099999991,0.6555738859851913,0.0725222240148077
VIS_061,4,SE-UHPLC Main Peak FWHM (min),SE-UHPLC FWHM,9,9,25.9,14.998604,0.7280961099999991,0.6555738859851913,0.0725222240148077
VIS_062,4,SE-UHPLC Main Peak FWHM (min),SE-UHPLC FWHM,9,10,8.4,11.183659,0.7280961099999991,0.6555738859851913,0.0725222240148077
VIS_063,4,SE-UHPLC Main Peak FWHM (min),SE-UHPLC FWHM,9,11,12.6,12.1160145,0.7280961099999991,0.6555738859851913,0.0725222240148077
VIS_064,4,SE-UHPLC Main Peak FWHM (min),SE-UHPLC FWHM,9,12,30.1,27.3,0.7280961099999991,0.6555738859851913,0.0725222240148077
VIS_065,4,SE-UHPLC Main Peak FWHM (min),SE-UHPLC FWHM,9,13,25.6,29.529898,0.7280961099999991,0.6555738859851913,0.0725222240148077
VIS_066,4,SE-UHPLC Main Peak FWHM (min),SE-UHPLC FWHM,9,14,15.0,12.346476,0.7280961099999991,0.6555738859851913,0.0725222240148077
VIS_067,4,SE-UHPLC Main Peak FWHM (min),SE-UHPLC FWHM,9,15,9.9,11.7,0.7280961099999991,0.6555738859851913,0.0725222240148077
VIS_068,4,SE-UHPLC Main Peak FWHM (min),SE-UHPLC FWHM,9,16,42.1,31.8,0.7280961099999991,0.6555738859851913,0.0725222240148077
VIS_069,4,SE-UHPLC Main Peak FWHM (min),SE-UHPLC FWHM,9,17,16.8,14.802301,0.7280961099999991,0.6555738859851913,0.0725222240148077
VIS_070,4,SE-UHPLC Main Peak FWHM (min),SE-UHPLC FWHM,9,18,13.8,15.3,0.7280961099999991,0.6555738859851913,0.0725222240148077
VIS_071,4,SE-UHPLC Main Peak FWHM (min),SE-UHPLC FWHM,9,19,13.9,12.177056,0.7280961099999991,0.6555738859851913,0.0725222240148077
VIS_072,4,SE-UHPLC Main Peak FWHM (min),SE-UHPLC FWHM,9,20,11.9,12.668465,0.7280961099999991,0.6555738859851913,0.0725222240148077
VIS_073,4,SE-UHPLC Main Peak FWHM (min),SE-UHPLC FWHM,9,21,11.4,15.028376,0.7280961099999991,0.6555738859851913,0.0725222240148077
VIS_074,4,SE-UHPLC Main Peak FWHM (min),SE-UHPLC FWHM,9,22,15.2,31.8,0.7280961099999991,0.6555738859851913,0.0725222240148077
VIS_052,4,SE-UHPLC Main Peak FWHM (min),SE-UHPLC FWHM,10,0,12.2,12.170609,0.7280961099999991,0.6482523792465683,0.0798437307534307
VIS_053,4,SE-UHPLC Main Peak FWHM (min),SE-UHPLC FWHM,10,1,10.8,12.183084,0.7280961099999991,0.6482523792465683,0.0798437307534307
VIS_054,4,SE-UHPLC Main Peak FWHM (min),SE-UHPLC FWHM,10,2,10.4,16.450445,0.7280961099999991,0.6482523792465683,0.0798437307534307
VIS_055,4,SE-UHPLC Main Peak FWHM (min),SE-UHPLC FWHM,10,3,17.8,18.831293,0.7280961099999991,0.6482523792465683,0.0798437307534307
VIS_056,4,SE-UHPLC Main Peak FWHM (min),SE-UHPLC FWHM,10,4,9.1,10.448468,0.7280961099999991,0.6482523792465683,0.0798437307534307
VIS_057,4,SE-UHPLC Main Peak FWHM (min),SE-UHPLC FWHM,10,5,40.0,48.8,0.7280961099999991,0.6482523792465683,0.0798437307534307
VIS_058,4,SE-UHPLC Main Peak FWHM (min),SE-UHPLC FWHM,10,6,10.8,11.681315,0.7280961099999991,0.6482523792465683,0.0798437307534307
VIS_059,4,SE-UHPLC Main Peak FWHM (min),SE-UHPLC FWHM,10,7,7.6,10.564529,0.7280961099999991,0.6482523792465683,0.0798437307534307
VIS_060,4,SE-UHPLC Main Peak FWHM (min),SE-UHPLC FWHM,10,8,20.1,14.6,0.7280961099999991,0.6482523792465683,0.0798437307534307
VIS_061,4,SE-UHPLC Main Peak FWHM (min),SE-UHPLC FWHM,10,9,25.9,17.99966,0.7280961099999991,0.6482523792465683,0.0798437307534307
VIS_062,4,SE-UHPLC Main Peak FWHM (min),SE-UHPLC FWHM,10,10,8.4,11.183659,0.7280961099999991,0.6482523792465683,0.0798437307534307
VIS_063,4,SE-UHPLC Main Peak FWHM (min),SE-UHPLC FWHM,10,11,12.6,12.1160145,0.7280961099999991,0.6482523792465683,0.0798437307534307
VIS_064,4,SE-UHPLC Main Peak FWHM (min),SE-UHPLC FWHM,10,12,30.1,27.3,0.7280961099999991,0.6482523792465683,0.0798437307534307
VIS_065,4,SE-UHPLC Main Peak FWHM (min),SE-UHPLC FWHM,10,13,25.6,29.533129,0.7280961099999991,0.6482523792465683,0.0798437307534307
VIS_066,4,SE-UHPLC Main Peak FWHM (min),SE-UHPLC FWHM,10,14,15.0,14.8,0.7280961099999991,0.6482523792465683,0.0798437307534307
VIS_067,4,SE-UHPLC Main Peak FWHM (min),SE-UHPLC FWHM,10,15,9.9,11.126541,0.7280961099999991,0.6482523792465683,0.0798437307534307
VIS_068,4,SE-UHPLC Main Peak FWHM (min),SE-UHPLC FWHM,10,16,42.1,31.131458,0.7280961099999991,0.6482523792465683,0.0798437307534307
VIS_069,4,SE-UHPLC Main Peak FWHM (min),SE-UHPLC FWHM,10,17,16.8,14.982481,0.7280961099999991,0.6482523792465683,0.0798437307534307
VIS_070,4,SE-UHPLC Main Peak FWHM (min),SE-UHPLC FWHM,10,18,13.8,15.3,0.7280961099999991,0.6482523792465683,0.0798437307534307
VIS_071,4,SE-UHPLC Main Peak FWHM (min),SE-UHPLC FWHM,10,19,13.9,12.4,0.7280961099999991,0.6482523792465683,0.0798437307534307
VIS_072,4,SE-UHPLC Main Peak FWHM (min),SE-UHPLC FWHM,10,20,11.9,12.782127,0.7280961099999991,0.6482523792465683,0.0798437307534307
VIS_073,4,SE-UHPLC Main Peak FWHM (min),SE-UHPLC FWHM,10,21,11.4,15.0,0.7280961099999991,0.6482523792465683,0.0798437307534307
VIS_074,4,SE-UHPLC Main Peak FWHM (min),SE-UHPLC FWHM,10,22,15.2,32.907124,0.7280961099999991,0.6482523792465683,0.0798437307534307
