endpoint,mode,pooling,fold,epoch,loss,val_loss
clearance,full,avg,1,1,0.19185419380664825,0.12852056324481964
clearance,full,avg,1,2,0.14421992003917694,0.15014062821865082
clearance,full,avg,1,3,0.1380254179239273,0.12274042516946793
clearance,full,avg,1,4,0.1286293864250183,0.12683530151844025
clearance,full,avg,1,5,0.12183194607496262,0.12247122079133987
clearance,full,avg,1,6,0.11776401847600937,0.11232811212539673
clearance,full,avg,1,7,0.11437536031007767,0.1175956279039383
clearance,full,avg,1,8,0.11160822957754135,0.11141777783632278
clearance,full,avg,1,9,0.10878853499889374,0.1114925742149353
clearance,full,avg,1,10,0.10716255754232407,0.10673733800649643
clearance,full,avg,1,11,0.10571274906396866,0.10531797260046005
clearance,full,avg,1,12,0.10350897908210754,0.10164758563041687
clearance,full,avg,1,13,0.10119229555130005,0.10552532970905304
clearance,full,avg,1,14,0.09970515221357346,0.10067768394947052
clearance,full,avg,1,15,0.09882667660713196,0.0986035093665123
clearance,full,avg,1,16,0.09681673347949982,0.09681624174118042
clearance,full,avg,1,17,0.09638088196516037,0.09785406291484833
clearance,full,avg,1,18,0.09548001736402512,0.09531859308481216
clearance,full,avg,1,19,0.0934348851442337,0.09121217578649521
clearance,full,avg,1,20,0.09183087199926376,0.10022527724504471
clearance,full,avg,1,21,0.09059539437294006,0.09259011596441269
clearance,full,avg,1,22,0.09103766828775406,0.09129176288843155
clearance,full,avg,1,23,0.08853398263454437,0.09838160872459412
clearance,full,avg,1,24,0.08929508179426193,0.08767998218536377
clearance,full,avg,1,25,0.0878266915678978,0.08889859914779663
clearance,full,avg,1,26,0.08851437270641327,0.0915270671248436
clearance,full,avg,1,27,0.08419333398342133,0.0874713882803917
clearance,full,avg,1,28,0.0841638371348381,0.08841463178396225
clearance,full,avg,1,29,0.08407559990882874,0.08692155033349991
clearance,full,avg,1,30,0.08213870227336884,0.0852464810013771
clearance,full,avg,1,31,0.08086831867694855,0.08404797315597534
clearance,full,avg,1,32,0.08067993074655533,0.08331295102834702
clearance,full,avg,1,33,0.07965807616710663,0.08235755562782288
clearance,full,avg,1,34,0.08067832142114639,0.08327612280845642
clearance,full,avg,1,35,0.07812143862247467,0.08241669833660126
clearance,full,avg,1,36,0.07763562351465225,0.08232899755239487
clearance,full,avg,1,37,0.07767277956008911,0.08097286522388458
clearance,full,avg,1,38,0.07667171955108643,0.08114606142044067
clearance,full,avg,1,39,0.07585510611534119,0.07981095463037491
clearance,full,avg,1,40,0.07614624500274658,0.07841850817203522
clearance,full,avg,1,41,0.07628487050533295,0.08003388345241547
clearance,full,avg,1,42,0.07996494323015213,0.07712334394454956
clearance,full,avg,1,43,0.0781579464673996,0.07347410172224045
clearance,full,avg,1,44,0.07585860788822174,0.08111636340618134
clearance,full,avg,1,45,0.07415912300348282,0.07441966235637665
clearance,full,avg,1,46,0.07500625401735306,0.07746822386980057
clearance,full,avg,1,47,0.07294974476099014,0.07901152223348618
clearance,full,avg,1,48,0.07273077964782715,0.07698143273591995
clearance,full,avg,1,49,0.07346348464488983,0.07409846782684326
clearance,full,avg,1,50,0.07045169174671173,0.0735696330666542
clearance,full,avg,1,51,0.0708332508802414,0.07525184005498886
clearance,full,avg,1,52,0.06939902156591415,0.07298773527145386
clearance,full,avg,1,53,0.06928688287734985,0.07488393783569336
clearance,full,avg,1,54,0.07068048417568207,0.07245198637247086
clearance,full,avg,1,55,0.07074954360723495,0.07203549891710281
clearance,full,avg,1,56,0.06858441978693008,0.0741722360253334
clearance,full,avg,1,57,0.06868042051792145,0.07006671279668808
clearance,full,avg,1,58,0.06697433441877365,0.07346447557210922
clearance,full,avg,1,59,0.0668727457523346,0.07079317420721054
clearance,full,avg,1,60,0.06611595302820206,0.07584357261657715
clearance,full,avg,1,61,0.06819615513086319,0.07005209475755692
clearance,full,avg,1,62,0.0672893151640892,0.07297751307487488
clearance,full,avg,1,63,0.06585956364870071,0.06737128645181656
clearance,full,avg,1,64,0.06731738895177841,0.06963249295949936
clearance,full,avg,1,65,0.06660455465316772,0.06804924458265305
clearance,full,avg,1,66,0.0657905787229538,0.06716436892747879
clearance,full,avg,1,67,0.06464750319719315,0.06957034021615982
clearance,full,avg,1,68,0.0655369758605957,0.068740114569664
clearance,full,avg,1,69,0.06440098583698273,0.06894777715206146
clearance,full,avg,1,70,0.06402415037155151,0.067190982401371
clearance,full,avg,1,71,0.06575147062540054,0.0661885067820549
clearance,full,avg,1,72,0.06831559538841248,0.06519584357738495
clearance,full,avg,1,73,0.0676950216293335,0.06992875784635544
clearance,full,avg,1,74,0.06293556839227676,0.066044382750988
clearance,full,avg,1,75,0.06376770883798599,0.06925579905509949
clearance,full,avg,1,76,0.06353535503149033,0.06436505913734436
clearance,full,avg,1,77,0.06212152913212776,0.0649837777018547
clearance,full,avg,1,78,0.0605630949139595,0.06653866171836853
clearance,full,avg,1,79,0.06074822321534157,0.06559310853481293
clearance,full,avg,1,80,0.060465384274721146,0.06753668189048767
clearance,full,avg,1,81,0.061518143862485886,0.06313690543174744
clearance,full,avg,1,82,0.06037188321352005,0.06166534498333931
clearance,full,avg,1,83,0.060438819229602814,0.06460065394639969
clearance,full,avg,1,84,0.05928317457437515,0.06289654225111008
clearance,full,avg,1,85,0.059031907469034195,0.06421749293804169
clearance,full,avg,1,86,0.058098357170820236,0.06183431297540665
clearance,full,avg,1,87,0.05796032398939133,0.06298013031482697
clearance,full,avg,1,88,0.05822352319955826,0.06199122220277786
clearance,full,avg,1,89,0.05919529125094414,0.06156572699546814
clearance,full,avg,1,90,0.05780194699764252,0.06223522126674652
clearance,full,avg,1,91,0.058908771723508835,0.06417872756719589
clearance,full,avg,1,92,0.057911988347768784,0.06409022957086563
clearance,full,avg,1,93,0.05971984565258026,0.0627121552824974
clearance,full,avg,1,94,0.05623544007539749,0.05926624312996864
clearance,full,avg,1,95,0.057014692574739456,0.060409657657146454
clearance,full,avg,1,96,0.0554925873875618,0.06411218643188477
clearance,full,avg,1,97,0.056528717279434204,0.06010885909199715
clearance,full,avg,1,98,0.0553336925804615,0.05936804413795471
clearance,full,avg,1,99,0.055401358753442764,0.05966809391975403
clearance,full,avg,1,100,0.055093228816986084,0.059367816895246506
clearance,full,avg,1,101,0.054812733083963394,0.05857717618346214
clearance,full,avg,1,102,0.05470616742968559,0.05957025662064552
clearance,full,avg,1,103,0.05517268553376198,0.06130046024918556
clearance,full,avg,1,104,0.05435355007648468,0.05907800793647766
clearance,full,avg,1,105,0.054459985345602036,0.059668730944395065
clearance,full,avg,1,106,0.05427269637584686,0.061036840081214905
clearance,full,avg,1,107,0.0538780651986599,0.05865783616900444
clearance,full,avg,1,108,0.05438074842095375,0.059543076902627945
clearance,full,avg,1,109,0.05386940389871597,0.06141466274857521
clearance,full,avg,1,110,0.05351725220680237,0.058677028864622116
clearance,full,avg,1,111,0.05339691787958145,0.05969974026083946
clearance,full,avg,1,112,0.05305543541908264,0.05962272360920906
clearance,full,avg,1,113,0.05318388715386391,0.059378232806921005
clearance,full,avg,1,114,0.05304558202624321,0.05942407250404358
clearance,full,avg,1,115,0.05298518016934395,0.06000598147511482
clearance,full,avg,1,116,0.052972931414842606,0.05864732339978218
clearance,full,avg,1,117,0.05280453339219093,0.058487921953201294
clearance,full,avg,1,118,0.05277816206216812,0.059324342757463455
clearance,full,avg,1,119,0.05262041464447975,0.05882708355784416
clearance,full,avg,1,120,0.0525507777929306,0.05798981711268425
clearance,full,avg,1,121,0.05234692245721817,0.058510102331638336
clearance,full,avg,1,122,0.0523170605301857,0.05863955616950989
clearance,full,avg,1,123,0.05225270241498947,0.05853889137506485
clearance,full,avg,1,124,0.05234762281179428,0.05763674154877663
clearance,full,avg,1,125,0.05211722478270531,0.05891254544258118
clearance,full,avg,1,126,0.05226660519838333,0.058555878698825836
clearance,full,avg,1,127,0.05204657465219498,0.05701671540737152
clearance,full,avg,1,128,0.05205940827727318,0.05846807733178139
clearance,full,avg,1,129,0.05216466635465622,0.05861695483326912
clearance,full,avg,1,130,0.05177255719900131,0.05727038159966469
clearance,full,avg,1,131,0.05177690088748932,0.058259472250938416
clearance,full,avg,1,132,0.05175890028476715,0.05996245518326759
clearance,full,avg,1,133,0.051716651767492294,0.05813722684979439
clearance,full,avg,1,134,0.05164886265993118,0.057903531938791275
clearance,full,avg,1,135,0.0515640564262867,0.05819912999868393
clearance,full,avg,1,136,0.05143466591835022,0.05909689888358116
clearance,full,avg,1,137,0.05136841535568237,0.058066971600055695
clearance,full,avg,1,138,0.051106177270412445,0.05800662934780121
clearance,full,avg,1,139,0.05107493698596954,0.058420516550540924
clearance,full,avg,1,140,0.051066137850284576,0.05767301097512245
clearance,full,avg,1,141,0.0511556975543499,0.057116903364658356
clearance,full,avg,1,142,0.05106096342206001,0.05739406496286392
clearance,full,avg,1,143,0.05092741176486015,0.056967537850141525
clearance,full,avg,1,144,0.0508698932826519,0.05748826637864113
clearance,full,avg,1,145,0.05091363936662674,0.057508789002895355
clearance,full,avg,1,146,0.05081779137253761,0.05740491673350334
clearance,full,avg,1,147,0.0507633350789547,0.057172998785972595
clearance,full,avg,1,148,0.050699055194854736,0.057305123656988144
clearance,full,avg,1,149,0.050683680921792984,0.05716767534613609
clearance,full,avg,1,150,0.0506412647664547,0.05711452662944794
clearance,full,avg,1,151,0.05063697323203087,0.057201988995075226
clearance,full,avg,1,152,0.05063115805387497,0.057293444871902466
clearance,full,avg,1,153,0.05059406906366348,0.05704609304666519
clearance,full,avg,1,154,0.05059425160288811,0.057172223925590515
clearance,full,avg,1,155,0.05059505254030228,0.05709628388285637
clearance,full,avg,1,156,0.050581950694322586,0.057575423270463943
clearance,full,avg,1,157,0.050550468266010284,0.05743666738271713
clearance,full,avg,1,158,0.0505080483853817,0.05712828040122986
clearance,full,avg,1,159,0.05046693980693817,0.057043153792619705
clearance,full,avg,1,160,0.050455644726753235,0.0570213757455349
clearance,full,avg,1,161,0.05047153681516647,0.056959301233291626
clearance,full,avg,1,162,0.050437603145837784,0.05709003657102585
clearance,full,avg,1,163,0.05041242763400078,0.057131677865982056
clearance,full,avg,1,164,0.05042320489883423,0.057294346392154694
clearance,full,avg,1,165,0.050443537533283234,0.05745299905538559
clearance,full,avg,1,166,0.05041149631142616,0.05734147131443024
clearance,full,avg,1,167,0.05041620135307312,0.05715814232826233
clearance,full,avg,1,168,0.05037064477801323,0.057146113365888596
clearance,full,avg,1,169,0.0503789447247982,0.0570511519908905
clearance,full,avg,1,170,0.05036550760269165,0.057038065046072006
clearance,full,avg,1,171,0.050359226763248444,0.05703306198120117
clearance,full,avg,1,172,0.05035245418548584,0.05696338787674904
clearance,full,avg,1,173,0.0503515787422657,0.05692756175994873
clearance,full,avg,1,174,0.050344716757535934,0.05698079615831375
clearance,full,avg,1,175,0.05033354461193085,0.05697764456272125
clearance,full,avg,1,176,0.050335511565208435,0.05702344328165054
clearance,full,avg,1,177,0.05031748116016388,0.05704812332987785
clearance,full,avg,1,178,0.05031226947903633,0.05707947164773941
clearance,full,avg,1,179,0.05031156167387962,0.05714186280965805
clearance,full,avg,1,180,0.050314974039793015,0.05717078596353531
clearance,full,avg,1,181,0.050317466259002686,0.057200122624635696
clearance,full,avg,1,182,0.05030939728021622,0.05716835707426071
clearance,full,avg,1,183,0.05030500143766403,0.05711933597922325
clearance,full,avg,1,184,0.050302814692258835,0.05709732323884964
clearance,full,avg,1,185,0.05029863119125366,0.057084109634160995
clearance,full,avg,1,186,0.05029832571744919,0.05711465701460838
clearance,full,avg,1,187,0.050294678658246994,0.0571163147687912
clearance,full,avg,1,188,0.05029138922691345,0.05711522698402405
clearance,full,avg,1,189,0.05029122531414032,0.057102397084236145
clearance,full,avg,1,190,0.05028822273015976,0.0571056567132473
clearance,full,avg,1,191,0.05028627812862396,0.05711687356233597
clearance,full,avg,1,192,0.050286371260881424,0.05711933225393295
clearance,full,avg,1,193,0.050283513963222504,0.05709255859255791
clearance,full,avg,2,1,0.6596007943153381,0.4991893768310547
clearance,full,avg,2,2,0.43517476320266724,0.1677321493625641
clearance,full,avg,2,3,0.19988830387592316,0.22464531660079956
clearance,full,avg,2,4,0.17488917708396912,0.1292192041873932
clearance,full,avg,2,5,0.13775905966758728,0.13723108172416687
clearance,full,avg,2,6,0.13316349685192108,0.11723416298627853
clearance,full,avg,2,7,0.1202475056052208,0.12246886640787125
clearance,full,avg,2,8,0.1210034191608429,0.11641460657119751
clearance,full,avg,2,9,0.1136813834309578,0.11466949433088303
clearance,full,avg,2,10,0.11179152876138687,0.11419674754142761
clearance,full,avg,2,11,0.10882914066314697,0.11212463676929474
clearance,full,avg,2,12,0.10686800628900528,0.1085396483540535
clearance,full,avg,2,13,0.1061195433139801,0.10677531361579895
clearance,full,avg,2,14,0.10340268909931183,0.1080775335431099
clearance,full,avg,2,15,0.10296008735895157,0.1065680980682373
clearance,full,avg,2,16,0.10122394561767578,0.1042509451508522
clearance,full,avg,2,17,0.10121381282806396,0.10378215461969376
clearance,full,avg,2,18,0.09965342283248901,0.10407454520463943
clearance,full,avg,2,19,0.09842156618833542,0.10175055265426636
clearance,full,avg,2,20,0.09759633243083954,0.09935607761144638
clearance,full,avg,2,21,0.09630952030420303,0.09843405336141586
clearance,full,avg,2,22,0.09617642313241959,0.09736494719982147
clearance,full,avg,2,23,0.09429758787155151,0.09737371653318405
clearance,full,avg,2,24,0.09444238990545273,0.09746252000331879
clearance,full,avg,2,25,0.09327714890241623,0.09590192884206772
clearance,full,avg,2,26,0.09284117817878723,0.09881206601858139
clearance,full,avg,2,27,0.09269949793815613,0.094924196600914
clearance,full,avg,2,28,0.09335003793239594,0.09329909086227417
clearance,full,avg,2,29,0.09164568781852722,0.09333272278308868
clearance,full,avg,2,30,0.09023405611515045,0.09183774888515472
clearance,full,avg,2,31,0.09023034572601318,0.09263461083173752
clearance,full,avg,2,32,0.08923555165529251,0.09480814635753632
clearance,full,avg,2,33,0.08976181596517563,0.0899326279759407
clearance,full,avg,2,34,0.08796707540750504,0.08904009312391281
clearance,full,avg,2,35,0.08941666036844254,0.0902789905667305
clearance,full,avg,2,36,0.0872001200914383,0.08896427601575851
clearance,full,avg,2,37,0.08667267113924026,0.08822087198495865
clearance,full,avg,2,38,0.08741872757673264,0.08819684386253357
clearance,full,avg,2,39,0.08589485287666321,0.09205096960067749
clearance,full,avg,2,40,0.08512519299983978,0.08738461136817932
clearance,full,avg,2,41,0.08543584495782852,0.08655999600887299
clearance,full,avg,2,42,0.08919519186019897,0.08612895756959915
clearance,full,avg,2,43,0.0843469500541687,0.09585340321063995
clearance,full,avg,2,44,0.08627645671367645,0.08962655067443848
clearance,full,avg,2,45,0.08449802547693253,0.08625610917806625
clearance,full,avg,2,46,0.0850449949502945,0.0841461643576622
clearance,full,avg,2,47,0.08298574388027191,0.08400452136993408
clearance,full,avg,2,48,0.08232837915420532,0.08479451388120651
clearance,full,avg,2,49,0.08150487393140793,0.08604483306407928
clearance,full,avg,2,50,0.08171702176332474,0.08416420221328735
clearance,full,avg,2,51,0.08113789558410645,0.08324267715215683
clearance,full,avg,2,52,0.08056123554706573,0.08245284110307693
clearance,full,avg,2,53,0.08013951778411865,0.08355836570262909
clearance,full,avg,2,54,0.08062472939491272,0.08209443092346191
clearance,full,avg,2,55,0.08063402771949768,0.0813029557466507
clearance,full,avg,2,56,0.08054235577583313,0.08548605442047119
clearance,full,avg,2,57,0.0800274908542633,0.08410729467868805
clearance,full,avg,2,58,0.08052858710289001,0.08154928684234619
clearance,full,avg,2,59,0.07982479780912399,0.08174672722816467
clearance,full,avg,2,60,0.07864218950271606,0.07897599041461945
clearance,full,avg,2,61,0.08022531121969223,0.07977645099163055
clearance,full,avg,2,62,0.07893680036067963,0.07960847020149231
clearance,full,avg,2,63,0.07859697937965393,0.08137892186641693
clearance,full,avg,2,64,0.07877233624458313,0.07926514744758606
clearance,full,avg,2,65,0.07952871173620224,0.07877998054027557
clearance,full,avg,2,66,0.07786978036165237,0.08301781862974167
clearance,full,avg,2,67,0.0786626860499382,0.08141237497329712
clearance,full,avg,2,68,0.07658454030752182,0.0776410698890686
clearance,full,avg,2,69,0.07633549720048904,0.07893603295087814
clearance,full,avg,2,70,0.07841353118419647,0.07818177342414856
clearance,full,avg,2,71,0.07611022144556046,0.07678307592868805
clearance,full,avg,2,72,0.07620874792337418,0.07922308892011642
clearance,full,avg,2,73,0.07582729309797287,0.07912704348564148
clearance,full,avg,2,74,0.07525481283664703,0.07717190682888031
clearance,full,avg,2,75,0.0761914998292923,0.07920971512794495
clearance,full,avg,2,76,0.07398637384176254,0.07570495456457138
clearance,full,avg,2,77,0.07634910196065903,0.07707111537456512
clearance,full,avg,2,78,0.07727603614330292,0.08179982006549835
clearance,full,avg,2,79,0.07584632933139801,0.07793506234884262
clearance,full,avg,2,80,0.07460027933120728,0.0784498006105423
clearance,full,avg,2,81,0.07344093918800354,0.07438839226961136
clearance,full,avg,2,82,0.0733235776424408,0.07515037804841995
clearance,full,avg,2,83,0.07272368669509888,0.0764346569776535
clearance,full,avg,2,84,0.07212474197149277,0.0760410726070404
clearance,full,avg,2,85,0.07182791084051132,0.07444638013839722
clearance,full,avg,2,86,0.07192111760377884,0.07337789237499237
clearance,full,avg,2,87,0.07183259725570679,0.0743887796998024
clearance,full,avg,2,88,0.07236313819885254,0.07777952402830124
clearance,full,avg,2,89,0.07147975265979767,0.0746956318616867
clearance,full,avg,2,90,0.07195860147476196,0.07394455373287201
clearance,full,avg,2,91,0.0714544802904129,0.07402019947767258
clearance,full,avg,2,92,0.0707499086856842,0.07265641540288925
clearance,full,avg,2,93,0.07037347555160522,0.07472719997167587
clearance,full,avg,2,94,0.07137475907802582,0.07243578135967255
clearance,full,avg,2,95,0.07124674320220947,0.07022512704133987
clearance,full,avg,2,96,0.07164479047060013,0.07798222452402115
clearance,full,avg,2,97,0.07147881388664246,0.0710686519742012
clearance,full,avg,2,98,0.07084176689386368,0.07022859156131744
clearance,full,avg,2,99,0.06954102963209152,0.07068668305873871
clearance,full,avg,2,100,0.06934041529893875,0.071800097823143
clearance,full,avg,2,101,0.06846203655004501,0.07346703112125397
clearance,full,avg,2,102,0.06925550848245621,0.06989914923906326
clearance,full,avg,2,103,0.0694689005613327,0.07016201317310333
clearance,full,avg,2,104,0.06899793446063995,0.07118041068315506
clearance,full,avg,2,105,0.06815177202224731,0.06850247830152512
clearance,full,avg,2,106,0.06770467013120651,0.07143253087997437
clearance,full,avg,2,107,0.06926899403333664,0.07162100076675415
clearance,full,avg,2,108,0.06743764877319336,0.07422143220901489
clearance,full,avg,2,109,0.06903136521577835,0.0684613585472107
clearance,full,avg,2,110,0.06651108711957932,0.06808530539274216
clearance,full,avg,2,111,0.06672079861164093,0.0698450580239296
clearance,full,avg,2,112,0.06647450476884842,0.07094518095254898
clearance,full,avg,2,113,0.0663769543170929,0.06802546977996826
clearance,full,avg,2,114,0.06686431914567947,0.06752026826143265
clearance,full,avg,2,115,0.06827592849731445,0.06917917728424072
clearance,full,avg,2,116,0.06657238304615021,0.0722002163529396
clearance,full,avg,2,117,0.06562468409538269,0.06945079565048218
clearance,full,avg,2,118,0.06569775938987732,0.07059158384799957
clearance,full,avg,2,119,0.06595282256603241,0.06982021033763885
clearance,full,avg,2,120,0.06526948511600494,0.0672241747379303
clearance,full,avg,2,121,0.0645061731338501,0.06770545244216919
clearance,full,avg,2,122,0.06557102501392365,0.06691045314073563
clearance,full,avg,2,123,0.06530141085386276,0.06586966663599014
clearance,full,avg,2,124,0.06718440353870392,0.06706750392913818
clearance,full,avg,2,125,0.06705790013074875,0.06695494800806046
clearance,full,avg,2,126,0.06696920841932297,0.07315418124198914
clearance,full,avg,2,127,0.06464988738298416,0.06456565856933594
clearance,full,avg,2,128,0.06555314362049103,0.06632981449365616
clearance,full,avg,2,129,0.06380404531955719,0.06933718174695969
clearance,full,avg,2,130,0.06299149990081787,0.06721209734678268
clearance,full,avg,2,131,0.06293339282274246,0.0683748796582222
clearance,full,avg,2,132,0.06279747933149338,0.06500005722045898
clearance,full,avg,2,133,0.06238662078976631,0.06631337106227875
clearance,full,avg,2,134,0.06338560581207275,0.06673913449048996
clearance,full,avg,2,135,0.06161371245980263,0.06385472416877747
clearance,full,avg,2,136,0.06139844283461571,0.06425182521343231
clearance,full,avg,2,137,0.0613606758415699,0.06396940350532532
clearance,full,avg,2,138,0.062376897782087326,0.06418020278215408
clearance,full,avg,2,139,0.060667023062705994,0.06823267787694931
clearance,full,avg,2,140,0.0636952817440033,0.06461869925260544
clearance,full,avg,2,141,0.06504645943641663,0.06389997154474258
clearance,full,avg,2,142,0.06477411091327667,0.06819302588701248
clearance,full,avg,2,143,0.060811251401901245,0.06556425243616104
clearance,full,avg,2,144,0.06329485028982162,0.06884966045618057
clearance,full,avg,2,145,0.06187733635306358,0.06432805955410004
clearance,full,avg,2,146,0.05987483635544777,0.06403916329145432
clearance,full,avg,2,147,0.05979658290743828,0.06486406177282333
clearance,full,avg,2,148,0.05964268743991852,0.06456667184829712
clearance,full,avg,2,149,0.05959286913275719,0.06356829404830933
clearance,full,avg,2,150,0.06005382165312767,0.062391288578510284
clearance,full,avg,2,151,0.059085264801979065,0.06509479135274887
clearance,full,avg,2,152,0.05982934683561325,0.06523552536964417
clearance,full,avg,2,153,0.058939311653375626,0.06386959552764893
clearance,full,avg,2,154,0.05945724993944168,0.06305905431509018
clearance,full,avg,2,155,0.0591229684650898,0.06376548111438751
clearance,full,avg,2,156,0.059140127152204514,0.06266912817955017
clearance,full,avg,2,157,0.05849934369325638,0.06134447082877159
clearance,full,avg,2,158,0.05868880823254585,0.06044645234942436
clearance,full,avg,2,159,0.05847855657339096,0.06120411679148674
clearance,full,avg,2,160,0.05829315260052681,0.06169719621539116
clearance,full,avg,2,161,0.05793851986527443,0.062188904732465744
clearance,full,avg,2,162,0.05797964334487915,0.06277532875537872
clearance,full,avg,2,163,0.058081913739442825,0.06173919141292572
clearance,full,avg,2,164,0.05818440020084381,0.06090407446026802
clearance,full,avg,2,165,0.057757992297410965,0.06106451526284218
clearance,full,avg,2,166,0.057707738131284714,0.062037143856287
clearance,full,avg,2,167,0.05810036137700081,0.061453960835933685
clearance,full,avg,2,168,0.057552270591259,0.061007652431726456
clearance,full,avg,2,169,0.05732978507876396,0.061542805284261703
clearance,full,avg,2,170,0.05708896741271019,0.06101018562912941
clearance,full,avg,2,171,0.05707700923085213,0.06180952489376068
clearance,full,avg,2,172,0.0572233684360981,0.062055785208940506
clearance,full,avg,2,173,0.056914981454610825,0.061123237013816833
clearance,full,avg,2,174,0.05701441690325737,0.06096942350268364
clearance,full,avg,2,175,0.05697257071733475,0.06105467304587364
clearance,full,avg,2,176,0.05671113729476929,0.060404643416404724
clearance,full,avg,2,177,0.05682102218270302,0.06024855002760887
clearance,full,avg,2,178,0.05652335658669472,0.061674125492572784
clearance,full,avg,2,179,0.05696946755051613,0.06180890277028084
clearance,full,avg,2,180,0.05656791105866432,0.06037275865674019
clearance,full,avg,2,181,0.056763458997011185,0.06099717691540718
clearance,full,avg,2,182,0.05637188255786896,0.06271334737539291
clearance,full,avg,2,183,0.05672328919172287,0.06280113756656647
clearance,full,avg,2,184,0.056609537452459335,0.06093757227063179
clearance,full,avg,2,185,0.05649779364466667,0.059708625078201294
clearance,full,avg,2,186,0.056387972086668015,0.0604177862405777
clearance,full,avg,2,187,0.05615155026316643,0.061401478946208954
clearance,full,avg,2,188,0.056332215666770935,0.06129128858447075
clearance,full,avg,2,189,0.0562090128660202,0.06038655340671539
clearance,full,avg,2,190,0.05626901611685753,0.06007053703069687
clearance,full,avg,2,191,0.05608414486050606,0.06041627749800682
clearance,full,avg,2,192,0.05592605471611023,0.06193483620882034
clearance,full,avg,2,193,0.0563286691904068,0.06167459487915039
clearance,full,avg,2,194,0.055727679282426834,0.06023993343114853
clearance,full,avg,2,195,0.05671273544430733,0.05980875343084335
clearance,full,avg,2,196,0.05612456798553467,0.05979546532034874
clearance,full,avg,2,197,0.055654995143413544,0.06004410609602928
clearance,full,avg,2,198,0.055577073246240616,0.0601448118686676
clearance,full,avg,2,199,0.055587973445653915,0.0594794824719429
clearance,full,avg,2,200,0.055619124323129654,0.059132520109415054
clearance,full,avg,2,201,0.05573847144842148,0.059112515300512314
clearance,full,avg,2,202,0.055767666548490524,0.05905027315020561
clearance,full,avg,2,203,0.05567097291350365,0.05930620804429054
clearance,full,avg,2,204,0.05550536513328552,0.06020113825798035
clearance,full,avg,2,205,0.055489007383584976,0.06066955626010895
clearance,full,avg,2,206,0.05541951581835747,0.0598553903400898
clearance,full,avg,2,207,0.05532542243599892,0.059301313012838364
clearance,full,avg,2,208,0.055343370884656906,0.059332411736249924
clearance,full,avg,2,209,0.055309176445007324,0.05975772440433502
clearance,full,avg,2,210,0.05529150739312172,0.06020674109458923
clearance,full,avg,2,211,0.055192962288856506,0.06020209938287735
clearance,full,avg,2,212,0.05516260862350464,0.06044996529817581
clearance,full,avg,2,213,0.05513628199696541,0.06050177291035652
clearance,full,avg,2,214,0.05510322004556656,0.06031860411167145
clearance,full,avg,2,215,0.05509939044713974,0.06014607846736908
clearance,full,avg,2,216,0.055076777935028076,0.05964469164609909
clearance,full,avg,2,217,0.055077314376831055,0.05970996245741844
clearance,full,avg,2,218,0.05504527688026428,0.05995155870914459
clearance,full,avg,2,219,0.0550832636654377,0.06025896966457367
clearance,full,avg,2,220,0.05502632260322571,0.06024634838104248
clearance,full,avg,2,221,0.055006928741931915,0.060220155864953995
clearance,full,avg,2,222,0.054975833743810654,0.06019170209765434
clearance,full,avg,3,1,0.5072887539863586,0.16394853591918945
clearance,full,avg,3,2,0.17881934344768524,0.12967665493488312
clearance,full,avg,3,3,0.13918960094451904,0.14127621054649353
clearance,full,avg,3,4,0.13964317739009857,0.1232181265950203
clearance,full,avg,3,5,0.13276930153369904,0.12284284830093384
clearance,full,avg,3,6,0.12422734498977661,0.12527334690093994
clearance,full,avg,3,7,0.12311255186796188,0.11784511804580688
clearance,full,avg,3,8,0.11629050970077515,0.11493080109357834
clearance,full,avg,3,9,0.11670684069395065,0.11107663065195084
clearance,full,avg,3,10,0.11294801533222198,0.11103499680757523
clearance,full,avg,3,11,0.11181367933750153,0.10642782598733902
clearance,full,avg,3,12,0.10943684726953506,0.10532993823289871
clearance,full,avg,3,13,0.10779193043708801,0.10453543066978455
clearance,full,avg,3,14,0.10725141316652298,0.10462850332260132
clearance,full,avg,3,15,0.1053122729063034,0.1029200404882431
clearance,full,avg,3,16,0.10504722595214844,0.10244536399841309
clearance,full,avg,3,17,0.10236883908510208,0.09985832870006561
clearance,full,avg,3,18,0.10119368880987167,0.10028957575559616
clearance,full,avg,3,19,0.10021908581256866,0.09818070381879807
clearance,full,avg,3,20,0.09794556349515915,0.09764651954174042
clearance,full,avg,3,21,0.09700070321559906,0.09673572331666946
clearance,full,avg,3,22,0.09577679634094238,0.09588319063186646
clearance,full,avg,3,23,0.09531752020120621,0.09710749238729477
clearance,full,avg,3,24,0.09515108913183212,0.09529092907905579
clearance,full,avg,3,25,0.09317300468683243,0.09654358774423599
clearance,full,avg,3,26,0.09145735949277878,0.09496457129716873
clearance,full,avg,3,27,0.09289079904556274,0.09438110142946243
clearance,full,avg,3,28,0.08995557576417923,0.09325363487005234
clearance,full,avg,3,29,0.0896100401878357,0.095120370388031
clearance,full,avg,3,30,0.08959276229143143,0.09235426783561707
clearance,full,avg,3,31,0.08871112763881683,0.09362203627824783
clearance,full,avg,3,32,0.08704683184623718,0.0921197161078453
clearance,full,avg,3,33,0.08797506988048553,0.09688260406255722
clearance,full,avg,3,34,0.08872189372777939,0.09111151844263077
clearance,full,avg,3,35,0.08554530888795853,0.09182506799697876
clearance,full,avg,3,36,0.08727795630693436,0.08941241353750229
clearance,full,avg,3,37,0.08698535710573196,0.09185979515314102
clearance,full,avg,3,38,0.08497322350740433,0.08755047619342804
clearance,full,avg,3,39,0.0837579220533371,0.08760741353034973
clearance,full,avg,3,40,0.08281479775905609,0.08640037477016449
clearance,full,avg,3,41,0.0836486890912056,0.08694478124380112
clearance,full,avg,3,42,0.0830143541097641,0.08530990779399872
clearance,full,avg,3,43,0.08076566457748413,0.08498114347457886
clearance,full,avg,3,44,0.0799264907836914,0.08524960279464722
clearance,full,avg,3,45,0.08036790788173676,0.08460825681686401
clearance,full,avg,3,46,0.08034595847129822,0.08400756120681763
clearance,full,avg,3,47,0.0796036645770073,0.08411578088998795
clearance,full,avg,3,48,0.07853560894727707,0.08392718434333801
clearance,full,avg,3,49,0.07839164137840271,0.08342329412698746
clearance,full,avg,3,50,0.07757849991321564,0.083171546459198
clearance,full,avg,3,51,0.07742670923471451,0.08263513445854187
clearance,full,avg,3,52,0.07662320882081985,0.08222202956676483
clearance,full,avg,3,53,0.07625696063041687,0.08168914169073105
clearance,full,avg,3,54,0.0757855623960495,0.0812123566865921
clearance,full,avg,3,55,0.07502798736095428,0.0814887285232544
clearance,full,avg,3,56,0.07569856196641922,0.08080212026834488
clearance,full,avg,3,57,0.07568419724702835,0.08012496680021286
clearance,full,avg,3,58,0.07490652799606323,0.0803804099559784
clearance,full,avg,3,59,0.07430105656385422,0.07901661843061447
clearance,full,avg,3,60,0.07381265610456467,0.0797726958990097
clearance,full,avg,3,61,0.0732535719871521,0.07854612171649933
clearance,full,avg,3,62,0.07296029478311539,0.07878368347883224
clearance,full,avg,3,63,0.07255925238132477,0.07840818166732788
clearance,full,avg,3,64,0.07340402156114578,0.084029421210289
clearance,full,avg,3,65,0.07582146674394608,0.0813046470284462
clearance,full,avg,3,66,0.0753602534532547,0.08008557558059692
clearance,full,avg,3,67,0.07246138900518417,0.07744677364826202
clearance,full,avg,3,68,0.07239072769880295,0.07798007875680923
clearance,full,avg,3,69,0.07091934978961945,0.07655159384012222
clearance,full,avg,3,70,0.07134164869785309,0.07658597081899643
clearance,full,avg,3,71,0.07018119841814041,0.07618635147809982
clearance,full,avg,3,72,0.07025976479053497,0.07579528540372849
clearance,full,avg,3,73,0.06965816766023636,0.07470587641000748
clearance,full,avg,3,74,0.07164332270622253,0.07487042993307114
clearance,full,avg,3,75,0.07390880584716797,0.07734933495521545
clearance,full,avg,3,76,0.07371395826339722,0.07351210713386536
clearance,full,avg,3,77,0.07281123101711273,0.07387559860944748
clearance,full,avg,3,78,0.07117059081792831,0.07247494906187057
clearance,full,avg,3,79,0.07272568345069885,0.0720025897026062
clearance,full,avg,3,80,0.07366687804460526,0.07342257350683212
clearance,full,avg,3,81,0.06914012879133224,0.0734131708741188
clearance,full,avg,3,82,0.06842723488807678,0.07299993187189102
clearance,full,avg,3,83,0.06783081591129303,0.07210377603769302
clearance,full,avg,3,84,0.06793016195297241,0.07117494195699692
clearance,full,avg,3,85,0.06769873946905136,0.07112931460142136
clearance,full,avg,3,86,0.06624411046504974,0.07143159955739975
clearance,full,avg,3,87,0.0660168007016182,0.07210222631692886
clearance,full,avg,3,88,0.06573375314474106,0.072307288646698
clearance,full,avg,3,89,0.06564828753471375,0.07206575572490692
clearance,full,avg,3,90,0.06590088456869125,0.07115022838115692
clearance,full,avg,3,91,0.06545733660459518,0.07107238471508026
clearance,full,avg,3,92,0.06526926159858704,0.0706201046705246
clearance,full,avg,3,93,0.06508807092905045,0.06966636329889297
clearance,full,avg,3,94,0.0640786662697792,0.06969431042671204
clearance,full,avg,3,95,0.0640978291630745,0.06968260556459427
clearance,full,avg,3,96,0.0645575299859047,0.06958181411027908
clearance,full,avg,3,97,0.06408711522817612,0.06946740299463272
clearance,full,avg,3,98,0.06378429383039474,0.06928390264511108
clearance,full,avg,3,99,0.06380274891853333,0.06930088251829147
clearance,full,avg,3,100,0.06256411969661713,0.06892644613981247
clearance,full,avg,3,101,0.062462419271469116,0.0691160261631012
clearance,full,avg,3,102,0.06326310336589813,0.06892372667789459
clearance,full,avg,3,103,0.06468906253576279,0.07078147679567337
clearance,full,avg,3,104,0.0641370639204979,0.06866750866174698
clearance,full,avg,3,105,0.06379377841949463,0.06827706098556519
clearance,full,avg,3,106,0.06392694264650345,0.06716586649417877
clearance,full,avg,3,107,0.06343919038772583,0.06688579171895981
clearance,full,avg,3,108,0.06538569182157516,0.06644803285598755
clearance,full,avg,3,109,0.06536919623613358,0.06655760109424591
clearance,full,avg,3,110,0.06972619146108627,0.06663570553064346
clearance,full,avg,3,111,0.06756708770990372,0.06647363305091858
clearance,full,avg,3,112,0.06361456215381622,0.07018566131591797
clearance,full,avg,3,113,0.06341253966093063,0.07001934200525284
clearance,full,avg,3,114,0.0631394311785698,0.070058673620224
clearance,full,avg,3,115,0.06266884505748749,0.06696807593107224
clearance,full,avg,3,116,0.06243180111050606,0.06655801832675934
clearance,full,avg,3,117,0.06566549092531204,0.06733573228120804
clearance,full,avg,3,118,0.06379587948322296,0.06929570436477661
clearance,full,avg,3,119,0.06140851974487305,0.06600948423147202
clearance,full,avg,3,120,0.06182282790541649,0.06629012525081635
clearance,full,avg,3,121,0.0597786046564579,0.06688390672206879
clearance,full,avg,3,122,0.06033361330628395,0.06564494222402573
clearance,full,avg,3,123,0.060222260653972626,0.06701254099607468
clearance,full,avg,3,124,0.05975158140063286,0.06646829843521118
clearance,full,avg,3,125,0.05908690765500069,0.0656699538230896
clearance,full,avg,3,126,0.0584169402718544,0.06532755494117737
clearance,full,avg,3,127,0.05823152884840965,0.06523270905017853
clearance,full,avg,3,128,0.058523256331682205,0.06527795642614365
clearance,full,avg,3,129,0.058477628976106644,0.06553298234939575
clearance,full,avg,3,130,0.05790038779377937,0.0653281956911087
clearance,full,avg,3,131,0.05818098410964012,0.06548087298870087
clearance,full,avg,3,132,0.05786940082907677,0.06550571322441101
clearance,full,avg,3,133,0.058255694806575775,0.06493650376796722
clearance,full,avg,3,134,0.05746513977646828,0.0648941770195961
clearance,full,avg,3,135,0.057287223637104034,0.06480097025632858
clearance,full,avg,3,136,0.057286087423563004,0.06466827541589737
clearance,full,avg,3,137,0.0571245513856411,0.06442653387784958
clearance,full,avg,3,138,0.056867506355047226,0.06438877433538437
clearance,full,avg,3,139,0.057437215000391006,0.06408494710922241
clearance,full,avg,3,140,0.05649719759821892,0.06434246152639389
clearance,full,avg,3,141,0.05707166716456413,0.06411561369895935
clearance,full,avg,3,142,0.05635623633861542,0.0643688440322876
clearance,full,avg,3,143,0.056898001581430435,0.06388691812753677
clearance,full,avg,3,144,0.05650356039404869,0.06365560740232468
clearance,full,avg,3,145,0.05654874071478844,0.06366495043039322
clearance,full,avg,3,146,0.056159857660532,0.06371194124221802
clearance,full,avg,3,147,0.055954381823539734,0.06333120912313461
clearance,full,avg,3,148,0.05628098174929619,0.06323952972888947
clearance,full,avg,3,149,0.05640273168683052,0.06372026354074478
clearance,full,avg,3,150,0.05577228218317032,0.06352176517248154
clearance,full,avg,3,151,0.05588453635573387,0.06344713270664215
clearance,full,avg,3,152,0.05554802343249321,0.0633975937962532
clearance,full,avg,3,153,0.05547623336315155,0.06296408176422119
clearance,full,avg,3,154,0.05526455119252205,0.06303797662258148
clearance,full,avg,3,155,0.055286284536123276,0.06262943893671036
clearance,full,avg,3,156,0.055183932185173035,0.06271156668663025
clearance,full,avg,3,157,0.055198121815919876,0.06286320090293884
clearance,full,avg,3,158,0.05489419028162956,0.06241007521748543
clearance,full,avg,3,159,0.05487293750047684,0.06259473413228989
clearance,full,avg,3,160,0.05471564456820488,0.06270308792591095
clearance,full,avg,3,161,0.05464671552181244,0.062269121408462524
clearance,full,avg,3,162,0.054706450551748276,0.06235973909497261
clearance,full,avg,3,163,0.05473292991518974,0.06213951110839844
clearance,full,avg,3,164,0.054940178990364075,0.06222447380423546
clearance,full,avg,3,165,0.05400817468762398,0.06292997300624847
clearance,full,avg,3,166,0.05468698590993881,0.06166542321443558
clearance,full,avg,3,167,0.05455011874437332,0.06173480302095413
clearance,full,avg,3,168,0.05395307391881943,0.0631098523736
clearance,full,avg,3,169,0.05423353239893913,0.0616970919072628
clearance,full,avg,3,170,0.05390947684645653,0.0612398236989975
clearance,full,avg,3,171,0.05377906933426857,0.06155126169323921
clearance,full,avg,3,172,0.05360357090830803,0.06128031387925148
clearance,full,avg,3,173,0.05456816405057907,0.06170232221484184
clearance,full,avg,3,174,0.053550876677036285,0.06266699731349945
clearance,full,avg,3,175,0.0535414032638073,0.06094907224178314
clearance,full,avg,3,176,0.05353169143199921,0.060969263315200806
clearance,full,avg,3,177,0.05318763107061386,0.06141210347414017
clearance,full,avg,3,178,0.05305182933807373,0.06093934178352356
clearance,full,avg,3,179,0.05311894416809082,0.06094354763627052
clearance,full,avg,3,180,0.05286125838756561,0.06122475489974022
clearance,full,avg,3,181,0.05278296768665314,0.0606924444437027
clearance,full,avg,3,182,0.052867937833070755,0.06094043329358101
clearance,full,avg,3,183,0.0525149442255497,0.061280522495508194
clearance,full,avg,3,184,0.052692387253046036,0.06035032868385315
clearance,full,avg,3,185,0.05241003260016441,0.06032762676477432
clearance,full,avg,3,186,0.05226186662912369,0.060854919254779816
clearance,full,avg,3,187,0.05241503193974495,0.060507480055093765
clearance,full,avg,3,188,0.05264944210648537,0.06023627892136574
clearance,full,avg,3,189,0.053796324878931046,0.06092225760221481
clearance,full,avg,3,190,0.051896508783102036,0.061391621828079224
clearance,full,avg,3,191,0.052354469895362854,0.060933057218790054
clearance,full,avg,3,192,0.05230356752872467,0.06034456193447113
clearance,full,avg,3,193,0.05224836617708206,0.06015143543481827
clearance,full,avg,3,194,0.051964081823825836,0.060727428644895554
clearance,full,avg,3,195,0.05206054821610451,0.06052473187446594
clearance,full,avg,3,196,0.05156359449028969,0.06030971184372902
clearance,full,avg,3,197,0.05229620635509491,0.05926619470119476
clearance,full,avg,3,198,0.052434228360652924,0.059824809432029724
clearance,full,avg,3,199,0.051106616854667664,0.06180897355079651
clearance,full,avg,3,200,0.05217304453253746,0.05986754968762398
clearance,full,avg,3,201,0.05294900760054588,0.06052166596055031
clearance,full,avg,3,202,0.05342167243361473,0.06184227392077446
clearance,full,avg,3,203,0.051484473049640656,0.06104627624154091
clearance,full,avg,3,204,0.05221964418888092,0.060564327985048294
clearance,full,avg,3,205,0.05161112919449806,0.05975119397044182
clearance,full,avg,3,206,0.05122638866305351,0.05963718891143799
clearance,full,avg,3,207,0.05068190395832062,0.06075316295027733
clearance,full,avg,3,208,0.050926461815834045,0.059832993894815445
clearance,full,avg,3,209,0.050529904663562775,0.05985977500677109
clearance,full,avg,3,210,0.050631653517484665,0.05971440300345421
clearance,full,avg,3,211,0.050372522324323654,0.05988719314336777
clearance,full,avg,3,212,0.05034668743610382,0.059515103697776794
clearance,full,avg,3,213,0.05024445429444313,0.059366147965192795
clearance,full,avg,3,214,0.05018432065844536,0.05940067768096924
clearance,full,avg,3,215,0.050144705921411514,0.059385769069194794
clearance,full,avg,3,216,0.05011776462197304,0.059478759765625
clearance,full,avg,3,217,0.05021795630455017,0.05950383469462395
clearance,full,avg,4,1,0.23576895892620087,0.19269950687885284
clearance,full,avg,4,2,0.1574646681547165,0.13161277770996094
clearance,full,avg,4,3,0.13831396400928497,0.1269228607416153
clearance,full,avg,4,4,0.13686352968215942,0.13242700695991516
clearance,full,avg,4,5,0.12736931443214417,0.12375947088003159
clearance,full,avg,4,6,0.12254688143730164,0.1307927668094635
clearance,full,avg,4,7,0.12276497483253479,0.11808650940656662
clearance,full,avg,4,8,0.11931967735290527,0.11368156224489212
clearance,full,avg,4,9,0.1161762997508049,0.1137734204530716
clearance,full,avg,4,10,0.11389804631471634,0.11101968586444855
clearance,full,avg,4,11,0.11243097484111786,0.11138597875833511
clearance,full,avg,4,12,0.11008086800575256,0.11069625616073608
clearance,full,avg,4,13,0.1091359555721283,0.10985258221626282
clearance,full,avg,4,14,0.10631826519966125,0.1061004176735878
clearance,full,avg,4,15,0.10697577148675919,0.1077612042427063
clearance,full,avg,4,16,0.1049787700176239,0.10560432076454163
clearance,full,avg,4,17,0.10395380854606628,0.10362943261861801
clearance,full,avg,4,18,0.10382687300443649,0.10350221395492554
clearance,full,avg,4,19,0.10124682635068893,0.10024657845497131
clearance,full,avg,4,20,0.09858391433954239,0.10289014130830765
clearance,full,avg,4,21,0.0992710143327713,0.09679219871759415
clearance,full,avg,4,22,0.09599851071834564,0.09631707519292831
clearance,full,avg,4,23,0.09469112008810043,0.09545065462589264
clearance,full,avg,4,24,0.09351004660129547,0.09639860689640045
clearance,full,avg,4,25,0.09224162250757217,0.0934486836194992
clearance,full,avg,4,26,0.09173799306154251,0.09258655458688736
clearance,full,avg,4,27,0.09091401845216751,0.09467196464538574
clearance,full,avg,4,28,0.09000633656978607,0.09478200227022171
clearance,full,avg,4,29,0.08896110951900482,0.09297554939985275
clearance,full,avg,4,30,0.08780050277709961,0.0908232107758522
clearance,full,avg,4,31,0.08720826357603073,0.09037421643733978
clearance,full,avg,4,32,0.08649913966655731,0.09157001972198486
clearance,full,avg,4,33,0.08528804033994675,0.08986508101224899
clearance,full,avg,4,34,0.08516912162303925,0.0894688293337822
clearance,full,avg,4,35,0.08425245434045792,0.09251067787408829
clearance,full,avg,4,36,0.08601514250040054,0.09044673293828964
clearance,full,avg,4,37,0.08533880114555359,0.0926017314195633
clearance,full,avg,4,38,0.08432541787624359,0.08941863477230072
clearance,full,avg,4,39,0.08177687972784042,0.08948685228824615
clearance,full,avg,4,40,0.08154932409524918,0.08918556571006775
clearance,full,avg,4,41,0.08249882608652115,0.08809473365545273
clearance,full,avg,4,42,0.08115515112876892,0.08904726803302765
clearance,full,avg,4,43,0.0794164314866066,0.08800023049116135
clearance,full,avg,4,44,0.07844740152359009,0.08680805563926697
clearance,full,avg,4,45,0.07900173962116241,0.08568127453327179
clearance,full,avg,4,46,0.07765558362007141,0.08478055149316788
clearance,full,avg,4,47,0.07731194794178009,0.08503993600606918
clearance,full,avg,4,48,0.08127957582473755,0.08449871838092804
clearance,full,avg,4,49,0.07601137459278107,0.08607476949691772
clearance,full,avg,4,50,0.07820695638656616,0.0882573202252388
clearance,full,avg,4,51,0.07822026312351227,0.08694392442703247
clearance,full,avg,4,52,0.07475084811449051,0.08523505181074142
clearance,full,avg,4,53,0.07436338067054749,0.08483511954545975
clearance,full,avg,4,54,0.07326363027095795,0.08325035125017166
clearance,full,avg,4,55,0.07466839253902435,0.08167499303817749
clearance,full,avg,4,56,0.07298289239406586,0.08392534404993057
clearance,full,avg,4,57,0.07283145189285278,0.08230036497116089
clearance,full,avg,4,58,0.0717054009437561,0.08096394687891006
clearance,full,avg,4,59,0.07211054861545563,0.08075832575559616
clearance,full,avg,4,60,0.07301007211208344,0.083302803337574
clearance,full,avg,4,61,0.07136185467243195,0.08246888220310211
clearance,full,avg,4,62,0.07129048556089401,0.08232655376195908
clearance,full,avg,4,63,0.07187216728925705,0.07999832928180695
clearance,full,avg,4,64,0.06960903853178024,0.08048056066036224
clearance,full,avg,4,65,0.0692083016037941,0.08022888004779816
clearance,full,avg,4,66,0.06863681972026825,0.07861337065696716
clearance,full,avg,4,67,0.06864713132381439,0.07853114604949951
clearance,full,avg,4,68,0.06774986535310745,0.0807800441980362
clearance,full,avg,4,69,0.06811261177062988,0.08178278058767319
clearance,full,avg,4,70,0.06878960132598877,0.07971429824829102
clearance,full,avg,4,71,0.06757718324661255,0.07995202392339706
clearance,full,avg,4,72,0.06656674295663834,0.08031202107667923
clearance,full,avg,4,73,0.06617636978626251,0.07832551747560501
clearance,full,avg,4,74,0.06689528375864029,0.07808512449264526
clearance,full,avg,4,75,0.06502454727888107,0.08072945475578308
clearance,full,avg,4,76,0.06606075167655945,0.07854307442903519
clearance,full,avg,4,77,0.06550131738185883,0.07903288304805756
clearance,full,avg,4,78,0.0676959902048111,0.07999695092439651
clearance,full,avg,4,79,0.06671211868524551,0.08218886703252792
clearance,full,avg,4,80,0.06916485726833344,0.07646346837282181
clearance,full,avg,4,81,0.07197856903076172,0.07776018977165222
clearance,full,avg,4,82,0.06709207594394684,0.07672181725502014
clearance,full,avg,4,83,0.06373625993728638,0.0756097361445427
clearance,full,avg,4,84,0.0647875964641571,0.07491417229175568
clearance,full,avg,4,85,0.06219499930739403,0.07583623379468918
clearance,full,avg,4,86,0.06249171495437622,0.07705972343683243
clearance,full,avg,4,87,0.06227599084377289,0.07563473284244537
clearance,full,avg,4,88,0.06420303881168365,0.07821667194366455
clearance,full,avg,4,89,0.0637270137667656,0.07738619297742844
clearance,full,avg,4,90,0.061908312141895294,0.0770648717880249
clearance,full,avg,4,91,0.06246752664446831,0.07644261419773102
clearance,full,avg,4,92,0.06051405146718025,0.07535290718078613
clearance,full,avg,4,93,0.06033337861299515,0.07546009868383408
clearance,full,avg,4,94,0.060675058513879776,0.07462833821773529
clearance,full,avg,4,95,0.06072424352169037,0.07526946812868118
clearance,full,avg,4,96,0.0609176866710186,0.0748719871044159
clearance,full,avg,4,97,0.06167249009013176,0.07555060088634491
clearance,full,avg,4,98,0.06111512705683708,0.0765751302242279
clearance,full,avg,4,99,0.058993466198444366,0.07663091272115707
clearance,full,avg,4,100,0.058592475950717926,0.07290855795145035
clearance,full,avg,4,101,0.05772366374731064,0.07506909966468811
clearance,full,avg,4,102,0.05974844843149185,0.07555124908685684
clearance,full,avg,4,103,0.058637216687202454,0.07430355995893478
clearance,full,avg,4,104,0.05805298686027527,0.07448165118694305
clearance,full,avg,4,105,0.05738344043493271,0.07431935518980026
clearance,full,avg,4,106,0.056365709751844406,0.07307134568691254
clearance,full,avg,4,107,0.05626898631453514,0.07062554359436035
clearance,full,avg,4,108,0.056300390511751175,0.07317434996366501
clearance,full,avg,4,109,0.05654318630695343,0.07304071635007858
clearance,full,avg,4,110,0.055642157793045044,0.0730213150382042
clearance,full,avg,4,111,0.05479130521416664,0.07735192030668259
clearance,full,avg,4,112,0.05723773315548897,0.07346610724925995
clearance,full,avg,4,113,0.05460145324468613,0.07071826606988907
clearance,full,avg,4,114,0.054323118180036545,0.07069435715675354
clearance,full,avg,4,115,0.054124414920806885,0.07210920751094818
clearance,full,avg,4,116,0.05403834581375122,0.07214170694351196
clearance,full,avg,4,117,0.05518080294132233,0.07201820611953735
clearance,full,avg,4,118,0.05449964478611946,0.07050036638975143
clearance,full,avg,4,119,0.053258512169122696,0.06954653561115265
clearance,full,avg,4,120,0.05433131754398346,0.07121631503105164
clearance,full,avg,4,121,0.05312594026327133,0.07286868989467621
clearance,full,avg,4,122,0.052925433963537216,0.07184672355651855
clearance,full,avg,4,123,0.053085241466760635,0.07056738436222076
clearance,full,avg,4,124,0.05305856466293335,0.0702890157699585
clearance,full,avg,4,125,0.05207403376698494,0.0711309090256691
clearance,full,avg,4,126,0.05420360341668129,0.07181365042924881
clearance,full,avg,4,127,0.052662238478660583,0.07083196192979813
clearance,full,avg,4,128,0.052631936967372894,0.06808958202600479
clearance,full,avg,4,129,0.05291438847780228,0.06881570816040039
clearance,full,avg,4,130,0.05183723568916321,0.07056058198213577
clearance,full,avg,4,131,0.052134137600660324,0.07023381441831589
clearance,full,avg,4,132,0.051800742745399475,0.07000651210546494
clearance,full,avg,4,133,0.05133138597011566,0.070290207862854
clearance,full,avg,4,134,0.051816120743751526,0.06871872395277023
clearance,full,avg,4,135,0.05130260810256004,0.06784196197986603
clearance,full,avg,4,136,0.05123227834701538,0.06816213577985764
clearance,full,avg,4,137,0.05154388025403023,0.06876529008150101
clearance,full,avg,4,138,0.05102104693651199,0.06876960396766663
clearance,full,avg,4,139,0.05135629326105118,0.06851595640182495
clearance,full,avg,4,140,0.05123906582593918,0.06775716692209244
clearance,full,avg,4,141,0.05130140110850334,0.06866978853940964
clearance,full,avg,4,142,0.05114128068089485,0.06885135173797607
clearance,full,avg,4,143,0.050614695996046066,0.06781794130802155
clearance,full,avg,4,144,0.0508982390165329,0.06730896979570389
clearance,full,avg,4,145,0.05048007145524025,0.06870025396347046
clearance,full,avg,4,146,0.05046404153108597,0.06765943765640259
clearance,full,avg,4,147,0.05043543130159378,0.06672097742557526
clearance,full,avg,4,148,0.04999515041708946,0.06724083423614502
clearance,full,avg,4,149,0.05008743703365326,0.06696345657110214
clearance,full,avg,4,150,0.049768976867198944,0.06787502765655518
clearance,full,avg,4,151,0.04965464025735855,0.06846634298563004
clearance,full,avg,4,152,0.049948155879974365,0.0675382912158966
clearance,full,avg,4,153,0.04966164752840996,0.06606384366750717
clearance,full,avg,4,154,0.049393486231565475,0.06721189618110657
clearance,full,avg,4,155,0.04927216097712517,0.06737160682678223
clearance,full,avg,4,156,0.04947087913751602,0.06575040519237518
clearance,full,avg,4,157,0.04913761094212532,0.06459290534257889
clearance,full,avg,4,158,0.04920647293329239,0.06586070358753204
clearance,full,avg,4,159,0.049519676715135574,0.06620793789625168
clearance,full,avg,4,160,0.0487317256629467,0.06587324291467667
clearance,full,avg,4,161,0.048752348870038986,0.06633064150810242
clearance,full,avg,4,162,0.0485600121319294,0.06655678153038025
clearance,full,avg,4,163,0.04854126647114754,0.06689465790987015
clearance,full,avg,4,164,0.048391226679086685,0.06478604674339294
clearance,full,avg,4,165,0.04915069416165352,0.06496008485555649
clearance,full,avg,4,166,0.04827631637454033,0.06618410348892212
clearance,full,avg,4,167,0.048112452030181885,0.06496579200029373
clearance,full,avg,4,168,0.0483105443418026,0.0645122304558754
clearance,full,avg,4,169,0.04910473898053169,0.06569991260766983
clearance,full,avg,4,170,0.04831540212035179,0.06458780914545059
clearance,full,avg,4,171,0.04797246679663658,0.06396285444498062
clearance,full,avg,4,172,0.047617826610803604,0.06377790868282318
clearance,full,avg,4,173,0.047830432653427124,0.06392866373062134
clearance,full,avg,4,174,0.04766235873103142,0.06385622173547745
clearance,full,avg,4,175,0.04754162207245827,0.06424999982118607
clearance,full,avg,4,176,0.04759221896529198,0.06392773985862732
clearance,full,avg,4,177,0.04740624502301216,0.06340481340885162
clearance,full,avg,4,178,0.047453634440898895,0.06429935991764069
clearance,full,avg,4,179,0.04751799255609512,0.06498535722494125
clearance,full,avg,4,180,0.047201141715049744,0.06512223929166794
clearance,full,avg,4,181,0.047369010746479034,0.06376300752162933
clearance,full,avg,4,182,0.04706938937306404,0.06335875391960144
clearance,full,avg,4,183,0.04816219583153725,0.06388021260499954
clearance,full,avg,4,184,0.04732324182987213,0.06427951902151108
clearance,full,avg,4,185,0.0474160797894001,0.06427306681871414
clearance,full,avg,4,186,0.047061704099178314,0.06292223185300827
clearance,full,avg,4,187,0.046867214143276215,0.0625995323061943
clearance,full,avg,4,188,0.04702911153435707,0.06272466480731964
clearance,full,avg,4,189,0.047379087656736374,0.06376978009939194
clearance,full,avg,4,190,0.047104835510253906,0.0625065267086029
clearance,full,avg,4,191,0.046755578368902206,0.06224364787340164
clearance,full,avg,4,192,0.04663241654634476,0.06294222176074982
clearance,full,avg,4,193,0.0467611700296402,0.06310760974884033
clearance,full,avg,4,194,0.04653178155422211,0.06270534545183182
clearance,full,avg,4,195,0.04672454670071602,0.06285776197910309
clearance,full,avg,4,196,0.04681757092475891,0.06348223239183426
clearance,full,avg,4,197,0.046716440469026566,0.0634259283542633
clearance,full,avg,4,198,0.04658931866288185,0.06351106613874435
clearance,full,avg,4,199,0.046397216618061066,0.06323875486850739
clearance,full,avg,4,200,0.04632321000099182,0.06281361728906631
clearance,full,avg,4,201,0.04623444378376007,0.06317814439535141
clearance,full,avg,4,202,0.04618379473686218,0.06304571777582169
clearance,full,avg,4,203,0.04609600454568863,0.06257383525371552
clearance,full,avg,4,204,0.04599744454026222,0.0622258186340332
clearance,full,avg,4,205,0.04613613337278366,0.06206516921520233
clearance,full,avg,4,206,0.04619649425148964,0.06188568100333214
clearance,full,avg,4,207,0.04603856801986694,0.06191296875476837
clearance,full,avg,4,208,0.045918192714452744,0.06203306093811989
clearance,full,avg,4,209,0.04590112715959549,0.06215427815914154
clearance,full,avg,4,210,0.04590299725532532,0.0623631551861763
clearance,full,avg,4,211,0.04579613730311394,0.062128253281116486
clearance,full,avg,4,212,0.04584290087223053,0.06229159235954285
clearance,full,avg,4,213,0.0458281934261322,0.062491364777088165
clearance,full,avg,4,214,0.045748453587293625,0.06263353675603867
clearance,full,avg,4,215,0.045837197452783585,0.06245064735412598
clearance,full,avg,4,216,0.04575161635875702,0.061872098594903946
clearance,full,avg,4,217,0.04566766694188118,0.0616123229265213
clearance,full,avg,4,218,0.04564961791038513,0.0613350085914135
clearance,full,avg,4,219,0.04572051391005516,0.06109283119440079
clearance,full,avg,4,220,0.04572843760251999,0.061030611395835876
clearance,full,avg,4,221,0.04570196196436882,0.06089339777827263
clearance,full,avg,4,222,0.04560266435146332,0.06083410978317261
clearance,full,avg,4,223,0.045578714460134506,0.0609099417924881
clearance,full,avg,4,224,0.04558340087532997,0.061168186366558075
clearance,full,avg,4,225,0.045521799474954605,0.061496444046497345
clearance,full,avg,4,226,0.04553072154521942,0.06169090047478676
clearance,full,avg,4,227,0.04555099457502365,0.06155088543891907
clearance,full,avg,4,228,0.045491598546504974,0.06140771880745888
clearance,full,avg,4,229,0.045453280210494995,0.06129802390933037
clearance,full,avg,4,230,0.045609354972839355,0.0614180713891983
clearance,full,avg,4,231,0.04547157511115074,0.06151631474494934
clearance,full,avg,4,232,0.045427531003952026,0.06154852360486984
clearance,full,avg,4,233,0.04543163999915123,0.06147092580795288
clearance,full,avg,4,234,0.045413531363010406,0.06145378202199936
clearance,full,avg,4,235,0.045431070029735565,0.061430539935827255
clearance,full,avg,4,236,0.045403216034173965,0.06133236363530159
clearance,full,avg,4,237,0.045403726398944855,0.061246685683727264
clearance,full,avg,4,238,0.04538976401090622,0.06123578920960426
clearance,full,avg,4,239,0.04536754637956619,0.06125207990407944
clearance,full,avg,4,240,0.045386042445898056,0.06129986047744751
clearance,full,avg,4,241,0.04537886753678322,0.061270397156476974
clearance,full,avg,4,242,0.04535239189863205,0.061241451650857925
clearance,full,avg,5,1,0.38744473457336426,0.21473754942417145
clearance,full,avg,5,2,0.18532361090183258,0.18122458457946777
clearance,full,avg,5,3,0.1580595076084137,0.19451572000980377
clearance,full,avg,5,4,0.1401406079530716,0.13388384878635406
clearance,full,avg,5,5,0.12549054622650146,0.13375848531723022
clearance,full,avg,5,6,0.1273258924484253,0.12268849462270737
clearance,full,avg,5,7,0.12090646475553513,0.12191472202539444
clearance,full,avg,5,8,0.11602602154016495,0.12156229466199875
clearance,full,avg,5,9,0.11360843479633331,0.12484784424304962
clearance,full,avg,5,10,0.11132550239562988,0.130917489528656
clearance,full,avg,5,11,0.11104559898376465,0.12865422666072845
clearance,full,avg,5,12,0.10895723849534988,0.11771474778652191
clearance,full,avg,5,13,0.10592437535524368,0.1134437769651413
clearance,full,avg,5,14,0.10650692135095596,0.11194730550050735
clearance,full,avg,5,15,0.10409803688526154,0.1141156256198883
clearance,full,avg,5,16,0.10415539145469666,0.1191030964255333
clearance,full,avg,5,17,0.10231182724237442,0.11322276294231415
clearance,full,avg,5,18,0.10074713826179504,0.11458197236061096
clearance,full,avg,5,19,0.0989559069275856,0.11238446831703186
clearance,full,avg,5,20,0.09728405624628067,0.10766103118658066
clearance,full,avg,5,21,0.09771013259887695,0.10734353214502335
clearance,full,avg,5,22,0.09726157784461975,0.10680437088012695
clearance,full,avg,5,23,0.09502072632312775,0.10365040600299835
clearance,full,avg,5,24,0.09445040673017502,0.10412399470806122
clearance,full,avg,5,25,0.0928015261888504,0.10183392465114594
clearance,full,avg,5,26,0.09284946322441101,0.1016874760389328
clearance,full,avg,5,27,0.09153169393539429,0.10526144504547119
clearance,full,avg,5,28,0.09184978902339935,0.10133165121078491
clearance,full,avg,5,29,0.08970019221305847,0.10010350495576859
clearance,full,avg,5,30,0.0920061320066452,0.1024799570441246
clearance,full,avg,5,31,0.09011317044496536,0.09580457210540771
clearance,full,avg,5,32,0.09033868461847305,0.09814825654029846
clearance,full,avg,5,33,0.08703015744686127,0.09613872319459915
clearance,full,avg,5,34,0.0886550322175026,0.09793421626091003
clearance,full,avg,5,35,0.0874297171831131,0.09293071925640106
clearance,full,avg,5,36,0.0855293944478035,0.09605597704648972
clearance,full,avg,5,37,0.08546552062034607,0.09110523760318756
clearance,full,avg,5,38,0.08487541973590851,0.09280004352331161
clearance,full,avg,5,39,0.08361213654279709,0.09336037933826447
clearance,full,avg,5,40,0.08369700610637665,0.09817153960466385
clearance,full,avg,5,41,0.08556930720806122,0.09015041589736938
clearance,full,avg,5,42,0.08373773843050003,0.08805482089519501
clearance,full,avg,5,43,0.08280963450670242,0.09073523432016373
clearance,full,avg,5,44,0.08166202157735825,0.08948811143636703
clearance,full,avg,5,45,0.08305805921554565,0.09095079451799393
clearance,full,avg,5,46,0.0806661918759346,0.09213164448738098
clearance,full,avg,5,47,0.08180008828639984,0.0856161117553711
clearance,full,avg,5,48,0.0837354063987732,0.08524301648139954
clearance,full,avg,5,49,0.08038592338562012,0.09383630007505417
clearance,full,avg,5,50,0.0803283154964447,0.08737395703792572
clearance,full,avg,5,51,0.07912222295999527,0.08984865248203278
clearance,full,avg,5,52,0.07829488813877106,0.08480246365070343
clearance,full,avg,5,53,0.08239714056253433,0.08880805969238281
clearance,full,avg,5,54,0.08268756419420242,0.08492925018072128
clearance,full,avg,5,55,0.07947395741939545,0.08788859844207764
clearance,full,avg,5,56,0.0791565403342247,0.08720442652702332
clearance,full,avg,5,57,0.07860428839921951,0.08245554566383362
clearance,full,avg,5,58,0.07991494983434677,0.08405148237943649
clearance,full,avg,5,59,0.0780523270368576,0.08377790451049805
clearance,full,avg,5,60,0.07978446036577225,0.09349620342254639
clearance,full,avg,5,61,0.07816705107688904,0.08212446421384811
clearance,full,avg,5,62,0.07940859347581863,0.08208826184272766
clearance,full,avg,5,63,0.07751455903053284,0.07937747985124588
clearance,full,avg,5,64,0.07507973909378052,0.08084094524383545
clearance,full,avg,5,65,0.07405443489551544,0.0822368711233139
clearance,full,avg,5,66,0.07439139485359192,0.08217417448759079
clearance,full,avg,5,67,0.07420104742050171,0.08119530230760574
clearance,full,avg,5,68,0.07339198142290115,0.08059710264205933
clearance,full,avg,5,69,0.07302665710449219,0.07765495032072067
clearance,full,avg,5,70,0.07315089553594589,0.08489470928907394
clearance,full,avg,5,71,0.07295748591423035,0.0796772837638855
clearance,full,avg,5,72,0.07493036985397339,0.07803467661142349
clearance,full,avg,5,73,0.07205458730459213,0.07882384210824966
clearance,full,avg,5,74,0.07437627762556076,0.0782504454255104
clearance,full,avg,5,75,0.07314606755971909,0.08448975533246994
clearance,full,avg,5,76,0.07851416617631912,0.07771104574203491
clearance,full,avg,5,77,0.07468647509813309,0.08032958209514618
clearance,full,avg,5,78,0.07361757755279541,0.07463622093200684
clearance,full,avg,5,79,0.07245879620313644,0.07718842476606369
clearance,full,avg,5,80,0.07142829149961472,0.08423595875501633
clearance,full,avg,5,81,0.07085461169481277,0.078221395611763
clearance,full,avg,5,82,0.0703069195151329,0.07332681119441986
clearance,full,avg,5,83,0.07066740095615387,0.07359859347343445
clearance,full,avg,5,84,0.07019519060850143,0.07490632683038712
clearance,full,avg,5,85,0.0696842148900032,0.08442795276641846
clearance,full,avg,5,86,0.06996822357177734,0.08317553251981735
clearance,full,avg,5,87,0.06921112537384033,0.08097290247678757
clearance,full,avg,5,88,0.06851380318403244,0.07556496560573578
clearance,full,avg,5,89,0.06827060133218765,0.07582341134548187
clearance,full,avg,5,90,0.06781960278749466,0.07631338387727737
clearance,full,avg,5,91,0.06743834167718887,0.0779031291604042
clearance,full,avg,5,92,0.06709516793489456,0.08054537326097488
clearance,full,avg,5,93,0.06704511493444443,0.08083071559667587
clearance,full,avg,5,94,0.06703310459852219,0.07997116446495056
clearance,full,avg,5,95,0.06678446382284164,0.07729871571063995
clearance,full,avg,5,96,0.06644165515899658,0.07424859702587128
clearance,full,avg,5,97,0.06648653745651245,0.07453099638223648
clearance,full,avg,5,98,0.0665978267788887,0.07819446176290512
clearance,full,avg,5,99,0.06770860403776169,0.0751480683684349
clearance,full,avg,5,100,0.06611478328704834,0.07399807125329971
clearance,full,avg,5,101,0.06614325195550919,0.07524313777685165
clearance,full,avg,5,102,0.06583131849765778,0.0792500302195549
clearance,full,max,1,1,0.77996426820755,0.317892462015152
clearance,full,max,1,2,0.24296149611473083,0.35526055097579956
clearance,full,max,1,3,0.255287230014801,0.13508011400699615
clearance,full,max,1,4,0.1613001823425293,0.12978984415531158
clearance,full,max,1,5,0.12830914556980133,0.1484360247850418
clearance,full,max,1,6,0.13159655034542084,0.11955488473176956
clearance,full,max,1,7,0.1214604601264,0.11605007946491241
clearance,full,max,1,8,0.11497022211551666,0.12299405783414841
clearance,full,max,1,9,0.11376652866601944,0.11364945024251938
clearance,full,max,1,10,0.11100280284881592,0.11343052983283997
clearance,full,max,1,11,0.10912194103002548,0.11338905990123749
clearance,full,max,1,12,0.10715127736330032,0.11028265953063965
clearance,full,max,1,13,0.10561322420835495,0.11225242912769318
clearance,full,max,1,14,0.1037716269493103,0.10665685683488846
clearance,full,max,1,15,0.10307041555643082,0.10776733607053757
clearance,full,max,1,16,0.10160214453935623,0.10554057359695435
clearance,full,max,1,17,0.10145434737205505,0.10436398535966873
clearance,full,max,1,18,0.09976855665445328,0.10431233048439026
clearance,full,max,1,19,0.09816356748342514,0.10186503827571869
clearance,full,max,1,20,0.09710944443941116,0.10305957496166229
clearance,full,max,1,21,0.09647019952535629,0.10086971521377563
clearance,full,max,1,22,0.09649288654327393,0.0999324694275856
clearance,full,max,1,23,0.09495952725410461,0.09938564896583557
clearance,full,max,1,24,0.09430330991744995,0.09782318770885468
clearance,full,max,1,25,0.09448923915624619,0.10078155994415283
clearance,full,max,1,26,0.09454962611198425,0.0989346131682396
clearance,full,max,1,27,0.09202069044113159,0.09703026711940765
clearance,full,max,1,28,0.09167899191379547,0.09546817094087601
clearance,full,max,1,29,0.09183453023433685,0.09598421305418015
clearance,full,max,1,30,0.09156642109155655,0.09584301710128784
clearance,full,max,1,31,0.0906495451927185,0.09554284811019897
clearance,full,max,1,32,0.08996395766735077,0.09233829379081726
clearance,full,max,1,33,0.08923043310642242,0.0924312099814415
clearance,full,max,1,34,0.09101657569408417,0.09283396601676941
clearance,full,max,1,35,0.08805772662162781,0.09438731521368027
clearance,full,max,1,36,0.08737234026193619,0.09224855154752731
clearance,full,max,1,37,0.08770756423473358,0.09397393465042114
clearance,full,max,1,38,0.08724918961524963,0.091214120388031
clearance,full,max,1,39,0.08599492907524109,0.0916677862405777
clearance,full,max,1,40,0.08501123636960983,0.09034479409456253
clearance,full,max,1,41,0.08543500304222107,0.09336137771606445
clearance,full,max,1,42,0.08807326853275299,0.09213925153017044
clearance,full,max,1,43,0.08962464332580566,0.09460245817899704
clearance,full,max,1,44,0.08521590381860733,0.09092574566602707
clearance,full,max,1,45,0.08637518435716629,0.09352611750364304
clearance,full,max,1,46,0.0865296870470047,0.08967402577400208
clearance,full,max,1,47,0.08546947687864304,0.0905531495809555
clearance,full,max,1,48,0.08321035653352737,0.08835556358098984
clearance,full,max,1,49,0.08240813761949539,0.08905669301748276
clearance,full,max,1,50,0.08188889920711517,0.08723456412553787
clearance,full,max,1,51,0.08197737485170364,0.0880347266793251
clearance,full,max,1,52,0.08134699612855911,0.08759251981973648
clearance,full,max,1,53,0.0814567282795906,0.0870964378118515
clearance,full,max,1,54,0.0815332904458046,0.08631628751754761
clearance,full,max,1,55,0.08119512349367142,0.08948827534914017
clearance,full,max,1,56,0.08145131915807724,0.08613917231559753
clearance,full,max,1,57,0.07983944565057755,0.08747222274541855
clearance,full,max,1,58,0.08016522228717804,0.08554009348154068
clearance,full,max,1,59,0.0811062902212143,0.08486819267272949
clearance,full,max,1,60,0.07907184213399887,0.08747471868991852
clearance,full,max,1,61,0.08074232935905457,0.08805546909570694
clearance,full,max,1,62,0.07934293150901794,0.09043759107589722
clearance,full,max,1,63,0.08011066168546677,0.08533556014299393
clearance,full,max,1,64,0.07879146933555603,0.0872771143913269
clearance,full,max,1,65,0.07850589603185654,0.08739469200372696
clearance,full,max,1,66,0.08010824024677277,0.08582338690757751
clearance,full,max,1,67,0.0771712064743042,0.08401962369680405
clearance,full,max,1,68,0.07765638828277588,0.08625053614377975
clearance,full,max,1,69,0.07729513943195343,0.08376607298851013
clearance,full,max,1,70,0.07764150202274323,0.0863281711935997
clearance,full,max,1,71,0.07767006754875183,0.0888993889093399
clearance,full,max,1,72,0.07910380512475967,0.0936407595872879
clearance,full,max,1,73,0.08121126890182495,0.08824014663696289
clearance,full,max,1,74,0.07832268625497818,0.08451737463474274
clearance,full,max,1,75,0.07806257903575897,0.08306490629911423
clearance,full,max,1,76,0.07816088199615479,0.08199731260538101
clearance,full,max,1,77,0.07734663039445877,0.08604307472705841
clearance,full,max,1,78,0.07679034769535065,0.08408305048942566
clearance,full,max,1,79,0.0766911432147026,0.08464140444993973
clearance,full,max,1,80,0.07766342163085938,0.08474905043840408
clearance,full,max,1,81,0.07803279906511307,0.08191154152154922
clearance,full,max,1,82,0.0758025199174881,0.08439680188894272
clearance,full,max,1,83,0.07592959702014923,0.08357781171798706
clearance,full,max,1,84,0.07405649870634079,0.08341330289840698
clearance,full,max,1,85,0.07418330758810043,0.08119309693574905
clearance,full,max,1,86,0.07447471469640732,0.08171278238296509
clearance,full,max,1,87,0.07359946519136429,0.08195056021213531
clearance,full,max,1,88,0.07377259433269501,0.08060845732688904
clearance,full,max,1,89,0.07373953610658646,0.08217094838619232
clearance,full,max,1,90,0.07336720079183578,0.08187077194452286
clearance,full,max,1,91,0.07281236350536346,0.08162461221218109
clearance,full,max,1,92,0.07316213101148605,0.08029519021511078
clearance,full,max,1,93,0.0725221186876297,0.08157304674386978
clearance,full,max,1,94,0.07296308875083923,0.08172017335891724
clearance,full,max,1,95,0.07285112142562866,0.08496688306331635
clearance,full,max,1,96,0.07397560030221939,0.08125914633274078
clearance,full,max,1,97,0.0726848617196083,0.08255554735660553
clearance,full,max,1,98,0.07207752764225006,0.08143250644207001
clearance,full,max,1,99,0.0735909715294838,0.08057735115289688
clearance,full,max,1,100,0.07167739421129227,0.07916297018527985
clearance,full,max,1,101,0.07301118969917297,0.0790669173002243
clearance,full,max,1,102,0.07164202630519867,0.08180643618106842
clearance,full,max,1,103,0.07344596832990646,0.08110776543617249
clearance,full,max,1,104,0.0713009461760521,0.0802653431892395
clearance,full,max,1,105,0.07110965251922607,0.0788750946521759
clearance,full,max,1,106,0.07143738865852356,0.07957876473665237
clearance,full,max,1,107,0.07217510044574738,0.08042386919260025
clearance,full,max,1,108,0.07053554803133011,0.08034417778253555
clearance,full,max,1,109,0.07110781222581863,0.07661520689725876
clearance,full,max,1,110,0.07048404961824417,0.08033628016710281
clearance,full,max,1,111,0.06972994655370712,0.07995325326919556
clearance,full,max,1,112,0.07020995765924454,0.0775354877114296
clearance,full,max,1,113,0.07044751942157745,0.0775633230805397
clearance,full,max,1,114,0.06890905648469925,0.07667571306228638
clearance,full,max,1,115,0.07022614777088165,0.08022917807102203
clearance,full,max,1,116,0.07111678272485733,0.08453040570020676
clearance,full,max,1,117,0.07117687165737152,0.07570339739322662
clearance,full,max,1,118,0.07105705887079239,0.07573994249105453
clearance,full,max,1,119,0.06958629190921783,0.08113812655210495
clearance,full,max,1,120,0.07019533962011337,0.07706408947706223
clearance,full,max,1,121,0.06926611065864563,0.07576973736286163
clearance,full,max,1,122,0.06788351386785507,0.07876802980899811
clearance,full,max,1,123,0.0689261183142662,0.07641951739788055
clearance,full,max,1,124,0.06733474880456924,0.07780998945236206
clearance,full,max,1,125,0.06760610640048981,0.07481466978788376
clearance,full,max,1,126,0.06754138320684433,0.07435453683137894
clearance,full,max,1,127,0.06837014853954315,0.07980091869831085
clearance,full,max,1,128,0.06964027136564255,0.07755237817764282
clearance,full,max,1,129,0.06937117874622345,0.07819852977991104
clearance,full,max,1,130,0.06870174407958984,0.07589586079120636
clearance,full,max,1,131,0.06781736761331558,0.07391471415758133
clearance,full,max,1,132,0.06628068536520004,0.07508418709039688
clearance,full,max,1,133,0.06621569395065308,0.07540666311979294
clearance,full,max,1,134,0.06592168658971786,0.07427166402339935
clearance,full,max,1,135,0.06656920164823532,0.07551787793636322
clearance,full,max,1,136,0.06683562695980072,0.07618476450443268
clearance,full,max,1,137,0.06644123047590256,0.07403109222650528
clearance,full,max,1,138,0.06512359529733658,0.07544619590044022
clearance,full,max,1,139,0.06577129662036896,0.0752207413315773
clearance,full,max,1,140,0.06607715785503387,0.07824844866991043
clearance,full,max,1,141,0.06804699450731277,0.07349412888288498
clearance,full,max,1,142,0.0652088150382042,0.07294412702322006
clearance,full,max,1,143,0.06571244448423386,0.07296594977378845
clearance,full,max,1,144,0.06526045501232147,0.07402205467224121
clearance,full,max,1,145,0.06600695103406906,0.07279584556818008
clearance,full,max,1,146,0.06524361670017242,0.07297126203775406
clearance,full,max,1,147,0.06597695499658585,0.0750529021024704
clearance,full,max,1,148,0.06578447669744492,0.07480675727128983
clearance,full,max,1,149,0.06446744501590729,0.07530662417411804
clearance,full,max,1,150,0.06391972303390503,0.07507691532373428
clearance,full,max,1,151,0.06456993520259857,0.07159604132175446
clearance,full,max,1,152,0.06324983388185501,0.07049958407878876
clearance,full,max,1,153,0.06342045217752457,0.07117506116628647
clearance,full,max,1,154,0.06347910314798355,0.07349001616239548
clearance,full,max,1,155,0.06316540390253067,0.07422737777233124
clearance,full,max,1,156,0.06338125467300415,0.07008211314678192
clearance,full,max,1,157,0.06275176256895065,0.07342804223299026
clearance,full,max,1,158,0.06481735408306122,0.0721391960978508
clearance,full,max,1,159,0.06368093192577362,0.07031272351741791
clearance,full,max,1,160,0.06277039647102356,0.07210766524076462
clearance,full,max,1,161,0.06383230537176132,0.07781820744276047
clearance,full,max,1,162,0.0665527805685997,0.06914893537759781
clearance,full,max,1,163,0.062362201511859894,0.06970012933015823
clearance,full,max,1,164,0.06154628470540047,0.0716395154595375
clearance,full,max,1,165,0.06350558251142502,0.07174156606197357
clearance,full,max,1,166,0.06536541879177094,0.07150691002607346
clearance,full,max,1,167,0.06494133919477463,0.07613517343997955
clearance,full,max,1,168,0.06504988670349121,0.07336357235908508
clearance,full,max,1,169,0.06708518415689468,0.07937803119421005
clearance,full,max,1,170,0.06789214164018631,0.07098843902349472
clearance,full,max,1,171,0.06712482124567032,0.0696621909737587
clearance,full,max,1,172,0.06543993949890137,0.07428209483623505
clearance,full,max,1,173,0.06291985511779785,0.06856205314397812
clearance,full,max,1,174,0.062421590089797974,0.069325752556324
clearance,full,max,1,175,0.060908786952495575,0.06849139928817749
clearance,full,max,1,176,0.060308706015348434,0.06898821145296097
clearance,full,max,1,177,0.06018231064081192,0.06941603124141693
clearance,full,max,1,178,0.06047263368964195,0.06828613579273224
clearance,full,max,1,179,0.059902142733335495,0.0682225376367569
clearance,full,max,1,180,0.0598987340927124,0.06876683980226517
clearance,full,max,1,181,0.0596320666372776,0.06866790354251862
clearance,full,max,1,182,0.05958649143576622,0.06807948648929596
clearance,full,max,1,183,0.05954338237643242,0.06808135658502579
clearance,full,max,1,184,0.05972371622920036,0.06809109449386597
clearance,full,max,1,185,0.05938515439629555,0.06842201948165894
clearance,full,max,1,186,0.059627532958984375,0.06858433783054352
clearance,full,max,1,187,0.05921822041273117,0.0680878758430481
clearance,full,max,1,188,0.05938755348324776,0.067353256046772
clearance,full,max,1,189,0.06011949107050896,0.06782019883394241
clearance,full,max,1,190,0.05985800549387932,0.0682712197303772
clearance,full,max,1,191,0.059732988476753235,0.06789766997098923
clearance,full,max,1,192,0.05935562402009964,0.06783447414636612
clearance,full,max,1,193,0.05945422127842903,0.06701917946338654
clearance,full,max,1,194,0.05898401886224747,0.06767330318689346
clearance,full,max,1,195,0.0586739219725132,0.06757737696170807
clearance,full,max,1,196,0.05893265828490257,0.06760259717702866
clearance,full,max,1,197,0.05832415074110031,0.0667334720492363
clearance,full,max,1,198,0.059046145528554916,0.06761230528354645
clearance,full,max,1,199,0.0585678406059742,0.06762930005788803
clearance,full,max,1,200,0.05905161798000336,0.06690248101949692
clearance,full,max,1,201,0.058344341814517975,0.06707359850406647
clearance,full,max,1,202,0.058729566633701324,0.0668969675898552
clearance,full,max,1,203,0.05828448385000229,0.06642338633537292
clearance,full,max,1,204,0.05774481222033501,0.06759022921323776
clearance,full,max,1,205,0.05808931961655617,0.06648967415094376
clearance,full,max,1,206,0.05805881321430206,0.06660395115613937
clearance,full,max,1,207,0.057591311633586884,0.06622660905122757
clearance,full,max,1,208,0.05771496891975403,0.0664098858833313
clearance,full,max,1,209,0.05774390324950218,0.06626094877719879
clearance,full,max,1,210,0.05740538239479065,0.06742002815008163
clearance,full,max,1,211,0.057537488639354706,0.06678670644760132
clearance,full,max,1,212,0.05724116414785385,0.06636232882738113
clearance,full,max,1,213,0.05720099061727524,0.06629050523042679
clearance,full,max,1,214,0.05723289027810097,0.06693249940872192
clearance,full,max,1,215,0.05759820342063904,0.06590621173381805
clearance,full,max,1,216,0.05766184255480766,0.06606750935316086
clearance,full,max,1,217,0.0568574033677578,0.06619251519441605
clearance,full,max,1,218,0.05726713314652443,0.06614044308662415
clearance,full,max,1,219,0.05730739235877991,0.06597679108381271
clearance,full,max,1,220,0.0565955825150013,0.0649137794971466
clearance,full,max,1,221,0.05681167170405388,0.06517495959997177
clearance,full,max,1,222,0.05650131404399872,0.06511437147855759
clearance,full,max,1,223,0.05671650543808937,0.06484930962324142
clearance,full,max,1,224,0.056552283465862274,0.06448544561862946
clearance,full,max,1,225,0.05629335343837738,0.06559178233146667
clearance,full,max,1,226,0.05733594298362732,0.06506776064634323
clearance,full,max,1,227,0.05753813311457634,0.06612071394920349
clearance,full,max,1,228,0.05693496763706207,0.06543295085430145
clearance,full,max,1,229,0.056707270443439484,0.06683651357889175
clearance,full,max,1,230,0.0561000220477581,0.06483319401741028
clearance,full,max,1,231,0.05645954981446266,0.06495553255081177
clearance,full,max,1,232,0.056076567620038986,0.06474745273590088
clearance,full,max,1,233,0.05849679931998253,0.07056640833616257
clearance,full,max,1,234,0.06257610023021698,0.06518548727035522
clearance,full,max,1,235,0.058933887630701065,0.06464151293039322
clearance,full,max,1,236,0.05717135965824127,0.06555953621864319
clearance,full,max,1,237,0.056559327989816666,0.06411908566951752
clearance,full,max,1,238,0.056491319090127945,0.06493093818426132
clearance,full,max,1,239,0.05566700920462608,0.06358557194471359
clearance,full,max,1,240,0.0560389868915081,0.06391888856887817
clearance,full,max,1,241,0.055551741272211075,0.06424569338560104
clearance,full,max,1,242,0.055523183196783066,0.06352800875902176
clearance,full,max,1,243,0.05543127283453941,0.0641162320971489
clearance,full,max,1,244,0.055315032601356506,0.06455844640731812
clearance,full,max,1,245,0.05531223118305206,0.06432051956653595
clearance,full,max,1,246,0.05551109462976456,0.06383182108402252
clearance,full,max,1,247,0.05534360185265541,0.06290420144796371
clearance,full,max,1,248,0.055489134043455124,0.06367576122283936
clearance,full,max,1,249,0.05547834932804108,0.06399915367364883
clearance,full,max,1,250,0.05514355003833771,0.06362034380435944
clearance,full,max,1,251,0.05519057810306549,0.06433195620775223
clearance,full,max,1,252,0.05518011748790741,0.06423202157020569
clearance,full,max,1,253,0.0552084818482399,0.06398271769285202
clearance,full,max,1,254,0.05497768893837929,0.06364792585372925
clearance,full,max,1,255,0.054966460913419724,0.06498778611421585
clearance,full,max,1,256,0.05542562156915665,0.06450705230236053
clearance,full,max,1,257,0.055482108145952225,0.06398550420999527
clearance,full,max,1,258,0.05521061271429062,0.06469626724720001
clearance,full,max,1,259,0.05489211156964302,0.06408216804265976
clearance,full,max,1,260,0.054741986095905304,0.06393422186374664
clearance,full,max,1,261,0.05470949038863182,0.06415922939777374
clearance,full,max,1,262,0.05478184297680855,0.06372343003749847
clearance,full,max,1,263,0.05471569672226906,0.06337237358093262
clearance,full,max,1,264,0.05470941960811615,0.06343478709459305
clearance,full,max,1,265,0.05465834587812424,0.06333564221858978
clearance,full,max,1,266,0.054628804326057434,0.06342414021492004
clearance,full,max,1,267,0.05464355647563934,0.06341826170682907
clearance,full,max,2,1,1.4721697568893433,0.21815532445907593
clearance,full,max,2,2,0.42588070034980774,0.22590622305870056
clearance,full,max,2,3,0.24108022451400757,0.17227992415428162
clearance,full,max,2,4,0.21767139434814453,0.17906855046749115
clearance,full,max,2,5,0.19487419724464417,0.12774822115898132
clearance,full,max,2,6,0.149432972073555,0.14667995274066925
clearance,full,max,2,7,0.19312316179275513,0.24057309329509735
clearance,full,max,2,8,0.22359851002693176,0.1304151713848114
clearance,full,max,2,9,0.16247984766960144,0.1264590322971344
clearance,full,max,2,10,0.15293827652931213,0.1226058155298233
clearance,full,max,2,11,0.13023608922958374,0.12252970039844513
clearance,full,max,2,12,0.12526364624500275,0.13101941347122192
clearance,full,max,2,13,0.11907996982336044,0.1146811842918396
clearance,full,max,2,14,0.11260747164487839,0.11974833905696869
clearance,full,max,2,15,0.11190305650234222,0.11233297735452652
clearance,full,max,2,16,0.11225540190935135,0.11588944494724274
clearance,full,max,2,17,0.11013428866863251,0.11367322504520416
clearance,full,max,2,18,0.10977941006422043,0.11669892072677612
clearance,full,max,2,19,0.10689423978328705,0.10915403813123703
clearance,full,max,2,20,0.10400807112455368,0.11461246758699417
clearance,full,max,2,21,0.10579224675893784,0.10861651599407196
clearance,full,max,2,22,0.10556069016456604,0.10976473242044449
clearance,full,max,2,23,0.10165105760097504,0.1089651882648468
clearance,full,max,2,24,0.10303378105163574,0.10843910276889801
clearance,full,max,2,25,0.10401938110589981,0.1203855648636818
clearance,full,max,2,26,0.11005119979381561,0.1044590100646019
clearance,full,max,2,27,0.10016793012619019,0.10443209111690521
clearance,full,max,2,28,0.10036218166351318,0.10678853839635849
clearance,full,max,2,29,0.09874286502599716,0.10396040230989456
clearance,full,max,2,30,0.0996004045009613,0.1094958633184433
clearance,full,max,2,31,0.09833114594221115,0.10387814790010452
clearance,full,max,2,32,0.09718470275402069,0.10304323583841324
clearance,full,max,2,33,0.09574179351329803,0.11271479725837708
clearance,full,max,2,34,0.10109765827655792,0.10171203315258026
clearance,full,max,2,35,0.09684402495622635,0.10420292615890503
clearance,full,max,2,36,0.094321608543396,0.1007148027420044
clearance,full,max,2,37,0.09320709854364395,0.10011741518974304
clearance,full,max,2,38,0.09866472333669662,0.12377716600894928
clearance,full,max,2,39,0.10226501524448395,0.10669083893299103
clearance,full,max,2,40,0.09687633067369461,0.11595577746629715
clearance,full,max,2,41,0.09405813366174698,0.10157894343137741
clearance,full,max,2,42,0.09311982989311218,0.10643646121025085
clearance,full,max,2,43,0.09232155233621597,0.10487931966781616
clearance,full,max,2,44,0.09121768921613693,0.1008654236793518
clearance,full,max,2,45,0.09514451771974564,0.10364675521850586
clearance,full,max,2,46,0.08963748812675476,0.09815831482410431
clearance,full,max,2,47,0.09007441252470016,0.09844082593917847
clearance,full,max,2,48,0.08914371579885483,0.10417916625738144
clearance,full,max,2,49,0.09134096652269363,0.097190260887146
clearance,full,max,2,50,0.09165104478597641,0.10876298695802689
clearance,full,max,2,51,0.09209859371185303,0.09675831347703934
clearance,full,max,2,52,0.08873168379068375,0.10931489616632462
clearance,full,max,2,53,0.09020181745290756,0.0968044251203537
clearance,full,max,2,54,0.08863181620836258,0.09674564749002457
clearance,full,max,2,55,0.09238047152757645,0.12480729073286057
clearance,full,max,2,56,0.1027863621711731,0.11127548664808273
clearance,full,max,2,57,0.09726836532354355,0.12012332677841187
clearance,full,max,2,58,0.09139434248209,0.09659744054079056
clearance,full,max,2,59,0.08918409049510956,0.10046926140785217
clearance,full,max,2,60,0.08690432459115982,0.09916526079177856
clearance,full,max,2,61,0.09318955987691879,0.097686268389225
clearance,full,max,2,62,0.09297563135623932,0.11299619823694229
clearance,full,max,2,63,0.0900973305106163,0.09640584141016006
clearance,full,max,2,64,0.08667131513357162,0.10412830859422684
clearance,full,max,2,65,0.08597266674041748,0.09639996290206909
clearance,full,max,2,66,0.08592018485069275,0.10761171579360962
clearance,full,max,2,67,0.08596792817115784,0.09596843272447586
clearance,full,max,2,68,0.08542969077825546,0.09685581177473068
clearance,full,max,2,69,0.0851835310459137,0.09978675097227097
clearance,full,max,2,70,0.08722670376300812,0.09600518643856049
clearance,full,max,2,71,0.08773829787969589,0.10391287505626678
clearance,full,max,2,72,0.08488374203443527,0.09547778218984604
clearance,full,max,2,73,0.08310727030038834,0.09603645652532578
clearance,full,max,2,74,0.08335476368665695,0.10507100820541382
clearance,full,max,2,75,0.08869533985853195,0.09312311559915543
clearance,full,max,2,76,0.0830722451210022,0.09680207073688507
clearance,full,max,2,77,0.08303778618574142,0.09987006336450577
clearance,full,max,2,78,0.08331670612096786,0.09361018985509872
clearance,full,max,2,79,0.08297740668058395,0.10642922669649124
clearance,full,max,2,80,0.08351998776197433,0.09538164734840393
clearance,full,max,2,81,0.0838727205991745,0.10767671465873718
clearance,full,max,2,82,0.08316697180271149,0.09732309728860855
clearance,full,max,2,83,0.0859123095870018,0.100796639919281
clearance,full,max,2,84,0.08295023441314697,0.09552232176065445
clearance,full,max,2,85,0.08220787346363068,0.09196309745311737
clearance,full,max,2,86,0.08311400562524796,0.10037548840045929
clearance,full,max,2,87,0.08235302567481995,0.09132327884435654
clearance,full,max,2,88,0.08065956085920334,0.09468089044094086
clearance,full,max,2,89,0.07952423393726349,0.09396481513977051
clearance,full,max,2,90,0.07925890386104584,0.09259871393442154
clearance,full,max,2,91,0.07893910259008408,0.09420517086982727
clearance,full,max,2,92,0.07935534417629242,0.09099067002534866
clearance,full,max,2,93,0.07838109135627747,0.10013164579868317
clearance,full,max,2,94,0.08163215965032578,0.09427244961261749
clearance,full,max,2,95,0.08417017757892609,0.11048658937215805
clearance,full,max,2,96,0.08172359317541122,0.09008357673883438
clearance,full,max,2,97,0.08174753934144974,0.0932793915271759
clearance,full,max,2,98,0.0780203640460968,0.09158380329608917
clearance,full,max,2,99,0.07856673747301102,0.08926752954721451
clearance,full,max,2,100,0.0785699114203453,0.09913548082113266
clearance,full,max,2,101,0.07899820804595947,0.09094908833503723
clearance,full,max,2,102,0.07781600207090378,0.08957474678754807
clearance,full,max,2,103,0.07728911191225052,0.09501153230667114
clearance,full,max,2,104,0.07707798480987549,0.0907859355211258
clearance,full,max,2,105,0.08011423051357269,0.09966599196195602
clearance,full,max,2,106,0.08205532282590866,0.08793097734451294
clearance,full,max,2,107,0.07700271159410477,0.09666549414396286
clearance,full,max,2,108,0.07820392400026321,0.08965706825256348
clearance,full,max,2,109,0.0776226818561554,0.08624019473791122
clearance,full,max,2,110,0.07613212615251541,0.08794862776994705
clearance,full,max,2,111,0.07609426975250244,0.09070521593093872
clearance,full,max,2,112,0.07597411423921585,0.08951760083436966
clearance,full,max,2,113,0.07727815210819244,0.08700460940599442
clearance,full,max,2,114,0.07768077403306961,0.09242121875286102
clearance,full,max,2,115,0.077135369181633,0.09069989621639252
clearance,full,max,2,116,0.07646147906780243,0.08902347832918167
clearance,full,max,2,117,0.07557768374681473,0.08812033385038376
clearance,full,max,2,118,0.07554963231086731,0.09364000707864761
clearance,full,max,2,119,0.07501889020204544,0.09317781031131744
clearance,full,max,2,120,0.07549402117729187,0.0895906537771225
clearance,full,max,2,121,0.07434418052434921,0.08909518271684647
clearance,full,max,2,122,0.07470555603504181,0.08651316165924072
clearance,full,max,2,123,0.07548701018095016,0.08763954788446426
clearance,full,max,2,124,0.07616948336362839,0.08779553323984146
clearance,full,max,2,125,0.0750192180275917,0.08754651993513107
clearance,full,max,2,126,0.07540420442819595,0.08628569543361664
clearance,full,max,2,127,0.07632211595773697,0.08678995817899704
clearance,full,max,2,128,0.07464683055877686,0.08734428137540817
clearance,full,max,2,129,0.07419751584529877,0.0864444300532341
clearance,full,max,3,1,0.6947616338729858,0.30766984820365906
clearance,full,max,3,2,0.21811291575431824,0.2543204128742218
clearance,full,max,3,3,0.19717322289943695,0.158934086561203
clearance,full,max,3,4,0.1862785369157791,0.12893544137477875
clearance,full,max,3,5,0.13501036167144775,0.14971527457237244
clearance,full,max,3,6,0.14250963926315308,0.11440464854240417
clearance,full,max,3,7,0.1324157416820526,0.12087897956371307
clearance,full,max,3,8,0.1256854385137558,0.11347495764493942
clearance,full,max,3,9,0.12225665152072906,0.10678106546401978
clearance,full,max,3,10,0.1161963939666748,0.10700774192810059
clearance,full,max,3,11,0.11430832743644714,0.10385578870773315
clearance,full,max,3,12,0.1128152385354042,0.10451428592205048
clearance,full,max,3,13,0.1105816513299942,0.10248833894729614
clearance,full,max,3,14,0.1092820018529892,0.10093235224485397
clearance,full,max,3,15,0.10667508095502853,0.1002679318189621
clearance,full,max,3,16,0.10543816536664963,0.09923049807548523
clearance,full,max,3,17,0.10397402942180634,0.09831032902002335
clearance,full,max,3,18,0.10308670997619629,0.09781557321548462
clearance,full,max,3,19,0.10220932215452194,0.09685774892568588
clearance,full,max,3,20,0.10070566087961197,0.09607776254415512
clearance,full,max,3,21,0.0999019518494606,0.09549988806247711
clearance,full,max,3,22,0.09891264140605927,0.09459169209003448
clearance,full,max,3,23,0.09837279468774796,0.0947352722287178
clearance,full,max,3,24,0.09748246520757675,0.09339866787195206
clearance,full,max,3,25,0.0961441621184349,0.09343860298395157
clearance,full,max,3,26,0.0957050621509552,0.09248464554548264
clearance,full,max,3,27,0.09458177536725998,0.09206385910511017
clearance,full,max,3,28,0.09472445398569107,0.09219726175069809
clearance,full,max,3,29,0.09367337822914124,0.0912601426243782
clearance,full,max,3,30,0.09228916466236115,0.09183356165885925
clearance,full,max,3,31,0.09177452325820923,0.09083208441734314
clearance,full,max,3,32,0.09092333167791367,0.09031204134225845
clearance,full,max,3,33,0.09071145206689835,0.09061242640018463
clearance,full,max,3,34,0.09004823118448257,0.08995454013347626
clearance,full,max,3,35,0.08927813917398453,0.08969812095165253
clearance,full,max,3,36,0.08915466070175171,0.08917191624641418
clearance,full,max,3,37,0.0882335975766182,0.08895079791545868
clearance,full,max,3,38,0.08751478791236877,0.08907049149274826
clearance,full,max,3,39,0.087293840944767,0.08858880400657654
clearance,full,max,3,40,0.086823008954525,0.0884685292840004
clearance,full,max,3,41,0.08632132411003113,0.08819516003131866
clearance,full,max,3,42,0.08603954315185547,0.08759396523237228
clearance,full,max,3,43,0.08525124192237854,0.08729498088359833
clearance,full,max,3,44,0.08490230143070221,0.08726353943347931
clearance,full,max,3,45,0.08463546633720398,0.08693690598011017
clearance,full,max,3,46,0.0845755785703659,0.08651554584503174
clearance,full,max,3,47,0.08454973995685577,0.08684652298688889
clearance,full,max,3,48,0.0841635912656784,0.08576089143753052
clearance,full,max,3,49,0.08409123122692108,0.08589904755353928
clearance,full,max,3,50,0.0831303745508194,0.08479312062263489
clearance,full,max,3,51,0.08390022069215775,0.0847032219171524
clearance,full,max,3,52,0.08233508467674255,0.08456164598464966
clearance,full,max,3,53,0.08282537758350372,0.08488797396421432
clearance,full,max,3,54,0.0817154049873352,0.08370912820100784
clearance,full,max,3,55,0.08130750805139542,0.08552186191082001
clearance,full,max,3,56,0.0818951204419136,0.08336001634597778
clearance,full,max,3,57,0.08126072585582733,0.0837564766407013
clearance,full,max,3,58,0.08068813383579254,0.08277910947799683
clearance,full,max,3,59,0.07973433285951614,0.08397132903337479
clearance,full,max,3,60,0.07993553578853607,0.08232003450393677
clearance,full,max,3,61,0.07936997711658478,0.08251898735761642
clearance,full,max,3,62,0.07895779609680176,0.08222155272960663
clearance,full,max,3,63,0.07935702055692673,0.0820937231183052
clearance,full,max,3,64,0.07972993701696396,0.08366755396127701
clearance,full,max,3,65,0.07977954298257828,0.08135897666215897
clearance,full,max,3,66,0.07910934835672379,0.08175890147686005
clearance,full,max,3,67,0.07833294570446014,0.08092130720615387
clearance,full,max,3,68,0.07861706614494324,0.0830036997795105
clearance,full,max,3,69,0.07773276418447495,0.08094742149114609
clearance,full,max,3,70,0.07737990468740463,0.08135350048542023
clearance,full,max,3,71,0.07713963091373444,0.08024558424949646
clearance,full,max,3,72,0.07668355852365494,0.08069625496864319
clearance,full,max,3,73,0.07636328786611557,0.08061295747756958
clearance,full,max,3,74,0.07751324772834778,0.08028818666934967
clearance,full,max,3,75,0.07923241704702377,0.08338841795921326
clearance,full,max,3,76,0.07926448434591293,0.0798519104719162
clearance,full,max,3,77,0.07802680134773254,0.08424007892608643
clearance,full,max,3,78,0.07874134927988052,0.07893890142440796
clearance,full,max,3,79,0.07748399674892426,0.08072365075349808
clearance,full,max,3,80,0.07938040792942047,0.07889610528945923
clearance,full,max,3,81,0.07742317765951157,0.07972346991300583
clearance,full,max,3,82,0.07600419968366623,0.07818916440010071
clearance,full,max,3,83,0.07539089769124985,0.07846391946077347
clearance,full,max,3,84,0.07430338114500046,0.07836851477622986
clearance,full,max,3,85,0.07419488579034805,0.07926756143569946
clearance,full,max,3,86,0.07389840483665466,0.07844117283821106
clearance,full,max,3,87,0.0736813172698021,0.07904326170682907
clearance,full,max,3,88,0.07382822036743164,0.07865951955318451
clearance,full,max,3,89,0.07366985827684402,0.07961439341306686
clearance,full,max,3,90,0.07386334240436554,0.077741838991642
clearance,full,max,3,91,0.07341557741165161,0.0782095268368721
clearance,full,max,3,92,0.07268288731575012,0.0778435543179512
clearance,full,max,3,93,0.07334659993648529,0.07839655131101608
clearance,full,max,3,94,0.07266108691692352,0.07749099284410477
clearance,full,max,3,95,0.07224839925765991,0.07712848484516144
clearance,full,max,3,96,0.07219444960355759,0.0770399197936058
clearance,full,max,3,97,0.07231992483139038,0.07795508950948715
clearance,full,max,3,98,0.07219983637332916,0.07723372429609299
clearance,full,max,3,99,0.07255636900663376,0.07708340138196945
clearance,full,max,3,100,0.07141799479722977,0.07655385881662369
clearance,full,max,3,101,0.0713968425989151,0.07687506824731827
clearance,full,max,3,102,0.07121022790670395,0.07648129761219025
clearance,full,max,3,103,0.07199935615062714,0.07857749611139297
clearance,full,max,3,104,0.07162250578403473,0.07667707651853561
clearance,full,max,3,105,0.0707617849111557,0.07838686555624008
clearance,full,max,3,106,0.07130608707666397,0.07640566676855087
clearance,full,max,3,107,0.0706474632024765,0.07789966464042664
clearance,full,max,3,108,0.07154835015535355,0.07837258279323578
clearance,full,max,3,109,0.07104500383138657,0.08101191371679306
clearance,full,max,3,110,0.0733378604054451,0.08184616267681122
clearance,full,max,3,111,0.07545939832925797,0.08617906272411346
clearance,full,max,3,112,0.07581501454114914,0.07830730825662613
clearance,full,max,3,113,0.07222489267587662,0.07843724638223648
clearance,full,max,3,114,0.07085271179676056,0.07560372352600098
clearance,full,max,3,115,0.07092486321926117,0.07982319593429565
clearance,full,max,3,116,0.07290031015872955,0.07539363205432892
clearance,full,max,3,117,0.07162459939718246,0.07530325651168823
clearance,full,max,3,118,0.07131501287221909,0.0746341422200203
clearance,full,max,3,119,0.07018955051898956,0.07490343600511551
clearance,full,max,3,120,0.0688997283577919,0.07493460178375244
clearance,full,max,3,121,0.06849730759859085,0.07447892427444458
clearance,full,max,3,122,0.06884769350290298,0.07580675929784775
clearance,full,max,3,123,0.06912697106599808,0.07550230622291565
clearance,full,max,3,124,0.0703413262963295,0.07925475388765335
clearance,full,max,3,125,0.06985776126384735,0.07595768570899963
clearance,full,max,3,126,0.0720353052020073,0.07959096878767014
clearance,full,max,3,127,0.07100740075111389,0.07609579712152481
clearance,full,max,3,128,0.07181375473737717,0.07873204350471497
clearance,full,max,3,129,0.07647022604942322,0.07490482181310654
clearance,full,max,3,130,0.07374575734138489,0.07400138676166534
clearance,full,max,3,131,0.06974581629037857,0.07261842489242554
clearance,full,max,3,132,0.06839536875486374,0.07323037087917328
clearance,full,max,3,133,0.0670604407787323,0.07368616759777069
clearance,full,max,3,134,0.06660037487745285,0.07366399466991425
clearance,full,max,3,135,0.06638086587190628,0.0741533637046814
clearance,full,max,3,136,0.06662623584270477,0.07373273372650146
clearance,full,max,3,137,0.06640878319740295,0.07371384650468826
clearance,full,max,3,138,0.06588848680257797,0.07348699122667313
clearance,full,max,3,139,0.066802479326725,0.07597880810499191
clearance,full,max,3,140,0.06763307005167007,0.07326097041368484
clearance,full,max,3,141,0.0658804252743721,0.07319504022598267
clearance,full,max,3,142,0.06539361923933029,0.07312655448913574
clearance,full,max,3,143,0.06527868658304214,0.07358700037002563
clearance,full,max,3,144,0.06533247977495193,0.07400960475206375
clearance,full,max,3,145,0.06558897346258163,0.07409124821424484
clearance,full,max,3,146,0.06511370837688446,0.07327034324407578
clearance,full,max,3,147,0.0648471787571907,0.07361301779747009
clearance,full,max,3,148,0.06537993997335434,0.07328671962022781
clearance,full,max,3,149,0.06553618609905243,0.07348166406154633
clearance,full,max,3,150,0.0648767501115799,0.07431133091449738
clearance,full,max,3,151,0.06491022557020187,0.07348540425300598
clearance,full,max,4,1,0.6618461608886719,0.3786320090293884
clearance,full,max,4,2,0.3069480061531067,0.3694356679916382
clearance,full,max,4,3,0.19852663576602936,0.16751161217689514
clearance,full,max,4,4,0.1551380753517151,0.15242695808410645
clearance,full,max,4,5,0.13860586285591125,0.12965930998325348
clearance,full,max,4,6,0.13325372338294983,0.13367705047130585
clearance,full,max,4,7,0.12838391959667206,0.11969640105962753
clearance,full,max,4,8,0.12360120564699173,0.11706175655126572
clearance,full,max,4,9,0.12196266651153564,0.11556468904018402
clearance,full,max,4,10,0.11771673709154129,0.11647157371044159
clearance,full,max,4,11,0.11709960550069809,0.11787521839141846
clearance,full,max,4,12,0.11408783495426178,0.1155107244849205
clearance,full,max,4,13,0.11277380585670471,0.11359681934118271
clearance,full,max,4,14,0.11022179573774338,0.11181396245956421
clearance,full,max,4,15,0.10870172083377838,0.11225191503763199
clearance,full,max,4,16,0.10715267062187195,0.11242590844631195
clearance,full,max,4,17,0.10634376853704453,0.11358074843883514
clearance,full,max,4,18,0.10523488372564316,0.11447060108184814
clearance,full,max,4,19,0.10727129876613617,0.11471085250377655
clearance,full,max,4,20,0.10398530960083008,0.10809797793626785
clearance,full,max,4,21,0.10298607498407364,0.106041319668293
clearance,full,max,4,22,0.10113279521465302,0.10613881796598434
clearance,full,max,4,23,0.10002340376377106,0.1077461764216423
clearance,full,max,4,24,0.09984604269266129,0.10748860985040665
clearance,full,max,4,25,0.09836737811565399,0.10458457469940186
clearance,full,max,4,26,0.09801434725522995,0.10409992188215256
clearance,full,max,4,27,0.09799421578645706,0.10849612206220627
clearance,full,max,4,28,0.09888939559459686,0.1059708371758461
clearance,full,max,4,29,0.09835004806518555,0.10860984772443771
clearance,full,max,4,30,0.09667308628559113,0.10365499556064606
clearance,full,max,4,31,0.0956105962395668,0.10385504364967346
clearance,full,max,4,32,0.09475714713335037,0.10031601041555405
clearance,full,max,4,33,0.0962478294968605,0.10325028747320175
clearance,full,max,4,34,0.09511159360408783,0.10599870979785919
clearance,full,max,4,35,0.09354113787412643,0.10457521677017212
clearance,full,max,4,36,0.09424016624689102,0.11655142903327942
clearance,full,max,4,37,0.09707802534103394,0.11153016239404678
clearance,full,max,4,38,0.09741798043251038,0.10334683209657669
clearance,full,max,4,39,0.09458202868700027,0.10351225733757019
clearance,full,max,4,40,0.09104033559560776,0.10003983229398727
clearance,full,max,4,41,0.09167377650737762,0.10079848766326904
clearance,full,max,4,42,0.0921187549829483,0.10010099411010742
clearance,full,max,4,43,0.08879466354846954,0.10016269981861115
clearance,full,max,4,44,0.08892172574996948,0.09708559513092041
clearance,full,max,4,45,0.08860021084547043,0.10012154281139374
clearance,full,max,4,46,0.08895953744649887,0.09822696447372437
clearance,full,max,4,47,0.0876711905002594,0.09992361813783646
clearance,full,max,4,48,0.09135856479406357,0.0980454683303833
clearance,full,max,4,49,0.08871695399284363,0.09761223942041397
clearance,full,max,4,50,0.08574040234088898,0.09955567866563797
clearance,full,max,4,51,0.08617112040519714,0.09777194261550903
clearance,full,max,4,52,0.0859920084476471,0.09584148228168488
clearance,full,max,4,53,0.0848909318447113,0.09632422029972076
clearance,full,max,4,54,0.08496986329555511,0.09507471323013306
clearance,full,max,4,55,0.08383902162313461,0.09399931877851486
clearance,full,max,4,56,0.08413951843976974,0.09553880244493484
clearance,full,max,4,57,0.08343684673309326,0.09529442340135574
clearance,full,max,4,58,0.08309424668550491,0.09359648823738098
clearance,full,max,4,59,0.08292923867702484,0.09369803220033646
clearance,full,max,4,60,0.08475176244974136,0.09730502218008041
clearance,full,max,4,61,0.08371970802545547,0.096088707447052
clearance,full,max,4,62,0.0823965072631836,0.0935627669095993
clearance,full,max,4,63,0.08127570152282715,0.09322839230298996
clearance,full,max,4,64,0.08089522272348404,0.0946895033121109
clearance,full,max,4,65,0.08083067834377289,0.09512395411729813
clearance,full,max,4,66,0.08034483343362808,0.09580172598361969
clearance,full,max,4,67,0.08104920387268066,0.09543649107217789
clearance,full,max,4,68,0.0798928365111351,0.09596263617277145
clearance,full,max,4,69,0.08039914816617966,0.09600474685430527
clearance,full,max,4,70,0.08037477731704712,0.09271140396595001
clearance,full,max,4,71,0.0790039524435997,0.0938829779624939
clearance,full,max,4,72,0.07963832467794418,0.09448739141225815
clearance,full,max,4,73,0.07940104603767395,0.09299615025520325
clearance,full,max,4,74,0.07869577407836914,0.09275458008050919
clearance,full,max,4,75,0.07811107486486435,0.0953354462981224
clearance,full,max,4,76,0.0782480537891388,0.09411241859197617
clearance,full,max,4,77,0.0775856152176857,0.09516239911317825
clearance,full,max,4,78,0.07765510678291321,0.09665647149085999
clearance,full,max,4,79,0.07723508775234222,0.09806936979293823
clearance,full,max,4,80,0.07704519480466843,0.09979910403490067
clearance,full,max,4,81,0.07864681631326675,0.10058131814002991
clearance,full,max,4,82,0.08073943108320236,0.09523016959428787
clearance,full,max,4,83,0.076435886323452,0.09447956085205078
clearance,full,max,4,84,0.07702729105949402,0.09420730173587799
clearance,full,max,4,85,0.0764385238289833,0.0930224061012268
clearance,full,max,4,86,0.07563123852014542,0.09335122257471085
clearance,full,max,4,87,0.07573218643665314,0.093660868704319
clearance,full,max,4,88,0.07694968581199646,0.09572228044271469
clearance,full,max,4,89,0.07737559825181961,0.09481890499591827
clearance,full,max,4,90,0.0769268125295639,0.09494482725858688
clearance,full,max,5,1,1.2875434160232544,0.7162995338439941
clearance,full,max,5,2,0.7431351542472839,0.22392329573631287
clearance,full,max,5,3,0.24443219602108002,0.3367076516151428
clearance,full,max,5,4,0.21809254586696625,0.2490595579147339
clearance,full,max,5,5,0.16577543318271637,0.16789510846138
clearance,full,max,5,6,0.16260170936584473,0.1502188891172409
clearance,full,max,5,7,0.13938698172569275,0.13192667067050934
clearance,full,max,5,8,0.13388635218143463,0.12811167538166046
clearance,full,max,5,9,0.11847558617591858,0.1388668566942215
clearance,full,max,5,10,0.11682400852441788,0.14053422212600708
clearance,full,max,5,11,0.11580672860145569,0.13411355018615723
clearance,full,max,5,12,0.11149013042449951,0.12502820789813995
clearance,full,max,5,13,0.10895517468452454,0.11928188800811768
clearance,full,max,5,14,0.10860520601272583,0.11714489012956619
clearance,full,max,5,15,0.10756825655698776,0.11568231880664825
clearance,full,max,5,16,0.10702916979789734,0.11840344965457916
clearance,full,max,5,17,0.10466393828392029,0.12058147042989731
clearance,full,max,5,18,0.10348846018314362,0.11987850069999695
clearance,full,max,5,19,0.10259481519460678,0.11672317981719971
clearance,full,max,5,20,0.10255752503871918,0.1136268898844719
clearance,full,max,5,21,0.10040431469678879,0.11197446286678314
clearance,full,max,5,22,0.09978782385587692,0.11272624880075455
clearance,full,max,5,23,0.0982070341706276,0.11445431411266327
clearance,full,max,5,24,0.10064342617988586,0.11296777427196503
clearance,full,max,5,25,0.09809952229261398,0.11026033759117126
clearance,full,max,5,26,0.09961417317390442,0.10885260254144669
clearance,full,max,5,27,0.10290351510047913,0.10779129713773727
clearance,full,max,5,28,0.0984574481844902,0.11043597012758255
clearance,full,max,5,29,0.09569786489009857,0.11336914449930191
clearance,full,max,5,30,0.09638859331607819,0.1138002797961235
clearance,full,max,5,31,0.09562129527330399,0.10470807552337646
clearance,full,max,5,32,0.09857260435819626,0.10120461136102676
clearance,full,max,5,33,0.09629221260547638,0.10451100766658783
clearance,full,max,5,34,0.09336094558238983,0.1014304980635643
clearance,full,max,5,35,0.09280192106962204,0.09938885271549225
clearance,full,max,5,36,0.0916687473654747,0.09954579174518585
clearance,full,max,5,37,0.09225285053253174,0.10175687819719315
clearance,full,max,5,38,0.09112958610057831,0.10273899137973785
clearance,full,max,5,39,0.09004228562116623,0.10287380963563919
clearance,full,max,5,40,0.0895625501871109,0.10080128908157349
clearance,full,max,5,41,0.08903799206018448,0.09850460290908813
clearance,full,max,5,42,0.08846300840377808,0.09625028818845749
clearance,full,max,5,43,0.08891526609659195,0.09530231356620789
clearance,full,max,5,44,0.08800683915615082,0.09685187041759491
clearance,full,max,5,45,0.08765733987092972,0.0981646403670311
clearance,full,max,5,46,0.08740200847387314,0.09740976989269257
clearance,full,max,5,47,0.09021599590778351,0.09634974598884583
clearance,full,max,5,48,0.08906079828739166,0.09329137951135635
clearance,full,max,5,49,0.08847200870513916,0.09506139159202576
clearance,full,max,5,50,0.08880104869604111,0.09755188971757889
clearance,full,max,5,51,0.08747170120477676,0.09879983961582184
clearance,full,max,5,52,0.08716810494661331,0.09201999753713608
clearance,full,max,5,53,0.08621911704540253,0.0907120332121849
clearance,full,max,5,54,0.08586613833904266,0.09211712330579758
clearance,full,max,5,55,0.08541326969861984,0.09463594108819962
clearance,full,max,5,56,0.08461719751358032,0.09594568610191345
clearance,full,max,5,57,0.08408445864915848,0.09316632896661758
clearance,full,max,5,58,0.0842471569776535,0.09438478201627731
clearance,full,max,5,59,0.0850968137383461,0.09497298300266266
clearance,full,max,5,60,0.08699988573789597,0.10143951326608658
clearance,full,max,5,61,0.0858239084482193,0.08972364664077759
clearance,full,max,5,62,0.08425674587488174,0.09299241006374359
clearance,full,max,5,63,0.0862559974193573,0.09152080863714218
clearance,full,max,5,64,0.0883263498544693,0.09511861205101013
clearance,full,max,5,65,0.08709339052438736,0.08929169178009033
clearance,full,max,5,66,0.08249127864837646,0.09306308627128601
clearance,full,max,5,67,0.08484217524528503,0.08829018473625183
clearance,full,max,5,68,0.08350806683301926,0.09116677194833755
clearance,full,max,5,69,0.08257601410150528,0.091903917491436
clearance,full,max,5,70,0.0823286697268486,0.09623251110315323
clearance,full,max,5,71,0.08170803636312485,0.09272578358650208
clearance,full,max,5,72,0.08109316974878311,0.08679716289043427
clearance,full,max,5,73,0.08072523027658463,0.08824396878480911
clearance,full,max,5,74,0.08185296505689621,0.08721696585416794
clearance,full,max,5,75,0.0815012976527214,0.09540313482284546
clearance,full,max,5,76,0.08276096731424332,0.08676494657993317
clearance,full,max,5,77,0.08479689061641693,0.09334336221218109
clearance,full,max,5,78,0.08759996294975281,0.08743012696504593
clearance,full,max,5,79,0.08583718538284302,0.09110220521688461
clearance,full,max,5,80,0.0820213258266449,0.08853060007095337
clearance,full,max,5,81,0.08080891519784927,0.08781185746192932
clearance,full,max,5,82,0.07957258820533752,0.0847318097949028
clearance,full,max,5,83,0.07986386865377426,0.08625513315200806
clearance,full,max,5,84,0.0794750452041626,0.09012068808078766
clearance,full,max,5,85,0.07881671190261841,0.0975053608417511
clearance,full,max,5,86,0.07927443087100983,0.09654631465673447
clearance,full,max,5,87,0.07873813807964325,0.09133005142211914
clearance,full,max,5,88,0.08034434914588928,0.08600687235593796
clearance,full,max,5,89,0.0787636786699295,0.08907603472471237
clearance,full,max,5,90,0.07771210372447968,0.09160930663347244
clearance,full,max,5,91,0.0777016133069992,0.0911693423986435
clearance,full,max,5,92,0.07688018679618835,0.08849222213029861
clearance,full,max,5,93,0.07744648307561874,0.08826038986444473
clearance,full,max,5,94,0.07694592326879501,0.08985865861177444
clearance,full,max,5,95,0.07688987255096436,0.08904802799224854
clearance,full,max,5,96,0.07642915844917297,0.08666939288377762
clearance,full,max,5,97,0.07694492489099503,0.08591475337743759
clearance,full,max,5,98,0.07824994623661041,0.08757893741130829
clearance,full,max,5,99,0.07700533419847488,0.08864766359329224
clearance,full,max,5,100,0.07657203823328018,0.09087999165058136
clearance,full,max,5,101,0.07791926711797714,0.0896671786904335
clearance,full,max,5,102,0.0777868703007698,0.08619425445795059
clearance,full,flatten,1,1,1.1816996335983276,0.30785682797431946
clearance,full,flatten,1,2,0.3311076760292053,0.23453886806964874
clearance,full,flatten,1,3,0.2371693253517151,0.22658076882362366
clearance,full,flatten,1,4,0.1954726278781891,0.24052727222442627
clearance,full,flatten,1,5,0.18621230125427246,0.16026470065116882
clearance,full,flatten,1,6,0.16989144682884216,0.1515699326992035
clearance,full,flatten,1,7,0.1522476226091385,0.1700640618801117
clearance,full,flatten,1,8,0.1451306790113449,0.1472337692975998
clearance,full,flatten,1,9,0.14080758392810822,0.14719951152801514
clearance,full,flatten,1,10,0.13687463104724884,0.14135019481182098
clearance,full,flatten,1,11,0.1314249187707901,0.13257920742034912
clearance,full,flatten,1,12,0.12847155332565308,0.1326059252023697
clearance,full,flatten,1,13,0.12611238658428192,0.12780018150806427
clearance,full,flatten,1,14,0.12309530377388,0.12419869005680084
clearance,full,flatten,1,15,0.12176317721605301,0.12485383450984955
clearance,full,flatten,1,16,0.11905602365732193,0.1220853179693222
clearance,full,flatten,1,17,0.11859691888093948,0.12047316133975983
clearance,full,flatten,1,18,0.116188645362854,0.11987753212451935
clearance,full,flatten,1,19,0.11399248242378235,0.11642882972955704
clearance,full,flatten,1,20,0.11260242015123367,0.11870890855789185
clearance,full,flatten,1,21,0.11108013987541199,0.11581571400165558
clearance,full,flatten,1,22,0.11143771559000015,0.11485611647367477
clearance,full,flatten,1,23,0.10856255143880844,0.11440249532461166
clearance,full,flatten,1,24,0.10862591862678528,0.11118314415216446
clearance,full,flatten,1,25,0.1084255650639534,0.1152205690741539
clearance,full,flatten,1,26,0.10937218368053436,0.11137892305850983
clearance,full,flatten,1,27,0.10476946830749512,0.10977791994810104
clearance,full,flatten,1,28,0.10407615453004837,0.10816819965839386
clearance,full,flatten,1,29,0.10385365784168243,0.1097390279173851
clearance,full,flatten,1,30,0.10372715443372726,0.10789243131875992
clearance,full,flatten,1,31,0.1032787635922432,0.10818985104560852
clearance,full,flatten,1,32,0.1018381416797638,0.10408221930265427
clearance,full,flatten,1,33,0.10128247737884521,0.10653243213891983
clearance,full,flatten,1,34,0.10202016681432724,0.10549138486385345
clearance,full,flatten,1,35,0.10044215619564056,0.10861478745937347
clearance,full,flatten,1,36,0.09912119060754776,0.10408861935138702
clearance,full,flatten,1,37,0.09860198944807053,0.10505276173353195
clearance,full,flatten,1,38,0.09806875884532928,0.10253426432609558
clearance,full,flatten,1,39,0.09858178347349167,0.10375278443098068
clearance,full,flatten,1,40,0.09837250411510468,0.10397011041641235
clearance,full,flatten,1,41,0.09732957929372787,0.10320940613746643
clearance,full,flatten,1,42,0.10008908063173294,0.10448906570672989
clearance,full,flatten,1,43,0.10320347547531128,0.1112636998295784
clearance,full,flatten,1,44,0.09642195701599121,0.10184521228075027
clearance,full,flatten,1,45,0.09662368148565292,0.10890506207942963
clearance,full,flatten,1,46,0.09646669775247574,0.1009468361735344
clearance,full,flatten,1,47,0.09716404974460602,0.10010453313589096
clearance,full,flatten,1,48,0.0953509584069252,0.10502642393112183
clearance,full,flatten,1,49,0.09665047377347946,0.09930509328842163
clearance,full,flatten,1,50,0.09396503120660782,0.10149328410625458
clearance,full,flatten,1,51,0.09291557222604752,0.0992269217967987
clearance,full,flatten,1,52,0.09251441061496735,0.1025325357913971
clearance,full,flatten,1,53,0.09390819817781448,0.09907583147287369
clearance,full,flatten,1,54,0.09438692033290863,0.09909787774085999
clearance,full,flatten,1,55,0.09338259696960449,0.10928868502378464
clearance,full,flatten,1,56,0.0954861044883728,0.09610339254140854
clearance,full,flatten,1,57,0.09100786596536636,0.09932369738817215
clearance,full,flatten,1,58,0.09117169678211212,0.0971483662724495
clearance,full,flatten,1,59,0.0920606255531311,0.09533433616161346
clearance,full,flatten,1,60,0.08960894495248795,0.10524029284715652
clearance,full,flatten,1,61,0.09257405996322632,0.099942646920681
clearance,full,flatten,1,62,0.09016646444797516,0.10824857652187347
clearance,full,flatten,1,63,0.09106934070587158,0.09411948919296265
clearance,full,flatten,1,64,0.09078525751829147,0.09866654127836227
clearance,full,flatten,1,65,0.08843813091516495,0.09536610543727875
clearance,full,flatten,1,66,0.09091992676258087,0.09638501703739166
clearance,full,flatten,1,67,0.08900584280490875,0.09452235698699951
clearance,full,flatten,1,68,0.08801684528589249,0.09959347546100616
clearance,full,flatten,1,69,0.0875440239906311,0.09579984843730927
clearance,full,flatten,1,70,0.08862811326980591,0.10128109157085419
clearance,full,flatten,1,71,0.0873599424958229,0.09755997359752655
clearance,full,flatten,1,72,0.0898844450712204,0.11111993342638016
clearance,full,flatten,1,73,0.09085160493850708,0.09711329638957977
clearance,full,flatten,1,74,0.08787248283624649,0.10179394483566284
clearance,full,flatten,1,75,0.08690861612558365,0.09205805510282516
clearance,full,flatten,1,76,0.08670925348997116,0.09563542902469635
clearance,full,flatten,1,77,0.08637222647666931,0.09171801060438156
clearance,full,flatten,1,78,0.08608616143465042,0.09509649127721786
clearance,full,flatten,1,79,0.08598093688488007,0.09549510478973389
clearance,full,flatten,1,80,0.08677113801240921,0.09609252959489822
clearance,full,flatten,1,81,0.0863967314362526,0.09654182195663452
clearance,full,flatten,1,82,0.08574577420949936,0.09293483197689056
clearance,full,flatten,1,83,0.08530822396278381,0.09647855162620544
clearance,full,flatten,1,84,0.08509742468595505,0.09464448690414429
clearance,full,flatten,1,85,0.08476082235574722,0.09645862877368927
clearance,full,flatten,1,86,0.08483664691448212,0.09411240369081497
clearance,full,flatten,1,87,0.08432513475418091,0.09446154534816742
clearance,full,flatten,1,88,0.08449213951826096,0.09289775043725967
clearance,full,flatten,1,89,0.08423452079296112,0.09544533491134644
clearance,full,flatten,1,90,0.08428642153739929,0.09455399960279465
clearance,full,flatten,1,91,0.0841827243566513,0.09443515539169312
clearance,full,flatten,1,92,0.0839984193444252,0.0944032073020935
clearance,full,flatten,1,93,0.08416853100061417,0.09494046866893768
clearance,full,flatten,1,94,0.08405977487564087,0.09241391718387604
clearance,full,flatten,1,95,0.08371029794216156,0.09444094449281693
clearance,full,flatten,1,96,0.08377863466739655,0.09553559124469757
clearance,full,flatten,1,97,0.08379004895687103,0.09312769025564194
clearance,full,flatten,2,1,0.4921349585056305,0.4577970802783966
clearance,full,flatten,2,2,0.35413816571235657,0.3445218801498413
clearance,full,flatten,2,3,0.2980950176715851,0.36439839005470276
clearance,full,flatten,2,4,0.25535663962364197,0.22656190395355225
clearance,full,flatten,2,5,0.20257706940174103,0.2606753408908844
clearance,full,flatten,2,6,0.20832596719264984,0.18518821895122528
clearance,full,flatten,2,7,0.17353473603725433,0.2141556441783905
clearance,full,flatten,2,8,0.1736668348312378,0.14727583527565002
clearance,full,flatten,2,9,0.14879432320594788,0.17164690792560577
clearance,full,flatten,2,10,0.14933134615421295,0.14570243656635284
clearance,full,flatten,2,11,0.14628714323043823,0.13735303282737732
clearance,full,flatten,2,12,0.13007749617099762,0.13223861157894135
clearance,full,flatten,2,13,0.12724405527114868,0.13128963112831116
clearance,full,flatten,2,14,0.12288813292980194,0.13045118749141693
clearance,full,flatten,2,15,0.12030861526727676,0.1215580627322197
clearance,full,flatten,2,16,0.12009944021701813,0.12520332634449005
clearance,full,flatten,2,17,0.11739052087068558,0.12165362387895584
clearance,full,flatten,2,18,0.1176615059375763,0.124248206615448
clearance,full,flatten,2,19,0.11226515471935272,0.11450093239545822
clearance,full,flatten,2,20,0.11112961918115616,0.11679129302501678
clearance,full,flatten,2,21,0.11010462790727615,0.11341741681098938
clearance,full,flatten,2,22,0.1086445078253746,0.11472831666469574
clearance,full,flatten,2,23,0.10781872272491455,0.11986079066991806
clearance,full,flatten,2,24,0.10837927460670471,0.11700545251369476
clearance,full,flatten,2,25,0.11192116141319275,0.14774921536445618
clearance,full,flatten,2,26,0.11571919173002243,0.11678599566221237
clearance,full,flatten,2,27,0.11180678009986877,0.1106022521853447
clearance,full,flatten,2,28,0.11111488938331604,0.12262508273124695
clearance,full,flatten,2,29,0.1096390038728714,0.11671456694602966
clearance,full,flatten,2,30,0.11123956739902496,0.1390177458524704
clearance,full,flatten,2,31,0.11089392751455307,0.10663113743066788
clearance,full,flatten,2,32,0.105259470641613,0.10717500746250153
clearance,full,flatten,2,33,0.10220362991094589,0.12263339012861252
clearance,full,flatten,2,34,0.10571411997079849,0.1054743230342865
clearance,full,flatten,2,35,0.10583239048719406,0.10556957870721817
clearance,full,flatten,2,36,0.10246765613555908,0.12434440851211548
clearance,full,flatten,2,37,0.10105448216199875,0.10811680555343628
clearance,full,flatten,2,38,0.10436058789491653,0.12116708606481552
clearance,full,flatten,2,39,0.10185452550649643,0.11508314311504364
clearance,full,flatten,2,40,0.10271120071411133,0.10544883459806442
clearance,full,flatten,2,41,0.10308583825826645,0.10653208941221237
clearance,full,flatten,2,42,0.09778200834989548,0.11261556297540665
clearance,full,flatten,2,43,0.10064585506916046,0.11645430326461792
clearance,full,flatten,2,44,0.09858950227499008,0.10345019400119781
clearance,full,flatten,2,45,0.09725427627563477,0.10355179756879807
clearance,full,flatten,2,46,0.09929001331329346,0.10480206459760666
clearance,full,flatten,2,47,0.09568764269351959,0.10263539850711823
clearance,full,flatten,2,48,0.09531065821647644,0.10830244421958923
clearance,full,flatten,2,49,0.09371379762887955,0.09883962571620941
clearance,full,flatten,2,50,0.0958256646990776,0.1097487285733223
clearance,full,flatten,2,51,0.09597554057836533,0.09949637204408646
clearance,full,flatten,2,52,0.0924890860915184,0.10149551928043365
clearance,full,flatten,2,53,0.09190241992473602,0.10351840406656265
clearance,full,flatten,2,54,0.09212502092123032,0.10288387537002563
clearance,full,flatten,2,55,0.09347668290138245,0.13261695206165314
clearance,full,flatten,2,56,0.10158901661634445,0.10330743342638016
clearance,full,flatten,2,57,0.09931910037994385,0.09710923582315445
clearance,full,flatten,2,58,0.09416627138853073,0.1039707362651825
clearance,full,flatten,2,59,0.09129878878593445,0.09920105338096619
clearance,full,flatten,2,60,0.09216034412384033,0.1042003259062767
clearance,full,flatten,2,61,0.09470003098249435,0.09728581458330154
clearance,full,flatten,2,62,0.09192439168691635,0.10862135142087936
clearance,full,flatten,2,63,0.0922899842262268,0.10166134685277939
clearance,full,flatten,2,64,0.09138315171003342,0.09697842597961426
clearance,full,flatten,2,65,0.09007710218429565,0.10487610101699829
clearance,full,flatten,2,66,0.09563907235860825,0.11934682726860046
clearance,full,flatten,2,67,0.09515676647424698,0.09783580899238586
clearance,full,flatten,2,68,0.09195244312286377,0.09780123084783554
clearance,full,flatten,2,69,0.0901944637298584,0.12393396347761154
clearance,full,flatten,2,70,0.09374873340129852,0.10075939446687698
clearance,full,flatten,2,71,0.0924118235707283,0.09918028861284256
clearance,full,flatten,2,72,0.09378182142972946,0.11772093921899796
clearance,full,flatten,2,73,0.09256111830472946,0.09622788429260254
clearance,full,flatten,2,74,0.0867639034986496,0.10580530017614365
clearance,full,flatten,2,75,0.08822739124298096,0.09549230337142944
clearance,full,flatten,2,76,0.08882050961256027,0.0998934730887413
clearance,full,flatten,2,77,0.09063222259283066,0.1192498505115509
clearance,full,flatten,2,78,0.09326329082250595,0.09635600447654724
clearance,full,flatten,2,79,0.08624447137117386,0.10476875305175781
clearance,full,flatten,2,80,0.08716976642608643,0.0967557430267334
clearance,full,flatten,2,81,0.0845704972743988,0.10214393585920334
clearance,full,flatten,2,82,0.08508779108524323,0.09699627012014389
clearance,full,flatten,2,83,0.08678346127271652,0.09667372703552246
clearance,full,flatten,2,84,0.08585266768932343,0.10479839891195297
clearance,full,flatten,2,85,0.08529002219438553,0.09707070142030716
clearance,full,flatten,2,86,0.08675882965326309,0.1048433929681778
clearance,full,flatten,2,87,0.08629413694143295,0.09310611337423325
clearance,full,flatten,2,88,0.08331748843193054,0.0989832952618599
clearance,full,flatten,2,89,0.08444879204034805,0.09478814899921417
clearance,full,flatten,2,90,0.08279452472925186,0.09514015167951584
clearance,full,flatten,2,91,0.0827663391828537,0.09338051080703735
clearance,full,flatten,2,92,0.08238520473241806,0.09645241498947144
clearance,full,flatten,2,93,0.08305960148572922,0.09700541198253632
clearance,full,flatten,2,94,0.08344454318284988,0.09427215158939362
clearance,full,flatten,2,95,0.08396142721176147,0.09783809632062912
clearance,full,flatten,2,96,0.08427727222442627,0.09656039625406265
clearance,full,flatten,2,97,0.08261074125766754,0.09650661796331406
clearance,full,flatten,2,98,0.08168740570545197,0.09463122487068176
clearance,full,flatten,2,99,0.08161880820989609,0.09104299545288086
clearance,full,flatten,2,100,0.08269207179546356,0.09213823080062866
clearance,full,flatten,2,101,0.08125409483909607,0.09531637281179428
clearance,full,flatten,2,102,0.08118344843387604,0.0927778109908104
clearance,full,flatten,2,103,0.08130335062742233,0.09340588003396988
clearance,full,flatten,2,104,0.08120888471603394,0.09279674291610718
clearance,full,flatten,2,105,0.08120831847190857,0.09063193202018738
clearance,full,flatten,2,106,0.08127335458993912,0.09330690652132034
clearance,full,flatten,2,107,0.08156043291091919,0.09406416863203049
clearance,full,flatten,2,108,0.08189437538385391,0.09712570905685425
clearance,full,flatten,2,109,0.08215558528900146,0.09438516199588776
clearance,full,flatten,2,110,0.08123890310525894,0.09103335440158844
clearance,full,flatten,2,111,0.08145830780267715,0.09410695731639862
clearance,full,flatten,2,112,0.08074505627155304,0.09678252041339874
clearance,full,flatten,2,113,0.08077728748321533,0.093519426882267
clearance,full,flatten,2,114,0.08085314184427261,0.09170924872159958
clearance,full,flatten,2,115,0.08090558648109436,0.09339775890111923
clearance,full,flatten,2,116,0.08017218112945557,0.09439056366682053
clearance,full,flatten,2,117,0.08019869774580002,0.09401220083236694
clearance,full,flatten,2,118,0.08010157942771912,0.09381362795829773
clearance,full,flatten,2,119,0.08009447902441025,0.09455074369907379
clearance,full,flatten,2,120,0.08015141636133194,0.0941733717918396
clearance,full,flatten,2,121,0.07997140288352966,0.09228964895009995
clearance,full,flatten,2,122,0.07986500859260559,0.09165827184915543
clearance,full,flatten,2,123,0.07998964190483093,0.09099198132753372
clearance,full,flatten,2,124,0.08005634695291519,0.09230313450098038
clearance,full,flatten,2,125,0.07976094633340836,0.09246164560317993
clearance,full,flatten,3,1,1.4364358186721802,0.8749465942382812
clearance,full,flatten,3,2,0.6454422473907471,0.25224679708480835
clearance,full,flatten,3,3,0.2705535590648651,0.3007427155971527
clearance,full,flatten,3,4,0.24850206077098846,0.16069352626800537
clearance,full,flatten,3,5,0.16773609817028046,0.1692104935646057
clearance,full,flatten,3,6,0.17591175436973572,0.146431103348732
clearance,full,flatten,3,7,0.14909975230693817,0.1456272453069687
clearance,full,flatten,3,8,0.15770597755908966,0.14034292101860046
clearance,full,flatten,3,9,0.14365534484386444,0.1337883025407791
clearance,full,flatten,3,10,0.1422668695449829,0.13085198402404785
clearance,full,flatten,3,11,0.13423219323158264,0.12959067523479462
clearance,full,flatten,3,12,0.13331766426563263,0.13065411150455475
clearance,full,flatten,3,13,0.1294984519481659,0.1244668960571289
clearance,full,flatten,3,14,0.12666434049606323,0.12308882176876068
clearance,full,flatten,3,15,0.12420964986085892,0.12167754024267197
clearance,full,flatten,3,16,0.12248013913631439,0.1214962974190712
clearance,full,flatten,3,17,0.12033724039793015,0.11844663321971893
clearance,full,flatten,3,18,0.1186937689781189,0.11698193103075027
clearance,full,flatten,3,19,0.11680100113153458,0.1160866767168045
clearance,full,flatten,3,20,0.1152447983622551,0.1156216487288475
clearance,full,flatten,3,21,0.11380453407764435,0.11396820843219757
clearance,full,flatten,3,22,0.11251191049814224,0.1129184439778328
clearance,full,flatten,3,23,0.11166296154260635,0.11282358318567276
clearance,full,flatten,3,24,0.1101536899805069,0.11187681555747986
clearance,full,flatten,3,25,0.10897272080183029,0.11163456737995148
clearance,full,flatten,3,26,0.10805940628051758,0.11092697829008102
clearance,full,flatten,3,27,0.1069498360157013,0.11015564203262329
clearance,full,flatten,3,28,0.10626646876335144,0.10993585735559464
clearance,full,flatten,3,29,0.10525590926408768,0.10923180729150772
clearance,full,flatten,3,30,0.10433311015367508,0.10880184173583984
clearance,full,flatten,3,31,0.10363860428333282,0.10883151739835739
clearance,full,flatten,3,32,0.10286802053451538,0.10777835547924042
clearance,full,flatten,3,33,0.10254056006669998,0.1071549579501152
clearance,full,flatten,3,34,0.10129926353693008,0.10794584453105927
clearance,full,flatten,3,35,0.10097188502550125,0.10689759254455566
clearance,full,flatten,3,36,0.10025069862604141,0.10621633380651474
clearance,full,flatten,3,37,0.09968741238117218,0.10636769235134125
clearance,full,flatten,3,38,0.0990571677684784,0.10639894753694534
clearance,full,flatten,3,39,0.09863505512475967,0.10599593073129654
clearance,full,flatten,3,40,0.0980479046702385,0.1054888591170311
clearance,full,flatten,3,41,0.09760447591543198,0.10517328977584839
clearance,full,flatten,3,42,0.09717509895563126,0.10495325922966003
clearance,full,flatten,3,43,0.0965774804353714,0.10413960367441177
clearance,full,flatten,3,44,0.09624417871236801,0.10405874997377396
clearance,full,flatten,3,45,0.09580283612012863,0.10394283384084702
clearance,full,flatten,3,46,0.09572213143110275,0.10334712266921997
clearance,full,flatten,3,47,0.09568938612937927,0.10431063920259476
clearance,full,flatten,3,48,0.09490620344877243,0.10257388651371002
clearance,full,flatten,3,49,0.09438735991716385,0.10432648658752441
clearance,full,flatten,3,50,0.09403030574321747,0.10169083625078201
clearance,full,flatten,3,51,0.09347489476203918,0.10162897408008575
clearance,full,flatten,3,52,0.09323925524950027,0.10134339332580566
clearance,full,flatten,3,53,0.09274166077375412,0.10107539594173431
clearance,full,flatten,3,54,0.09230496734380722,0.10015970468521118
clearance,full,flatten,3,55,0.0920519232749939,0.10102842003107071
clearance,full,flatten,3,56,0.09178608655929565,0.10012692958116531
clearance,full,flatten,3,57,0.09143172949552536,0.10003605484962463
clearance,full,flatten,3,58,0.09128479659557343,0.09994465112686157
clearance,full,flatten,3,59,0.09073252975940704,0.10000857710838318
clearance,full,flatten,3,60,0.09057261049747467,0.09871701151132584
clearance,full,flatten,3,61,0.09014809876680374,0.09904041141271591
clearance,full,flatten,3,62,0.08985620737075806,0.09849309921264648
clearance,full,flatten,3,63,0.09012079238891602,0.09817420691251755
clearance,full,flatten,3,64,0.09009725600481033,0.09819220006465912
clearance,full,flatten,3,65,0.0895991399884224,0.098057322204113
clearance,full,flatten,3,66,0.08895216882228851,0.09679564088582993
clearance,full,flatten,3,67,0.08909395337104797,0.09773674607276917
clearance,full,flatten,3,68,0.08861373364925385,0.09648006409406662
clearance,full,flatten,3,69,0.08785060048103333,0.09706253558397293
clearance,full,flatten,3,70,0.08764898031949997,0.09570463001728058
clearance,full,flatten,3,71,0.08752650767564774,0.09592372179031372
clearance,full,flatten,3,72,0.08696779608726501,0.09513692557811737
clearance,full,flatten,3,73,0.08663901686668396,0.09637903422117233
clearance,full,flatten,3,74,0.08718815445899963,0.0952068343758583
clearance,full,flatten,3,75,0.08991807699203491,0.09607794135808945
clearance,full,flatten,3,76,0.08901868760585785,0.09506281465291977
clearance,full,flatten,3,77,0.08995647728443146,0.09409626573324203
clearance,full,flatten,3,78,0.08642052114009857,0.09806361794471741
clearance,full,flatten,3,79,0.08831962198019028,0.0932513028383255
clearance,full,flatten,3,80,0.08677659928798676,0.09680063277482986
clearance,full,flatten,3,81,0.08530057221651077,0.0925695151090622
clearance,full,flatten,3,82,0.08568760007619858,0.09450296312570572
clearance,full,flatten,3,83,0.08534035086631775,0.0920037031173706
clearance,full,flatten,3,84,0.08513344824314117,0.09169784933328629
clearance,full,flatten,3,85,0.08436890691518784,0.09416823089122772
clearance,full,flatten,3,86,0.08408445119857788,0.09162694215774536
clearance,full,flatten,3,87,0.08358075469732285,0.09440384060144424
clearance,full,flatten,3,88,0.08380754292011261,0.09141860902309418
clearance,full,flatten,3,89,0.08386844396591187,0.09237310290336609
clearance,full,flatten,3,90,0.08318591117858887,0.09278763085603714
clearance,full,flatten,3,91,0.08266249299049377,0.09063094109296799
clearance,full,flatten,3,92,0.08291148394346237,0.09126973897218704
clearance,full,flatten,3,93,0.08220087736845016,0.09013617038726807
clearance,full,flatten,3,94,0.08174285292625427,0.09208661317825317
clearance,full,flatten,3,95,0.08182596415281296,0.08984822034835815
clearance,full,flatten,3,96,0.08164862543344498,0.0910397619009018
clearance,full,flatten,3,97,0.08130210638046265,0.08986037969589233
clearance,full,flatten,3,98,0.08098643273115158,0.08965617418289185
clearance,full,flatten,3,99,0.0814659595489502,0.09037543088197708
clearance,full,flatten,3,100,0.08041246235370636,0.08865921199321747
clearance,full,flatten,3,101,0.08018193393945694,0.09059963375329971
clearance,full,flatten,3,102,0.08046280592679977,0.08870790153741837
clearance,full,flatten,3,103,0.08094335347414017,0.08968755602836609
clearance,full,flatten,3,104,0.08014987409114838,0.08837955445051193
clearance,full,flatten,3,105,0.08077428489923477,0.08778190612792969
clearance,full,flatten,3,106,0.08115170150995255,0.08731144666671753
clearance,full,flatten,3,107,0.08111701905727386,0.0874893069267273
clearance,full,flatten,3,108,0.08187495172023773,0.08728940039873123
clearance,full,flatten,3,109,0.08137405663728714,0.08653850108385086
clearance,full,flatten,3,110,0.08312053978443146,0.08814313262701035
clearance,full,flatten,3,111,0.08199580013751984,0.08507640659809113
clearance,full,flatten,3,112,0.07955832779407501,0.08992363512516022
clearance,full,flatten,3,113,0.07968651503324509,0.0856897309422493
clearance,full,flatten,3,114,0.0790356695652008,0.08963563293218613
clearance,full,flatten,3,115,0.07860148698091507,0.08463456481695175
clearance,full,flatten,3,116,0.07855489104986191,0.08645220100879669
clearance,full,flatten,3,117,0.07984580844640732,0.08613348007202148
clearance,full,flatten,3,118,0.07953888177871704,0.08493198454380035
clearance,full,flatten,3,119,0.0788753554224968,0.08662885427474976
clearance,full,flatten,3,120,0.07778827846050262,0.08380194008350372
clearance,full,flatten,3,121,0.07681389898061752,0.0857657790184021
clearance,full,flatten,3,122,0.07662072032690048,0.08364029973745346
clearance,full,flatten,3,123,0.07648352533578873,0.08430113643407822
clearance,full,flatten,3,124,0.07642701268196106,0.08523864299058914
clearance,full,flatten,3,125,0.07628140598535538,0.08494812250137329
clearance,full,flatten,3,126,0.07776271551847458,0.08446279913187027
clearance,full,flatten,3,127,0.07733137160539627,0.08485918492078781
clearance,full,flatten,3,128,0.07889162749052048,0.083617202937603
clearance,full,flatten,3,129,0.07881162315607071,0.08632678538560867
clearance,full,flatten,3,130,0.0752507820725441,0.08306027948856354
clearance,full,flatten,3,131,0.07590609788894653,0.08686526119709015
clearance,full,flatten,3,132,0.07511044293642044,0.08193867653608322
clearance,full,flatten,3,133,0.0749974250793457,0.0833796039223671
clearance,full,flatten,3,134,0.07578534632921219,0.08222711831331253
clearance,full,flatten,3,135,0.07446727156639099,0.08210733532905579
clearance,full,flatten,3,136,0.07483530044555664,0.08398455381393433
clearance,full,flatten,3,137,0.07322489470243454,0.08223096281290054
clearance,full,flatten,3,138,0.07353243976831436,0.08270444720983505
clearance,full,flatten,3,139,0.07372000068426132,0.08192624896764755
clearance,full,flatten,3,140,0.07269906252622604,0.08191292732954025
clearance,full,flatten,3,141,0.07291707396507263,0.08083838224411011
clearance,full,flatten,3,142,0.0723809152841568,0.08125964552164078
clearance,full,flatten,3,143,0.07254502922296524,0.08149747550487518
clearance,full,flatten,3,144,0.0725325495004654,0.08175596594810486
clearance,full,flatten,3,145,0.07353579252958298,0.08155375719070435
clearance,full,flatten,3,146,0.07259110361337662,0.08030736446380615
clearance,full,flatten,3,147,0.07161955535411835,0.08199948072433472
clearance,full,flatten,3,148,0.0715348944067955,0.08059678226709366
clearance,full,flatten,3,149,0.0725763738155365,0.0843990370631218
clearance,full,flatten,3,150,0.0734914094209671,0.0795324444770813
clearance,full,flatten,3,151,0.0720096081495285,0.08140228688716888
clearance,full,flatten,3,152,0.07144338637590408,0.07975999265909195
clearance,full,flatten,3,153,0.07122396677732468,0.07932668179273605
clearance,full,flatten,3,154,0.07034486532211304,0.07881254702806473
clearance,full,flatten,3,155,0.07028598338365555,0.0800539180636406
clearance,full,flatten,3,156,0.06991162151098251,0.07923318445682526
clearance,full,flatten,3,157,0.07013936340808868,0.07978558540344238
clearance,full,flatten,3,158,0.06987116485834122,0.07875490933656693
clearance,full,flatten,3,159,0.06956152617931366,0.07899709790945053
clearance,full,flatten,3,160,0.06910113245248795,0.07933209836483002
clearance,full,flatten,3,161,0.06880265474319458,0.08065159618854523
clearance,full,flatten,3,162,0.0691494420170784,0.07930998504161835
clearance,full,flatten,3,163,0.06950750946998596,0.08040477335453033
clearance,full,flatten,3,164,0.06983285397291183,0.07827411592006683
clearance,full,flatten,3,165,0.07054933160543442,0.08043486624956131
clearance,full,flatten,3,166,0.06878786534070969,0.07832136005163193
clearance,full,flatten,3,167,0.06828140467405319,0.07889784127473831
clearance,full,flatten,3,168,0.06812732666730881,0.07792782038450241
clearance,full,flatten,3,169,0.06789316236972809,0.07881936430931091
clearance,full,flatten,3,170,0.06758223474025726,0.07732118666172028
clearance,full,flatten,3,171,0.06754616647958755,0.07892557978630066
clearance,full,flatten,3,172,0.06768801063299179,0.07807713001966476
clearance,full,flatten,3,173,0.06789333373308182,0.07808340340852737
clearance,full,flatten,3,174,0.06689772754907608,0.07850755751132965
clearance,full,flatten,3,175,0.06679487973451614,0.07790853083133698
clearance,full,flatten,3,176,0.06623388081789017,0.07811930030584335
clearance,full,flatten,3,177,0.06647183001041412,0.0770668238401413
clearance,full,flatten,3,178,0.06645568460226059,0.078543521463871
clearance,full,flatten,3,179,0.0668332502245903,0.07715600728988647
clearance,full,flatten,3,180,0.0677654892206192,0.07971922308206558
clearance,full,flatten,3,181,0.06658808141946793,0.07686784863471985
clearance,full,flatten,3,182,0.06566178053617477,0.07817815989255905
clearance,full,flatten,3,183,0.06544793397188187,0.07770653069019318
clearance,full,flatten,3,184,0.06570278108119965,0.07840811461210251
clearance,full,flatten,3,185,0.06509629637002945,0.07658359408378601
clearance,full,flatten,3,186,0.06488440930843353,0.0770086795091629
clearance,full,flatten,3,187,0.06463519483804703,0.07762116193771362
clearance,full,flatten,3,188,0.06463536620140076,0.07678109407424927
clearance,full,flatten,3,189,0.06508016586303711,0.08170991390943527
clearance,full,flatten,3,190,0.0659809559583664,0.07604879885911942
clearance,full,flatten,3,191,0.06489280611276627,0.080388642847538
clearance,full,flatten,3,192,0.06394015997648239,0.07660247385501862
clearance,full,flatten,3,193,0.06572423130273819,0.07699012011289597
clearance,full,flatten,3,194,0.06424257159233093,0.07520519942045212
clearance,full,flatten,3,195,0.06465467065572739,0.07683046907186508
clearance,full,flatten,3,196,0.06371428817510605,0.07671096175909042
clearance,full,flatten,3,197,0.06320735067129135,0.07899059355258942
clearance,full,flatten,3,198,0.06356120854616165,0.07659546285867691
clearance,full,flatten,3,199,0.06461478769779205,0.07632705569267273
clearance,full,flatten,3,200,0.06567300111055374,0.07675432413816452
clearance,full,flatten,3,201,0.06483609974384308,0.07615045458078384
clearance,full,flatten,3,202,0.06477641314268112,0.07906966656446457
clearance,full,flatten,3,203,0.06569534540176392,0.07491357624530792
clearance,full,flatten,3,204,0.06418082863092422,0.07840445637702942
clearance,full,flatten,3,205,0.06452406942844391,0.07482606172561646
clearance,full,flatten,3,206,0.06406177580356598,0.07715721428394318
clearance,full,flatten,3,207,0.06281983107328415,0.07372201979160309
clearance,full,flatten,3,208,0.062477197498083115,0.07649919390678406
clearance,full,flatten,3,209,0.0630531758069992,0.07349851727485657
clearance,full,flatten,3,210,0.06224679946899414,0.07790356874465942
clearance,full,flatten,3,211,0.06285983324050903,0.07362323999404907
clearance,full,flatten,3,212,0.06278814375400543,0.0771164819598198
clearance,full,flatten,3,213,0.06245000287890434,0.07318760454654694
clearance,full,flatten,3,214,0.061695851385593414,0.07617133855819702
clearance,full,flatten,3,215,0.06170910224318504,0.07443492859601974
clearance,full,flatten,3,216,0.061101313680410385,0.07549500465393066
clearance,full,flatten,3,217,0.06177134066820145,0.0743560791015625
clearance,full,flatten,3,218,0.06167410686612129,0.073521189391613
clearance,full,flatten,3,219,0.06070692464709282,0.0752415806055069
clearance,full,flatten,3,220,0.060590710490942,0.07344406843185425
clearance,full,flatten,3,221,0.06013919413089752,0.07356509566307068
clearance,full,flatten,3,222,0.05992825701832771,0.07265586405992508
clearance,full,flatten,3,223,0.059873249381780624,0.0739164724946022
clearance,full,flatten,3,224,0.05972149595618248,0.0732538104057312
clearance,full,flatten,3,225,0.05989038571715355,0.0735403522849083
clearance,full,flatten,3,226,0.05963592603802681,0.0729038342833519
clearance,full,flatten,3,227,0.05925446003675461,0.07381568849086761
clearance,full,flatten,3,228,0.059162579476833344,0.07184433192014694
clearance,full,flatten,3,229,0.059166356921195984,0.07370895147323608
clearance,full,flatten,3,230,0.059278056025505066,0.07227269560098648
clearance,full,flatten,3,231,0.05975637957453728,0.07162340730428696
clearance,full,flatten,3,232,0.060570962727069855,0.07554889470338821
clearance,full,flatten,3,233,0.060082558542490005,0.07197342067956924
clearance,full,flatten,3,234,0.06042926758527756,0.07430046051740646
clearance,full,flatten,3,235,0.06129832938313484,0.06964341551065445
clearance,full,flatten,3,236,0.05950837582349777,0.07075429707765579
clearance,full,flatten,3,237,0.058324042707681656,0.07056239247322083
clearance,full,flatten,3,238,0.05858277529478073,0.07055056840181351
clearance,full,flatten,3,239,0.05833250656723976,0.07193392515182495
clearance,full,flatten,3,240,0.05863798037171364,0.0705602765083313
clearance,full,flatten,3,241,0.05802953988313675,0.07152307033538818
clearance,full,flatten,3,242,0.05825947970151901,0.07062067836523056
clearance,full,flatten,3,243,0.05844856798648834,0.07028360664844513
clearance,full,flatten,3,244,0.05773654952645302,0.07167070358991623
clearance,full,flatten,3,245,0.05781351029872894,0.0694848895072937
clearance,full,flatten,3,246,0.057652004063129425,0.07133712619543076
clearance,full,flatten,3,247,0.057226043194532394,0.07051750272512436
clearance,full,flatten,3,248,0.05732465535402298,0.07002212852239609
clearance,full,flatten,3,249,0.05719253793358803,0.07111192494630814
clearance,full,flatten,3,250,0.05734577402472496,0.069547139108181
clearance,full,flatten,3,251,0.057539425790309906,0.06979098170995712
clearance,full,flatten,3,252,0.0578763484954834,0.07319813966751099
clearance,full,flatten,3,253,0.05744149163365364,0.06972405314445496
clearance,full,flatten,3,254,0.05767939239740372,0.07110443711280823
clearance,full,flatten,3,255,0.05682613328099251,0.06887578964233398
clearance,full,flatten,3,256,0.05610061436891556,0.07149192690849304
clearance,full,flatten,3,257,0.05649876222014427,0.06909391283988953
clearance,full,flatten,3,258,0.05576286464929581,0.06909748911857605
clearance,full,flatten,3,259,0.05665217712521553,0.06910604238510132
clearance,full,flatten,3,260,0.05597192421555519,0.06864938139915466
clearance,full,flatten,3,261,0.05570008233189583,0.0693168193101883
clearance,full,flatten,3,262,0.05609116330742836,0.06767705827951431
clearance,full,flatten,3,263,0.05653178319334984,0.06831123679876328
clearance,full,flatten,3,264,0.056429289281368256,0.07365767657756805
clearance,full,flatten,3,265,0.05662175267934799,0.06797614693641663
clearance,full,flatten,3,266,0.055422794073820114,0.07167449593544006
clearance,full,flatten,3,267,0.05582814663648605,0.06754960864782333
clearance,full,flatten,3,268,0.05559169128537178,0.0704990029335022
clearance,full,flatten,3,269,0.05708904564380646,0.06633025407791138
clearance,full,flatten,3,270,0.05604533106088638,0.06522944569587708
clearance,full,flatten,3,271,0.05545235797762871,0.06756202131509781
clearance,full,flatten,3,272,0.05504601448774338,0.06622076779603958
clearance,full,flatten,3,273,0.054334092885255814,0.06669478118419647
clearance,full,flatten,3,274,0.05411257967352867,0.0669577345252037
clearance,full,flatten,3,275,0.05416512489318848,0.06664669513702393
clearance,full,flatten,3,276,0.054660435765981674,0.0691746324300766
clearance,full,flatten,3,277,0.05516926571726799,0.06690482795238495
clearance,full,flatten,3,278,0.05543849989771843,0.06994318962097168
clearance,full,flatten,3,279,0.05463895574212074,0.06678082793951035
clearance,full,flatten,3,280,0.05425169691443443,0.06835605204105377
clearance,full,flatten,3,281,0.054866429418325424,0.06523123383522034
clearance,full,flatten,3,282,0.05415305867791176,0.06639175862073898
clearance,full,flatten,3,283,0.05383031815290451,0.06691530346870422
clearance,full,flatten,3,284,0.05352184176445007,0.06603541225194931
clearance,full,flatten,3,285,0.053683917969465256,0.06617516279220581
clearance,full,flatten,3,286,0.05287514254450798,0.06513150781393051
clearance,full,flatten,3,287,0.05332319438457489,0.06573837995529175
clearance,full,flatten,3,288,0.053537800908088684,0.06596658378839493
clearance,full,flatten,3,289,0.05395353212952614,0.06614401936531067
clearance,full,flatten,3,290,0.05359414592385292,0.06760744750499725
clearance,full,flatten,3,291,0.05296415835618973,0.06565345078706741
clearance,full,flatten,3,292,0.05287297070026398,0.06540001928806305
clearance,full,flatten,3,293,0.05273440107703209,0.06565684080123901
clearance,full,flatten,3,294,0.05273425206542015,0.06561845541000366
clearance,full,flatten,3,295,0.05262138694524765,0.06540478020906448
clearance,full,flatten,3,296,0.05270396173000336,0.06532290577888489
clearance,full,flatten,3,297,0.05257715284824371,0.06582579761743546
clearance,full,flatten,3,298,0.052604567259550095,0.065627820789814
clearance,full,flatten,3,299,0.05260877311229706,0.06522911041975021
clearance,full,flatten,3,300,0.05257527902722359,0.06532526761293411
clearance,full,flatten,3,301,0.05247197672724724,0.06525307893753052
clearance,full,flatten,3,302,0.05250398442149162,0.0654812678694725
clearance,full,flatten,3,303,0.05246896296739578,0.06535094976425171
clearance,full,flatten,3,304,0.05240844190120697,0.06549429148435593
clearance,full,flatten,3,305,0.0523812398314476,0.06550013273954391
clearance,full,flatten,3,306,0.05240168794989586,0.06549566984176636
clearance,full,flatten,4,1,1.0688183307647705,0.5137273669242859
clearance,full,flatten,4,2,0.4427393078804016,0.38168153166770935
clearance,full,flatten,4,3,0.2884000241756439,0.2334165722131729
clearance,full,flatten,4,4,0.1874639391899109,0.16802461445331573
clearance,full,flatten,4,5,0.1734388917684555,0.1618870198726654
clearance,full,flatten,4,6,0.16431251168251038,0.1518152803182602
clearance,full,flatten,4,7,0.15505044162273407,0.1376296579837799
clearance,full,flatten,4,8,0.14736860990524292,0.13381846249103546
clearance,full,flatten,4,9,0.14262260496616364,0.13034029304981232
clearance,full,flatten,4,10,0.13832387328147888,0.12807580828666687
clearance,full,flatten,4,11,0.1351698786020279,0.1255306899547577
clearance,full,flatten,4,12,0.13210755586624146,0.12356989085674286
clearance,full,flatten,4,13,0.12940023839473724,0.1219339370727539
clearance,full,flatten,4,14,0.12626487016677856,0.11979803442955017
clearance,full,flatten,4,15,0.1252683401107788,0.11857326328754425
clearance,full,flatten,4,16,0.12260632961988449,0.11830063909292221
clearance,full,flatten,4,17,0.12114784121513367,0.11630027741193771
clearance,full,flatten,4,18,0.11920037865638733,0.11635635793209076
clearance,full,flatten,4,19,0.11729245632886887,0.11467283219099045
clearance,full,flatten,4,20,0.1154080480337143,0.1127326637506485
clearance,full,flatten,4,21,0.11456827074289322,0.111422099173069
clearance,full,flatten,4,22,0.11215998977422714,0.11088240146636963
clearance,full,flatten,4,23,0.11109685152769089,0.11115287989377975
clearance,full,flatten,4,24,0.1098572239279747,0.11041928082704544
clearance,full,flatten,4,25,0.10886834561824799,0.10847081243991852
clearance,full,flatten,4,26,0.10799706727266312,0.10673633217811584
clearance,full,flatten,4,27,0.10684753209352493,0.10730363428592682
clearance,full,flatten,4,28,0.10673478990793228,0.11066043376922607
clearance,full,flatten,4,29,0.10576975345611572,0.1079675704240799
clearance,full,flatten,4,30,0.10546793788671494,0.1052776649594307
clearance,full,flatten,4,31,0.10498417913913727,0.10438862442970276
clearance,full,flatten,4,32,0.10402421653270721,0.108038529753685
clearance,full,flatten,4,33,0.10429393500089645,0.10506030172109604
clearance,full,flatten,4,34,0.1019667387008667,0.10354793816804886
clearance,full,flatten,4,35,0.1005193218588829,0.10392998903989792
clearance,full,flatten,4,36,0.10076455771923065,0.10855463892221451
clearance,full,flatten,4,37,0.10190713405609131,0.10648427158594131
clearance,full,flatten,4,38,0.10201552510261536,0.10262426733970642
clearance,full,flatten,4,39,0.09803277999162674,0.10505108535289764
clearance,full,flatten,4,40,0.09916533529758453,0.10311364382505417
clearance,full,flatten,4,41,0.0975145474076271,0.09932387620210648
clearance,full,flatten,4,42,0.09742706269025803,0.10157361626625061
clearance,full,flatten,4,43,0.09632451832294464,0.10389086604118347
clearance,full,flatten,4,44,0.09585677832365036,0.10031801462173462
clearance,full,flatten,4,45,0.09600932151079178,0.09910139441490173
clearance,full,flatten,4,46,0.09504462033510208,0.09848706424236298
clearance,full,flatten,4,47,0.09484749287366867,0.10304301977157593
clearance,full,flatten,4,48,0.0999072939157486,0.10074407607316971
clearance,full,flatten,4,49,0.09372354298830032,0.10324796289205551
clearance,full,flatten,4,50,0.09468124061822891,0.10330287367105484
clearance,full,flatten,4,51,0.09523583203554153,0.10263580828905106
clearance,full,flatten,4,52,0.09371296316385269,0.09897172451019287
clearance,full,flatten,4,53,0.09166000038385391,0.0984802097082138
clearance,full,flatten,4,54,0.09224436432123184,0.0958704948425293
clearance,full,flatten,4,55,0.09137789160013199,0.09595499187707901
clearance,full,flatten,4,56,0.0907466784119606,0.10013961046934128
clearance,full,flatten,4,57,0.0906263217329979,0.0957121029496193
clearance,full,flatten,4,58,0.09011652320623398,0.09352868050336838
clearance,full,flatten,4,59,0.09015969932079315,0.09455333650112152
clearance,full,flatten,4,60,0.09160134196281433,0.1008664071559906
clearance,full,flatten,4,61,0.08964849263429642,0.09627826511859894
clearance,full,flatten,4,62,0.08872587978839874,0.09591991454362869
clearance,full,flatten,4,63,0.08914842456579208,0.09494563937187195
clearance,full,flatten,4,64,0.08796104043722153,0.0957551822066307
clearance,full,flatten,4,65,0.08738719671964645,0.09431920200586319
clearance,full,flatten,4,66,0.08701299130916595,0.09438888728618622
clearance,full,flatten,4,67,0.08714532107114792,0.09282900393009186
clearance,full,flatten,4,68,0.08648068457841873,0.09668589383363724
clearance,full,flatten,4,69,0.08698634058237076,0.09462467581033707
clearance,full,flatten,4,70,0.08681827783584595,0.09208808839321136
clearance,full,flatten,4,71,0.08528764545917511,0.09232483059167862
clearance,full,flatten,4,72,0.08601924777030945,0.09190928190946579
clearance,full,flatten,4,73,0.08573929965496063,0.0910276472568512
clearance,full,flatten,4,74,0.0851212665438652,0.09199047833681107
clearance,full,flatten,4,75,0.08445160835981369,0.09551233053207397
clearance,full,flatten,4,76,0.08479991555213928,0.0918196439743042
clearance,full,flatten,4,77,0.08391962945461273,0.09494411945343018
clearance,full,flatten,4,78,0.08465199917554855,0.09285331517457962
clearance,full,flatten,4,79,0.08344874531030655,0.09259885549545288
clearance,full,flatten,4,80,0.08352899551391602,0.09300731867551804
clearance,full,flatten,4,81,0.0855049192905426,0.10800543427467346
clearance,full,flatten,4,82,0.08919937908649445,0.08939092606306076
clearance,full,flatten,4,83,0.08437120914459229,0.09035788476467133
clearance,full,flatten,4,84,0.08207152783870697,0.09274011850357056
clearance,full,flatten,4,85,0.08238252252340317,0.08898220956325531
clearance,full,flatten,4,86,0.08274519443511963,0.09359877556562424
clearance,full,flatten,4,87,0.08279024064540863,0.09189435094594955
clearance,full,flatten,4,88,0.08411473780870438,0.1005626693367958
clearance,full,flatten,4,89,0.08546551316976547,0.09144103527069092
clearance,full,flatten,4,90,0.08339671790599823,0.09598186612129211
clearance,full,flatten,4,91,0.0820813924074173,0.09149521589279175
clearance,full,flatten,4,92,0.08244315534830093,0.09227028489112854
clearance,full,flatten,4,93,0.08194658905267715,0.09013430029153824
clearance,full,flatten,4,94,0.08055905252695084,0.09286190569400787
clearance,full,flatten,4,95,0.08142043650150299,0.08955254405736923
clearance,full,flatten,4,96,0.08295201510190964,0.08681799471378326
clearance,full,flatten,4,97,0.08116450160741806,0.09160912036895752
clearance,full,flatten,4,98,0.08018539100885391,0.09030450880527496
clearance,full,flatten,4,99,0.08035100996494293,0.09033650904893875
clearance,full,flatten,4,100,0.07881323993206024,0.08745349198579788
clearance,full,flatten,4,101,0.07821931689977646,0.08598153293132782
clearance,full,flatten,4,102,0.07860226929187775,0.08840286731719971
clearance,full,flatten,4,103,0.07766048610210419,0.08793584257364273
clearance,full,flatten,4,104,0.0778137743473053,0.08936328440904617
clearance,full,flatten,4,105,0.07724601030349731,0.08733875304460526
clearance,full,flatten,4,106,0.07717424631118774,0.08614875376224518
clearance,full,flatten,4,107,0.07710117101669312,0.08553926646709442
clearance,full,flatten,4,108,0.07676108926534653,0.08586106449365616
clearance,full,flatten,4,109,0.0764218345284462,0.08703602850437164
clearance,full,flatten,4,110,0.07633265852928162,0.08685245364904404
clearance,full,flatten,4,111,0.07642460614442825,0.08824256807565689
clearance,full,flatten,4,112,0.07689222693443298,0.0875082015991211
clearance,full,flatten,4,113,0.07617240399122238,0.08403871953487396
clearance,full,flatten,4,114,0.07610505074262619,0.08526867628097534
clearance,full,flatten,4,115,0.07593756169080734,0.085135817527771
clearance,full,flatten,4,116,0.0754973441362381,0.084601990878582
clearance,full,flatten,4,117,0.0762958899140358,0.08631933480501175
clearance,full,flatten,4,118,0.07638642936944962,0.0857912003993988
clearance,full,flatten,4,119,0.07552751153707504,0.08410599827766418
clearance,full,flatten,4,120,0.07616331428289413,0.08631648123264313
clearance,full,flatten,4,121,0.07552877813577652,0.08454272896051407
clearance,full,flatten,4,122,0.07494435459375381,0.08562974631786346
clearance,full,flatten,4,123,0.07465656846761703,0.08645372092723846
clearance,full,flatten,4,124,0.0746862068772316,0.0852462649345398
clearance,full,flatten,4,125,0.07439523190259933,0.08355855196714401
clearance,full,flatten,4,126,0.07490791380405426,0.08364410698413849
clearance,full,flatten,4,127,0.07423480600118637,0.08507071435451508
clearance,full,flatten,4,128,0.07462601363658905,0.08386478573083878
clearance,full,flatten,4,129,0.07408391684293747,0.08343248814344406
clearance,full,flatten,4,130,0.07437895983457565,0.08367884159088135
clearance,full,flatten,4,131,0.07393758744001389,0.08453797549009323
clearance,full,flatten,4,132,0.0739494189620018,0.08344418555498123
clearance,full,flatten,4,133,0.07405164837837219,0.08302757889032364
clearance,full,flatten,4,134,0.07389826327562332,0.08353298902511597
clearance,full,flatten,4,135,0.07378498464822769,0.08256018161773682
clearance,full,flatten,4,136,0.07382535934448242,0.08278047293424606
clearance,full,flatten,4,137,0.07382045686244965,0.08376675844192505
clearance,full,flatten,4,138,0.07353100180625916,0.08250181376934052
clearance,full,flatten,4,139,0.0735328420996666,0.08229266107082367
clearance,full,flatten,4,140,0.07370949536561966,0.08326932042837143
clearance,full,flatten,4,141,0.07366672903299332,0.08310780674219131
clearance,full,flatten,4,142,0.07335663586854935,0.08424069732427597
clearance,full,flatten,4,143,0.0733693391084671,0.08291253447532654
clearance,full,flatten,4,144,0.07315531373023987,0.08251576870679855
clearance,full,flatten,4,145,0.07334089279174805,0.08362779021263123
clearance,full,flatten,4,146,0.07316986471414566,0.08301951736211777
clearance,full,flatten,4,147,0.07313188165426254,0.08177125453948975
clearance,full,flatten,4,148,0.07291030138731003,0.08180247247219086
clearance,full,flatten,4,149,0.07291273772716522,0.08346021175384521
clearance,full,flatten,4,150,0.07275348901748657,0.08346926420927048
clearance,full,flatten,4,151,0.07282944768667221,0.08285260200500488
clearance,full,flatten,4,152,0.07254616171121597,0.0833667516708374
clearance,full,flatten,4,153,0.07256130129098892,0.08160176128149033
clearance,full,flatten,4,154,0.07230418920516968,0.08129056543111801
clearance,full,flatten,4,155,0.07252836227416992,0.08164376765489578
clearance,full,flatten,4,156,0.07234278321266174,0.08312796801328659
clearance,full,flatten,4,157,0.072530098259449,0.08159782737493515
clearance,full,flatten,4,158,0.07213263213634491,0.08163296431303024
clearance,full,flatten,4,159,0.07223861664533615,0.08188850432634354
clearance,full,flatten,4,160,0.07210710644721985,0.08138729631900787
clearance,full,flatten,4,161,0.07194628566503525,0.08258059620857239
clearance,full,flatten,4,162,0.07193700969219208,0.08237389475107193
clearance,full,flatten,4,163,0.07185520976781845,0.0823410227894783
clearance,full,flatten,4,164,0.07176433503627777,0.08117247372865677
clearance,full,flatten,4,165,0.07194004952907562,0.0812431201338768
clearance,full,flatten,4,166,0.07167774438858032,0.08222130686044693
clearance,full,flatten,4,167,0.07160943746566772,0.08193186670541763
clearance,full,flatten,4,168,0.071937195956707,0.0805082842707634
clearance,full,flatten,4,169,0.07260540127754211,0.08180004358291626
clearance,full,flatten,4,170,0.07189691066741943,0.08092652261257172
clearance,full,flatten,4,171,0.07162240147590637,0.08161330968141556
clearance,full,flatten,4,172,0.07136207818984985,0.08190237730741501
clearance,full,flatten,4,173,0.0712086409330368,0.08129128813743591
clearance,full,flatten,4,174,0.07113105058670044,0.08054482191801071
clearance,full,flatten,4,175,0.0710529088973999,0.08107216656208038
clearance,full,flatten,4,176,0.0714067742228508,0.07993901520967484
clearance,full,flatten,4,177,0.07119057327508926,0.07903827726840973
clearance,full,flatten,4,178,0.07149948179721832,0.08134708553552628
clearance,full,flatten,4,179,0.07107185572385788,0.08437512814998627
clearance,full,flatten,4,180,0.07129237800836563,0.08189450204372406
clearance,full,flatten,4,181,0.07072075456380844,0.07965578138828278
clearance,full,flatten,4,182,0.07078790664672852,0.0795813724398613
clearance,full,flatten,4,183,0.07150456309318542,0.08143167942762375
clearance,full,flatten,4,184,0.07065432518720627,0.08279149234294891
clearance,full,flatten,4,185,0.07071060687303543,0.08076516538858414
clearance,full,flatten,4,186,0.07057736814022064,0.07847966253757477
clearance,full,flatten,4,187,0.07028178125619888,0.07890953123569489
clearance,full,flatten,4,188,0.07051370292901993,0.08166181296110153
clearance,full,flatten,4,189,0.07072968035936356,0.08263390511274338
clearance,full,flatten,4,190,0.07027801126241684,0.07994702458381653
clearance,full,flatten,4,191,0.0701969563961029,0.08034296333789825
clearance,full,flatten,4,192,0.07012329995632172,0.0810723677277565
clearance,full,flatten,4,193,0.06997007876634598,0.0797882080078125
clearance,full,flatten,4,194,0.0698932409286499,0.07949374616146088
clearance,full,flatten,4,195,0.06983716785907745,0.08105137944221497
clearance,full,flatten,4,196,0.07010199874639511,0.07984621822834015
clearance,full,flatten,4,197,0.06972456723451614,0.07969524711370468
clearance,full,flatten,4,198,0.06986846029758453,0.08026362955570221
clearance,full,flatten,4,199,0.06958054006099701,0.08120603114366531
clearance,full,flatten,4,200,0.06962482631206512,0.08027181029319763
clearance,full,flatten,4,201,0.06944097578525543,0.08013864606618881
clearance,full,flatten,4,202,0.06959246844053268,0.08029676973819733
clearance,full,flatten,4,203,0.0693214163184166,0.08058996498584747
clearance,full,flatten,4,204,0.06939670443534851,0.08059558272361755
clearance,full,flatten,4,205,0.0694761797785759,0.07988207042217255
clearance,full,flatten,4,206,0.06952138245105743,0.07894957065582275
clearance,full,flatten,5,1,0.5986886024475098,0.29507994651794434
clearance,full,flatten,5,2,0.2693520188331604,0.2483009248971939
clearance,full,flatten,5,3,0.2392614334821701,0.18369437754154205
clearance,full,flatten,5,4,0.19492918252944946,0.16410592198371887
clearance,full,flatten,5,5,0.15898220241069794,0.15920329093933105
clearance,full,flatten,5,6,0.1461975872516632,0.15786705911159515
clearance,full,flatten,5,7,0.1455400139093399,0.15059463679790497
clearance,full,flatten,5,8,0.14225932955741882,0.14207346737384796
clearance,full,flatten,5,9,0.13714097440242767,0.14357079565525055
clearance,full,flatten,5,10,0.13025985658168793,0.14734502136707306
clearance,full,flatten,5,11,0.12943144142627716,0.13844653964042664
clearance,full,flatten,5,12,0.12410025298595428,0.1324021816253662
clearance,full,flatten,5,13,0.12221790850162506,0.1275276243686676
clearance,full,flatten,5,14,0.12179918587207794,0.12573973834514618
clearance,full,flatten,5,15,0.11813613027334213,0.1313241571187973
clearance,full,flatten,5,16,0.11745453625917435,0.13568586111068726
clearance,full,flatten,5,17,0.11684878915548325,0.12850022315979004
clearance,full,flatten,5,18,0.1124834418296814,0.11830294132232666
clearance,full,flatten,5,19,0.11208135634660721,0.11657430231571198
clearance,full,flatten,5,20,0.1113036647439003,0.12039697915315628
clearance,full,flatten,5,21,0.10903173685073853,0.12225426733493805
clearance,full,flatten,5,22,0.10602103918790817,0.11474734544754028
clearance,full,flatten,5,23,0.10644925385713577,0.11699280142784119
clearance,full,flatten,5,24,0.10902170836925507,0.11538372188806534
clearance,full,flatten,5,25,0.10562055557966232,0.12379946559667587
clearance,full,flatten,5,26,0.10471969097852707,0.11146865040063858
clearance,full,flatten,5,27,0.10770519822835922,0.11404633522033691
clearance,full,flatten,5,28,0.10814037919044495,0.11529678851366043
clearance,full,flatten,5,29,0.10308485478162766,0.11839418113231659
clearance,full,flatten,5,30,0.10452880710363388,0.11032427847385406
clearance,full,flatten,5,31,0.10029185563325882,0.10845150053501129
clearance,full,flatten,5,32,0.10527975857257843,0.10760544240474701
clearance,full,flatten,5,33,0.10427720099687576,0.11273591965436935
clearance,full,flatten,5,34,0.09786515682935715,0.10774973034858704
clearance,full,flatten,5,35,0.10101897269487381,0.10280504822731018
clearance,full,flatten,5,36,0.09795070439577103,0.1082121804356575
clearance,full,flatten,5,37,0.09690067172050476,0.10469789057970047
clearance,full,flatten,5,38,0.09530185163021088,0.10566864907741547
clearance,full,flatten,5,39,0.09447813034057617,0.10620971024036407
clearance,full,flatten,5,40,0.0939924344420433,0.10937504470348358
clearance,full,flatten,5,41,0.09455259144306183,0.10344376415014267
clearance,full,flatten,5,42,0.09321146458387375,0.09850453585386276
clearance,full,flatten,5,43,0.09302756935358047,0.10134176909923553
clearance,full,flatten,5,44,0.09181630611419678,0.10932978987693787
clearance,full,flatten,5,45,0.09193512052297592,0.10404761135578156
clearance,full,flatten,5,46,0.09263298660516739,0.1059405729174614
clearance,full,flatten,5,47,0.0988960862159729,0.10088250041007996
clearance,full,flatten,5,48,0.0978427454829216,0.10712729394435883
clearance,full,flatten,5,49,0.09442015737295151,0.10448015481233597
clearance,full,flatten,5,50,0.09520526230335236,0.10671490430831909
clearance,full,flatten,5,51,0.09194982051849365,0.09851428866386414
clearance,full,flatten,5,52,0.09175341576337814,0.09532912820577621
clearance,full,flatten,5,53,0.08966536819934845,0.1019025444984436
clearance,full,flatten,5,54,0.08803533762693405,0.11064539104700089
clearance,full,flatten,5,55,0.08858382701873779,0.10650961101055145
clearance,full,flatten,5,56,0.08718717843294144,0.09868200123310089
clearance,full,flatten,5,57,0.0877709612250328,0.09786964952945709
clearance,full,flatten,5,58,0.0888943001627922,0.10071136057376862
clearance,full,flatten,5,59,0.0884389653801918,0.11659272760152817
clearance,full,flatten,5,60,0.09165985137224197,0.10456473380327225
clearance,full,flatten,5,61,0.09318387508392334,0.09204545617103577
clearance,full,flatten,5,62,0.09116248041391373,0.09600194543600082
clearance,full,flatten,5,63,0.08875822275876999,0.12517310678958893
clearance,full,flatten,5,64,0.09467510879039764,0.10400068759918213
clearance,full,flatten,5,65,0.09448133409023285,0.09441136568784714
clearance,full,flatten,5,66,0.08730687201023102,0.09653493016958237
clearance,full,flatten,5,67,0.09274139255285263,0.09796652942895889
clearance,full,flatten,5,68,0.08795172721147537,0.09780411422252655
clearance,full,flatten,5,69,0.08564367890357971,0.09944146126508713
clearance,full,flatten,5,70,0.08498642593622208,0.10495297610759735
clearance,full,flatten,5,71,0.08358564972877502,0.0955982580780983
clearance,full,flatten,5,72,0.08447965234518051,0.09177614748477936
clearance,full,flatten,5,73,0.08293958008289337,0.09176120907068253
clearance,full,flatten,5,74,0.08361876010894775,0.09340190887451172
clearance,full,flatten,5,75,0.08309284597635269,0.09812220185995102
clearance,full,flatten,5,76,0.08297158032655716,0.09413129091262817
clearance,full,flatten,5,77,0.08219339698553085,0.0932910293340683
clearance,full,flatten,5,78,0.08233276754617691,0.09233494848012924
clearance,full,flatten,5,79,0.08193675428628922,0.09325499087572098
clearance,full,flatten,5,80,0.08251745998859406,0.09433870762586594
clearance,full,flatten,5,81,0.08162717521190643,0.09595157951116562
clearance,full,flatten,5,82,0.081346295773983,0.09322414547204971
clearance,full,flatten,5,83,0.08117447793483734,0.09278564155101776
clearance,full,flatten,5,84,0.08114487677812576,0.09414910525083542
clearance,full,flatten,5,85,0.08082113415002823,0.0982513576745987
clearance,full,flatten,5,86,0.08124570548534393,0.09963876008987427
clearance,full,flatten,5,87,0.08114830404520035,0.09900906682014465
clearance,full,flatten,5,88,0.081060491502285,0.09691992402076721
clearance,full,flatten,5,89,0.0807957872748375,0.09521810710430145
clearance,full,flatten,5,90,0.080474354326725,0.09443672746419907
clearance,full,flatten,5,91,0.08057787269353867,0.09433959424495697
clearance,full,flatten,5,92,0.0803515836596489,0.09377656877040863
clearance,full,flatten,5,93,0.08017057925462723,0.09448502212762833
clearance,full,avgmax,1,1,0.9559490084648132,0.2506341338157654
clearance,full,avgmax,1,2,0.28313013911247253,0.18692871928215027
clearance,full,avgmax,1,3,0.2253991961479187,0.15508629381656647
clearance,full,avgmax,1,4,0.21048016846179962,0.1558753401041031
clearance,full,avgmax,1,5,0.17130181193351746,0.16441237926483154
clearance,full,avgmax,1,6,0.15175633132457733,0.18051539361476898
clearance,full,avgmax,1,7,0.14450675249099731,0.15540966391563416
clearance,full,avgmax,1,8,0.14150983095169067,0.14649036526679993
clearance,full,avgmax,1,9,0.13843858242034912,0.13504520058631897
clearance,full,avgmax,1,10,0.13127970695495605,0.13137660920619965
clearance,full,avgmax,1,11,0.1281115561723709,0.12811963260173798
clearance,full,avgmax,1,12,0.12658771872520447,0.12562504410743713
clearance,full,avgmax,1,13,0.12252641469240189,0.1262434870004654
clearance,full,avgmax,1,14,0.11913454532623291,0.12074241787195206
clearance,full,avgmax,1,15,0.11888090521097183,0.11999505013227463
clearance,full,avgmax,1,16,0.1134352833032608,0.11949755251407623
clearance,full,avgmax,1,17,0.11401767283678055,0.11920202523469925
clearance,full,avgmax,1,18,0.11095505952835083,0.11582443118095398
clearance,full,avgmax,1,19,0.10979815572500229,0.11649495363235474
clearance,full,avgmax,1,20,0.10875613987445831,0.1141323670744896
clearance,full,avgmax,1,21,0.10880562663078308,0.11343447864055634
clearance,full,avgmax,1,22,0.10583201795816422,0.11184011399745941
clearance,full,avgmax,1,23,0.1051231399178505,0.11293751001358032
clearance,full,avgmax,1,24,0.10515281558036804,0.1109968051314354
clearance,full,avgmax,1,25,0.10442576557397842,0.118033267557621
clearance,full,avgmax,1,26,0.10660998523235321,0.10923761874437332
clearance,full,avgmax,1,27,0.10385093837976456,0.10797803848981857
clearance,full,avgmax,1,28,0.10075953602790833,0.1073182225227356
clearance,full,avgmax,1,29,0.10043385624885559,0.10542269796133041
clearance,full,avgmax,1,30,0.09880358725786209,0.10626791417598724
clearance,full,avgmax,1,31,0.09864650666713715,0.10476353019475937
clearance,full,avgmax,1,32,0.09765215963125229,0.10235728323459625
clearance,full,avgmax,1,33,0.09764592349529266,0.10077199339866638
clearance,full,avgmax,1,34,0.09665880352258682,0.10324349254369736
clearance,full,avgmax,1,35,0.09762385487556458,0.10475355386734009
clearance,full,avgmax,1,36,0.095888651907444,0.10452935099601746
clearance,full,avgmax,1,37,0.0956403911113739,0.10176704823970795
clearance,full,avgmax,1,38,0.09424624592065811,0.10079003125429153
clearance,full,avgmax,1,39,0.09397470951080322,0.10152149200439453
clearance,full,avgmax,1,40,0.09353498369455338,0.10037169605493546
clearance,full,avgmax,1,41,0.09330277144908905,0.10680075734853745
clearance,full,avgmax,1,42,0.09731944650411606,0.1190299317240715
clearance,full,avgmax,1,43,0.10569294542074203,0.1084766685962677
clearance,full,avgmax,1,44,0.09582265466451645,0.0986703634262085
clearance,full,avgmax,1,45,0.09190800786018372,0.09958865493535995
clearance,full,avgmax,1,46,0.09085322171449661,0.10041473060846329
clearance,full,avgmax,1,47,0.09275650978088379,0.10150104761123657
clearance,full,avgmax,1,48,0.09227137267589569,0.1089646965265274
clearance,full,avgmax,1,49,0.09509503841400146,0.09784651547670364
clearance,full,avgmax,1,50,0.09200777113437653,0.0988716408610344
clearance,full,avgmax,1,51,0.0893174484372139,0.1004728451371193
clearance,full,avgmax,1,52,0.08905462920665741,0.0979936346411705
clearance,full,avgmax,1,53,0.08875628560781479,0.10053146630525589
clearance,full,avgmax,1,54,0.09000881761312485,0.10060908645391464
clearance,full,avgmax,1,55,0.08921781182289124,0.1029197946190834
clearance,full,avgmax,1,56,0.0923125296831131,0.09797713160514832
clearance,full,avgmax,1,57,0.08891230821609497,0.09763003140687943
clearance,full,avgmax,1,58,0.08669133484363556,0.09903988987207413
clearance,full,avgmax,1,59,0.08755102008581161,0.09489230811595917
clearance,full,avgmax,1,60,0.08658473193645477,0.09654025733470917
clearance,full,avgmax,1,61,0.08723194152116776,0.09794340282678604
clearance,full,avgmax,1,62,0.08656861633062363,0.0992768332362175
clearance,full,avgmax,1,63,0.0860532820224762,0.09443117678165436
clearance,full,avgmax,1,64,0.08590857684612274,0.09501175582408905
clearance,full,avgmax,1,65,0.085055872797966,0.09572596102952957
clearance,full,avgmax,1,66,0.08733291923999786,0.09622015058994293
clearance,full,avgmax,1,67,0.0868910700082779,0.09611500799655914
clearance,full,avgmax,1,68,0.08613945543766022,0.09876423329114914
clearance,full,avgmax,1,69,0.08511081337928772,0.10101442039012909
clearance,full,avgmax,1,70,0.08783211559057236,0.09767869114875793
clearance,full,avgmax,1,71,0.08415688574314117,0.09531422704458237
clearance,full,avgmax,1,72,0.08407428860664368,0.09741463512182236
clearance,full,avgmax,1,73,0.08517713844776154,0.09529819339513779
clearance,full,avgmax,1,74,0.08410193771123886,0.09629364311695099
clearance,full,avgmax,1,75,0.08545111864805222,0.09567603468894958
clearance,full,avgmax,1,76,0.08384812623262405,0.09271246194839478
clearance,full,avgmax,1,77,0.08327517658472061,0.09233663231134415
clearance,full,avgmax,1,78,0.08290184289216995,0.09393145889043808
clearance,full,avgmax,1,79,0.08316827565431595,0.09538669884204865
clearance,full,avgmax,1,80,0.0827079489827156,0.09793546050786972
clearance,full,avgmax,1,81,0.08380039036273956,0.09464646130800247
clearance,full,avgmax,1,82,0.08248009532690048,0.09479476511478424
clearance,full,avgmax,1,83,0.08309601247310638,0.09391485154628754
clearance,full,avgmax,1,84,0.08184225112199783,0.09559735655784607
clearance,full,avgmax,1,85,0.08275743573904037,0.09361497312784195
clearance,full,avgmax,1,86,0.08157696574926376,0.09501958638429642
clearance,full,avgmax,1,87,0.08132089674472809,0.0930117666721344
clearance,full,avgmax,1,88,0.08137246966362,0.09244176745414734
clearance,full,avgmax,1,89,0.08134615421295166,0.09421267360448837
clearance,full,avgmax,1,90,0.08133349567651749,0.0935952290892601
clearance,full,avgmax,1,91,0.08170711249113083,0.0946187674999237
clearance,full,avgmax,1,92,0.080988310277462,0.09516027569770813
clearance,full,avgmax,1,93,0.08102349191904068,0.09424883127212524
clearance,full,avgmax,1,94,0.08106838911771774,0.09411894530057907
clearance,full,avgmax,1,95,0.0804944783449173,0.09516575187444687
clearance,full,avgmax,1,96,0.08107994496822357,0.09447319060564041
clearance,full,avgmax,1,97,0.08063532412052155,0.09430558979511261
clearance,full,avgmax,2,1,4.856753826141357,0.5489085912704468
clearance,full,avgmax,2,2,1.147636890411377,0.4838919937610626
clearance,full,avgmax,2,3,0.35040780901908875,0.5190939903259277
clearance,full,avgmax,2,4,0.3702426254749298,0.17123974859714508
clearance,full,avgmax,2,5,0.20495297014713287,0.19776467978954315
clearance,full,avgmax,2,6,0.17619997262954712,0.1913624405860901
clearance,full,avgmax,2,7,0.16172151267528534,0.15179619193077087
clearance,full,avgmax,2,8,0.14391155540943146,0.147304967045784
clearance,full,avgmax,2,9,0.13647980988025665,0.16214747726917267
clearance,full,avgmax,2,10,0.13787269592285156,0.14393457770347595
clearance,full,avgmax,2,11,0.13057675957679749,0.13717253506183624
clearance,full,avgmax,2,12,0.12613867223262787,0.1387280970811844
clearance,full,avgmax,2,13,0.12399955093860626,0.13605530560016632
clearance,full,avgmax,2,14,0.12122990936040878,0.13269762694835663
clearance,full,avgmax,2,15,0.11908727139234543,0.13284869492053986
clearance,full,avgmax,2,16,0.11722258478403091,0.12827979028224945
clearance,full,avgmax,2,17,0.11570198833942413,0.12994934618473053
clearance,full,avgmax,2,18,0.11455955356359482,0.12931570410728455
clearance,full,avgmax,2,19,0.11331155151128769,0.12850584089756012
clearance,full,avgmax,2,20,0.11230739206075668,0.12485416978597641
clearance,full,avgmax,2,21,0.11099160462617874,0.12321428954601288
clearance,full,avgmax,2,22,0.11127673834562302,0.12262401729822159
clearance,full,avgmax,2,23,0.10855846852064133,0.12252019345760345
clearance,full,avgmax,2,24,0.10873263329267502,0.12325237691402435
clearance,full,avgmax,2,25,0.1084839403629303,0.12007063627243042
clearance,full,avgmax,2,26,0.10802903771400452,0.12189072370529175
clearance,full,avgmax,2,27,0.10584381222724915,0.11588603258132935
clearance,full,avgmax,2,28,0.1061595007777214,0.12158598750829697
clearance,full,avgmax,2,29,0.10532620549201965,0.11784787476062775
clearance,full,avgmax,2,30,0.10484941303730011,0.11650478094816208
clearance,full,avgmax,2,31,0.10242436081171036,0.11769723892211914
clearance,full,avgmax,2,32,0.10230284929275513,0.11344633251428604
clearance,full,avgmax,2,33,0.10183980315923691,0.11708151549100876
clearance,full,avgmax,2,34,0.10317166149616241,0.11532735824584961
clearance,full,avgmax,2,35,0.10088296979665756,0.11062318831682205
clearance,full,avgmax,2,36,0.10008645057678223,0.11502917855978012
clearance,full,avgmax,2,37,0.09970471262931824,0.11236381530761719
clearance,full,avgmax,2,38,0.10203102976083755,0.114627406001091
clearance,full,avgmax,2,39,0.10053164511919022,0.11140884459018707
clearance,full,avgmax,2,40,0.09910371899604797,0.11149362474679947
clearance,full,avgmax,2,41,0.09803719818592072,0.11038164794445038
clearance,full,avgmax,2,42,0.09948151558637619,0.11197769641876221
clearance,full,avgmax,2,43,0.09695716202259064,0.11580436676740646
clearance,full,avgmax,2,44,0.09657430648803711,0.10898900777101517
clearance,full,avgmax,2,45,0.09815650433301926,0.11042750626802444
clearance,full,avgmax,2,46,0.09560950845479965,0.10715370625257492
clearance,full,avgmax,2,47,0.09707419574260712,0.10946174710988998
clearance,full,avgmax,2,48,0.09471089392900467,0.10878998041152954
clearance,full,avgmax,2,49,0.09502530097961426,0.10956630855798721
clearance,full,avgmax,2,50,0.09455693513154984,0.10730671137571335
clearance,full,avgmax,2,51,0.09436224400997162,0.10498031973838806
clearance,full,avgmax,2,52,0.0939258560538292,0.10763168334960938
clearance,full,avgmax,2,53,0.09322385489940643,0.10879135131835938
clearance,full,avgmax,2,54,0.09369208663702011,0.10372161865234375
clearance,full,avgmax,2,55,0.09357406198978424,0.11158424615859985
clearance,full,avgmax,2,56,0.09791364520788193,0.10347354412078857
clearance,full,avgmax,2,57,0.09483830630779266,0.1138627752661705
clearance,full,avgmax,2,58,0.09501856565475464,0.10583270341157913
clearance,full,avgmax,2,59,0.09282947331666946,0.107724130153656
clearance,full,avgmax,2,60,0.09315510839223862,0.10335097461938858
clearance,full,avgmax,2,61,0.09376268833875656,0.10121938586235046
clearance,full,avgmax,2,62,0.09187211096286774,0.10518282651901245
clearance,full,avgmax,2,63,0.09114587306976318,0.10524234920740128
clearance,full,avgmax,2,64,0.09083864092826843,0.1050066128373146
clearance,full,avgmax,2,65,0.09044492989778519,0.10076520591974258
clearance,full,avgmax,2,66,0.09263705462217331,0.10994896292686462
clearance,full,avgmax,2,67,0.09246484935283661,0.10026288777589798
clearance,full,avgmax,2,68,0.09064983576536179,0.10617083311080933
clearance,full,avgmax,2,69,0.09062297642230988,0.10102692246437073
clearance,full,avgmax,2,70,0.09013696759939194,0.09904230386018753
clearance,full,avgmax,2,71,0.0898047685623169,0.1016111969947815
clearance,full,avgmax,2,72,0.08848608285188675,0.10363603383302689
clearance,full,avgmax,2,73,0.08824723213911057,0.10187631845474243
clearance,full,avgmax,2,74,0.08824055641889572,0.10826078802347183
clearance,full,avgmax,2,75,0.09379635751247406,0.09852244704961777
clearance,full,avgmax,2,76,0.08916648477315903,0.10622895509004593
clearance,full,avgmax,2,77,0.08894982933998108,0.10420850664377213
clearance,full,avgmax,2,78,0.08848652243614197,0.10015010088682175
clearance,full,avgmax,2,79,0.08755454421043396,0.10382029414176941
clearance,full,avgmax,2,80,0.0870477631688118,0.10022971779108047
clearance,full,avgmax,2,81,0.08845865726470947,0.10778466612100601
clearance,full,avgmax,2,82,0.08741270750761032,0.09817252308130264
clearance,full,avgmax,2,83,0.08826097100973129,0.10444213449954987
clearance,full,avgmax,2,84,0.08648721128702164,0.09893795102834702
clearance,full,avgmax,2,85,0.08586814254522324,0.09830424934625626
clearance,full,avgmax,2,86,0.086837038397789,0.10184717178344727
clearance,full,avgmax,2,87,0.08693961054086685,0.09730511903762817
clearance,full,avgmax,2,88,0.08497730642557144,0.10148429125547409
clearance,full,avgmax,2,89,0.08529084920883179,0.09727730602025986
clearance,full,avgmax,2,90,0.08463916182518005,0.10291910171508789
clearance,full,avgmax,2,91,0.08518342673778534,0.09579156339168549
clearance,full,avgmax,2,92,0.08486659079790115,0.10136681795120239
clearance,full,avgmax,2,93,0.08549444377422333,0.09632756561040878
clearance,full,avgmax,2,94,0.08542434871196747,0.0947178527712822
clearance,full,avgmax,2,95,0.08587450534105301,0.10506368428468704
clearance,full,avgmax,2,96,0.08722073584794998,0.09496327489614487
clearance,full,avgmax,2,97,0.08399464935064316,0.10015088319778442
clearance,full,avgmax,2,98,0.0837337002158165,0.0962311401963234
clearance,full,avgmax,2,99,0.08308012783527374,0.09389406442642212
clearance,full,avgmax,2,100,0.08568251878023148,0.10692549496889114
clearance,full,avgmax,2,101,0.0860612764954567,0.09459269791841507
clearance,full,avgmax,2,102,0.08396407216787338,0.0977688804268837
clearance,full,avgmax,2,103,0.08294948190450668,0.09698329865932465
clearance,full,avgmax,2,104,0.08305993676185608,0.09420742094516754
clearance,full,avgmax,2,105,0.08412004262208939,0.10721694678068161
clearance,full,avgmax,2,106,0.08738751709461212,0.09226714819669724
clearance,full,avgmax,2,107,0.08510251343250275,0.11092933267354965
clearance,full,avgmax,2,108,0.08706297725439072,0.09281501173973083
clearance,full,avgmax,2,109,0.0842604860663414,0.09098782390356064
clearance,full,avgmax,2,110,0.0838414877653122,0.0944623053073883
clearance,full,avgmax,2,111,0.0821395292878151,0.09548220783472061
clearance,full,avgmax,2,112,0.08423428982496262,0.1108272522687912
clearance,full,avgmax,2,113,0.08710046857595444,0.0930904969573021
clearance,full,avgmax,2,114,0.08627930283546448,0.09394850581884384
clearance,full,avgmax,2,115,0.0830749124288559,0.09666132181882858
clearance,full,avgmax,2,116,0.0822160616517067,0.0962287038564682
clearance,full,avgmax,2,117,0.08023616671562195,0.09438492357730865
clearance,full,avgmax,2,118,0.08144433796405792,0.09432772547006607
clearance,full,avgmax,2,119,0.08016575127840042,0.09620443731546402
clearance,full,avgmax,2,120,0.08023446798324585,0.09504933655261993
clearance,full,avgmax,2,121,0.0798828974366188,0.0945521891117096
clearance,full,avgmax,2,122,0.08022681623697281,0.09230748564004898
clearance,full,avgmax,2,123,0.08100318163633347,0.0910378098487854
clearance,full,avgmax,2,124,0.08170268684625626,0.0941135436296463
clearance,full,avgmax,2,125,0.08025532960891724,0.09076841920614243
clearance,full,avgmax,2,126,0.08096697926521301,0.09449071437120438
clearance,full,avgmax,2,127,0.0795164406299591,0.0907442569732666
clearance,full,avgmax,2,128,0.07966526597738266,0.0927814468741417
clearance,full,avgmax,2,129,0.07950522750616074,0.0921381264925003
clearance,full,avgmax,2,130,0.0793062373995781,0.09382987022399902
clearance,full,avgmax,2,131,0.07897737622261047,0.09249135851860046
clearance,full,avgmax,2,132,0.0792291909456253,0.09160572290420532
clearance,full,avgmax,2,133,0.07921692728996277,0.0910840630531311
clearance,full,avgmax,2,134,0.0797116756439209,0.09195748716592789
clearance,full,avgmax,2,135,0.07853520661592484,0.08989868313074112
clearance,full,avgmax,2,136,0.07842772454023361,0.09314330667257309
clearance,full,avgmax,2,137,0.07873107492923737,0.090168297290802
clearance,full,avgmax,2,138,0.07963676005601883,0.09009155631065369
clearance,full,avgmax,2,139,0.07856659591197968,0.09562350064516068
clearance,full,avgmax,2,140,0.08250965923070908,0.08927254378795624
clearance,full,avgmax,2,141,0.08331777900457382,0.09091699123382568
clearance,full,avgmax,2,142,0.08249489217996597,0.09828175604343414
clearance,full,avgmax,2,143,0.07941848784685135,0.09051323682069778
clearance,full,avgmax,2,144,0.0804348886013031,0.09643461555242538
clearance,full,avgmax,2,145,0.07853662967681885,0.08815929293632507
clearance,full,avgmax,2,146,0.07833375781774521,0.09206737577915192
clearance,full,avgmax,2,147,0.07886262983083725,0.088536836206913
clearance,full,avgmax,2,148,0.07843273878097534,0.09124213457107544
clearance,full,avgmax,2,149,0.07874105870723724,0.09070026874542236
clearance,full,avgmax,2,150,0.07931600511074066,0.09052056074142456
clearance,full,avgmax,2,151,0.07907670736312866,0.09312742948532104
clearance,full,avgmax,2,152,0.0777135044336319,0.08856499940156937
clearance,full,avgmax,2,153,0.07845334708690643,0.09230691194534302
clearance,full,avgmax,2,154,0.0777951329946518,0.08866694569587708
clearance,full,avgmax,2,155,0.077827088534832,0.09327835589647293
clearance,full,avgmax,2,156,0.07767374813556671,0.09007260948419571
clearance,full,avgmax,2,157,0.07710521668195724,0.08931104838848114
clearance,full,avgmax,2,158,0.07712855190038681,0.09027872234582901
clearance,full,avgmax,2,159,0.07695192843675613,0.09084991365671158
clearance,full,avgmax,2,160,0.07694756984710693,0.08953048288822174
clearance,full,avgmax,2,161,0.07683516293764114,0.08976081013679504
clearance,full,avgmax,2,162,0.07716410607099533,0.09020058810710907
clearance,full,avgmax,2,163,0.0768623799085617,0.0884552076458931
clearance,full,avgmax,2,164,0.07717657089233398,0.0892641544342041
clearance,full,avgmax,2,165,0.0766277089715004,0.09182919561862946
clearance,full,avgmax,3,1,0.38654613494873047,0.17597471177577972
clearance,full,avgmax,3,2,0.20155125856399536,0.15409648418426514
clearance,full,avgmax,3,3,0.18222083151340485,0.1638442426919937
clearance,full,avgmax,3,4,0.1558738499879837,0.15300853550434113
clearance,full,avgmax,3,5,0.14923706650733948,0.13539768755435944
clearance,full,avgmax,3,6,0.13912333548069,0.1328630894422531
clearance,full,avgmax,3,7,0.13556724786758423,0.12818890810012817
clearance,full,avgmax,3,8,0.13359002768993378,0.12544798851013184
clearance,full,avgmax,3,9,0.12865129113197327,0.12312967330217361
clearance,full,avgmax,3,10,0.12662161886692047,0.11940895766019821
clearance,full,avgmax,3,11,0.12325803190469742,0.1196238324046135
clearance,full,avgmax,3,12,0.12056265771389008,0.11508531868457794
clearance,full,avgmax,3,13,0.1200999766588211,0.1135583445429802
clearance,full,avgmax,3,14,0.11846426874399185,0.11486037820577621
clearance,full,avgmax,3,15,0.11520028859376907,0.10987075418233871
clearance,full,avgmax,3,16,0.11284667253494263,0.10859769582748413
clearance,full,avgmax,3,17,0.11136308312416077,0.10874810814857483
clearance,full,avgmax,3,18,0.10947759449481964,0.10658453404903412
clearance,full,avgmax,3,19,0.10810869187116623,0.10536573827266693
clearance,full,avgmax,3,20,0.10654789209365845,0.10519757866859436
clearance,full,avgmax,3,21,0.10538333654403687,0.1035669669508934
clearance,full,avgmax,3,22,0.10411927849054337,0.10257049649953842
clearance,full,avgmax,3,23,0.10311979800462723,0.10325246304273605
clearance,full,avgmax,3,24,0.10219301283359528,0.1009083241224289
clearance,full,avgmax,3,25,0.10069416463375092,0.10056968033313751
clearance,full,avgmax,3,26,0.09987666457891464,0.09958290308713913
clearance,full,avgmax,3,27,0.09867971390485764,0.09880977123975754
clearance,full,avgmax,3,28,0.09805170446634293,0.09851879626512527
clearance,full,avgmax,3,29,0.09693337976932526,0.09752584248781204
clearance,full,avgmax,3,30,0.09617430716753006,0.09691733121871948
clearance,full,avgmax,3,31,0.09548518806695938,0.09691929072141647
clearance,full,avgmax,3,32,0.09468585252761841,0.09596053510904312
clearance,full,avgmax,3,33,0.09433583170175552,0.09546085447072983
clearance,full,avgmax,3,34,0.09305059164762497,0.09534204006195068
clearance,full,avgmax,3,35,0.09261348098516464,0.09432628005743027
clearance,full,avgmax,3,36,0.09203723073005676,0.09423653781414032
clearance,full,avgmax,3,37,0.09123651683330536,0.09413403272628784
clearance,full,avgmax,3,38,0.09048017114400864,0.09423314034938812
clearance,full,avgmax,3,39,0.09010359644889832,0.09332508593797684
clearance,full,avgmax,3,40,0.08974036574363708,0.0929730087518692
clearance,full,avgmax,3,41,0.08915209025144577,0.09244321286678314
clearance,full,avgmax,3,42,0.08831562846899033,0.09223119914531708
clearance,full,avgmax,3,43,0.08787420392036438,0.09257134795188904
clearance,full,avgmax,3,44,0.0874885767698288,0.09139295667409897
clearance,full,avgmax,3,45,0.08704360574483871,0.09121937304735184
clearance,full,avgmax,3,46,0.08679988235235214,0.09126169234514236
clearance,full,avgmax,3,47,0.08710845559835434,0.09180862456560135
clearance,full,avgmax,3,48,0.08644331246614456,0.08980367332696915
clearance,full,avgmax,3,49,0.08621198683977127,0.08995551615953445
clearance,full,avgmax,3,50,0.08495538681745529,0.0895039290189743
clearance,full,avgmax,3,51,0.08548097312450409,0.08988794684410095
clearance,full,avgmax,3,52,0.08419841527938843,0.08911235630512238
clearance,full,avgmax,3,53,0.08494547754526138,0.08866272866725922
clearance,full,avgmax,3,54,0.0835048034787178,0.08829422295093536
clearance,full,avgmax,3,55,0.08277176320552826,0.0899626761674881
clearance,full,avgmax,3,56,0.08294747769832611,0.0881744921207428
clearance,full,avgmax,3,57,0.08243364095687866,0.0876438170671463
clearance,full,avgmax,3,58,0.08200141042470932,0.08682096004486084
clearance,full,avgmax,3,59,0.08114907145500183,0.08793956786394119
clearance,full,avgmax,3,60,0.08103596419095993,0.08685602992773056
clearance,full,avgmax,3,61,0.08051005750894547,0.08669827878475189
clearance,full,avgmax,3,62,0.08011700958013535,0.08590149879455566
clearance,full,avgmax,3,63,0.08064417541027069,0.08627115190029144
clearance,full,avgmax,3,64,0.08033625036478043,0.08645707368850708
clearance,full,avgmax,3,65,0.0797235295176506,0.08515547215938568
clearance,full,avgmax,3,66,0.07925284653902054,0.08489719778299332
clearance,full,avgmax,3,67,0.07860563695430756,0.08417395502328873
clearance,full,avgmax,3,68,0.07914923131465912,0.08572449535131454
clearance,full,avgmax,3,69,0.07816065102815628,0.08446333557367325
clearance,full,avgmax,3,70,0.07812823355197906,0.08492489159107208
clearance,full,avgmax,3,71,0.07815917581319809,0.0838061049580574
clearance,full,avgmax,3,72,0.07724129408597946,0.08462358266115189
clearance,full,avgmax,3,73,0.07740277796983719,0.0837395042181015
clearance,full,avgmax,3,74,0.07770083844661713,0.08259069174528122
clearance,full,avgmax,3,75,0.07937976717948914,0.08515612781047821
clearance,full,avgmax,3,76,0.07864846289157867,0.08306563645601273
clearance,full,avgmax,3,77,0.07870935648679733,0.08762949705123901
clearance,full,avgmax,3,78,0.07852522283792496,0.0812796801328659
clearance,full,avgmax,3,79,0.07729867845773697,0.08401695638895035
clearance,full,avgmax,3,80,0.07912245392799377,0.08298562467098236
clearance,full,avgmax,3,81,0.07700290530920029,0.08491051942110062
clearance,full,avgmax,3,82,0.07573682814836502,0.08035582304000854
clearance,full,avgmax,3,83,0.07557536661624908,0.08034677058458328
clearance,full,avgmax,3,84,0.07383300364017487,0.08054299652576447
clearance,full,avgmax,3,85,0.07431362569332123,0.08151218295097351
clearance,full,avgmax,3,86,0.0734863206744194,0.07929647713899612
clearance,full,avgmax,3,87,0.07331158965826035,0.08008809387683868
clearance,full,avgmax,3,88,0.07330134510993958,0.08064137399196625
clearance,full,avgmax,3,89,0.07309942692518234,0.08047306537628174
clearance,full,avgmax,3,90,0.07246775925159454,0.0791553482413292
clearance,full,avgmax,3,91,0.07238601893186569,0.07931283116340637
clearance,full,avgmax,3,92,0.07174023240804672,0.07907430827617645
clearance,full,avgmax,3,93,0.07178912311792374,0.07877499610185623
clearance,full,avgmax,3,94,0.07115263491868973,0.07921407371759415
clearance,full,avgmax,3,95,0.07095368951559067,0.07894837111234665
clearance,full,avgmax,3,96,0.07073219865560532,0.0783519297838211
clearance,full,avgmax,3,97,0.07041876018047333,0.07822096347808838
clearance,full,avgmax,3,98,0.0702158585190773,0.07821251451969147
clearance,full,avgmax,3,99,0.0699649527668953,0.07801233232021332
clearance,full,avgmax,3,100,0.06947047263383865,0.07755634188652039
clearance,full,avgmax,3,101,0.06937848031520844,0.07771914452314377
clearance,full,avgmax,3,102,0.06960324943065643,0.07792102545499802
clearance,full,avgmax,3,103,0.06987801939249039,0.07819699496030807
clearance,full,avgmax,3,104,0.0692695751786232,0.07845897227525711
clearance,full,avgmax,3,105,0.06867346912622452,0.0774354338645935
clearance,full,avgmax,3,106,0.06862886995077133,0.07711590826511383
clearance,full,avgmax,3,107,0.06818448007106781,0.07821302860975266
clearance,full,avgmax,3,108,0.06877224147319794,0.07848793268203735
clearance,full,avgmax,3,109,0.06821500509977341,0.08096133172512054
clearance,full,avgmax,3,110,0.06848078221082687,0.08147066831588745
clearance,full,avgmax,3,111,0.07000581175088882,0.07935816049575806
clearance,full,avgmax,3,112,0.07125892490148544,0.07564278692007065
clearance,full,avgmax,3,113,0.06777290254831314,0.07658755034208298
clearance,full,avgmax,3,114,0.06809945404529572,0.07606115937232971
clearance,full,avgmax,3,115,0.06609415262937546,0.07487379759550095
clearance,full,avgmax,3,116,0.06706710159778595,0.07583140581846237
clearance,full,avgmax,3,117,0.06734953075647354,0.07785619050264359
clearance,full,avgmax,3,118,0.06799083948135376,0.07903502881526947
clearance,full,avgmax,3,119,0.06778229027986526,0.07632762938737869
clearance,full,avgmax,3,120,0.0664643943309784,0.07432029396295547
clearance,full,avgmax,3,121,0.06587447226047516,0.07332340627908707
clearance,full,avgmax,3,122,0.0652686133980751,0.0734533742070198
clearance,full,avgmax,3,123,0.0646681934595108,0.07522732764482498
clearance,full,avgmax,3,124,0.06447283923625946,0.07539132237434387
clearance,full,avgmax,3,125,0.0644640326499939,0.0729236826300621
clearance,full,avgmax,3,126,0.06442801654338837,0.07338836789131165
clearance,full,avgmax,3,127,0.06361175328493118,0.0733264684677124
clearance,full,avgmax,3,128,0.0635598748922348,0.07766114920377731
clearance,full,avgmax,3,129,0.0656486302614212,0.07760898023843765
clearance,full,avgmax,3,130,0.06800621747970581,0.07723424583673477
clearance,full,avgmax,3,131,0.06444563716650009,0.073248952627182
clearance,full,avgmax,3,132,0.06470872461795807,0.07503531128168106
clearance,full,avgmax,3,133,0.06766092032194138,0.07196423411369324
clearance,full,avgmax,3,134,0.06657629460096359,0.07303311675786972
clearance,full,avgmax,3,135,0.06397291272878647,0.07541216909885406
clearance,full,avgmax,3,136,0.06469371169805527,0.07444586604833603
clearance,full,avgmax,3,137,0.06380840390920639,0.07205332815647125
clearance,full,avgmax,3,138,0.06251241266727448,0.07141116261482239
clearance,full,avgmax,3,139,0.06259653717279434,0.07573819160461426
clearance,full,avgmax,3,140,0.06451282650232315,0.07243651151657104
clearance,full,avgmax,3,141,0.06269803643226624,0.07360358536243439
clearance,full,avgmax,3,142,0.06171010434627533,0.07314807176589966
clearance,full,avgmax,3,143,0.06171106919646263,0.07147734612226486
clearance,full,avgmax,3,144,0.06173184514045715,0.07253807038068771
clearance,full,avgmax,3,145,0.06256571412086487,0.07148917019367218
clearance,full,avgmax,3,146,0.06333038210868835,0.07537329196929932
clearance,full,avgmax,3,147,0.062316808849573135,0.07083804160356522
clearance,full,avgmax,3,148,0.060413189232349396,0.07096723467111588
clearance,full,avgmax,3,149,0.06070198491215706,0.07051157206296921
clearance,full,avgmax,3,150,0.06104644387960434,0.0705685093998909
clearance,full,avgmax,3,151,0.05998322367668152,0.07113229483366013
clearance,full,avgmax,3,152,0.059595491737127304,0.07042688131332397
clearance,full,avgmax,3,153,0.06100400164723396,0.07106834650039673
clearance,full,avgmax,3,154,0.059138234704732895,0.07018452882766724
clearance,full,avgmax,3,155,0.05869024246931076,0.07148004323244095
clearance,full,avgmax,3,156,0.05964589864015579,0.06978616118431091
clearance,full,avgmax,3,157,0.05837145447731018,0.0709882602095604
clearance,full,avgmax,3,158,0.05925948545336723,0.06951449066400528
clearance,full,avgmax,3,159,0.06023360788822174,0.07017805427312851
clearance,full,avgmax,3,160,0.05888781324028969,0.070313461124897
clearance,full,avgmax,3,161,0.0587039440870285,0.06874407082796097
clearance,full,avgmax,3,162,0.058324672281742096,0.06885761767625809
clearance,full,avgmax,3,163,0.05982678756117821,0.07048541307449341
clearance,full,avgmax,3,164,0.059570036828517914,0.07336276769638062
clearance,full,avgmax,3,165,0.0615454763174057,0.07220710068941116
clearance,full,avgmax,3,166,0.05842222273349762,0.06867033243179321
clearance,full,avgmax,3,167,0.05806621536612511,0.06892469525337219
clearance,full,avgmax,3,168,0.05720211938023567,0.07032354921102524
clearance,full,avgmax,3,169,0.057692285627126694,0.06924541294574738
clearance,full,avgmax,3,170,0.05699657276272774,0.06903821229934692
clearance,full,avgmax,3,171,0.05654827877879143,0.06839319318532944
clearance,full,avgmax,3,172,0.05670100077986717,0.07045077532529831
clearance,full,avgmax,3,173,0.057919375598430634,0.07166235148906708
clearance,full,avgmax,3,174,0.059264618903398514,0.07076156139373779
clearance,full,avgmax,3,175,0.05776309221982956,0.06732583045959473
clearance,full,avgmax,3,176,0.056333426386117935,0.06887929886579514
clearance,full,avgmax,3,177,0.05601625517010689,0.06914329528808594
clearance,full,avgmax,3,178,0.055808112025260925,0.0702744722366333
clearance,full,avgmax,3,179,0.05603756755590439,0.0685805156826973
clearance,full,avgmax,3,180,0.05623127892613411,0.06862562894821167
clearance,full,avgmax,3,181,0.05696987360715866,0.06698355823755264
clearance,full,avgmax,3,182,0.055700525641441345,0.06738216429948807
clearance,full,avgmax,3,183,0.055429112166166306,0.06877129524946213
clearance,full,avgmax,3,184,0.05500837415456772,0.06736214458942413
clearance,full,avgmax,3,185,0.054682254791259766,0.06659568846225739
clearance,full,avgmax,3,186,0.054296623915433884,0.06578245013952255
clearance,full,avgmax,3,187,0.05446676164865494,0.06695747375488281
clearance,full,avgmax,3,188,0.054243654012680054,0.06744561344385147
clearance,full,avgmax,3,189,0.05406855046749115,0.06954600661993027
clearance,full,avgmax,3,190,0.05552290380001068,0.06662442535161972
clearance,full,avgmax,3,191,0.054310429841279984,0.06755983084440231
clearance,full,avgmax,3,192,0.05369791388511658,0.06722082197666168
clearance,full,avgmax,3,193,0.05414772778749466,0.0672319233417511
clearance,full,avgmax,3,194,0.05397653952240944,0.06935864686965942
clearance,full,avgmax,3,195,0.054608602076768875,0.0672634094953537
clearance,full,avgmax,3,196,0.0553617887198925,0.06639143824577332
clearance,full,avgmax,3,197,0.0541246235370636,0.06637103855609894
clearance,full,avgmax,3,198,0.05364299565553665,0.06808849424123764
clearance,full,avgmax,3,199,0.052922170609235764,0.06672026216983795
clearance,full,avgmax,3,200,0.0545167550444603,0.06637228280305862
clearance,full,avgmax,3,201,0.05444179102778435,0.0670885294675827
clearance,full,avgmax,3,202,0.05480977147817612,0.06676991283893585
clearance,full,avgmax,3,203,0.0533253513276577,0.06854170560836792
clearance,full,avgmax,3,204,0.053661126643419266,0.06841225922107697
clearance,full,avgmax,3,205,0.053130265325307846,0.06916583329439163
clearance,full,avgmax,3,206,0.052749309688806534,0.06697815656661987
clearance,full,avgmax,4,1,0.6055039167404175,0.6999243497848511
clearance,full,avgmax,4,2,0.36730751395225525,0.30426025390625
clearance,full,avgmax,4,3,0.278906911611557,0.24726003408432007
clearance,full,avgmax,4,4,0.2044312208890915,0.21184176206588745
clearance,full,avgmax,4,5,0.1721399575471878,0.18312332034111023
clearance,full,avgmax,4,6,0.16279248893260956,0.18662932515144348
clearance,full,avgmax,4,7,0.16087353229522705,0.1528182476758957
clearance,full,avgmax,4,8,0.14711430668830872,0.1468522548675537
clearance,full,avgmax,4,9,0.1384882628917694,0.1507800668478012
clearance,full,avgmax,4,10,0.13646431267261505,0.1411033421754837
clearance,full,avgmax,4,11,0.13176420331001282,0.13615399599075317
clearance,full,avgmax,4,12,0.13047850131988525,0.13358886539936066
clearance,full,avgmax,4,13,0.12735502421855927,0.12764519453048706
clearance,full,avgmax,4,14,0.12174247205257416,0.12759794294834137
clearance,full,avgmax,4,15,0.12189355492591858,0.12549898028373718
clearance,full,avgmax,4,16,0.1186646819114685,0.12089365720748901
clearance,full,avgmax,4,17,0.11747472733259201,0.11958052963018417
clearance,full,avgmax,4,18,0.11654488742351532,0.1218426302075386
clearance,full,avgmax,4,19,0.1165703758597374,0.12077952921390533
clearance,full,avgmax,4,20,0.11247807741165161,0.11715251207351685
clearance,full,avgmax,4,21,0.1109171211719513,0.11457426846027374
clearance,full,avgmax,4,22,0.10912547260522842,0.11383488029241562
clearance,full,avgmax,4,23,0.1076810285449028,0.11267425864934921
clearance,full,avgmax,4,24,0.10686462372541428,0.1114484965801239
clearance,full,avgmax,4,25,0.1052485927939415,0.11053390055894852
clearance,full,avgmax,4,26,0.10431619733572006,0.11001821607351303
clearance,full,avgmax,4,27,0.10373010486364365,0.11135683953762054
clearance,full,avgmax,4,28,0.10302235931158066,0.11107135564088821
clearance,full,avgmax,4,29,0.10201555490493774,0.10928001999855042
clearance,full,avgmax,4,30,0.10102418810129166,0.1078958511352539
clearance,full,avgmax,4,31,0.10051732510328293,0.10779528319835663
clearance,full,avgmax,4,32,0.09934431314468384,0.10972671210765839
clearance,full,avgmax,4,33,0.09954294562339783,0.1070801243185997
clearance,full,avgmax,4,34,0.09783277660608292,0.10705757141113281
clearance,full,avgmax,4,35,0.09785392880439758,0.10673017054796219
clearance,full,avgmax,4,36,0.09851567447185516,0.10499151051044464
clearance,full,avgmax,4,37,0.09794366359710693,0.10331311076879501
clearance,full,avgmax,4,38,0.09726126492023468,0.10311459749937057
clearance,full,avgmax,4,39,0.0948014110326767,0.10457579791545868
clearance,full,avgmax,4,40,0.09453627467155457,0.10314293950796127
clearance,full,avgmax,4,41,0.09383253008127213,0.1016802042722702
clearance,full,avgmax,4,42,0.09348446875810623,0.10403759777545929
clearance,full,avgmax,4,43,0.09310036152601242,0.10290584713220596
clearance,full,avgmax,4,44,0.09245208650827408,0.10115987062454224
clearance,full,avgmax,4,45,0.09399696439504623,0.10087278485298157
clearance,full,avgmax,4,46,0.09212140738964081,0.10075586289167404
clearance,full,avgmax,4,47,0.0923030823469162,0.10441391170024872
clearance,full,avgmax,4,48,0.0993763878941536,0.10338892042636871
clearance,full,avgmax,4,49,0.09184248745441437,0.10311128944158554
clearance,full,avgmax,4,50,0.09119058400392532,0.10122940689325333
clearance,full,avgmax,4,51,0.09219244122505188,0.10145610570907593
clearance,full,avgmax,4,52,0.09087307751178741,0.0990585908293724
clearance,full,avgmax,4,53,0.08848068863153458,0.09934625774621964
clearance,full,avgmax,4,54,0.08807060122489929,0.09731056541204453
clearance,full,avgmax,4,55,0.08812130242586136,0.09496133029460907
clearance,full,avgmax,4,56,0.08811911195516586,0.09826251119375229
clearance,full,avgmax,4,57,0.08747339248657227,0.09523580968379974
clearance,full,avgmax,4,58,0.08861985802650452,0.0970551073551178
clearance,full,avgmax,4,59,0.08737187832593918,0.0986696258187294
clearance,full,avgmax,4,60,0.08927442878484726,0.10010374337434769
clearance,full,avgmax,4,61,0.0880064144730568,0.09408283978700638
clearance,full,avgmax,4,62,0.08585604280233383,0.09540753811597824
clearance,full,avgmax,4,63,0.08616214990615845,0.09336797147989273
clearance,full,avgmax,4,64,0.08556868880987167,0.09376388788223267
clearance,full,avgmax,4,65,0.08475654572248459,0.09425432235002518
clearance,full,avgmax,4,66,0.08420030772686005,0.09341491758823395
clearance,full,avgmax,4,67,0.08399458229541779,0.09276669472455978
clearance,full,avgmax,4,68,0.08372467011213303,0.09510767459869385
clearance,full,avgmax,4,69,0.08385069668292999,0.09461918473243713
clearance,full,avgmax,4,70,0.08478059619665146,0.09213313460350037
clearance,full,avgmax,4,71,0.08277266472578049,0.09362707287073135
clearance,full,avgmax,4,72,0.08407287299633026,0.09497465193271637
clearance,full,avgmax,4,73,0.08509884774684906,0.09174957871437073
clearance,full,avgmax,4,74,0.08227666467428207,0.09091748297214508
clearance,full,avgmax,4,75,0.08185848593711853,0.09103691577911377
clearance,full,avgmax,4,76,0.08269628137350082,0.09106706827878952
clearance,full,avgmax,4,77,0.08175082504749298,0.09463242441415787
clearance,full,avgmax,4,78,0.0830472856760025,0.09483234584331512
clearance,full,avgmax,4,79,0.08214928954839706,0.09515883028507233
clearance,full,avgmax,4,80,0.08129898458719254,0.09289855509996414
clearance,full,avgmax,4,81,0.08150327205657959,0.10160721838474274
clearance,full,avgmax,4,82,0.0854867696762085,0.09166822582483292
clearance,full,avgmax,4,83,0.08344858139753342,0.09242832660675049
clearance,full,avgmax,4,84,0.08154195547103882,0.09036707878112793
clearance,full,avgmax,4,85,0.07941558957099915,0.08862631767988205
clearance,full,avgmax,4,86,0.0793629139661789,0.09267423301935196
clearance,full,avgmax,4,87,0.08020029962062836,0.09178140759468079
clearance,full,avgmax,4,88,0.07955345511436462,0.09517171233892441
clearance,full,avgmax,4,89,0.08098337054252625,0.08853524923324585
clearance,full,avgmax,4,90,0.08032957464456558,0.09384944289922714
clearance,full,avgmax,4,91,0.0813874676823616,0.08945364505052567
clearance,full,avgmax,4,92,0.08009365200996399,0.09263496845960617
clearance,full,avgmax,4,93,0.0792086124420166,0.09122270345687866
clearance,full,avgmax,4,94,0.07836347073316574,0.08790496736764908
clearance,full,avgmax,4,95,0.07960692048072815,0.09135810285806656
clearance,full,avgmax,4,96,0.08003365248441696,0.09762468189001083
clearance,full,avgmax,4,97,0.08088622987270355,0.09707187861204147
clearance,full,avgmax,4,98,0.07840307056903839,0.08914075046777725
clearance,full,avgmax,4,99,0.07783971726894379,0.08875913918018341
clearance,full,avgmax,4,100,0.07703516632318497,0.08905129134654999
clearance,full,avgmax,4,101,0.076712466776371,0.09033723175525665
clearance,full,avgmax,4,102,0.07664991170167923,0.09159642457962036
clearance,full,avgmax,4,103,0.07735753059387207,0.08919982612133026
clearance,full,avgmax,4,104,0.07525935769081116,0.08754049986600876
clearance,full,avgmax,4,105,0.07500956952571869,0.08811292797327042
clearance,full,avgmax,4,106,0.07586280256509781,0.08864395320415497
clearance,full,avgmax,4,107,0.07566158473491669,0.08973561227321625
clearance,full,avgmax,4,108,0.07599369436502457,0.09018924832344055
clearance,full,avgmax,4,109,0.07560122013092041,0.08614443987607956
clearance,full,avgmax,4,110,0.07488515228033066,0.0865817740559578
clearance,full,avgmax,4,111,0.07418560981750488,0.09697340428829193
clearance,full,avgmax,4,112,0.0801253616809845,0.0879177376627922
clearance,full,avgmax,4,113,0.0779632031917572,0.08920376002788544
clearance,full,avgmax,4,114,0.07608028501272202,0.09590999037027359
clearance,full,avgmax,4,115,0.0787145122885704,0.08656276017427444
clearance,full,avgmax,4,116,0.07608043402433395,0.09382745623588562
clearance,full,avgmax,4,117,0.07817080616950989,0.10675366222858429
clearance,full,avgmax,4,118,0.08098125457763672,0.08907759189605713
clearance,full,avgmax,4,119,0.08079172670841217,0.08468421548604965
clearance,full,avgmax,4,120,0.0781463012099266,0.09247109293937683
clearance,full,avgmax,4,121,0.0758819729089737,0.08350677788257599
clearance,full,avgmax,4,122,0.07492773234844208,0.08415726572275162
clearance,full,avgmax,4,123,0.07413274049758911,0.08910147100687027
clearance,full,avgmax,4,124,0.07679472863674164,0.09373478591442108
clearance,full,avgmax,4,125,0.07986222207546234,0.08490455150604248
clearance,full,avgmax,4,126,0.07837070524692535,0.0897107720375061
clearance,full,avgmax,4,127,0.07825362682342529,0.08786173164844513
clearance,full,avgmax,4,128,0.07511776685714722,0.08240766823291779
clearance,full,avgmax,4,129,0.07284238934516907,0.08267175406217575
clearance,full,avgmax,4,130,0.0719456598162651,0.0862128883600235
clearance,full,avgmax,4,131,0.07173661887645721,0.0867338627576828
clearance,full,avgmax,4,132,0.07146178930997849,0.08509422838687897
clearance,full,avgmax,4,133,0.06992866098880768,0.08922062069177628
clearance,full,avgmax,4,134,0.0721743255853653,0.08547902852296829
clearance,full,avgmax,4,135,0.07166285067796707,0.08529611676931381
clearance,full,avgmax,4,136,0.0704975426197052,0.08509823679924011
clearance,full,avgmax,4,137,0.07145287096500397,0.08614767342805862
clearance,full,avgmax,4,138,0.07010778039693832,0.08710066974163055
clearance,full,avgmax,4,139,0.07062611728906631,0.0832524225115776
clearance,full,avgmax,4,140,0.06998966634273529,0.08373846858739853
clearance,full,avgmax,4,141,0.06979864090681076,0.08334988355636597
clearance,full,avgmax,4,142,0.06972306966781616,0.08334227651357651
clearance,full,avgmax,4,143,0.06898811459541321,0.08415257185697556
clearance,full,avgmax,4,144,0.06912284344434738,0.08516516536474228
clearance,full,avgmax,4,145,0.06898478418588638,0.08481588959693909
clearance,full,avgmax,4,146,0.06879854947328568,0.08420484513044357
clearance,full,avgmax,4,147,0.06933728605508804,0.08391290158033371
clearance,full,avgmax,4,148,0.0690760463476181,0.0845087394118309
clearance,full,avgmax,5,1,1.3081250190734863,0.4686405658721924
clearance,full,avgmax,5,2,0.47245219349861145,0.29140859842300415
clearance,full,avgmax,5,3,0.27890968322753906,0.2076200544834137
clearance,full,avgmax,5,4,0.22672319412231445,0.19970986247062683
clearance,full,avgmax,5,5,0.2114477902650833,0.1680823117494583
clearance,full,avgmax,5,6,0.16436105966567993,0.183522567152977
clearance,full,avgmax,5,7,0.1569591462612152,0.16304251551628113
clearance,full,avgmax,5,8,0.15987342596054077,0.14730124175548553
clearance,full,avgmax,5,9,0.13389690220355988,0.14596952497959137
clearance,full,avgmax,5,10,0.13674426078796387,0.1386467069387436
clearance,full,avgmax,5,11,0.12883210182189941,0.14080412685871124
clearance,full,avgmax,5,12,0.1280815750360489,0.14189401268959045
clearance,full,avgmax,5,13,0.12397433817386627,0.13854926824569702
clearance,full,avgmax,5,14,0.12394540756940842,0.1318909227848053
clearance,full,avgmax,5,15,0.11909929662942886,0.1314811259508133
clearance,full,avgmax,5,16,0.11812185496091843,0.13365331292152405
clearance,full,avgmax,5,17,0.11706548184156418,0.1336790919303894
clearance,full,avgmax,5,18,0.1151430681347847,0.13153164088726044
clearance,full,avgmax,5,19,0.11375200748443604,0.12640082836151123
clearance,full,avgmax,5,20,0.11218222975730896,0.12514232099056244
clearance,full,avgmax,5,21,0.1108206957578659,0.12656757235527039
clearance,full,avgmax,5,22,0.11031670868396759,0.12382287532091141
clearance,full,avgmax,5,23,0.10836054384708405,0.12432446330785751
clearance,full,avgmax,5,24,0.10973747074604034,0.12119597941637039
clearance,full,avgmax,5,25,0.10716614872217178,0.12162165343761444
clearance,full,avgmax,5,26,0.10733580589294434,0.11956737190485
clearance,full,avgmax,5,27,0.11040066927671432,0.12172941863536835
clearance,full,avgmax,5,28,0.10856270045042038,0.12440723180770874
clearance,full,avgmax,5,29,0.10431066900491714,0.12195711582899094
clearance,full,avgmax,5,30,0.10525218397378922,0.12110690027475357
clearance,full,avgmax,5,31,0.10316410660743713,0.11626404523849487
clearance,full,avgmax,5,32,0.10510928183794022,0.11382081359624863
clearance,full,avgmax,5,33,0.10186592489480972,0.1171623021364212
clearance,full,avgmax,5,34,0.10122412443161011,0.11532575637102127
clearance,full,avgmax,5,35,0.10553161799907684,0.1111416295170784
clearance,full,avgmax,5,36,0.10306708514690399,0.11369074881076813
clearance,full,avgmax,5,37,0.09964755177497864,0.1151159331202507
clearance,full,avgmax,5,38,0.09930635988712311,0.11811544746160507
clearance,full,avgmax,5,39,0.09866054356098175,0.11480402946472168
clearance,full,avgmax,5,40,0.09816861897706985,0.11243893206119537
clearance,full,avgmax,5,41,0.09726199507713318,0.10957753658294678
clearance,full,avgmax,5,42,0.09662982076406479,0.10721275955438614
clearance,full,avgmax,5,43,0.09638571739196777,0.10878124833106995
clearance,full,avgmax,5,44,0.09563048928976059,0.11154328286647797
clearance,full,avgmax,5,45,0.09512607008218765,0.11037024110555649
clearance,full,avgmax,5,46,0.095736563205719,0.11564293503761292
clearance,full,avgmax,5,47,0.09852462261915207,0.10678736120462418
clearance,full,avgmax,5,48,0.09654241055250168,0.10710230469703674
clearance,full,avgmax,5,49,0.09518016874790192,0.10698670893907547
clearance,full,avgmax,5,50,0.09400569647550583,0.11547131836414337
clearance,full,avgmax,5,51,0.09447535872459412,0.11349118500947952
clearance,full,avgmax,5,52,0.09610465914011002,0.10752139240503311
clearance,full,avgmax,5,53,0.09419896453619003,0.10609826445579529
clearance,full,avgmax,5,54,0.09331107139587402,0.11016899347305298
clearance,full,avgmax,5,55,0.0938728079199791,0.11183632910251617
clearance,full,avgmax,5,56,0.09195686131715775,0.10946235805749893
clearance,full,avgmax,5,57,0.09184161573648453,0.10663270205259323
clearance,full,avgmax,5,58,0.09330606460571289,0.10418891906738281
clearance,full,avgmax,5,59,0.09340676665306091,0.11469220370054245
clearance,full,avgmax,5,60,0.09620457887649536,0.1166679784655571
clearance,full,avgmax,5,61,0.10346116125583649,0.10998516529798508
clearance,full,avgmax,5,62,0.09278880059719086,0.10643255710601807
clearance,full,avgmax,5,63,0.09527943283319473,0.11658130586147308
clearance,full,avgmax,5,64,0.09857799112796783,0.10776536911725998
clearance,full,avgmax,5,65,0.09660345315933228,0.10827267915010452
clearance,full,avgmax,5,66,0.08964450657367706,0.10688918828964233
clearance,full,avgmax,5,67,0.09659068286418915,0.10872070491313934
clearance,full,avgmax,5,68,0.09203433245420456,0.10277543216943741
clearance,full,avgmax,5,69,0.09016694873571396,0.10462196171283722
clearance,full,avgmax,5,70,0.0892428308725357,0.10139970481395721
clearance,full,avgmax,5,71,0.08878660202026367,0.10049157589673996
clearance,full,avgmax,5,72,0.08810616284608841,0.09925353527069092
clearance,full,avgmax,5,73,0.08729394525289536,0.10134758800268173
clearance,full,avgmax,5,74,0.0920538455247879,0.10860796272754669
clearance,full,avgmax,5,75,0.09248591959476471,0.10750752687454224
clearance,full,avgmax,5,76,0.09988190978765488,0.10826800018548965
clearance,full,avgmax,5,77,0.10298442095518112,0.10793567448854446
clearance,full,avgmax,5,78,0.10480101406574249,0.10836760699748993
clearance,full,avgmax,5,79,0.10112673044204712,0.10321056097745895
clearance,full,avgmax,5,80,0.09525229781866074,0.10155583173036575
clearance,full,avgmax,5,81,0.0939105674624443,0.09748949110507965
clearance,full,avgmax,5,82,0.08764547854661942,0.09761333465576172
clearance,full,avgmax,5,83,0.08712345361709595,0.09700263291597366
clearance,full,avgmax,5,84,0.08772464096546173,0.09758767485618591
clearance,full,avgmax,5,85,0.09113062173128128,0.10574336349964142
clearance,full,avgmax,5,86,0.08967888355255127,0.10427574813365936
clearance,full,avgmax,5,87,0.08757201582193375,0.09877469390630722
clearance,full,avgmax,5,88,0.09459667652845383,0.096119225025177
clearance,full,avgmax,5,89,0.08646722882986069,0.09684115648269653
clearance,full,avgmax,5,90,0.08583793044090271,0.09839583933353424
clearance,full,avgmax,5,91,0.0855504646897316,0.09981264173984528
clearance,full,avgmax,5,92,0.08451196551322937,0.10083464533090591
clearance,full,avgmax,5,93,0.08457811921834946,0.09914708882570267
clearance,full,avgmax,5,94,0.08336669951677322,0.09722604602575302
clearance,full,avgmax,5,95,0.08405362814664841,0.09826129674911499
clearance,full,avgmax,5,96,0.08379291743040085,0.09901609271764755
clearance,full,avgmax,5,97,0.08324966579675674,0.10183165222406387
clearance,full,avgmax,5,98,0.0852789506316185,0.09744799882173538
clearance,full,avgmax,5,99,0.08203842490911484,0.09863952547311783
clearance,full,avgmax,5,100,0.08367396891117096,0.09891277551651001
clearance,full,avgmax,5,101,0.0826878547668457,0.09824997931718826
clearance,full,avgmax,5,102,0.08269044756889343,0.09972496330738068
clearance,full,avgmax,5,103,0.0824081301689148,0.09713102132081985
clearance,full,avgmax,5,104,0.08223412930965424,0.0975356251001358
clearance,full,avgmax,5,105,0.08201464265584946,0.09452081471681595
clearance,full,avgmax,5,106,0.08167185634374619,0.09589661657810211
clearance,full,avgmax,5,107,0.08116067945957184,0.09772855788469315
clearance,full,avgmax,5,108,0.08516757190227509,0.09721338748931885
clearance,full,avgmax,5,109,0.08221186697483063,0.09774957597255707
clearance,full,avgmax,5,110,0.08133677393198013,0.09433040022850037
clearance,full,avgmax,5,111,0.08140113949775696,0.09512142091989517
clearance,full,avgmax,5,112,0.08082954585552216,0.09618088603019714
clearance,full,avgmax,5,113,0.08176003396511078,0.09856059402227402
clearance,full,avgmax,5,114,0.08300638198852539,0.09867686033248901
clearance,full,avgmax,5,115,0.08159472793340683,0.0958365872502327
clearance,full,avgmax,5,116,0.08362701535224915,0.0994214117527008
clearance,full,avgmax,5,117,0.08400354534387589,0.09529862552881241
clearance,full,avgmax,5,118,0.08065494894981384,0.0972130224108696
clearance,full,avgmax,5,119,0.08041737973690033,0.09653420001268387
clearance,full,avgmax,5,120,0.08106010407209396,0.09710097312927246
clearance,full,avgmax,5,121,0.08013807237148285,0.09499586373567581
clearance,full,avgmax,5,122,0.08061018586158752,0.0940680056810379
clearance,full,avgmax,5,123,0.08035695552825928,0.09670209884643555
clearance,full,avgmax,5,124,0.08187983185052872,0.09668779373168945
clearance,full,avgmax,5,125,0.08043529093265533,0.09463107585906982
clearance,full,avgmax,5,126,0.08049604296684265,0.09588468819856644
clearance,full,avgmax,5,127,0.08013410121202469,0.09871704876422882
clearance,full,avgmax,5,128,0.0800684466958046,0.09574941545724869
clearance,full,avgmax,5,129,0.0809749886393547,0.09394931048154831
clearance,full,avgmax,5,130,0.07951260358095169,0.09621813148260117
clearance,full,avgmax,5,131,0.08046969026327133,0.0940500944852829
clearance,full,avgmax,5,132,0.0790788009762764,0.09302352368831635
clearance,full,avgmax,5,133,0.0798332691192627,0.09284521639347076
clearance,full,avgmax,5,134,0.07947841286659241,0.09425485134124756
clearance,full,avgmax,5,135,0.0794718861579895,0.09403035789728165
clearance,full,avgmax,5,136,0.07893593609333038,0.09412090480327606
clearance,full,avgmax,5,137,0.07921692728996277,0.09567075967788696
clearance,full,avgmax,5,138,0.07902936637401581,0.09697258472442627
clearance,full,avgmax,5,139,0.0792703777551651,0.09633862227201462
clearance,full,avgmax,5,140,0.07898478955030441,0.09406191110610962
clearance,full,avgmax,5,141,0.07874523848295212,0.09446784853935242
clearance,full,avgmax,5,142,0.07880300283432007,0.09539887309074402
clearance,full,avgmax,5,143,0.07894276082515717,0.09460049122571945
clearance,full,avgmax,5,144,0.07857689261436462,0.09448191523551941
clearance,full,avgmax,5,145,0.07845671474933624,0.0944797694683075
clearance,full,avgmax,5,146,0.07842150330543518,0.09523096680641174
clearance,full,avgmax,5,147,0.07847454398870468,0.09642994403839111
clearance,full,avgmax,5,148,0.0785142108798027,0.09611853957176208
clearance,full,avgmax,5,149,0.07847962528467178,0.09491601586341858
clearance,full,avgmax,5,150,0.07843390107154846,0.09483402967453003
clearance,full,avgmax,5,151,0.07830934226512909,0.09472829848527908
clearance,full,avgmax,5,152,0.07835507392883301,0.0944182276725769
clearance,full,avgmax,5,153,0.07836146652698517,0.09574715048074722
