endpoint,mode,pooling,fold,epoch,loss,val_loss
viscosity,full,avg,1,1,0.24528074264526367,0.10623396188020706
viscosity,full,avg,1,2,0.10787910968065262,0.07608912885189056
viscosity,full,avg,1,3,0.09241228550672531,0.09957432001829147
viscosity,full,avg,1,4,0.1017952486872673,0.08916987478733063
viscosity,full,avg,1,5,0.08840321749448776,0.07473744451999664
viscosity,full,avg,1,6,0.0804520696401596,0.06941665709018707
viscosity,full,avg,1,7,0.07971970736980438,0.06685490906238556
viscosity,full,avg,1,8,0.07667473703622818,0.0628550574183464
viscosity,full,avg,1,9,0.07055273652076721,0.06329900026321411
viscosity,full,avg,1,10,0.06834764033555984,0.06497850269079208
viscosity,full,avg,1,11,0.06812738627195358,0.06140810251235962
viscosity,full,avg,1,12,0.06520625948905945,0.057979755103588104
viscosity,full,avg,1,13,0.06476590782403946,0.05738339200615883
viscosity,full,avg,1,14,0.06383149325847626,0.057396743446588516
viscosity,full,avg,1,15,0.06329042464494705,0.05996165797114372
viscosity,full,avg,1,16,0.06284797936677933,0.05758458003401756
viscosity,full,avg,1,17,0.061405427753925323,0.05634426325559616
viscosity,full,avg,1,18,0.06094633415341377,0.05563053861260414
viscosity,full,avg,1,19,0.06063450127840042,0.055495236068964005
viscosity,full,avg,1,20,0.05983516201376915,0.05661407485604286
viscosity,full,avg,1,21,0.05951705574989319,0.056360285729169846
viscosity,full,avg,1,22,0.059058286249637604,0.0553903803229332
viscosity,full,avg,1,23,0.058642204850912094,0.05491618067026138
viscosity,full,avg,1,24,0.05804278329014778,0.05569598451256752
viscosity,full,avg,1,25,0.05786972865462303,0.055138424038887024
viscosity,full,avg,1,26,0.057346951216459274,0.055213216692209244
viscosity,full,avg,1,27,0.05702216178178787,0.054352663457393646
viscosity,full,avg,1,28,0.05661733075976372,0.05494607985019684
viscosity,full,avg,1,29,0.0561830960214138,0.05389780551195145
viscosity,full,avg,1,30,0.055861372500658035,0.05317872390151024
viscosity,full,avg,1,31,0.05568002909421921,0.054015807807445526
viscosity,full,avg,1,32,0.05509841442108154,0.05344115197658539
viscosity,full,avg,1,33,0.05477098003029823,0.0525781512260437
viscosity,full,avg,1,34,0.05440092459321022,0.05326802283525467
viscosity,full,avg,1,35,0.054102566093206406,0.05355276167392731
viscosity,full,avg,1,36,0.053889356553554535,0.05347716063261032
viscosity,full,avg,1,37,0.05348857492208481,0.051314737647771835
viscosity,full,avg,1,38,0.053132060915231705,0.05181267485022545
viscosity,full,avg,1,39,0.05266248807311058,0.05227771773934364
viscosity,full,avg,1,40,0.052440524101257324,0.052126094698905945
viscosity,full,avg,1,41,0.051957327872514725,0.051477111876010895
viscosity,full,avg,1,42,0.05199059098958969,0.051601435989141464
viscosity,full,avg,1,43,0.05142223462462425,0.04984058439731598
viscosity,full,avg,1,44,0.051104288548231125,0.051372941583395004
viscosity,full,avg,1,45,0.05102140083909035,0.05112163722515106
viscosity,full,avg,1,46,0.050603725016117096,0.04902415722608566
viscosity,full,avg,1,47,0.05002501606941223,0.05074939504265785
viscosity,full,avg,1,48,0.05012856423854828,0.05205563083291054
viscosity,full,avg,1,49,0.05009402707219124,0.04819248616695404
viscosity,full,avg,1,50,0.049285873770713806,0.049917615950107574
viscosity,full,avg,1,51,0.04863980785012245,0.051082395017147064
viscosity,full,avg,1,52,0.04848987236618996,0.04933517798781395
viscosity,full,avg,1,53,0.04815042018890381,0.0481799840927124
viscosity,full,avg,1,54,0.04759570211172104,0.04967665672302246
viscosity,full,avg,1,55,0.04774099215865135,0.04897585138678551
viscosity,full,avg,1,56,0.04710913076996803,0.048822447657585144
viscosity,full,avg,1,57,0.04680496081709862,0.047314830124378204
viscosity,full,avg,1,58,0.04656975343823433,0.04788828268647194
viscosity,full,avg,1,59,0.045920561999082565,0.04934559762477875
viscosity,full,avg,1,60,0.045942191034555435,0.04734581708908081
viscosity,full,avg,1,61,0.04546083137392998,0.046617116779088974
viscosity,full,avg,1,62,0.0454355925321579,0.0472077950835228
viscosity,full,avg,1,63,0.0449223667383194,0.045852430164813995
viscosity,full,avg,1,64,0.044620614498853683,0.0471707321703434
viscosity,full,avg,1,65,0.044283486902713776,0.046559691429138184
viscosity,full,avg,1,66,0.04409506544470787,0.045469485223293304
viscosity,full,avg,1,67,0.04375442862510681,0.04653380811214447
viscosity,full,avg,1,68,0.043656397610902786,0.04529135674238205
viscosity,full,avg,1,69,0.043373554944992065,0.04640107974410057
viscosity,full,avg,1,70,0.04278897866606712,0.04484845697879791
viscosity,full,avg,1,71,0.04264208674430847,0.04490482062101364
viscosity,full,avg,1,72,0.04236570745706558,0.0461820624768734
viscosity,full,avg,1,73,0.042017146944999695,0.04492834955453873
viscosity,full,avg,1,74,0.04229293763637543,0.04376726597547531
viscosity,full,avg,1,75,0.04171878471970558,0.04616253077983856
viscosity,full,avg,1,76,0.04152052849531174,0.04388051480054855
viscosity,full,avg,1,77,0.041030723601579666,0.04422159492969513
viscosity,full,avg,1,78,0.04088517650961876,0.04392785206437111
viscosity,full,avg,1,79,0.04087091237306595,0.04503754526376724
viscosity,full,avg,1,80,0.04003699868917465,0.043157245963811874
viscosity,full,avg,1,81,0.040470872074365616,0.04317106306552887
viscosity,full,avg,1,82,0.03984653204679489,0.04538092389702797
viscosity,full,avg,1,83,0.039588071405887604,0.04327569901943207
viscosity,full,avg,1,84,0.039617594331502914,0.04235244169831276
viscosity,full,avg,1,85,0.039073411375284195,0.043966688215732574
viscosity,full,avg,1,86,0.03930966556072235,0.04399199038743973
viscosity,full,avg,1,87,0.038445573300123215,0.04138539731502533
viscosity,full,avg,1,88,0.03895653039216995,0.04273664206266403
viscosity,full,avg,1,89,0.03858036920428276,0.044543489813804626
viscosity,full,avg,1,90,0.0380113385617733,0.041582997888326645
viscosity,full,avg,1,91,0.037896253168582916,0.04194869101047516
viscosity,full,avg,1,92,0.03759951516985893,0.043576259166002274
viscosity,full,avg,1,93,0.0372757613658905,0.04193691164255142
viscosity,full,avg,1,94,0.037315912544727325,0.040852077305316925
viscosity,full,avg,1,95,0.03710734099149704,0.04320910945534706
viscosity,full,avg,1,96,0.03679991886019707,0.04195975512266159
viscosity,full,avg,1,97,0.03637335076928139,0.04066946357488632
viscosity,full,avg,1,98,0.036429040133953094,0.04134564846754074
viscosity,full,avg,1,99,0.03596152365207672,0.04214863479137421
viscosity,full,avg,1,100,0.03607451170682907,0.04054968059062958
viscosity,full,avg,1,101,0.035658709704875946,0.04051040858030319
viscosity,full,avg,1,102,0.0355583056807518,0.04117020592093468
viscosity,full,avg,1,103,0.03546249866485596,0.04042879492044449
viscosity,full,avg,1,104,0.035171568393707275,0.04052827134728432
viscosity,full,avg,1,105,0.03488664701581001,0.04058799520134926
viscosity,full,avg,1,106,0.034834615886211395,0.03944617137312889
viscosity,full,avg,1,107,0.034832824021577835,0.04084480181336403
viscosity,full,avg,1,108,0.03431393578648567,0.03975323587656021
viscosity,full,avg,1,109,0.03438559174537659,0.04063158854842186
viscosity,full,avg,1,110,0.03390653431415558,0.03916037827730179
viscosity,full,avg,1,111,0.03390645980834961,0.03927454724907875
viscosity,full,avg,1,112,0.033564839512109756,0.04038773104548454
viscosity,full,avg,1,113,0.03343203291296959,0.03972818702459335
viscosity,full,avg,1,114,0.033157266676425934,0.03842628002166748
viscosity,full,avg,1,115,0.033085186034440994,0.039597220718860626
viscosity,full,avg,1,116,0.03281571716070175,0.038825906813144684
viscosity,full,avg,1,117,0.03245576471090317,0.039164550602436066
viscosity,full,avg,1,118,0.03255641460418701,0.03887820616364479
viscosity,full,avg,1,119,0.03247460722923279,0.03783039003610611
viscosity,full,avg,1,120,0.032334648072719574,0.03914234787225723
viscosity,full,avg,1,121,0.03205864131450653,0.037622593343257904
viscosity,full,avg,1,122,0.0317760668694973,0.038449037820100784
viscosity,full,avg,1,123,0.031426940113306046,0.038525838404893875
viscosity,full,avg,1,124,0.03135460987687111,0.03868083283305168
viscosity,full,avg,1,125,0.03133206069469452,0.03735871613025665
viscosity,full,avg,1,126,0.031041089445352554,0.03850188106298447
viscosity,full,avg,1,127,0.030770357698202133,0.0380624383687973
viscosity,full,avg,1,128,0.030845439061522484,0.0375850647687912
viscosity,full,avg,1,129,0.03058866783976555,0.03796350955963135
viscosity,full,avg,1,130,0.03065456822514534,0.0381598174571991
viscosity,full,avg,1,131,0.03032565675675869,0.036751437932252884
viscosity,full,avg,1,132,0.030324706807732582,0.03762663155794144
viscosity,full,avg,1,133,0.030115850269794464,0.038411203771829605
viscosity,full,avg,1,134,0.029894936829805374,0.03658347949385643
viscosity,full,avg,1,135,0.02975817210972309,0.0375288724899292
viscosity,full,avg,1,136,0.02946370281279087,0.03677748143672943
viscosity,full,avg,1,137,0.029190372675657272,0.03664500266313553
viscosity,full,avg,1,138,0.02902764081954956,0.0367916002869606
viscosity,full,avg,1,139,0.028811484575271606,0.03704801946878433
viscosity,full,avg,1,140,0.02897910587489605,0.036148130893707275
viscosity,full,avg,1,141,0.028494935482740402,0.03730924054980278
viscosity,full,avg,1,142,0.028531691059470177,0.03670673072338104
viscosity,full,avg,1,143,0.028312597423791885,0.035788074135780334
viscosity,full,avg,1,144,0.028121404349803925,0.03608888387680054
viscosity,full,avg,1,145,0.027985678985714912,0.03643128275871277
viscosity,full,avg,1,146,0.027802376076579094,0.03679409995675087
viscosity,full,avg,1,147,0.02763950452208519,0.036086324602365494
viscosity,full,avg,1,148,0.027452411130070686,0.03590380400419235
viscosity,full,avg,1,149,0.027275914326310158,0.03647623956203461
viscosity,full,avg,1,150,0.027165470644831657,0.03601199388504028
viscosity,full,avg,1,151,0.027006862685084343,0.036256104707717896
viscosity,full,avg,1,152,0.02693694829940796,0.035968657582998276
viscosity,full,avg,1,153,0.02674786187708378,0.03645283356308937
viscosity,full,avg,2,1,0.13204345107078552,0.08233015239238739
viscosity,full,avg,2,2,0.09252863377332687,0.11147578060626984
viscosity,full,avg,2,3,0.09016002714633942,0.08991587162017822
viscosity,full,avg,2,4,0.07434922456741333,0.07737162709236145
viscosity,full,avg,2,5,0.07035104185342789,0.07980461418628693
viscosity,full,avg,2,6,0.06991062313318253,0.07867498695850372
viscosity,full,avg,2,7,0.06452831625938416,0.07980246096849442
viscosity,full,avg,2,8,0.06392817199230194,0.08211572468280792
viscosity,full,avg,2,9,0.06289199739694595,0.07829812914133072
viscosity,full,avg,2,10,0.06070705130696297,0.0755104124546051
viscosity,full,avg,2,11,0.060725994408130646,0.07392692565917969
viscosity,full,avg,2,12,0.05976899340748787,0.0728757232427597
viscosity,full,avg,2,13,0.05863397940993309,0.07349836081266403
viscosity,full,avg,2,14,0.058382827788591385,0.07237371057271957
viscosity,full,avg,2,15,0.05767785757780075,0.07046505063772202
viscosity,full,avg,2,16,0.05716162547469139,0.0690905749797821
viscosity,full,avg,2,17,0.056756436824798584,0.06895182281732559
viscosity,full,avg,2,18,0.05612902343273163,0.06943261623382568
viscosity,full,avg,2,19,0.05575709044933319,0.06913288682699203
viscosity,full,avg,2,20,0.05520288646221161,0.06896475702524185
viscosity,full,avg,2,21,0.05475738272070885,0.0684470534324646
viscosity,full,avg,2,22,0.0544239804148674,0.06811067461967468
viscosity,full,avg,2,23,0.05397329851984978,0.06763461977243423
viscosity,full,avg,2,24,0.053609829396009445,0.06771820783615112
viscosity,full,avg,2,25,0.053122490644454956,0.0665765255689621
viscosity,full,avg,2,26,0.05266259238123894,0.06589992344379425
viscosity,full,avg,2,27,0.05229878053069115,0.06526041030883789
viscosity,full,avg,2,28,0.051962919533252716,0.06539962440729141
viscosity,full,avg,2,29,0.051564015448093414,0.06411110609769821
viscosity,full,avg,2,30,0.051087528467178345,0.06382018327713013
viscosity,full,avg,2,31,0.05087628215551376,0.06427352130413055
viscosity,full,avg,2,32,0.050282493233680725,0.06317572295665741
viscosity,full,avg,2,33,0.04991459473967552,0.06231653690338135
viscosity,full,avg,2,34,0.04962072893977165,0.06230906397104263
viscosity,full,avg,2,35,0.049085505306720734,0.062461093068122864
viscosity,full,avg,2,36,0.0490281842648983,0.06264568865299225
viscosity,full,avg,2,37,0.04839427396655083,0.060593023896217346
viscosity,full,avg,2,38,0.04807792976498604,0.06009291112422943
viscosity,full,avg,2,39,0.04773096740245819,0.06062638759613037
viscosity,full,avg,2,40,0.04731089621782303,0.061506882309913635
viscosity,full,avg,2,41,0.04706183448433876,0.06040173023939133
viscosity,full,avg,2,42,0.046523842960596085,0.058964602649211884
viscosity,full,avg,2,43,0.04625357687473297,0.05831782519817352
viscosity,full,avg,2,44,0.046035222709178925,0.059134695678949356
viscosity,full,avg,2,45,0.04559290409088135,0.058583520352840424
viscosity,full,avg,2,46,0.0457921139895916,0.057276904582977295
viscosity,full,avg,2,47,0.04484083130955696,0.05898134410381317
viscosity,full,avg,2,48,0.04479819908738136,0.059199631214141846
viscosity,full,avg,2,49,0.04435618594288826,0.05619236081838608
viscosity,full,avg,2,50,0.04398490488529205,0.05642641335725784
viscosity,full,avg,2,51,0.04347292333841324,0.05726926773786545
viscosity,full,avg,2,52,0.04320764169096947,0.05684194713830948
viscosity,full,avg,2,53,0.04293312132358551,0.05645398795604706
viscosity,full,avg,2,54,0.04273696616292,0.05590468645095825
viscosity,full,avg,2,55,0.0423746220767498,0.054813750088214874
viscosity,full,avg,2,56,0.04195541515946388,0.05533442273736
viscosity,full,avg,2,57,0.0417608805000782,0.055564336478710175
viscosity,full,avg,2,58,0.041672248393297195,0.0530875138938427
viscosity,full,avg,2,59,0.04117203876376152,0.05406011641025543
viscosity,full,avg,2,60,0.04065980017185211,0.05554754287004471
viscosity,full,avg,2,61,0.0406235046684742,0.05403390899300575
viscosity,full,avg,2,62,0.0401550754904747,0.05292392522096634
viscosity,full,avg,2,63,0.03990695998072624,0.05372669920325279
viscosity,full,avg,2,64,0.039565421640872955,0.05279522389173508
viscosity,full,avg,2,65,0.039223428815603256,0.05211228132247925
viscosity,full,avg,2,66,0.03909824416041374,0.05154823511838913
viscosity,full,avg,2,67,0.03872140496969223,0.05243507772684097
viscosity,full,avg,2,68,0.038491252809762955,0.05169065296649933
viscosity,full,avg,2,69,0.038390371948480606,0.05217241868376732
viscosity,full,avg,2,70,0.03790842741727829,0.05034594237804413
viscosity,full,avg,2,71,0.037697724997997284,0.050703808665275574
viscosity,full,avg,2,72,0.03739134222269058,0.05140496790409088
viscosity,full,avg,2,73,0.03724496811628342,0.04880321025848389
viscosity,full,avg,2,74,0.036860596388578415,0.049710337072610855
viscosity,full,avg,2,75,0.03648195043206215,0.05104384198784828
viscosity,full,avg,2,76,0.036356523633003235,0.05034437030553818
viscosity,full,avg,2,77,0.036170557141304016,0.04823055490851402
viscosity,full,avg,2,78,0.03579002246260643,0.0495905876159668
viscosity,full,avg,2,79,0.035605572164058685,0.05002284795045853
viscosity,full,avg,2,80,0.03531714528799057,0.04804360121488571
viscosity,full,avg,2,81,0.03525630384683609,0.04742009937763214
viscosity,full,avg,2,82,0.03475075587630272,0.04882676899433136
viscosity,full,avg,2,83,0.034929871559143066,0.04947618767619133
viscosity,full,avg,2,84,0.03488004580140114,0.045280151069164276
viscosity,full,avg,2,85,0.034286804497241974,0.04790114611387253
viscosity,full,avg,2,86,0.03383612260222435,0.04869174212217331
viscosity,full,avg,2,87,0.03396816551685333,0.04769492894411087
viscosity,full,avg,2,88,0.033614397048950195,0.04505354166030884
viscosity,full,avg,2,89,0.03348081186413765,0.04768780618906021
viscosity,full,avg,2,90,0.0331370010972023,0.04693600907921791
viscosity,full,avg,2,91,0.03260969743132591,0.04456929862499237
viscosity,full,avg,2,92,0.032608192414045334,0.045109860599040985
viscosity,full,avg,2,93,0.032367777079343796,0.04782753437757492
viscosity,full,avg,2,94,0.0321546345949173,0.045134708285331726
viscosity,full,avg,2,95,0.03185465186834335,0.04502084478735924
viscosity,full,avg,2,96,0.031658440828323364,0.046085961163043976
viscosity,full,avg,2,97,0.03156387060880661,0.04407220333814621
viscosity,full,avg,2,98,0.03133147582411766,0.0452272966504097
viscosity,full,avg,2,99,0.031162869185209274,0.04410652443766594
viscosity,full,avg,2,100,0.030793199315667152,0.045680589973926544
viscosity,full,avg,2,101,0.030582861974835396,0.04364428296685219
viscosity,full,avg,2,102,0.030284905806183815,0.04411458969116211
viscosity,full,avg,2,103,0.03012339025735855,0.0449129119515419
viscosity,full,avg,2,104,0.030073273926973343,0.04367990046739578
viscosity,full,avg,2,105,0.02972559444606304,0.04450267553329468
viscosity,full,avg,2,106,0.029527142643928528,0.04267152398824692
viscosity,full,avg,2,107,0.02926979772746563,0.04399682581424713
viscosity,full,avg,2,108,0.029024723917245865,0.043279342353343964
viscosity,full,avg,2,109,0.028787577524781227,0.042843036353588104
viscosity,full,avg,2,110,0.028627270832657814,0.04395780712366104
viscosity,full,avg,2,111,0.02870304509997368,0.04261678457260132
viscosity,full,avg,2,112,0.028196264058351517,0.04309128224849701
viscosity,full,avg,2,113,0.027982503175735474,0.043320294469594955
viscosity,full,avg,2,114,0.027959035709500313,0.04312194883823395
viscosity,full,avg,2,115,0.027811799198389053,0.04426974058151245
viscosity,full,avg,2,116,0.027537915855646133,0.040855247527360916
viscosity,full,avg,2,117,0.027242636308073997,0.04452860355377197
viscosity,full,avg,2,118,0.02718534506857395,0.04250188544392586
viscosity,full,avg,2,119,0.02729221060872078,0.041685089468955994
viscosity,full,avg,2,120,0.02686898410320282,0.04476121813058853
viscosity,full,avg,2,121,0.026583688333630562,0.041375212371349335
viscosity,full,avg,2,122,0.026414984837174416,0.04346965253353119
viscosity,full,avg,2,123,0.026050234213471413,0.04259397089481354
viscosity,full,avg,2,124,0.025872258469462395,0.041361257433891296
viscosity,full,avg,2,125,0.02572382427752018,0.04320741444826126
viscosity,full,avg,2,126,0.026255175471305847,0.04263326898217201
viscosity,full,avg,3,1,0.15033547580242157,0.06896482408046722
viscosity,full,avg,3,2,0.088435597717762,0.06475536525249481
viscosity,full,avg,3,3,0.07946217805147171,0.06769335269927979
viscosity,full,avg,3,4,0.07000969350337982,0.06467688083648682
viscosity,full,avg,3,5,0.06670936942100525,0.06266872584819794
viscosity,full,avg,3,6,0.06557154655456543,0.06506306678056717
viscosity,full,avg,3,7,0.06412111222743988,0.06456837803125381
viscosity,full,avg,3,8,0.06303990632295609,0.06401330977678299
viscosity,full,avg,3,9,0.061994075775146484,0.06209941953420639
viscosity,full,avg,3,10,0.06068740040063858,0.0636214166879654
viscosity,full,avg,3,11,0.060858193784952164,0.06036510691046715
viscosity,full,avg,3,12,0.05991854518651962,0.05902836471796036
viscosity,full,avg,3,13,0.059999722987413406,0.058947060257196426
viscosity,full,avg,3,14,0.059776656329631805,0.06218380481004715
viscosity,full,avg,3,15,0.05814135819673538,0.05751756578683853
viscosity,full,avg,3,16,0.05844840034842491,0.057430025190114975
viscosity,full,avg,3,17,0.057302892208099365,0.05859915167093277
viscosity,full,avg,3,18,0.05653543025255203,0.05856987461447716
viscosity,full,avg,3,19,0.055413976311683655,0.055486083030700684
viscosity,full,avg,3,20,0.05495477095246315,0.055423930287361145
viscosity,full,avg,3,21,0.05381132662296295,0.05664418637752533
viscosity,full,avg,3,22,0.0540381595492363,0.055664561688899994
viscosity,full,avg,3,23,0.05338374525308609,0.05488304793834686
viscosity,full,avg,3,24,0.05254136025905609,0.05461745709180832
viscosity,full,avg,3,25,0.05180330574512482,0.05396249145269394
viscosity,full,avg,3,26,0.051439277827739716,0.05419984832406044
viscosity,full,avg,3,27,0.05091652646660805,0.053494103252887726
viscosity,full,avg,3,28,0.05078350380063057,0.053557753562927246
viscosity,full,avg,3,29,0.05053623020648956,0.05300118401646614
viscosity,full,avg,3,30,0.04977494105696678,0.05179106444120407
viscosity,full,avg,3,31,0.04940648004412651,0.05203842371702194
viscosity,full,avg,3,32,0.04884285852313042,0.05331508070230484
viscosity,full,avg,3,33,0.04806158319115639,0.05191896855831146
viscosity,full,avg,3,34,0.04801164194941521,0.05188059061765671
viscosity,full,avg,3,35,0.04779462888836861,0.051657482981681824
viscosity,full,avg,3,36,0.047003939747810364,0.051175788044929504
viscosity,full,avg,3,37,0.04639251530170441,0.050664499402046204
viscosity,full,avg,3,38,0.04638579115271568,0.0498882494866848
viscosity,full,avg,3,39,0.04631344974040985,0.04981520399451256
viscosity,full,avg,3,40,0.04498840868473053,0.049274083226919174
viscosity,full,avg,3,41,0.045499537140131,0.04907771572470665
viscosity,full,avg,3,42,0.04516182467341423,0.05078641325235367
viscosity,full,avg,3,43,0.045225292444229126,0.049759723246097565
viscosity,full,avg,3,44,0.044217806309461594,0.049999162554740906
viscosity,full,avg,3,45,0.04491007700562477,0.04826078563928604
viscosity,full,avg,3,46,0.0436779148876667,0.048798080533742905
viscosity,full,avg,3,47,0.0431576631963253,0.04837237298488617
viscosity,full,avg,3,48,0.04390885308384895,0.04888777434825897
viscosity,full,avg,3,49,0.043078914284706116,0.04774972423911095
viscosity,full,avg,3,50,0.04238566383719444,0.047067537903785706
viscosity,full,avg,3,51,0.041471146047115326,0.04659692943096161
viscosity,full,avg,3,52,0.041179876774549484,0.04695526510477066
viscosity,full,avg,3,53,0.041177328675985336,0.0475306510925293
viscosity,full,avg,3,54,0.04082351550459862,0.046072594821453094
viscosity,full,avg,3,55,0.04025809094309807,0.04538653790950775
viscosity,full,avg,3,56,0.04047616943717003,0.04551425203680992
viscosity,full,avg,3,57,0.039515282958745956,0.047488465905189514
viscosity,full,avg,3,58,0.04024580866098404,0.0469270683825016
viscosity,full,avg,3,59,0.03895491734147072,0.04585418850183487
viscosity,full,avg,3,60,0.03887461870908737,0.043031495064496994
viscosity,full,avg,3,61,0.039704952389001846,0.042823705822229385
viscosity,full,avg,3,62,0.03846299648284912,0.04548097401857376
viscosity,full,avg,3,63,0.03969808667898178,0.045720186084508896
viscosity,full,avg,3,64,0.03788723051548004,0.04548545926809311
viscosity,full,avg,3,65,0.0374683178961277,0.043970488011837006
viscosity,full,avg,3,66,0.03870534524321556,0.04313476383686066
viscosity,full,avg,3,67,0.036431483924388885,0.045402172952890396
viscosity,full,avg,3,68,0.03914584964513779,0.04129799082875252
viscosity,full,avg,3,69,0.036694902926683426,0.04182622209191322
viscosity,full,avg,3,70,0.036097873002290726,0.04166192561388016
viscosity,full,avg,3,71,0.036208055913448334,0.04250607267022133
viscosity,full,avg,3,72,0.03603130206465721,0.04404058679938316
viscosity,full,avg,3,73,0.03619489073753357,0.042796168476343155
viscosity,full,avg,3,74,0.035575736314058304,0.04172190651297569
viscosity,full,avg,3,75,0.03503601253032684,0.04161537438631058
viscosity,full,avg,3,76,0.034593939781188965,0.04112337529659271
viscosity,full,avg,3,77,0.03576723113656044,0.04071995988488197
viscosity,full,avg,3,78,0.03398958966135979,0.04146125540137291
viscosity,full,avg,3,79,0.03486597165465355,0.04033339023590088
viscosity,full,avg,3,80,0.03466854244470596,0.040520574897527695
viscosity,full,avg,3,81,0.03369110822677612,0.03980155289173126
viscosity,full,avg,3,82,0.034750279039144516,0.03965122252702713
viscosity,full,avg,3,83,0.033177945762872696,0.03989021107554436
viscosity,full,avg,3,84,0.034286461770534515,0.037198394536972046
viscosity,full,avg,3,85,0.032532721757888794,0.038323480635881424
viscosity,full,avg,3,86,0.032829541712999344,0.03827811777591705
viscosity,full,avg,3,87,0.033527273684740067,0.03816688060760498
viscosity,full,avg,3,88,0.03229285031557083,0.03813035413622856
viscosity,full,avg,3,89,0.03271584212779999,0.037512119859457016
viscosity,full,avg,3,90,0.03136926516890526,0.037172939628362656
viscosity,full,avg,3,91,0.03175440430641174,0.03638811409473419
viscosity,full,avg,3,92,0.03124563954770565,0.03709780424833298
viscosity,full,avg,3,93,0.031035421416163445,0.03691284358501434
viscosity,full,avg,3,94,0.03161279484629631,0.03526739776134491
viscosity,full,avg,3,95,0.030972927808761597,0.036048732697963715
viscosity,full,avg,3,96,0.031064864248037338,0.0359201580286026
viscosity,full,avg,3,97,0.0303922351449728,0.03535325452685356
viscosity,full,avg,3,98,0.030175596475601196,0.03486057370901108
viscosity,full,avg,3,99,0.02984936535358429,0.03424380347132683
viscosity,full,avg,3,100,0.02980903722345829,0.03442154824733734
viscosity,full,avg,3,101,0.029360923916101456,0.03544188663363457
viscosity,full,avg,3,102,0.029480447992682457,0.03512882441282272
viscosity,full,avg,3,103,0.029213033616542816,0.03457861393690109
viscosity,full,avg,3,104,0.029296167194843292,0.033471643924713135
viscosity,full,avg,3,105,0.02851419523358345,0.03456755727529526
viscosity,full,avg,3,106,0.029305800795555115,0.032849960029125214
viscosity,full,avg,3,107,0.028681864961981773,0.03341657295823097
viscosity,full,avg,3,108,0.02859974093735218,0.03278198838233948
viscosity,full,avg,3,109,0.028639160096645355,0.03335527330636978
viscosity,full,avg,3,110,0.028049828484654427,0.03260409086942673
viscosity,full,avg,3,111,0.028012972325086594,0.03244108706712723
viscosity,full,avg,3,112,0.027879785746335983,0.03230495750904083
viscosity,full,avg,3,113,0.027199599891901016,0.03263913840055466
viscosity,full,avg,3,114,0.027462583035230637,0.03265579417347908
viscosity,full,avg,3,115,0.026978034526109695,0.03323345631361008
viscosity,full,avg,3,116,0.0273447223007679,0.032178137451410294
viscosity,full,avg,3,117,0.026632865890860558,0.030992913991212845
viscosity,full,avg,3,118,0.026761943474411964,0.03027545101940632
viscosity,full,avg,3,119,0.026828868314623833,0.030545707792043686
viscosity,full,avg,3,120,0.02666911482810974,0.030563203617930412
viscosity,full,avg,3,121,0.026526272296905518,0.031288862228393555
viscosity,full,avg,3,122,0.0260835699737072,0.031043533235788345
viscosity,full,avg,3,123,0.02579067461192608,0.03092571347951889
viscosity,full,avg,3,124,0.025780245661735535,0.030728701502084732
viscosity,full,avg,3,125,0.025467853993177414,0.030378909781575203
viscosity,full,avg,3,126,0.02522834576666355,0.03023713454604149
viscosity,full,avg,3,127,0.02528219483792782,0.030819548293948174
viscosity,full,avg,3,128,0.025235800072550774,0.03027733787894249
viscosity,full,avg,3,129,0.024797221645712852,0.030172599479556084
viscosity,full,avg,3,130,0.024639448150992393,0.030076302587985992
viscosity,full,avg,3,131,0.02454223483800888,0.029919248074293137
viscosity,full,avg,3,132,0.024453699588775635,0.029980529099702835
viscosity,full,avg,3,133,0.024629298597574234,0.030513418838381767
viscosity,full,avg,3,134,0.024747289717197418,0.03085533156991005
viscosity,full,avg,3,135,0.024579953402280807,0.03129954636096954
viscosity,full,avg,3,136,0.024483025074005127,0.0310642309486866
viscosity,full,avg,3,137,0.024627821519970894,0.030614543706178665
viscosity,full,avg,3,138,0.02425430342555046,0.03010397031903267
viscosity,full,avg,3,139,0.02423197403550148,0.029895659536123276
viscosity,full,avg,3,140,0.024116382002830505,0.029791656881570816
viscosity,full,avg,3,141,0.024180693551898003,0.029474787414073944
viscosity,full,avg,3,142,0.023817049339413643,0.029455456882715225
viscosity,full,avg,3,143,0.024199476465582848,0.02971905842423439
viscosity,full,avg,3,144,0.024050172418355942,0.02997065894305706
viscosity,full,avg,3,145,0.023873288184404373,0.030145253986120224
viscosity,full,avg,3,146,0.023704763501882553,0.029897985979914665
viscosity,full,avg,3,147,0.023743515834212303,0.03000291809439659
viscosity,full,avg,3,148,0.023642102256417274,0.03021375648677349
viscosity,full,avg,3,149,0.02382635697722435,0.029746519401669502
viscosity,full,avg,3,150,0.023426592350006104,0.02935684099793434
viscosity,full,avg,3,151,0.023419547826051712,0.029325228184461594
viscosity,full,avg,3,152,0.023496193811297417,0.02955511584877968
viscosity,full,avg,3,153,0.023645536974072456,0.02946479059755802
viscosity,full,avg,3,154,0.023206263780593872,0.029780298471450806
viscosity,full,avg,3,155,0.02345767430961132,0.029551399871706963
viscosity,full,avg,3,156,0.02282659523189068,0.02955160290002823
viscosity,full,avg,3,157,0.023368215188384056,0.02908908948302269
viscosity,full,avg,3,158,0.023048242554068565,0.029051225632429123
viscosity,full,avg,3,159,0.022893302142620087,0.028806272894144058
viscosity,full,avg,3,160,0.022718969732522964,0.028890293091535568
viscosity,full,avg,3,161,0.022640693932771683,0.029114894568920135
viscosity,full,avg,3,162,0.022604431957006454,0.02929990366101265
viscosity,full,avg,3,163,0.022437874227762222,0.02949465624988079
viscosity,full,avg,3,164,0.022314531728625298,0.029449764639139175
viscosity,full,avg,3,165,0.022272935137152672,0.029277794063091278
viscosity,full,avg,3,166,0.02218443527817726,0.02908862940967083
viscosity,full,avg,3,167,0.022284338250756264,0.029074817895889282
viscosity,full,avg,3,168,0.022231468930840492,0.029418867081403732
viscosity,full,avg,3,169,0.021897073835134506,0.029340174049139023
viscosity,full,avg,4,1,0.22226440906524658,0.13746389746665955
viscosity,full,avg,4,2,0.10383277386426926,0.09719684720039368
viscosity,full,avg,4,3,0.09227826446294785,0.09703454375267029
viscosity,full,avg,4,4,0.09134496748447418,0.08664756268262863
viscosity,full,avg,4,5,0.07844515889883041,0.09151457250118256
viscosity,full,avg,4,6,0.08001700043678284,0.08545444905757904
viscosity,full,avg,4,7,0.07435031980276108,0.07771508395671844
viscosity,full,avg,4,8,0.06984604895114899,0.07692371308803558
viscosity,full,avg,4,9,0.0676707848906517,0.07977020740509033
viscosity,full,avg,4,10,0.066847063601017,0.07695017755031586
viscosity,full,avg,4,11,0.06701251864433289,0.07572376728057861
viscosity,full,avg,4,12,0.06560150533914566,0.07576732337474823
viscosity,full,avg,4,13,0.06368788331747055,0.0749841034412384
viscosity,full,avg,4,14,0.0626971647143364,0.07288072258234024
viscosity,full,avg,4,15,0.06161722168326378,0.07116739451885223
viscosity,full,avg,4,16,0.060745563358068466,0.07068044692277908
viscosity,full,avg,4,17,0.05974583327770233,0.06990884244441986
viscosity,full,avg,4,18,0.05888351798057556,0.06945028901100159
viscosity,full,avg,4,19,0.0582512691617012,0.06896091997623444
viscosity,full,avg,4,20,0.057368647307157516,0.067160964012146
viscosity,full,avg,4,21,0.057285238057374954,0.06678322702646255
viscosity,full,avg,4,22,0.056376103311777115,0.06926833838224411
viscosity,full,avg,4,23,0.056040048599243164,0.0659591406583786
viscosity,full,avg,4,24,0.05547953397035599,0.06511982530355453
viscosity,full,avg,4,25,0.05495979264378548,0.06674905866384506
viscosity,full,avg,4,26,0.05432124808430672,0.06449821591377258
viscosity,full,avg,4,27,0.0535011924803257,0.06365711241960526
viscosity,full,avg,4,28,0.05275176092982292,0.06308822333812714
viscosity,full,avg,4,29,0.05216584727168083,0.0630718395113945
viscosity,full,avg,4,30,0.05229239538311958,0.06300677359104156
viscosity,full,avg,4,31,0.05098344758152962,0.06082422286272049
viscosity,full,avg,4,32,0.05157345160841942,0.060215823352336884
viscosity,full,avg,4,33,0.05075835809111595,0.060779325664043427
viscosity,full,avg,4,34,0.04982917755842209,0.05888798087835312
viscosity,full,avg,4,35,0.04914359003305435,0.05850275978446007
viscosity,full,avg,4,36,0.04910631477832794,0.05802029371261597
viscosity,full,avg,4,37,0.048126596957445145,0.058377496898174286
viscosity,full,avg,4,38,0.04844314232468605,0.0585898831486702
viscosity,full,avg,4,39,0.0475870743393898,0.05653441697359085
viscosity,full,avg,4,40,0.04773946851491928,0.0563841313123703
viscosity,full,avg,4,41,0.04656581953167915,0.05600593984127045
viscosity,full,avg,4,42,0.04646572843194008,0.05567061901092529
viscosity,full,avg,4,43,0.04546009376645088,0.05456814542412758
viscosity,full,avg,4,44,0.04522129148244858,0.0541248582303524
viscosity,full,avg,4,45,0.04462745413184166,0.05477089434862137
viscosity,full,avg,4,46,0.04442496597766876,0.054027535021305084
viscosity,full,avg,4,47,0.04404508322477341,0.053519271314144135
viscosity,full,avg,4,48,0.043426647782325745,0.05318695306777954
viscosity,full,avg,4,49,0.04357191175222397,0.05286233872175217
viscosity,full,avg,4,50,0.04260978102684021,0.05271707475185394
viscosity,full,avg,4,51,0.042749837040901184,0.0523872897028923
viscosity,full,avg,4,52,0.042292580008506775,0.05110587179660797
viscosity,full,avg,4,53,0.04172329232096672,0.05010960251092911
viscosity,full,avg,4,54,0.04128327965736389,0.04984159767627716
viscosity,full,avg,4,55,0.04093904048204422,0.050315115600824356
viscosity,full,avg,4,56,0.04063708707690239,0.04963827133178711
viscosity,full,avg,4,57,0.04065673425793648,0.048423364758491516
viscosity,full,avg,4,58,0.04010367393493652,0.04951579123735428
viscosity,full,avg,4,59,0.039856765419244766,0.04807213693857193
viscosity,full,avg,4,60,0.03908654302358627,0.04803171381354332
viscosity,full,avg,4,61,0.039176058024168015,0.04727199301123619
viscosity,full,avg,4,62,0.03864340856671333,0.04594724625349045
viscosity,full,avg,4,63,0.038451436907052994,0.04545655474066734
viscosity,full,avg,4,64,0.038566961884498596,0.04612276703119278
viscosity,full,avg,4,65,0.03739200532436371,0.04735245928168297
viscosity,full,avg,4,66,0.03758072480559349,0.04537820816040039
viscosity,full,avg,4,67,0.03695491701364517,0.044952161610126495
viscosity,full,avg,4,68,0.03650271147489548,0.04465179890394211
viscosity,full,avg,4,69,0.036084309220314026,0.04437381774187088
viscosity,full,avg,4,70,0.03578570485115051,0.043848730623722076
viscosity,full,avg,4,71,0.03546375781297684,0.043841101229190826
viscosity,full,avg,4,72,0.035169802606105804,0.04342583566904068
viscosity,full,avg,4,73,0.03552971035242081,0.041595518589019775
viscosity,full,avg,4,74,0.03473972529172897,0.04213041812181473
viscosity,full,avg,4,75,0.03453858941793442,0.04234138876199722
viscosity,full,avg,4,76,0.03449463099241257,0.042785074561834335
viscosity,full,avg,4,77,0.034053027629852295,0.04117850586771965
viscosity,full,avg,4,78,0.033854901790618896,0.04102274030447006
viscosity,full,avg,4,79,0.03315223008394241,0.04098108038306236
viscosity,full,avg,4,80,0.032747916877269745,0.04075368866324425
viscosity,full,avg,4,81,0.033311452716588974,0.039348479360342026
viscosity,full,avg,4,82,0.03267143666744232,0.03919226676225662
viscosity,full,avg,4,83,0.03207065910100937,0.03911721706390381
viscosity,full,avg,4,84,0.03183986619114876,0.039394088089466095
viscosity,full,avg,4,85,0.03131833299994469,0.0386442169547081
viscosity,full,avg,4,86,0.03116120770573616,0.038325317203998566
viscosity,full,avg,4,87,0.032284945249557495,0.04014988988637924
viscosity,full,avg,4,88,0.03125081583857536,0.03880834951996803
viscosity,full,avg,4,89,0.030872691422700882,0.037842072546482086
viscosity,full,avg,4,90,0.031004678457975388,0.038032013922929764
viscosity,full,avg,4,91,0.02970442734658718,0.03708865866065025
viscosity,full,avg,4,92,0.029353370890021324,0.03758345916867256
viscosity,full,avg,4,93,0.029251838102936745,0.038044463843107224
viscosity,full,avg,4,94,0.02911151386797428,0.03712111711502075
viscosity,full,avg,4,95,0.028602255508303642,0.036223724484443665
viscosity,full,avg,4,96,0.028560584411025047,0.03659643977880478
viscosity,full,avg,4,97,0.027979278936982155,0.03541874140501022
viscosity,full,avg,4,98,0.027789007872343063,0.035172123461961746
viscosity,full,avg,4,99,0.027622591704130173,0.035378217697143555
viscosity,full,avg,4,100,0.027212992310523987,0.03466029092669487
viscosity,full,avg,4,101,0.026733964681625366,0.035341594368219376
viscosity,full,avg,4,102,0.027478475123643875,0.03644527867436409
viscosity,full,avg,4,103,0.02739928849041462,0.03438199311494827
viscosity,full,avg,4,104,0.026723088696599007,0.03300895541906357
viscosity,full,avg,4,105,0.026488130912184715,0.0359637551009655
viscosity,full,avg,4,106,0.026419881731271744,0.034287355840206146
viscosity,full,avg,4,107,0.02533460035920143,0.03275015950202942
viscosity,full,avg,4,108,0.025171492248773575,0.033756088465452194
viscosity,full,avg,4,109,0.02517019584774971,0.03332388401031494
viscosity,full,avg,4,110,0.024994269013404846,0.031756170094013214
viscosity,full,avg,4,111,0.025003375485539436,0.033004701137542725
viscosity,full,avg,4,112,0.02447664737701416,0.03357812017202377
viscosity,full,avg,4,113,0.02450801432132721,0.03390035778284073
viscosity,full,avg,4,114,0.02596033364534378,0.03257889673113823
viscosity,full,avg,4,115,0.024191906675696373,0.03212960436940193
viscosity,full,avg,4,116,0.024363018572330475,0.03589929640293121
viscosity,full,avg,4,117,0.02522268146276474,0.03244843706488609
viscosity,full,avg,4,118,0.023992639034986496,0.03066466934978962
viscosity,full,avg,4,119,0.023110821843147278,0.034158363938331604
viscosity,full,avg,4,120,0.024181708693504333,0.030801482498645782
viscosity,full,avg,4,121,0.02256392128765583,0.030444208532571793
viscosity,full,avg,4,122,0.022924955934286118,0.030865777283906937
viscosity,full,avg,4,123,0.023122377693653107,0.030297109857201576
viscosity,full,avg,4,124,0.023210421204566956,0.031284306198358536
viscosity,full,avg,4,125,0.022729801014065742,0.0326533317565918
viscosity,full,avg,4,126,0.02253551594913006,0.028998762369155884
viscosity,full,avg,4,127,0.02191300131380558,0.030865849927067757
viscosity,full,avg,4,128,0.022282840684056282,0.030995074659585953
viscosity,full,avg,4,129,0.021411284804344177,0.03035210818052292
viscosity,full,avg,4,130,0.021454190835356712,0.029372770339250565
viscosity,full,avg,4,131,0.02094784565269947,0.030628038570284843
viscosity,full,avg,4,132,0.02060643956065178,0.028998680412769318
viscosity,full,avg,4,133,0.020917342975735664,0.028935793787240982
viscosity,full,avg,4,134,0.020508047193288803,0.029413670301437378
viscosity,full,avg,4,135,0.02065712958574295,0.029076598584651947
viscosity,full,avg,4,136,0.02059313654899597,0.02848055213689804
viscosity,full,avg,4,137,0.020281337201595306,0.02820875309407711
viscosity,full,avg,4,138,0.020108316093683243,0.028940357267856598
viscosity,full,avg,4,139,0.019912296906113625,0.03086235746741295
viscosity,full,avg,4,140,0.019855523481965065,0.0279427170753479
viscosity,full,avg,4,141,0.019614025950431824,0.028891604393720627
viscosity,full,avg,4,142,0.019160045310854912,0.0300869382917881
viscosity,full,avg,4,143,0.019740430638194084,0.028869085013866425
viscosity,full,avg,4,144,0.018475953489542007,0.028070462867617607
viscosity,full,avg,4,145,0.01994571089744568,0.028282377868890762
viscosity,full,avg,4,146,0.018780602142214775,0.028811385855078697
viscosity,full,avg,4,147,0.019143078476190567,0.028661634773015976
viscosity,full,avg,4,148,0.018298661336302757,0.026042159646749496
viscosity,full,avg,4,149,0.018629904836416245,0.026558909565210342
viscosity,full,avg,4,150,0.0181618370115757,0.027952823787927628
viscosity,full,avg,4,151,0.018504420295357704,0.02751685306429863
viscosity,full,avg,4,152,0.01805626042187214,0.02678333967924118
viscosity,full,avg,4,153,0.018930695950984955,0.02718072198331356
viscosity,full,avg,4,154,0.0186800267547369,0.02741527184844017
viscosity,full,avg,4,155,0.017415393143892288,0.02806823141872883
viscosity,full,avg,4,156,0.01836155168712139,0.027101963758468628
viscosity,full,avg,4,157,0.017285728827118874,0.028607578948140144
viscosity,full,avg,4,158,0.017483094707131386,0.02632872946560383
viscosity,full,avg,5,1,0.1988057643175125,0.10062975436449051
viscosity,full,avg,5,2,0.09620850533246994,0.10845780372619629
viscosity,full,avg,5,3,0.10082220286130905,0.09895983338356018
viscosity,full,avg,5,4,0.09048348665237427,0.08541153371334076
viscosity,full,avg,5,5,0.08291427791118622,0.0810093879699707
viscosity,full,avg,5,6,0.08195866644382477,0.07532668113708496
viscosity,full,avg,5,7,0.07463657110929489,0.07269155979156494
viscosity,full,avg,5,8,0.07094254344701767,0.07120198011398315
viscosity,full,avg,5,9,0.06763537973165512,0.06326508522033691
viscosity,full,avg,5,10,0.0637069121003151,0.0602714866399765
viscosity,full,avg,5,11,0.06330175697803497,0.06055394560098648
viscosity,full,avg,5,12,0.061290327459573746,0.06283542513847351
viscosity,full,avg,5,13,0.06068284809589386,0.06281735748052597
viscosity,full,avg,5,14,0.06107241287827492,0.06472664326429367
viscosity,full,avg,5,15,0.058873485773801804,0.067616768181324
viscosity,full,avg,5,16,0.058417659252882004,0.06708008050918579
viscosity,full,avg,5,17,0.05732887238264084,0.06656910479068756
viscosity,full,avg,5,18,0.05693087726831436,0.06502831727266312
viscosity,full,avg,5,19,0.05636078864336014,0.06427938491106033
viscosity,full,avg,5,20,0.055030327290296555,0.06659126281738281
viscosity,full,max,1,1,0.10881588608026505,0.09945811331272125
viscosity,full,max,1,2,0.0958625003695488,0.06791771948337555
viscosity,full,max,1,3,0.0750555768609047,0.06659702956676483
viscosity,full,max,1,4,0.0779508575797081,0.05840118229389191
viscosity,full,max,1,5,0.06755547225475311,0.06307083368301392
viscosity,full,max,1,6,0.06877182424068451,0.06173566356301308
viscosity,full,max,1,7,0.06453508883714676,0.056441809982061386
viscosity,full,max,1,8,0.06580160558223724,0.05749205872416496
viscosity,full,max,1,9,0.06387288123369217,0.05870117247104645
viscosity,full,max,1,10,0.06275348365306854,0.06021006405353546
viscosity,full,max,1,11,0.06235135346651077,0.05722393840551376
viscosity,full,max,1,12,0.061715442687273026,0.05639740079641342
viscosity,full,max,1,13,0.06138322874903679,0.05675561726093292
viscosity,full,max,1,14,0.06018625944852829,0.05791417136788368
viscosity,full,max,1,15,0.06024053320288658,0.05682055279612541
viscosity,full,max,1,16,0.06047819182276726,0.05610346049070358
viscosity,full,max,1,17,0.05979315564036369,0.057601019740104675
viscosity,full,max,1,18,0.05893564596772194,0.05743832141160965
viscosity,full,max,1,19,0.05874256789684296,0.056111570447683334
viscosity,full,max,1,20,0.05811798572540283,0.056417807936668396
viscosity,full,max,1,21,0.057476241141557693,0.056730005890131
viscosity,full,max,1,22,0.05729158967733383,0.0562894269824028
viscosity,full,max,1,23,0.057128071784973145,0.05542175471782684
viscosity,full,max,1,24,0.05657221004366875,0.056022800505161285
viscosity,full,max,1,25,0.05648134648799896,0.05595945566892624
viscosity,full,max,1,26,0.05596762150526047,0.056221917271614075
viscosity,full,max,1,27,0.05584302172064781,0.05541567504405975
viscosity,full,max,1,28,0.05533146113157272,0.05581102892756462
viscosity,full,max,1,29,0.05491401255130768,0.054813917726278305
viscosity,full,max,1,30,0.05465182289481163,0.05427173525094986
viscosity,full,max,1,31,0.054694682359695435,0.05547098070383072
viscosity,full,max,1,32,0.05388461798429489,0.0546044260263443
viscosity,full,max,1,33,0.05369672179222107,0.05413741245865822
viscosity,full,max,1,34,0.053159408271312714,0.05495208874344826
viscosity,full,max,1,35,0.05294843018054962,0.05471432954072952
viscosity,full,max,1,36,0.05280984565615654,0.054192397743463516
viscosity,full,max,1,37,0.05273126810789108,0.0528179332613945
viscosity,full,max,1,38,0.052105385810136795,0.05449040234088898
viscosity,full,max,1,39,0.051760394126176834,0.054050032049417496
viscosity,full,max,1,40,0.051421232521533966,0.05333007127046585
viscosity,full,max,1,41,0.050747066736221313,0.05441296845674515
viscosity,full,max,1,42,0.05104151368141174,0.05379320681095123
viscosity,full,max,1,43,0.05057979375123978,0.05212307721376419
viscosity,full,max,1,44,0.05004346743226051,0.05434606596827507
viscosity,full,max,1,45,0.0505036897957325,0.05343819409608841
viscosity,full,max,1,46,0.050030648708343506,0.05173730105161667
viscosity,full,max,1,47,0.048759862780570984,0.05445851385593414
viscosity,full,max,1,48,0.049692872911691666,0.05386751890182495
viscosity,full,max,1,49,0.04920569807291031,0.050761666148900986
viscosity,full,max,1,50,0.048440221697092056,0.05346474424004555
viscosity,full,max,1,51,0.04788330942392349,0.05287085101008415
viscosity,full,max,1,52,0.04769990220665932,0.05056939646601677
viscosity,full,max,1,53,0.04695907235145569,0.05150359123945236
viscosity,full,max,1,54,0.04665268212556839,0.052341315895318985
viscosity,full,max,1,55,0.04726387932896614,0.050260625779628754
viscosity,full,max,1,56,0.04610053077340126,0.05208210647106171
viscosity,full,max,1,57,0.04574327915906906,0.050305113196372986
viscosity,full,max,1,58,0.045694537460803986,0.04989604279398918
viscosity,full,max,1,59,0.04498250037431717,0.05172037333250046
viscosity,full,max,1,60,0.04505002498626709,0.049816377460956573
viscosity,full,max,1,61,0.044559553265571594,0.049583498388528824
viscosity,full,max,1,62,0.04424862191081047,0.04960339888930321
viscosity,full,max,1,63,0.04396067187190056,0.049171045422554016
viscosity,full,max,1,64,0.04384760186076164,0.05034773796796799
viscosity,full,max,1,65,0.04337422177195549,0.04899024963378906
viscosity,full,max,1,66,0.04308044910430908,0.049170441925525665
viscosity,full,max,1,67,0.04288342222571373,0.04995179548859596
viscosity,full,max,1,68,0.043469417840242386,0.04793544486165047
viscosity,full,max,1,69,0.04318302497267723,0.05053028091788292
viscosity,full,max,1,70,0.04206392541527748,0.047920919954776764
viscosity,full,max,1,71,0.04214413836598396,0.04828754812479019
viscosity,full,max,1,72,0.04162706434726715,0.05050564557313919
viscosity,full,max,1,73,0.041496600955724716,0.04785545915365219
viscosity,full,max,1,74,0.04174770787358284,0.048117101192474365
viscosity,full,max,1,75,0.04103364050388336,0.050881095230579376
viscosity,full,max,1,76,0.04100353270769119,0.047055404633283615
viscosity,full,max,1,77,0.04083387553691864,0.047975022345781326
viscosity,full,max,1,78,0.03980256989598274,0.048789165914058685
viscosity,full,max,1,79,0.03997502475976944,0.04776006191968918
viscosity,full,max,1,80,0.03968716785311699,0.04663337767124176
viscosity,full,max,1,81,0.039296817034482956,0.048073455691337585
viscosity,full,max,1,82,0.039155952632427216,0.0479462593793869
viscosity,full,max,1,83,0.03859682008624077,0.046817515045404434
viscosity,full,max,1,84,0.038924653083086014,0.04757128655910492
viscosity,full,max,1,85,0.03838538005948067,0.04787355661392212
viscosity,full,max,1,86,0.03787124902009964,0.046373400837183
viscosity,full,max,1,87,0.037855714559555054,0.046516068279743195
viscosity,full,max,1,88,0.03762597218155861,0.04777047410607338
viscosity,full,max,1,89,0.03732797130942345,0.046259667724370956
viscosity,full,max,1,90,0.037455786019563675,0.0457637719810009
viscosity,full,max,1,91,0.03719867765903473,0.04800202697515488
viscosity,full,max,1,92,0.03678591176867485,0.04522965848445892
viscosity,full,max,1,93,0.03634266555309296,0.045482389628887177
viscosity,full,max,1,94,0.03598031401634216,0.04609353840351105
viscosity,full,max,1,95,0.03603202477097511,0.045865125954151154
viscosity,full,max,1,96,0.03561706095933914,0.044782619923353195
viscosity,full,max,1,97,0.0354977510869503,0.044670939445495605
viscosity,full,max,1,98,0.03538348898291588,0.04576753079891205
viscosity,full,max,1,99,0.034933507442474365,0.04461798816919327
viscosity,full,max,1,100,0.034694116562604904,0.044052526354789734
viscosity,full,max,1,101,0.034672703593969345,0.04410777613520622
viscosity,full,max,1,102,0.03429842367768288,0.04404951632022858
viscosity,full,max,1,103,0.03423633053898811,0.043846555054187775
viscosity,full,max,1,104,0.03396207466721535,0.04459349438548088
viscosity,full,max,1,105,0.033983517438173294,0.04420599713921547
viscosity,full,max,1,106,0.033846087753772736,0.04288719221949577
viscosity,full,max,1,107,0.03394421190023422,0.04433207958936691
viscosity,full,max,1,108,0.03354410454630852,0.04329460486769676
viscosity,full,max,1,109,0.03343549743294716,0.043830983340740204
viscosity,full,max,1,110,0.033026739954948425,0.04242456704378128
viscosity,full,max,1,111,0.03279460221529007,0.04331240803003311
viscosity,full,max,1,112,0.032709602266550064,0.04343392699956894
viscosity,full,max,1,113,0.03213062137365341,0.04253564402461052
viscosity,full,max,1,114,0.03223107382655144,0.04281258583068848
viscosity,full,max,1,115,0.031915176659822464,0.0427277535200119
viscosity,full,max,1,116,0.03207927569746971,0.041848666965961456
viscosity,full,max,1,117,0.03140146657824516,0.042749084532260895
viscosity,full,max,1,118,0.03146745637059212,0.042442068457603455
viscosity,full,max,1,119,0.0315166674554348,0.04184656962752342
viscosity,full,max,1,120,0.031518202275037766,0.041775889694690704
viscosity,full,max,1,121,0.0313410647213459,0.04228437691926956
viscosity,full,max,1,122,0.030900495126843452,0.041602812707424164
viscosity,full,max,1,123,0.030853793025016785,0.040754999965429306
viscosity,full,max,1,124,0.030393917113542557,0.04191260784864426
viscosity,full,max,1,125,0.030544091016054153,0.04129239544272423
viscosity,full,max,1,126,0.030603162944316864,0.040763676166534424
viscosity,full,max,1,127,0.030489154160022736,0.041626282036304474
viscosity,full,max,1,128,0.030235696583986282,0.04120097681879997
viscosity,full,max,1,129,0.030803335830569267,0.040058575570583344
viscosity,full,max,1,130,0.029609093442559242,0.041249725967645645
viscosity,full,max,1,131,0.02995675802230835,0.039815858006477356
viscosity,full,max,1,132,0.02971525676548481,0.03968849033117294
viscosity,full,max,1,133,0.029117722064256668,0.04129670560359955
viscosity,full,max,1,134,0.02933819219470024,0.03949177265167236
viscosity,full,max,1,135,0.029543498530983925,0.039493314921855927
viscosity,full,max,1,136,0.02919718250632286,0.03995978832244873
viscosity,full,max,1,137,0.029203113168478012,0.039881572127342224
viscosity,full,max,1,138,0.028839431703090668,0.039434611797332764
viscosity,full,max,1,139,0.028512585908174515,0.04053328186273575
viscosity,full,max,1,140,0.028320549055933952,0.03893684595823288
viscosity,full,max,1,141,0.028235221281647682,0.03835899382829666
viscosity,full,max,1,142,0.028190867975354195,0.040250685065984726
viscosity,full,max,1,143,0.028281910344958305,0.038515713065862656
viscosity,full,max,1,144,0.027684861794114113,0.03880804777145386
viscosity,full,max,1,145,0.027636418119072914,0.03971823304891586
viscosity,full,max,1,146,0.027544578537344933,0.038889944553375244
viscosity,full,max,1,147,0.027476606890559196,0.03935924917459488
viscosity,full,max,1,148,0.027187570929527283,0.03830187767744064
viscosity,full,max,1,149,0.026934457942843437,0.03900807350873947
viscosity,full,max,1,150,0.026799041777849197,0.03826671093702316
viscosity,full,max,1,151,0.02667766809463501,0.03857723996043205
viscosity,full,max,1,152,0.026472017168998718,0.03831477463245392
viscosity,full,max,1,153,0.02647588402032852,0.03844476491212845
viscosity,full,max,1,154,0.026415947824716568,0.03911805897951126
viscosity,full,max,1,155,0.02638133615255356,0.038230184465646744
viscosity,full,max,1,156,0.026353640481829643,0.03856968134641647
viscosity,full,max,1,157,0.026085656136274338,0.038085415959358215
viscosity,full,max,1,158,0.026223529130220413,0.03789255768060684
viscosity,full,max,1,159,0.026030374690890312,0.03865255415439606
viscosity,full,max,1,160,0.026010308414697647,0.03928884118795395
viscosity,full,max,1,161,0.026011336594820023,0.038590915501117706
viscosity,full,max,1,162,0.026058733463287354,0.037762418389320374
viscosity,full,max,1,163,0.02592325210571289,0.03883899003267288
viscosity,full,max,1,164,0.02616228722035885,0.038521017879247665
viscosity,full,max,1,165,0.02597927488386631,0.03860865533351898
viscosity,full,max,1,166,0.02567647397518158,0.037928082048892975
viscosity,full,max,1,167,0.025688188150525093,0.03826487064361572
viscosity,full,max,1,168,0.025936389341950417,0.037605512887239456
viscosity,full,max,1,169,0.025326106697320938,0.03864871710538864
viscosity,full,max,1,170,0.025512820109725,0.03888222947716713
viscosity,full,max,1,171,0.025435226038098335,0.038006577640771866
viscosity,full,max,1,172,0.02527437172830105,0.037451956421136856
viscosity,full,max,1,173,0.02521946281194687,0.038016945123672485
viscosity,full,max,1,174,0.02505655586719513,0.03817933052778244
viscosity,full,max,1,175,0.02506139688193798,0.03790237754583359
viscosity,full,max,1,176,0.025130296126008034,0.03772880882024765
viscosity,full,max,1,177,0.024915620684623718,0.03813527151942253
viscosity,full,max,1,178,0.024912653490900993,0.038477394729852676
viscosity,full,max,1,179,0.024835724383592606,0.03749591484665871
viscosity,full,max,1,180,0.024809792637825012,0.03777695447206497
viscosity,full,max,1,181,0.02476854808628559,0.03766706585884094
viscosity,full,max,1,182,0.024619152769446373,0.038083743304014206
viscosity,full,max,2,1,0.13324381411075592,0.08826860785484314
viscosity,full,max,2,2,0.09253591299057007,0.09953122586011887
viscosity,full,max,2,3,0.07857690006494522,0.07225815951824188
viscosity,full,max,2,4,0.06828801333904266,0.07023268193006516
viscosity,full,max,2,5,0.06796258687973022,0.06734016537666321
viscosity,full,max,2,6,0.0617758147418499,0.07196532934904099
viscosity,full,max,2,7,0.06277800351381302,0.07323919236660004
viscosity,full,max,2,8,0.06074431538581848,0.0680871456861496
viscosity,full,max,2,9,0.059608571231365204,0.06724146008491516
viscosity,full,max,2,10,0.05989930033683777,0.06844467669725418
viscosity,full,max,2,11,0.058706458657979965,0.0711631029844284
viscosity,full,max,2,12,0.05843115970492363,0.0705353170633316
viscosity,full,max,2,13,0.05788595974445343,0.06853216141462326
viscosity,full,max,2,14,0.05752034857869148,0.06795086711645126
viscosity,full,max,2,15,0.057139020413160324,0.06872604787349701
viscosity,full,max,2,16,0.05672213435173035,0.06836610287427902
viscosity,full,max,2,17,0.056502584367990494,0.06741169840097427
viscosity,full,max,2,18,0.056288499385118484,0.06643709540367126
viscosity,full,max,2,19,0.05626371130347252,0.06576864421367645
viscosity,full,max,2,20,0.0558992438018322,0.06607358157634735
viscosity,full,max,2,21,0.05571077764034271,0.06643600761890411
viscosity,full,max,2,22,0.05555003881454468,0.06609393656253815
viscosity,full,max,2,23,0.05539941415190697,0.06528513133525848
viscosity,full,max,2,24,0.055168647319078445,0.06502687931060791
viscosity,full,max,2,25,0.0549871027469635,0.06471281498670578
viscosity,full,max,2,26,0.054797690361738205,0.0648287758231163
viscosity,full,max,2,27,0.054628100246191025,0.06466701626777649
viscosity,full,max,2,28,0.054477330297231674,0.06460817158222198
viscosity,full,max,2,29,0.054325323551893234,0.0638917088508606
viscosity,full,max,2,30,0.0541045144200325,0.06365440785884857
viscosity,full,max,2,31,0.05400044471025467,0.0639009177684784
viscosity,full,max,2,32,0.053770314902067184,0.0637284442782402
viscosity,full,max,2,33,0.05362088233232498,0.06322651356458664
viscosity,full,max,2,34,0.05348590388894081,0.06304541230201721
viscosity,full,max,2,35,0.05328211933374405,0.06305447965860367
viscosity,full,max,2,36,0.053294792771339417,0.06412982195615768
viscosity,full,max,2,37,0.052986565977334976,0.06324362754821777
viscosity,full,max,2,38,0.05270406976342201,0.06221470981836319
viscosity,full,max,2,39,0.052633993327617645,0.06190560758113861
viscosity,full,max,2,40,0.05240252614021301,0.06256852298974991
viscosity,full,max,2,41,0.05223873630166054,0.06320413947105408
viscosity,full,max,2,42,0.05207754299044609,0.06276370584964752
viscosity,full,max,2,43,0.05185426399111748,0.061608247458934784
viscosity,full,max,2,44,0.05168958380818367,0.061462655663490295
viscosity,full,max,2,45,0.05151355266571045,0.061469580978155136
viscosity,full,max,2,46,0.05146796256303787,0.06098222732543945
viscosity,full,max,2,47,0.05111340805888176,0.061703749001026154
viscosity,full,max,2,48,0.05100366845726967,0.062092795968055725
viscosity,full,max,2,49,0.05085299536585808,0.06091517210006714
viscosity,full,max,2,50,0.05058732256293297,0.060583218932151794
viscosity,full,max,2,51,0.05043824762105942,0.06042057275772095
viscosity,full,max,2,52,0.050205957144498825,0.060796283185482025
viscosity,full,max,2,53,0.05003742501139641,0.061299510300159454
viscosity,full,max,2,54,0.05008985474705696,0.06100749969482422
viscosity,full,max,2,55,0.049708396196365356,0.059682123363018036
viscosity,full,max,2,56,0.049633000046014786,0.05934184789657593
viscosity,full,max,2,57,0.049404580146074295,0.06045997887849808
viscosity,full,max,2,58,0.04919339343905449,0.060302361845970154
viscosity,full,max,2,59,0.0490737222135067,0.05950065702199936
viscosity,full,max,2,60,0.04889505356550217,0.059176333248615265
viscosity,full,max,2,61,0.04860502481460571,0.05982242524623871
viscosity,full,max,2,62,0.048473820090293884,0.059964023530483246
viscosity,full,max,2,63,0.048299212008714676,0.059317395091056824
viscosity,full,max,2,64,0.04810028523206711,0.05856269598007202
viscosity,full,max,2,65,0.04794720932841301,0.058714933693408966
viscosity,full,max,2,66,0.047756753861904144,0.058765675872564316
viscosity,full,max,2,67,0.047539521008729935,0.05915266275405884
viscosity,full,max,2,68,0.047378551214933395,0.058804258704185486
viscosity,full,max,2,69,0.04738209396600723,0.05926245078444481
viscosity,full,max,2,70,0.04700962454080582,0.058019064366817474
viscosity,full,max,2,71,0.046889737248420715,0.05752652883529663
viscosity,full,max,2,72,0.046703629195690155,0.05851008743047714
viscosity,full,max,2,73,0.0464678518474102,0.058240149170160294
viscosity,full,max,2,74,0.04626772552728653,0.05795770883560181
viscosity,full,max,2,75,0.04607950523495674,0.057499490678310394
viscosity,full,max,2,76,0.04593281075358391,0.05770775303244591
viscosity,full,max,2,77,0.0457368865609169,0.0570966936647892
viscosity,full,max,2,78,0.045592889189720154,0.05697537213563919
viscosity,full,max,2,79,0.04541953653097153,0.05732817202806473
viscosity,full,max,2,80,0.04530457407236099,0.05778481811285019
viscosity,full,max,2,81,0.04508854076266289,0.056686751544475555
viscosity,full,max,2,82,0.04497727006673813,0.05622711032629013
viscosity,full,max,2,83,0.04480607062578201,0.05745064467191696
viscosity,full,max,2,84,0.0446506030857563,0.05632350593805313
viscosity,full,max,2,85,0.04436347261071205,0.056293923407793045
viscosity,full,max,2,86,0.04424586147069931,0.05599312484264374
viscosity,full,max,2,87,0.04422970861196518,0.05717601627111435
viscosity,full,max,2,88,0.04390303045511246,0.055695001035928726
viscosity,full,max,2,89,0.04371406137943268,0.05540142208337784
viscosity,full,max,2,90,0.0435323603451252,0.05550006777048111
viscosity,full,max,2,91,0.04340590536594391,0.05565256625413895
viscosity,full,max,2,92,0.043232180178165436,0.054789118468761444
viscosity,full,max,2,93,0.04302084073424339,0.05496370792388916
viscosity,full,max,2,94,0.04286404699087143,0.05511947721242905
viscosity,full,max,2,95,0.04268718510866165,0.055696163326501846
viscosity,full,max,2,96,0.04254056140780449,0.05503399670124054
viscosity,full,max,2,97,0.04247092083096504,0.0538279190659523
viscosity,full,max,2,98,0.04235406219959259,0.05515157803893089
viscosity,full,max,2,99,0.042118463665246964,0.054719265550374985
viscosity,full,max,2,100,0.04190557822585106,0.0551719143986702
viscosity,full,max,2,101,0.04176104813814163,0.05398764833807945
viscosity,full,max,2,102,0.04155987873673439,0.053979143500328064
viscosity,full,max,2,103,0.04140733554959297,0.054258543998003006
viscosity,full,max,2,104,0.04131847247481346,0.05389740690588951
viscosity,full,max,2,105,0.04112416133284569,0.054429855197668076
viscosity,full,max,2,106,0.04090859740972519,0.05334862321615219
viscosity,full,max,2,107,0.04075225815176964,0.05302068963646889
viscosity,full,max,2,108,0.04061366990208626,0.05326702445745468
viscosity,full,max,2,109,0.040475744754076004,0.053414586931467056
viscosity,full,max,2,110,0.04027402400970459,0.053031906485557556
viscosity,full,max,2,111,0.0402296744287014,0.052472375333309174
viscosity,full,max,2,112,0.03996441885828972,0.053027573972940445
viscosity,full,max,2,113,0.03986825421452522,0.05343416705727577
viscosity,full,max,2,114,0.03974182903766632,0.0521538183093071
viscosity,full,max,2,115,0.03956017643213272,0.052117154002189636
viscosity,full,max,2,116,0.0393775999546051,0.052901096642017365
viscosity,full,max,2,117,0.03924191743135452,0.052560966461896896
viscosity,full,max,2,118,0.03910474851727486,0.051719289273023605
viscosity,full,max,2,119,0.03908037021756172,0.05151405185461044
viscosity,full,max,2,120,0.03887101635336876,0.052608754485845566
viscosity,full,max,2,121,0.03867698833346367,0.05135440081357956
viscosity,full,max,2,122,0.038523267954587936,0.05132182687520981
viscosity,full,max,2,123,0.038387496024370193,0.05182188004255295
viscosity,full,max,2,124,0.03822987154126167,0.05217063054442406
viscosity,full,max,2,125,0.03819527104496956,0.05109884962439537
viscosity,full,max,2,126,0.03806328400969505,0.05161441117525101
viscosity,full,max,2,127,0.03801519423723221,0.05025022476911545
viscosity,full,max,2,128,0.03770158439874649,0.0517507940530777
viscosity,full,max,2,129,0.03761639818549156,0.05183956399559975
viscosity,full,max,2,130,0.03753483295440674,0.049903787672519684
viscosity,full,max,2,131,0.037335529923439026,0.05049941688776016
viscosity,full,max,2,132,0.03724706545472145,0.051878832280635834
viscosity,full,max,2,133,0.03707306832075119,0.04993074759840965
viscosity,full,max,2,134,0.03684588521718979,0.04975345358252525
viscosity,full,max,2,135,0.03670215979218483,0.05022098124027252
viscosity,full,max,2,136,0.036668214946985245,0.05035124719142914
viscosity,full,max,2,137,0.03642598167061806,0.04977940768003464
viscosity,full,max,2,138,0.03629714623093605,0.05034702271223068
viscosity,full,max,2,139,0.03614649549126625,0.05061492696404457
viscosity,full,max,2,140,0.03600136563181877,0.04973519593477249
viscosity,full,max,2,141,0.03591577708721161,0.0490044429898262
viscosity,full,max,2,142,0.03576865419745445,0.04995747283101082
viscosity,full,max,2,143,0.035674721002578735,0.049944594502449036
viscosity,full,max,2,144,0.035680945962667465,0.04852880910038948
viscosity,full,max,2,145,0.035637322813272476,0.0502907857298851
viscosity,full,max,2,146,0.03528965264558792,0.04870280995965004
viscosity,full,max,2,147,0.035152796655893326,0.04915294796228409
viscosity,full,max,2,148,0.034987423568964005,0.04885385185480118
viscosity,full,max,2,149,0.03486478701233864,0.04961018264293671
viscosity,full,max,2,150,0.03486074507236481,0.049796316772699356
viscosity,full,max,2,151,0.034637320786714554,0.0478878952562809
viscosity,full,max,2,152,0.034562963992357254,0.04838263988494873
viscosity,full,max,2,153,0.03452431410551071,0.05035790055990219
viscosity,full,max,2,154,0.034421827644109726,0.048060737550258636
viscosity,full,max,2,155,0.03415210172533989,0.04857609421014786
viscosity,full,max,2,156,0.03409748151898384,0.049620017409324646
viscosity,full,max,2,157,0.03385785594582558,0.04812958464026451
viscosity,full,max,2,158,0.03390087932348251,0.04738251864910126
viscosity,full,max,2,159,0.03361571580171585,0.04890628904104233
viscosity,full,max,2,160,0.033502668142318726,0.049721524119377136
viscosity,full,max,2,161,0.03341729938983917,0.04875144734978676
viscosity,full,max,2,162,0.033275045454502106,0.0485435351729393
viscosity,full,max,2,163,0.033133089542388916,0.048066966235637665
viscosity,full,max,2,164,0.0330299474298954,0.04819547384977341
viscosity,full,max,2,165,0.03289768844842911,0.04857224225997925
viscosity,full,max,2,166,0.03282211720943451,0.04824984818696976
viscosity,full,max,2,167,0.032695282250642776,0.047414328902959824
viscosity,full,max,2,168,0.03258759155869484,0.048249080777168274
viscosity,full,max,3,1,0.16139402985572815,0.07513777166604996
viscosity,full,max,3,2,0.09899440407752991,0.06304118782281876
viscosity,full,max,3,3,0.07019100338220596,0.06774207204580307
viscosity,full,max,3,4,0.07108213007450104,0.061744727194309235
viscosity,full,max,3,5,0.06335780024528503,0.058129534125328064
viscosity,full,max,3,6,0.062366485595703125,0.05836696922779083
viscosity,full,max,3,7,0.06044552102684975,0.05895237252116203
viscosity,full,max,3,8,0.0597546249628067,0.06027563661336899
viscosity,full,max,3,9,0.05937642604112625,0.05772531032562256
viscosity,full,max,3,10,0.05835794284939766,0.05786778777837753
viscosity,full,max,3,11,0.057964883744716644,0.05863264948129654
viscosity,full,max,3,12,0.05742359906435013,0.05711183324456215
viscosity,full,max,3,13,0.057554978877305984,0.057431433349847794
viscosity,full,max,3,14,0.057249367237091064,0.06129669398069382
viscosity,full,max,3,15,0.05744389444589615,0.058290764689445496
viscosity,full,max,3,16,0.05597205460071564,0.05746309086680412
viscosity,full,max,3,17,0.05658102408051491,0.05751681327819824
viscosity,full,max,3,18,0.05515594407916069,0.05947323516011238
viscosity,full,max,3,19,0.055063530802726746,0.05678186193108559
viscosity,full,max,3,20,0.0542987585067749,0.05651756003499031
viscosity,full,max,3,21,0.053659673780202866,0.05741186439990997
viscosity,full,max,3,22,0.0537901371717453,0.05655462294816971
viscosity,full,max,3,23,0.05346972122788429,0.05584299564361572
viscosity,full,max,3,24,0.05277927592396736,0.056189119815826416
viscosity,full,max,3,25,0.052382923662662506,0.05588628724217415
viscosity,full,max,3,26,0.052084486931562424,0.056211717426776886
viscosity,full,max,3,27,0.051860734820365906,0.05546405538916588
viscosity,full,max,3,28,0.05139359086751938,0.054923493415117264
viscosity,full,max,3,29,0.05146903917193413,0.054977674037218094
viscosity,full,max,3,30,0.05098000168800354,0.05467977002263069
viscosity,full,max,3,31,0.050499219447374344,0.054753340780735016
viscosity,full,max,3,32,0.05033975839614868,0.05478938668966293
viscosity,full,max,3,33,0.05006387457251549,0.054563622921705246
viscosity,full,max,3,34,0.04983881860971451,0.054520055651664734
viscosity,full,max,3,35,0.049453359097242355,0.05416501313447952
viscosity,full,max,3,36,0.04920799657702446,0.052984125912189484
viscosity,full,max,3,37,0.04859434813261032,0.05288209021091461
viscosity,full,max,3,38,0.04849187284708023,0.0533435083925724
viscosity,full,max,3,39,0.04841501638293266,0.0535116009414196
viscosity,full,max,3,40,0.047748491168022156,0.052480243146419525
viscosity,full,max,3,41,0.04765685275197029,0.0528104230761528
viscosity,full,max,3,42,0.0475807823240757,0.052866555750370026
viscosity,full,max,3,43,0.0475822389125824,0.05132237449288368
viscosity,full,max,3,44,0.04703165218234062,0.05528002232313156
viscosity,full,max,3,45,0.04800086095929146,0.051740024238824844
viscosity,full,max,3,46,0.046761415898799896,0.05115538090467453
viscosity,full,max,3,47,0.045802317559719086,0.054284095764160156
viscosity,full,max,3,48,0.04743877053260803,0.05185341835021973
viscosity,full,max,3,49,0.046117380261421204,0.05045751482248306
viscosity,full,max,3,50,0.045349616557359695,0.05204956978559494
viscosity,full,max,3,51,0.04501752555370331,0.05014853924512863
viscosity,full,max,3,52,0.04454655572772026,0.04944352060556412
viscosity,full,max,3,53,0.04501265287399292,0.05056770145893097
viscosity,full,max,3,54,0.04445696249604225,0.048985060304403305
viscosity,full,max,3,55,0.04376554861664772,0.05123498663306236
viscosity,full,max,3,56,0.04376208782196045,0.05005668103694916
viscosity,full,max,3,57,0.042797572910785675,0.0489574670791626
viscosity,full,max,3,58,0.04356269910931587,0.048841092735528946
viscosity,full,max,3,59,0.04265749454498291,0.05021011084318161
viscosity,full,max,3,60,0.04238785803318024,0.04770956188440323
viscosity,full,max,3,61,0.04280467331409454,0.04819631576538086
viscosity,full,max,3,62,0.04201940819621086,0.05073986202478409
viscosity,full,max,3,63,0.042409107089042664,0.04835864529013634
viscosity,full,max,3,64,0.041613925248384476,0.047997452318668365
viscosity,full,max,3,65,0.040891777724027634,0.049830738455057144
viscosity,full,max,3,66,0.04164202883839607,0.04747997224330902
viscosity,full,max,3,67,0.04054905101656914,0.04734873026609421
viscosity,full,max,3,68,0.04185698553919792,0.04686030000448227
viscosity,full,max,3,69,0.04023425653576851,0.047015123069286346
viscosity,full,max,3,70,0.03978805989027023,0.04618256911635399
viscosity,full,max,3,71,0.03937794268131256,0.04810398444533348
viscosity,full,max,3,72,0.03987494111061096,0.04883692041039467
viscosity,full,max,3,73,0.03926432132720947,0.04669308662414551
viscosity,full,max,3,74,0.03917397931218147,0.047248102724552155
viscosity,full,max,3,75,0.03905912861227989,0.04635898023843765
viscosity,full,max,3,76,0.038350921124219894,0.04479246586561203
viscosity,full,max,3,77,0.038982491940259933,0.04549385607242584
viscosity,full,max,3,78,0.03818671777844429,0.04733177274465561
viscosity,full,max,3,79,0.03791024908423424,0.04616723954677582
viscosity,full,max,3,80,0.038804709911346436,0.0453309640288353
viscosity,full,max,3,81,0.037518274039030075,0.04784625768661499
viscosity,full,max,3,82,0.038027696311473846,0.04366688430309296
viscosity,full,max,3,83,0.03835003823041916,0.04359588399529457
viscosity,full,max,3,84,0.03657164424657822,0.04572349041700363
viscosity,full,max,3,85,0.037420764565467834,0.04376573860645294
viscosity,full,max,3,86,0.03666286543011665,0.043619945645332336
viscosity,full,max,3,87,0.03657085448503494,0.04480982571840286
viscosity,full,max,3,88,0.036093033850193024,0.04435909539461136
viscosity,full,max,3,89,0.035527247935533524,0.044836826622486115
viscosity,full,max,3,90,0.035358041524887085,0.04281137138605118
viscosity,full,max,3,91,0.035494960844516754,0.04206844046711922
viscosity,full,max,3,92,0.035050634294748306,0.04330631345510483
viscosity,full,max,3,93,0.03456564620137215,0.04169183224439621
viscosity,full,max,3,94,0.03494296222925186,0.04136553034186363
viscosity,full,max,3,95,0.034849315881729126,0.04364893585443497
viscosity,full,max,3,96,0.03440234437584877,0.04145072400569916
viscosity,full,max,3,97,0.034297775477170944,0.041744641959667206
viscosity,full,max,3,98,0.03391171246767044,0.04138236492872238
viscosity,full,max,3,99,0.033571578562259674,0.04076031222939491
viscosity,full,max,3,100,0.0335208997130394,0.0428495928645134
viscosity,full,max,3,101,0.03345435485243797,0.04169936850667
viscosity,full,max,3,102,0.03323883190751076,0.04042670503258705
viscosity,full,max,3,103,0.033086203038692474,0.04138693958520889
viscosity,full,max,3,104,0.03306759148836136,0.04041127488017082
viscosity,full,max,3,105,0.032653432339429855,0.040130965411663055
viscosity,full,max,3,106,0.032367270439863205,0.04104718938469887
viscosity,full,max,3,107,0.032457876950502396,0.03925533965229988
viscosity,full,max,3,108,0.03191054239869118,0.03880234807729721
viscosity,full,max,3,109,0.03171301260590553,0.03939174860715866
viscosity,full,max,3,110,0.03169786185026169,0.03947989642620087
viscosity,full,max,3,111,0.0314214825630188,0.038401417434215546
viscosity,full,max,3,112,0.031449541449546814,0.03785211220383644
viscosity,full,max,3,113,0.0309254489839077,0.038521941751241684
viscosity,full,max,3,114,0.03103378601372242,0.03879213705658913
viscosity,full,max,3,115,0.030685871839523315,0.038629792630672455
viscosity,full,max,3,116,0.030878547579050064,0.03850165754556656
viscosity,full,max,3,117,0.030579451471567154,0.0370972715318203
viscosity,full,max,3,118,0.0309287179261446,0.03855889290571213
viscosity,full,max,3,119,0.03135529160499573,0.03938053175806999
viscosity,full,max,3,120,0.030992193147540092,0.037383757531642914
viscosity,full,max,3,121,0.030918294563889503,0.037918854504823685
viscosity,full,max,3,122,0.030274776741862297,0.036144647747278214
viscosity,full,max,3,123,0.0298403799533844,0.03624672815203667
viscosity,full,max,3,124,0.029780974611639977,0.03533514589071274
viscosity,full,max,3,125,0.029346441850066185,0.03492545709013939
viscosity,full,max,3,126,0.029315421357750893,0.036546386778354645
viscosity,full,max,3,127,0.02914213202893734,0.034309022128582
viscosity,full,max,3,128,0.029144754633307457,0.03584790602326393
viscosity,full,max,3,129,0.028696343302726746,0.035877157002687454
viscosity,full,max,3,130,0.029100622981786728,0.03431013226509094
viscosity,full,max,3,131,0.02842102013528347,0.03628244623541832
viscosity,full,max,3,132,0.028999922797083855,0.03468206897377968
viscosity,full,max,3,133,0.02855950966477394,0.03580247983336449
viscosity,full,max,3,134,0.028592832386493683,0.03540372848510742
viscosity,full,max,3,135,0.02820092812180519,0.03280744329094887
viscosity,full,max,3,136,0.028147956356406212,0.03418437018990517
viscosity,full,max,3,137,0.027804844081401825,0.03257396072149277
viscosity,full,max,3,138,0.027502888813614845,0.03192572295665741
viscosity,full,max,3,139,0.027370508760213852,0.032155223190784454
viscosity,full,max,3,140,0.02753368951380253,0.032667458057403564
viscosity,full,max,3,141,0.026988038793206215,0.03315732628107071
viscosity,full,max,3,142,0.026984145864844322,0.032207831740379333
viscosity,full,max,3,143,0.02693134732544422,0.03356609120965004
viscosity,full,max,3,144,0.027155471965670586,0.0317678339779377
viscosity,full,max,3,145,0.02686113491654396,0.03244210407137871
viscosity,full,max,3,146,0.026483284309506416,0.031303927302360535
viscosity,full,max,3,147,0.026962770149111748,0.0316973514854908
viscosity,full,max,3,148,0.026168305426836014,0.030594132840633392
viscosity,full,max,3,149,0.026023177430033684,0.032831013202667236
viscosity,full,max,3,150,0.02599336765706539,0.031546156853437424
viscosity,full,max,3,151,0.025920026004314423,0.031042175367474556
viscosity,full,max,3,152,0.025800369679927826,0.03044191189110279
viscosity,full,max,3,153,0.026040371507406235,0.03126843273639679
viscosity,full,max,3,154,0.026140769943594933,0.03208763152360916
viscosity,full,max,3,155,0.025518931448459625,0.03013651631772518
viscosity,full,max,3,156,0.026098469272255898,0.03053949400782585
viscosity,full,max,3,157,0.0251522995531559,0.02933400496840477
viscosity,full,max,3,158,0.02503860928118229,0.030013693496584892
viscosity,full,max,3,159,0.025472238659858704,0.028977129608392715
viscosity,full,max,3,160,0.02474021166563034,0.029913220554590225
viscosity,full,max,3,161,0.024503715336322784,0.028373800218105316
viscosity,full,max,3,162,0.02467978559434414,0.030327264219522476
viscosity,full,max,3,163,0.02445831336081028,0.02956007607281208
viscosity,full,max,3,164,0.02422385849058628,0.028136305510997772
viscosity,full,max,3,165,0.024041956290602684,0.028481002897024155
viscosity,full,max,3,166,0.023921769112348557,0.027952518314123154
viscosity,full,max,3,167,0.02405013144016266,0.029152480885386467
viscosity,full,max,3,168,0.024657314643263817,0.029134564101696014
viscosity,full,max,3,169,0.02415703982114792,0.02738797664642334
viscosity,full,max,3,170,0.02348344959318638,0.030534477904438972
viscosity,full,max,3,171,0.024095481261610985,0.028264489024877548
viscosity,full,max,3,172,0.02376614697277546,0.0287456214427948
viscosity,full,max,3,173,0.023301778361201286,0.02716531977057457
viscosity,full,max,3,174,0.023035142570734024,0.02702077105641365
viscosity,full,max,3,175,0.02312636561691761,0.027278345078229904
viscosity,full,max,3,176,0.02300688438117504,0.02726251818239689
viscosity,full,max,3,177,0.02372947335243225,0.027516232803463936
viscosity,full,max,3,178,0.023148592561483383,0.02613266184926033
viscosity,full,max,3,179,0.02298426814377308,0.02841239422559738
viscosity,full,max,3,180,0.022846098989248276,0.02634035237133503
viscosity,full,max,3,181,0.023488815873861313,0.02791447378695011
viscosity,full,max,3,182,0.023009033873677254,0.028578869998455048
viscosity,full,max,3,183,0.02396523393690586,0.028340253978967667
viscosity,full,max,3,184,0.028498223051428795,0.02850435860455036
viscosity,full,max,3,185,0.024406565353274345,0.02639651671051979
viscosity,full,max,3,186,0.024330908432602882,0.02958652377128601
viscosity,full,max,3,187,0.025304045528173447,0.028064507991075516
viscosity,full,max,3,188,0.023260001093149185,0.028152167797088623
viscosity,full,max,4,1,0.1566649079322815,0.12205566465854645
viscosity,full,max,4,2,0.10074309259653091,0.10017804801464081
viscosity,full,max,4,3,0.0878520980477333,0.09200649708509445
viscosity,full,max,4,4,0.0785176157951355,0.0881219208240509
viscosity,full,max,4,5,0.07609435170888901,0.08387332409620285
viscosity,full,max,4,6,0.07018870115280151,0.08876229077577591
viscosity,full,max,4,7,0.07144204527139664,0.0790449008345604
viscosity,full,max,4,8,0.0676436498761177,0.07522430270910263
viscosity,full,max,4,9,0.06598709523677826,0.07406152039766312
viscosity,full,max,4,10,0.06386744230985641,0.07387565821409225
viscosity,full,max,4,11,0.06341888010501862,0.07298655807971954
viscosity,full,max,4,12,0.06294462829828262,0.07309053093194962
viscosity,full,max,4,13,0.06178241968154907,0.07218664139509201
viscosity,full,max,4,14,0.06096351891756058,0.07173553854227066
viscosity,full,max,4,15,0.06053503602743149,0.07107935845851898
viscosity,full,max,4,16,0.06018704175949097,0.0699678584933281
viscosity,full,max,4,17,0.059422556310892105,0.06888862699270248
viscosity,full,max,4,18,0.05877436324954033,0.06825956702232361
viscosity,full,max,4,19,0.05852654576301575,0.06789955496788025
viscosity,full,max,4,20,0.0578039176762104,0.06613452732563019
viscosity,full,max,4,21,0.057722561061382294,0.06611332297325134
viscosity,full,max,4,22,0.05731050297617912,0.06752792000770569
viscosity,full,max,4,23,0.0564824715256691,0.06538768112659454
viscosity,full,max,4,24,0.057036906480789185,0.06510029733181
viscosity,full,max,4,25,0.05664658546447754,0.06670618057250977
viscosity,full,max,4,26,0.05557796731591225,0.06464239954948425
viscosity,full,max,4,27,0.055608224123716354,0.06526272743940353
viscosity,full,max,4,28,0.05468703806400299,0.06356070935726166
viscosity,full,max,4,29,0.05422910675406456,0.06281580030918121
viscosity,full,max,4,30,0.0543782040476799,0.063985176384449
viscosity,full,max,4,31,0.05316739156842232,0.06184063479304314
viscosity,full,max,4,32,0.05384737625718117,0.06129336357116699
viscosity,full,max,4,33,0.05337073281407356,0.06236104294657707
viscosity,full,max,4,34,0.05232709273695946,0.060983650386333466
viscosity,full,max,4,35,0.05225889012217522,0.06069266051054001
viscosity,full,max,4,36,0.05145180597901344,0.060091640800237656
viscosity,full,max,4,37,0.051079683005809784,0.059870023280382156
viscosity,full,max,4,38,0.051468800753355026,0.05991997569799423
viscosity,full,max,4,39,0.0507064089179039,0.05876635015010834
viscosity,full,max,4,40,0.05086981877684593,0.058825694024562836
viscosity,full,max,4,41,0.049749717116355896,0.05812838301062584
viscosity,full,max,4,42,0.049670375883579254,0.0578983798623085
viscosity,full,max,4,43,0.04876084253191948,0.05718303471803665
viscosity,full,max,4,44,0.0483776293694973,0.057420723140239716
viscosity,full,max,4,45,0.047938503324985504,0.05713704973459244
viscosity,full,max,4,46,0.04764196276664734,0.05677424371242523
viscosity,full,max,4,47,0.04733458161354065,0.05656645447015762
viscosity,full,max,4,48,0.047032859176397324,0.05612923949956894
viscosity,full,max,4,49,0.04685911908745766,0.05557038262486458
viscosity,full,max,4,50,0.04636333882808685,0.05513419583439827
viscosity,full,max,4,51,0.04606785252690315,0.0548231415450573
viscosity,full,max,4,52,0.04566960036754608,0.054264843463897705
viscosity,full,max,4,53,0.04532429575920105,0.05348045378923416
viscosity,full,max,4,54,0.045153625309467316,0.05351642891764641
viscosity,full,max,4,55,0.04473719373345375,0.053960707038640976
viscosity,full,max,4,56,0.04422442987561226,0.053749825805425644
viscosity,full,max,4,57,0.04530652239918709,0.05311693623661995
viscosity,full,max,4,58,0.04533343389630318,0.053161367774009705
viscosity,full,max,4,59,0.04419861361384392,0.05467601865530014
viscosity,full,max,4,60,0.04398784041404724,0.05392944812774658
viscosity,full,max,4,61,0.04395364224910736,0.052791528403759
viscosity,full,max,4,62,0.04577987641096115,0.051523514091968536
viscosity,full,max,4,63,0.04320654273033142,0.05249655619263649
viscosity,full,max,4,64,0.04257182776927948,0.05213286727666855
viscosity,full,max,4,65,0.04333456605672836,0.05084080994129181
viscosity,full,max,4,66,0.041861098259687424,0.05059346184134483
viscosity,full,max,4,67,0.04101097211241722,0.051212526857852936
viscosity,full,max,4,68,0.04147671163082123,0.05074102059006691
viscosity,full,max,4,69,0.04119844734668732,0.05011366307735443
viscosity,full,max,4,70,0.04036621376872063,0.04997226968407631
viscosity,full,max,4,71,0.04066633805632591,0.049650415778160095
viscosity,full,max,4,72,0.03959009796380997,0.051050953567028046
viscosity,full,max,4,73,0.04074743390083313,0.04932374134659767
viscosity,full,max,4,74,0.03959127143025398,0.04972964897751808
viscosity,full,max,4,75,0.0391877107322216,0.050120189785957336
viscosity,full,max,4,76,0.04007919877767563,0.04896185174584389
viscosity,full,max,4,77,0.039019130170345306,0.048823244869709015
viscosity,full,max,4,78,0.038734547793865204,0.04816499724984169
viscosity,full,max,4,79,0.03809313848614693,0.04800661653280258
viscosity,full,max,4,80,0.0385776087641716,0.04783017933368683
viscosity,full,max,4,81,0.03812238574028015,0.047014493495225906
viscosity,full,max,4,82,0.03755737841129303,0.048547010868787766
viscosity,full,max,4,83,0.03808208554983139,0.04678221419453621
viscosity,full,max,4,84,0.037922535091638565,0.04781021177768707
viscosity,full,max,4,85,0.03731195628643036,0.04758695513010025
viscosity,full,max,4,86,0.03665542975068092,0.04742330312728882
viscosity,full,max,4,87,0.03819257766008377,0.04626915603876114
viscosity,full,max,4,88,0.03725023195147514,0.04637860506772995
viscosity,full,max,4,89,0.03592219948768616,0.04736628383398056
viscosity,full,max,4,90,0.036540549248456955,0.04625892639160156
viscosity,full,max,4,91,0.03626076504588127,0.04564424604177475
viscosity,full,max,4,92,0.03607838228344917,0.04676548391580582
viscosity,full,max,4,93,0.0351826436817646,0.0469355545938015
viscosity,full,max,4,94,0.0352819599211216,0.04700397700071335
viscosity,full,max,4,95,0.03528616949915886,0.045492544770240784
viscosity,full,max,4,96,0.03464675694704056,0.045478127896785736
viscosity,full,max,4,97,0.034344691783189774,0.045202746987342834
viscosity,full,max,4,98,0.03405020013451576,0.044678762555122375
viscosity,full,max,4,99,0.03395925089716911,0.044875986874103546
viscosity,full,max,4,100,0.0342039130628109,0.044166021049022675
viscosity,full,max,4,101,0.033470891416072845,0.04371481388807297
viscosity,full,max,4,102,0.033256642520427704,0.04499470442533493
viscosity,full,max,4,103,0.03429204970598221,0.04426681995391846
viscosity,full,max,4,104,0.03267722204327583,0.044155873358249664
viscosity,full,max,4,105,0.03294338658452034,0.044054463505744934
viscosity,full,max,4,106,0.032507218420505524,0.04334902763366699
viscosity,full,max,4,107,0.03215346112847328,0.04326110705733299
viscosity,full,max,4,108,0.0319785550236702,0.04361465200781822
viscosity,full,max,4,109,0.03166904300451279,0.043057285249233246
viscosity,full,max,4,110,0.03181885927915573,0.04287826269865036
viscosity,full,max,4,111,0.031650610268116,0.04285011067986488
viscosity,full,max,4,112,0.03105415403842926,0.043346986174583435
viscosity,full,max,4,113,0.03130047768354416,0.042856328189373016
viscosity,full,max,4,114,0.03141441196203232,0.042002975940704346
viscosity,full,max,4,115,0.03149593621492386,0.04286518320441246
viscosity,full,max,4,116,0.030810952186584473,0.04485737532377243
viscosity,full,max,4,117,0.03084729239344597,0.04252893105149269
viscosity,full,max,4,118,0.030816931277513504,0.042522232979536057
viscosity,full,max,4,119,0.030289283022284508,0.042787931859493256
viscosity,full,max,4,120,0.029540756717324257,0.04158937558531761
viscosity,full,max,4,121,0.029682639986276627,0.041205380111932755
viscosity,full,max,4,122,0.02939716912806034,0.04139139875769615
viscosity,full,max,4,123,0.030574126169085503,0.04105383902788162
viscosity,full,max,4,124,0.029993806034326553,0.040770333260297775
viscosity,full,max,4,125,0.02925935387611389,0.041729964315891266
viscosity,full,max,4,126,0.02934451960027218,0.04063668102025986
viscosity,full,max,4,127,0.02859453298151493,0.04169250279664993
viscosity,full,max,4,128,0.028947405517101288,0.04051020368933678
viscosity,full,max,4,129,0.028566531836986542,0.04036501795053482
viscosity,full,max,4,130,0.02819976583123207,0.04044288024306297
viscosity,full,max,4,131,0.028046652674674988,0.040787696838378906
viscosity,full,max,4,132,0.027639571577310562,0.03993206471204758
viscosity,full,max,4,133,0.027803583070635796,0.039774246513843536
viscosity,full,max,4,134,0.02739291451871395,0.039930470287799835
viscosity,full,max,4,135,0.02729683928191662,0.039444275200366974
viscosity,full,max,4,136,0.027341727167367935,0.04004814475774765
viscosity,full,max,4,137,0.027006005868315697,0.03913635015487671
viscosity,full,max,4,138,0.026954608038067818,0.039390385150909424
viscosity,full,max,4,139,0.02670215629041195,0.040053170174360275
viscosity,full,max,4,140,0.026238778606057167,0.039245590567588806
viscosity,full,max,4,141,0.026266707107424736,0.03932931274175644
viscosity,full,max,4,142,0.026003623381257057,0.03958266228437424
viscosity,full,max,4,143,0.026016518473625183,0.039031095802783966
viscosity,full,max,4,144,0.026288136839866638,0.039668627083301544
viscosity,full,max,4,145,0.026057738810777664,0.039011742919683456
viscosity,full,max,4,146,0.025560352951288223,0.040072910487651825
viscosity,full,max,4,147,0.025596659630537033,0.0395723432302475
viscosity,full,max,4,148,0.025534188374876976,0.03963908925652504
viscosity,full,max,4,149,0.026142403483390808,0.0386958122253418
viscosity,full,max,4,150,0.025178516283631325,0.03798036277294159
viscosity,full,max,4,151,0.025524064898490906,0.03880250081419945
viscosity,full,max,4,152,0.02490423060953617,0.0386640764772892
viscosity,full,max,4,153,0.025286143645644188,0.038715895265340805
viscosity,full,max,4,154,0.024762846529483795,0.039755769073963165
viscosity,full,max,4,155,0.024842265993356705,0.03881996124982834
viscosity,full,max,4,156,0.024949926882982254,0.039448656141757965
viscosity,full,max,4,157,0.02584962733089924,0.03730952739715576
viscosity,full,max,4,158,0.024633973836898804,0.03893440216779709
viscosity,full,max,4,159,0.024594619870185852,0.038014404475688934
viscosity,full,max,4,160,0.025986110791563988,0.03798726946115494
viscosity,full,max,4,161,0.02913098782300949,0.03800418972969055
viscosity,full,max,4,162,0.02529005892574787,0.03736821562051773
viscosity,full,max,4,163,0.02522449754178524,0.03883538395166397
viscosity,full,max,4,164,0.024574056267738342,0.03522016853094101
viscosity,full,max,4,165,0.02446090802550316,0.037212349474430084
viscosity,full,max,4,166,0.02369581162929535,0.0373457595705986
viscosity,full,max,4,167,0.023711202666163445,0.03822062164545059
viscosity,full,max,4,168,0.02340482361614704,0.036896709352731705
viscosity,full,max,4,169,0.023445485159754753,0.036336708813905716
viscosity,full,max,4,170,0.023173894733190536,0.03628844767808914
viscosity,full,max,4,171,0.023218488320708275,0.0363825298845768
viscosity,full,max,4,172,0.022609272971749306,0.0374266691505909
viscosity,full,max,4,173,0.022374924272298813,0.03580377995967865
viscosity,full,max,4,174,0.02294085919857025,0.03705652058124542
viscosity,full,max,5,1,0.2151973843574524,0.11513546854257584
viscosity,full,max,5,2,0.11517079174518585,0.11234824359416962
viscosity,full,max,5,3,0.08922763913869858,0.07831871509552002
viscosity,full,max,5,4,0.07675914466381073,0.07420805096626282
viscosity,full,max,5,5,0.07547437399625778,0.06897781789302826
viscosity,full,max,5,6,0.06880457699298859,0.07196903973817825
viscosity,full,max,5,7,0.06764480471611023,0.06636764109134674
viscosity,full,max,5,8,0.06503690034151077,0.06253040581941605
viscosity,full,max,5,9,0.06314658373594284,0.06272118538618088
viscosity,full,max,5,10,0.0609571635723114,0.06243307143449783
viscosity,full,max,5,11,0.06002945825457573,0.062039971351623535
viscosity,full,max,5,12,0.06016926467418671,0.06233460083603859
viscosity,full,max,5,13,0.06088517978787422,0.06279341876506805
viscosity,full,max,5,14,0.06001528725028038,0.06436260044574738
viscosity,full,max,5,15,0.058592937886714935,0.06642209738492966
viscosity,full,max,5,16,0.058099955320358276,0.06349825859069824
viscosity,full,max,5,17,0.057183779776096344,0.06342904269695282
viscosity,full,max,5,18,0.05691901594400406,0.06304940581321716
viscosity,full,max,5,19,0.056121379137039185,0.06427566707134247
viscosity,full,max,5,20,0.05615273118019104,0.06358157843351364
viscosity,full,max,5,21,0.055955372750759125,0.06261272728443146
viscosity,full,flatten,1,1,0.19052673876285553,0.16501082479953766
viscosity,full,flatten,1,2,0.14541488885879517,0.08922867476940155
viscosity,full,flatten,1,3,0.0782477930188179,0.07344120740890503
viscosity,full,flatten,1,4,0.08931833505630493,0.06585213541984558
viscosity,full,flatten,1,5,0.07251065224409103,0.06136210262775421
viscosity,full,flatten,1,6,0.07168175280094147,0.07218734174966812
viscosity,full,flatten,1,7,0.0707336813211441,0.057221632450819016
viscosity,full,flatten,1,8,0.0656430721282959,0.05954568088054657
viscosity,full,flatten,1,9,0.06761577725410461,0.05734160169959068
viscosity,full,flatten,1,10,0.062331922352313995,0.06047952175140381
viscosity,full,flatten,1,11,0.0649920329451561,0.06140313297510147
viscosity,full,flatten,1,12,0.06304167956113815,0.05613035708665848
viscosity,full,flatten,1,13,0.06211385875940323,0.05597365275025368
viscosity,full,flatten,1,14,0.0620855875313282,0.05608789622783661
viscosity,full,flatten,1,15,0.0620184987783432,0.058603815734386444
viscosity,full,flatten,1,16,0.06178652495145798,0.05643172562122345
viscosity,full,flatten,1,17,0.06057427451014519,0.05625945329666138
viscosity,full,flatten,1,18,0.06052014231681824,0.05639380216598511
viscosity,full,flatten,1,19,0.06027502939105034,0.05669645220041275
viscosity,full,flatten,1,20,0.059999626129865646,0.05743904411792755
viscosity,full,flatten,1,21,0.05992685258388519,0.05671347677707672
viscosity,full,flatten,1,22,0.059576816856861115,0.05670986697077751
viscosity,full,flatten,1,23,0.059455499053001404,0.05653613805770874
viscosity,full,flatten,2,1,0.14520131051540375,0.14235301315784454
viscosity,full,flatten,2,2,0.10689584165811539,0.08123179525136948
viscosity,full,flatten,2,3,0.07000045478343964,0.08930827677249908
viscosity,full,flatten,2,4,0.07779695838689804,0.07242710143327713
viscosity,full,flatten,2,5,0.06468994915485382,0.07970280200242996
viscosity,full,flatten,2,6,0.06859037280082703,0.07987097650766373
viscosity,full,flatten,2,7,0.06419369578361511,0.07101745903491974
viscosity,full,flatten,2,8,0.06261872500181198,0.07329394668340683
viscosity,full,flatten,2,9,0.06315069645643234,0.07237789034843445
viscosity,full,flatten,2,10,0.0608266219496727,0.075944684445858
viscosity,full,flatten,2,11,0.06126546487212181,0.07332874089479446
viscosity,full,flatten,2,12,0.059855781495571136,0.07046235352754593
viscosity,full,flatten,2,13,0.06016699969768524,0.07012566924095154
viscosity,full,flatten,2,14,0.05910246819257736,0.07164862006902695
viscosity,full,flatten,2,15,0.05927695333957672,0.07275006175041199
viscosity,full,flatten,2,16,0.058777663856744766,0.06961291283369064
viscosity,full,flatten,2,17,0.058424368500709534,0.06837914884090424
viscosity,full,flatten,2,18,0.05819571763277054,0.06886912882328033
viscosity,full,flatten,2,19,0.05766558274626732,0.06973026692867279
viscosity,full,flatten,2,20,0.05764466151595116,0.06942454725503922
viscosity,full,flatten,2,21,0.05729686841368675,0.06776054203510284
viscosity,full,flatten,2,22,0.057136762887239456,0.06806395947933197
viscosity,full,flatten,2,23,0.056664250791072845,0.06888711452484131
viscosity,full,flatten,2,24,0.05662045627832413,0.0692872405052185
viscosity,full,flatten,2,25,0.05634527653455734,0.0671127662062645
viscosity,full,flatten,2,26,0.05597185716032982,0.06672022491693497
viscosity,full,flatten,2,27,0.05568870157003403,0.06677147001028061
viscosity,full,flatten,2,28,0.055557217448949814,0.06716135889291763
viscosity,full,flatten,2,29,0.05531404912471771,0.06541503965854645
viscosity,full,flatten,2,30,0.055065445601940155,0.06573692709207535
viscosity,full,flatten,2,31,0.05500363931059837,0.06695722788572311
viscosity,full,flatten,2,32,0.05451677739620209,0.06492125242948532
viscosity,full,flatten,2,33,0.054419565945863724,0.06420908868312836
viscosity,full,flatten,2,34,0.05402833968400955,0.06543438136577606
viscosity,full,flatten,2,35,0.053771164268255234,0.06505347788333893
viscosity,full,flatten,2,36,0.05366307124495506,0.06453508883714676
viscosity,full,flatten,2,37,0.05320042744278908,0.06318574398756027
viscosity,full,flatten,2,38,0.05313617363572121,0.06397689133882523
viscosity,full,flatten,2,39,0.05277533456683159,0.06407500803470612
viscosity,full,flatten,2,40,0.05250474438071251,0.06388978660106659
viscosity,full,flatten,2,41,0.052352339029312134,0.0632452741265297
viscosity,full,flatten,2,42,0.052019957453012466,0.06265941262245178
viscosity,full,flatten,2,43,0.05177108198404312,0.06195172294974327
viscosity,full,flatten,2,44,0.05172628164291382,0.06254886090755463
viscosity,full,flatten,2,45,0.051265764981508255,0.06141345202922821
viscosity,full,flatten,2,46,0.05170602351427078,0.06085176765918732
viscosity,full,flatten,2,47,0.05076472461223602,0.06422155350446701
viscosity,full,flatten,2,48,0.05099616199731827,0.06151757389307022
viscosity,full,flatten,2,49,0.050755083560943604,0.059403810650110245
viscosity,full,flatten,2,50,0.05046788230538368,0.06275349110364914
viscosity,full,flatten,2,51,0.050062134861946106,0.06131657212972641
viscosity,full,flatten,2,52,0.0498269647359848,0.059652455151081085
viscosity,full,flatten,2,53,0.049378421157598495,0.06137079745531082
viscosity,full,flatten,2,54,0.049787938594818115,0.06089501827955246
viscosity,full,flatten,2,55,0.049210336059331894,0.058581605553627014
viscosity,full,flatten,2,56,0.048945438116788864,0.06092941015958786
viscosity,full,flatten,2,57,0.048921190202236176,0.06146653741598129
viscosity,full,flatten,2,58,0.04892580956220627,0.05709706246852875
viscosity,full,flatten,2,59,0.048233114182949066,0.0597199946641922
viscosity,full,flatten,2,60,0.048012420535087585,0.06088913977146149
viscosity,full,flatten,2,61,0.04776560142636299,0.058186911046504974
viscosity,full,flatten,2,62,0.04731925204396248,0.058489877730607986
viscosity,full,flatten,2,63,0.04718874767422676,0.05956953391432762
viscosity,full,flatten,2,64,0.04692307487130165,0.05724678933620453
viscosity,full,flatten,2,65,0.04671503230929375,0.05762290582060814
viscosity,full,flatten,2,66,0.04635888710618019,0.058211326599121094
viscosity,full,flatten,2,67,0.04625444859266281,0.05734490975737572
viscosity,full,flatten,2,68,0.04607776179909706,0.0565158948302269
viscosity,full,flatten,2,69,0.04637441784143448,0.05849819630384445
viscosity,full,flatten,2,70,0.04585438594222069,0.05615058168768883
viscosity,full,flatten,2,71,0.0454440675675869,0.05737363547086716
viscosity,full,flatten,2,72,0.045230455696582794,0.057991139590740204
viscosity,full,flatten,2,73,0.04513588547706604,0.0553835853934288
viscosity,full,flatten,2,74,0.044719599187374115,0.05730567127466202
viscosity,full,flatten,2,75,0.0445113442838192,0.05671572685241699
viscosity,full,flatten,2,76,0.044165968894958496,0.05510761961340904
viscosity,full,flatten,2,77,0.04416252300143242,0.055684976279735565
viscosity,full,flatten,2,78,0.04376516491174698,0.05751333013176918
viscosity,full,flatten,2,79,0.04391130059957504,0.05627835541963577
viscosity,full,flatten,2,80,0.04341128468513489,0.05578463524580002
viscosity,full,flatten,2,81,0.04334036260843277,0.056040823459625244
viscosity,full,flatten,2,82,0.04300812631845474,0.05647049844264984
viscosity,full,flatten,2,83,0.043016575276851654,0.055965349078178406
viscosity,full,flatten,2,84,0.04318510740995407,0.05369894206523895
viscosity,full,flatten,2,85,0.04274921491742134,0.05735624581575394
viscosity,full,flatten,2,86,0.04245061054825783,0.053938329219818115
viscosity,full,flatten,2,87,0.0422704853117466,0.055941563099622726
viscosity,full,flatten,2,88,0.041696347296237946,0.054834671318531036
viscosity,full,flatten,2,89,0.041587673127651215,0.0539134182035923
viscosity,full,flatten,2,90,0.04147454723715782,0.05489656701683998
viscosity,full,flatten,2,91,0.04123115912079811,0.054808396846055984
viscosity,full,flatten,2,92,0.041022032499313354,0.053143084049224854
viscosity,full,flatten,2,93,0.040830373764038086,0.05546760559082031
viscosity,full,flatten,2,94,0.04058007523417473,0.05392073094844818
viscosity,full,flatten,2,95,0.04028886929154396,0.05442346632480621
viscosity,full,flatten,2,96,0.04017740115523338,0.05431263893842697
viscosity,full,flatten,2,97,0.039974335581064224,0.053148552775382996
viscosity,full,flatten,2,98,0.040007032454013824,0.05581456795334816
viscosity,full,flatten,2,99,0.040063321590423584,0.05338164418935776
viscosity,full,flatten,2,100,0.03953985497355461,0.055064573884010315
viscosity,full,flatten,2,101,0.03935394808650017,0.05286499112844467
viscosity,full,flatten,2,102,0.03902452439069748,0.05444896221160889
viscosity,full,flatten,2,103,0.03893866017460823,0.05399390310049057
viscosity,full,flatten,2,104,0.03913436830043793,0.053049132227897644
viscosity,full,flatten,2,105,0.03875820338726044,0.055305399000644684
viscosity,full,flatten,2,106,0.03840296342968941,0.052058178931474686
viscosity,full,flatten,2,107,0.038324274122714996,0.0549502894282341
viscosity,full,flatten,2,108,0.03805937618017197,0.05339118465781212
viscosity,full,flatten,2,109,0.037677835673093796,0.052248794585466385
viscosity,full,flatten,2,110,0.037512119859457016,0.05325585603713989
viscosity,full,flatten,2,111,0.03748365119099617,0.05312192812561989
viscosity,full,flatten,2,112,0.0371561199426651,0.05391225963830948
viscosity,full,flatten,2,113,0.03699728846549988,0.05332878977060318
viscosity,full,flatten,2,114,0.03685899078845978,0.053414344787597656
viscosity,full,flatten,2,115,0.03668319806456566,0.05293435603380203
viscosity,full,flatten,2,116,0.036589812487363815,0.05194499343633652
viscosity,full,flatten,2,117,0.036435503512620926,0.05471285432577133
viscosity,full,flatten,2,118,0.036250241100788116,0.05290059745311737
viscosity,full,flatten,2,119,0.03629573434591293,0.05336969345808029
viscosity,full,flatten,2,120,0.036430954933166504,0.05455813184380531
viscosity,full,flatten,2,121,0.035905275493860245,0.050593044608831406
viscosity,full,flatten,2,122,0.0356663316488266,0.05450868606567383
viscosity,full,flatten,2,123,0.035396285355091095,0.05302586406469345
viscosity,full,flatten,2,124,0.03520768880844116,0.05215005576610565
viscosity,full,flatten,2,125,0.03500841557979584,0.05257293954491615
viscosity,full,flatten,2,126,0.03543667495250702,0.051739368587732315
viscosity,full,flatten,2,127,0.035533055663108826,0.052222590893507004
viscosity,full,flatten,2,128,0.035143423825502396,0.055778618901968
viscosity,full,flatten,2,129,0.0344342477619648,0.050485484302043915
viscosity,full,flatten,2,130,0.03483938053250313,0.052327994257211685
viscosity,full,flatten,2,131,0.034373119473457336,0.05356312170624733
viscosity,full,flatten,2,132,0.03408346697688103,0.049646809697151184
viscosity,full,flatten,2,133,0.034206047654151917,0.05189022049307823
viscosity,full,flatten,2,134,0.03366199880838394,0.05270838737487793
viscosity,full,flatten,2,135,0.033429261296987534,0.04959811270236969
viscosity,full,flatten,2,136,0.0333949439227581,0.05108267813920975
viscosity,full,flatten,2,137,0.03324617072939873,0.05171600729227066
viscosity,full,flatten,2,138,0.03291310369968414,0.05050407350063324
viscosity,full,flatten,2,139,0.03272930905222893,0.05102776736021042
viscosity,full,flatten,2,140,0.03247179836034775,0.050640545785427094
viscosity,full,flatten,2,141,0.03247456252574921,0.050013329833745956
viscosity,full,flatten,2,142,0.032398127019405365,0.0510074682533741
viscosity,full,flatten,2,143,0.03207845613360405,0.04989883676171303
viscosity,full,flatten,2,144,0.03209144249558449,0.049822669476270676
viscosity,full,flatten,2,145,0.03204992040991783,0.051691558212041855
viscosity,full,flatten,3,1,0.3285360336303711,0.08787228167057037
viscosity,full,flatten,3,2,0.141740083694458,0.0799827054142952
viscosity,full,flatten,3,3,0.0783902183175087,0.08859670162200928
viscosity,full,flatten,3,4,0.0896819680929184,0.07062608003616333
viscosity,full,flatten,3,5,0.06827019900083542,0.06290766596794128
viscosity,full,flatten,3,6,0.06977666169404984,0.062251072376966476
viscosity,full,flatten,3,7,0.06422308087348938,0.06198621541261673
viscosity,full,flatten,3,8,0.06405378878116608,0.06380821764469147
viscosity,full,flatten,3,9,0.06321964412927628,0.05858053267002106
viscosity,full,flatten,3,10,0.061462197452783585,0.0580252930521965
viscosity,full,flatten,3,11,0.060614753514528275,0.059009477496147156
viscosity,full,flatten,3,12,0.0602063350379467,0.05770939588546753
viscosity,full,flatten,3,13,0.06025424972176552,0.05778266489505768
viscosity,full,flatten,3,14,0.05998208746314049,0.059703268110752106
viscosity,full,flatten,3,15,0.05967529118061066,0.05886245518922806
viscosity,full,flatten,3,16,0.05875077098608017,0.05886414274573326
viscosity,full,flatten,3,17,0.0592026486992836,0.058940526098012924
viscosity,full,flatten,3,18,0.05817844346165657,0.0606757253408432
viscosity,full,flatten,3,19,0.05817024037241936,0.05868498980998993
viscosity,full,flatten,3,20,0.057578809559345245,0.05816430598497391
viscosity,full,flatten,3,21,0.057040758430957794,0.05852893739938736
viscosity,full,flatten,3,22,0.05702105909585953,0.058345139026641846
viscosity,full,flatten,4,1,0.08024151623249054,0.08085794746875763
viscosity,full,flatten,4,2,0.06966353952884674,0.07838770002126694
viscosity,full,flatten,4,3,0.06739156693220139,0.07796364277601242
viscosity,full,flatten,4,4,0.06967465579509735,0.09272479265928268
viscosity,full,flatten,4,5,0.06935440748929977,0.07557688653469086
viscosity,full,flatten,4,6,0.06386031210422516,0.0819353312253952
viscosity,full,flatten,4,7,0.06583311408758163,0.07052730768918991
viscosity,full,flatten,4,8,0.06343718618154526,0.07342327386140823
viscosity,full,flatten,4,9,0.06185457855463028,0.0715845450758934
viscosity,full,flatten,4,10,0.06285636872053146,0.07457025349140167
viscosity,full,flatten,4,11,0.06121418997645378,0.07164858281612396
viscosity,full,flatten,4,12,0.060740869492292404,0.07041334360837936
viscosity,full,flatten,4,13,0.06064169853925705,0.07301986217498779
viscosity,full,flatten,4,14,0.061879221349954605,0.06915955245494843
viscosity,full,flatten,4,15,0.061089761555194855,0.07026234269142151
viscosity,full,flatten,4,16,0.05951877310872078,0.06899922341108322
viscosity,full,flatten,4,17,0.059440162032842636,0.06826093047857285
viscosity,full,flatten,4,18,0.05837813764810562,0.06879045069217682
viscosity,full,flatten,4,19,0.0572487898170948,0.06679757684469223
viscosity,full,flatten,4,20,0.057377323508262634,0.06741361320018768
viscosity,full,flatten,4,21,0.05725228413939476,0.0687481164932251
viscosity,full,flatten,4,22,0.05703037604689598,0.06644278764724731
viscosity,full,flatten,4,23,0.05540602281689644,0.06557675451040268
viscosity,full,flatten,4,24,0.05482911318540573,0.06630606949329376
viscosity,full,flatten,4,25,0.05451177805662155,0.06452769786119461
viscosity,full,flatten,4,26,0.054727353155612946,0.0667555034160614
viscosity,full,flatten,4,27,0.05493801087141037,0.06426388025283813
viscosity,full,flatten,4,28,0.05516837164759636,0.064262755215168
viscosity,full,flatten,4,29,0.05322659760713577,0.06289196014404297
viscosity,full,flatten,4,30,0.05262942612171173,0.06314972043037415
viscosity,full,flatten,4,31,0.05228397622704506,0.06118064373731613
viscosity,full,flatten,4,32,0.05221845954656601,0.06123445928096771
viscosity,full,flatten,4,33,0.05188744142651558,0.06119854003190994
viscosity,full,flatten,4,34,0.05096152052283287,0.06235384941101074
viscosity,full,flatten,4,35,0.05054238438606262,0.06104020029306412
viscosity,full,flatten,4,36,0.052709925919771194,0.06144186481833458
viscosity,full,flatten,4,37,0.05089065432548523,0.059867970645427704
viscosity,full,flatten,4,38,0.05046821013092995,0.0591636523604393
viscosity,full,flatten,4,39,0.05004438757896423,0.06004438176751137
viscosity,full,flatten,4,40,0.050028327852487564,0.06015906482934952
viscosity,full,flatten,4,41,0.05071915313601494,0.06173437833786011
viscosity,full,flatten,4,42,0.053916338831186295,0.05809415876865387
viscosity,full,flatten,4,43,0.05075738579034805,0.06030014529824257
viscosity,full,flatten,4,44,0.04867519810795784,0.060131900012493134
viscosity,full,flatten,4,45,0.048237837851047516,0.05862448364496231
viscosity,full,flatten,4,46,0.04719054326415062,0.057013824582099915
viscosity,full,flatten,4,47,0.047072287648916245,0.057241566479206085
viscosity,full,flatten,4,48,0.046846505254507065,0.059674620628356934
viscosity,full,flatten,4,49,0.047081563621759415,0.05720887333154678
viscosity,full,flatten,4,50,0.04586396738886833,0.056462764739990234
viscosity,full,flatten,4,51,0.04543974623084068,0.05595090612769127
viscosity,full,flatten,4,52,0.045292384922504425,0.05582784116268158
viscosity,full,flatten,4,53,0.04492829367518425,0.05566424876451492
viscosity,full,flatten,4,54,0.04485812410712242,0.05563736706972122
viscosity,full,flatten,4,55,0.044339053332805634,0.05501045659184456
viscosity,full,flatten,4,56,0.04404083266854286,0.05582350492477417
viscosity,full,flatten,4,57,0.044308338314294815,0.05589773505926132
viscosity,full,flatten,4,58,0.04442872479557991,0.0541481114923954
viscosity,full,flatten,4,59,0.044792864471673965,0.05605301633477211
viscosity,full,flatten,4,60,0.04433615133166313,0.054657503962516785
viscosity,full,flatten,4,61,0.042796675115823746,0.05250297486782074
viscosity,full,flatten,4,62,0.04511683061718941,0.0540865920484066
viscosity,full,flatten,4,63,0.04347741976380348,0.05419528856873512
viscosity,full,flatten,4,64,0.042870741337537766,0.052978064864873886
viscosity,full,flatten,4,65,0.0413939468562603,0.05254731327295303
viscosity,full,flatten,4,66,0.041225187480449677,0.052255310118198395
viscosity,full,flatten,4,67,0.040508899837732315,0.05263151973485947
viscosity,full,flatten,4,68,0.04061959311366081,0.05325771123170853
viscosity,full,flatten,4,69,0.04078475758433342,0.0516732856631279
viscosity,full,flatten,4,70,0.04043600708246231,0.05175183713436127
viscosity,full,flatten,4,71,0.03991900384426117,0.053645484149456024
viscosity,full,flatten,4,72,0.0419810488820076,0.05247270315885544
viscosity,full,flatten,4,73,0.03931770101189613,0.050377193838357925
viscosity,full,flatten,4,74,0.03956788405776024,0.051271066069602966
viscosity,full,flatten,4,75,0.03919339179992676,0.05087456852197647
viscosity,full,flatten,4,76,0.040265318006277084,0.051138557493686676
viscosity,full,flatten,4,77,0.03861253708600998,0.051110949367284775
viscosity,full,flatten,4,78,0.03877607733011246,0.05005244165658951
viscosity,full,flatten,4,79,0.038039181381464005,0.04920787364244461
viscosity,full,flatten,4,80,0.03802655637264252,0.049398668110370636
viscosity,full,flatten,4,81,0.03759656846523285,0.04937136545777321
viscosity,full,flatten,4,82,0.03747185319662094,0.04872829467058182
viscosity,full,flatten,4,83,0.037287626415491104,0.04907526075839996
viscosity,full,flatten,4,84,0.03676914796233177,0.048845503479242325
viscosity,full,flatten,4,85,0.03716760873794556,0.04728060960769653
viscosity,full,flatten,4,86,0.036410439759492874,0.04861410707235336
viscosity,full,flatten,4,87,0.03738744184374809,0.049601562321186066
viscosity,full,flatten,4,88,0.0373891182243824,0.04813919961452484
viscosity,full,flatten,4,89,0.03619588166475296,0.047653310000896454
viscosity,full,flatten,4,90,0.03574199602007866,0.04812607914209366
viscosity,full,flatten,4,91,0.035113025456666946,0.047535672783851624
viscosity,full,flatten,4,92,0.03479042276740074,0.04742993414402008
viscosity,full,flatten,4,93,0.03438660874962807,0.04781832918524742
viscosity,full,flatten,4,94,0.0343615896999836,0.046693794429302216
viscosity,full,flatten,4,95,0.03416689485311508,0.04678630828857422
viscosity,full,flatten,4,96,0.033952828496694565,0.04714319854974747
viscosity,full,flatten,4,97,0.03379987180233002,0.045987144112586975
viscosity,full,flatten,4,98,0.033921655267477036,0.04517444595694542
viscosity,full,flatten,4,99,0.033384259790182114,0.045980699360370636
viscosity,full,flatten,4,100,0.03357735648751259,0.04623451083898544
viscosity,full,flatten,4,101,0.03335412219166756,0.045937564224004745
viscosity,full,flatten,4,102,0.033260032534599304,0.04528028517961502
viscosity,full,flatten,4,103,0.033239834010601044,0.04630807787179947
viscosity,full,flatten,4,104,0.03234463930130005,0.04616224020719528
viscosity,full,flatten,4,105,0.03255028277635574,0.04546941816806793
viscosity,full,flatten,4,106,0.032357554882764816,0.04555113986134529
viscosity,full,flatten,4,107,0.03249569609761238,0.04539515823125839
viscosity,full,flatten,4,108,0.03246590495109558,0.04480181634426117
viscosity,full,flatten,4,109,0.031463414430618286,0.04555899649858475
viscosity,full,flatten,4,110,0.031120888888835907,0.04421621561050415
viscosity,full,flatten,4,111,0.03138739615678787,0.04352574795484543
viscosity,full,flatten,4,112,0.0306748915463686,0.04413747042417526
viscosity,full,flatten,4,113,0.031423866748809814,0.045018520206213
viscosity,full,flatten,4,114,0.03164558857679367,0.04553474485874176
viscosity,full,flatten,4,115,0.031359318643808365,0.045415546745061874
viscosity,full,flatten,4,116,0.03247658908367157,0.044018566608428955
viscosity,full,flatten,4,117,0.03127777948975563,0.045162446796894073
viscosity,full,flatten,4,118,0.031331002712249756,0.04447592794895172
viscosity,full,flatten,4,119,0.03124021179974079,0.04503462463617325
viscosity,full,flatten,4,120,0.02994435653090477,0.04452724754810333
viscosity,full,flatten,4,121,0.03102719970047474,0.04215433821082115
viscosity,full,flatten,4,122,0.029500622302293777,0.04413345083594322
viscosity,full,flatten,4,123,0.03039960004389286,0.042672012001276016
viscosity,full,flatten,4,124,0.02951733209192753,0.0444759801030159
viscosity,full,flatten,4,125,0.029694795608520508,0.04276169836521149
viscosity,full,flatten,4,126,0.02894708327949047,0.04386499151587486
viscosity,full,flatten,4,127,0.029802052304148674,0.042576864361763
viscosity,full,flatten,4,128,0.028946129605174065,0.04346434026956558
viscosity,full,flatten,4,129,0.028355564922094345,0.04204612225294113
viscosity,full,flatten,4,130,0.02897244319319725,0.041508570313453674
viscosity,full,flatten,4,131,0.02783777192234993,0.041780922561883926
viscosity,full,flatten,4,132,0.02885560691356659,0.041537798941135406
viscosity,full,flatten,4,133,0.02828524447977543,0.04217901453375816
viscosity,full,flatten,4,134,0.028297046199440956,0.04145194590091705
viscosity,full,flatten,4,135,0.028089262545108795,0.04137001931667328
viscosity,full,flatten,4,136,0.027791323140263557,0.04108027368783951
viscosity,full,flatten,4,137,0.0277772955596447,0.04153178632259369
viscosity,full,flatten,4,138,0.026990480720996857,0.04193119704723358
viscosity,full,flatten,4,139,0.027380740270018578,0.04117337614297867
viscosity,full,flatten,4,140,0.026818685233592987,0.04104100912809372
viscosity,full,flatten,4,141,0.026863273233175278,0.04161730036139488
viscosity,full,flatten,4,142,0.027241036295890808,0.041033342480659485
viscosity,full,flatten,4,143,0.02660793997347355,0.042732737958431244
viscosity,full,flatten,4,144,0.029088033363223076,0.03951876983046532
viscosity,full,flatten,4,145,0.026309672743082047,0.04171424359083176
viscosity,full,flatten,4,146,0.027401212602853775,0.04082540422677994
viscosity,full,flatten,4,147,0.028294840827584267,0.04109172523021698
viscosity,full,flatten,4,148,0.027227237820625305,0.039733145385980606
viscosity,full,flatten,4,149,0.02770494669675827,0.040037110447883606
viscosity,full,flatten,4,150,0.02736978977918625,0.04243829473853111
viscosity,full,flatten,4,151,0.026904413476586342,0.03861039876937866
viscosity,full,flatten,4,152,0.026064841076731682,0.03960724174976349
viscosity,full,flatten,4,153,0.026664409786462784,0.04058476537466049
viscosity,full,flatten,4,154,0.02576107159256935,0.04016582667827606
viscosity,full,flatten,4,155,0.025452837347984314,0.038067515939474106
viscosity,full,flatten,4,156,0.025051966309547424,0.03961636871099472
viscosity,full,flatten,4,157,0.025676850229501724,0.0396328903734684
viscosity,full,flatten,4,158,0.02474699541926384,0.038349635899066925
viscosity,full,flatten,4,159,0.024373183026909828,0.03804316371679306
viscosity,full,flatten,4,160,0.025805797427892685,0.04100417345762253
viscosity,full,flatten,4,161,0.027325930073857307,0.039621539413928986
viscosity,full,flatten,4,162,0.02535969577729702,0.04010923206806183
viscosity,full,flatten,4,163,0.025160547345876694,0.03715868294239044
viscosity,full,flatten,4,164,0.025783972814679146,0.03868729621171951
viscosity,full,flatten,4,165,0.02542027458548546,0.03836468607187271
viscosity,full,flatten,4,166,0.025190072134137154,0.04014670103788376
viscosity,full,flatten,4,167,0.025207163766026497,0.0379447340965271
viscosity,full,flatten,4,168,0.025469781830906868,0.039495714008808136
viscosity,full,flatten,4,169,0.024558255448937416,0.03741930052638054
viscosity,full,flatten,4,170,0.023741688579320908,0.03709422051906586
viscosity,full,flatten,4,171,0.023035092279314995,0.036942340433597565
viscosity,full,flatten,4,172,0.02323511242866516,0.03710819035768509
viscosity,full,flatten,4,173,0.022884925827383995,0.038441579788923264
viscosity,full,flatten,4,174,0.02275659702718258,0.037041179835796356
viscosity,full,flatten,4,175,0.022554917261004448,0.035925254225730896
viscosity,full,flatten,4,176,0.02292991802096367,0.03751225769519806
viscosity,full,flatten,4,177,0.022803282365202904,0.03562337905168533
viscosity,full,flatten,4,178,0.02226538211107254,0.035510141402482986
viscosity,full,flatten,4,179,0.02224753051996231,0.03572541102766991
viscosity,full,flatten,4,180,0.022101616486907005,0.03715688735246658
viscosity,full,flatten,4,181,0.022135423496365547,0.03688576817512512
viscosity,full,flatten,4,182,0.021733785048127174,0.035880181938409805
viscosity,full,flatten,4,183,0.021871790289878845,0.0353909432888031
viscosity,full,flatten,4,184,0.021737122908234596,0.03550148755311966
viscosity,full,flatten,4,185,0.0218117143958807,0.03805210441350937
viscosity,full,flatten,4,186,0.021936874836683273,0.035980068147182465
viscosity,full,flatten,4,187,0.02167065255343914,0.03510673716664314
viscosity,full,flatten,4,188,0.022271445021033287,0.035695843398571014
viscosity,full,flatten,4,189,0.022680316120386124,0.03509700298309326
viscosity,full,flatten,4,190,0.022810962051153183,0.03391886129975319
viscosity,full,flatten,4,191,0.021174322813749313,0.035534217953681946
viscosity,full,flatten,4,192,0.021286694332957268,0.0344662144780159
viscosity,full,flatten,4,193,0.021741006523370743,0.035108041018247604
viscosity,full,flatten,4,194,0.02152438834309578,0.03482121229171753
viscosity,full,flatten,4,195,0.021736640483140945,0.03571700304746628
viscosity,full,flatten,4,196,0.022006448358297348,0.034143220633268356
viscosity,full,flatten,4,197,0.021424077451229095,0.03658579662442207
viscosity,full,flatten,4,198,0.021471144631505013,0.035289354622364044
viscosity,full,flatten,4,199,0.02127949893474579,0.03340519592165947
viscosity,full,flatten,4,200,0.020809248089790344,0.03468317911028862
viscosity,full,flatten,4,201,0.02136216312646866,0.03522802144289017
viscosity,full,flatten,4,202,0.022656841203570366,0.03936189413070679
viscosity,full,flatten,4,203,0.023211825639009476,0.034729305654764175
viscosity,full,flatten,4,204,0.022818539291620255,0.03633863478899002
viscosity,full,flatten,4,205,0.02100914902985096,0.033627480268478394
viscosity,full,flatten,4,206,0.02107999473810196,0.037848297506570816
viscosity,full,flatten,4,207,0.02223828062415123,0.03428441658616066
viscosity,full,flatten,4,208,0.02128106728196144,0.03749636188149452
viscosity,full,flatten,4,209,0.023628834635019302,0.03497295081615448
viscosity,full,flatten,5,1,0.13476715981960297,0.08972234278917313
viscosity,full,flatten,5,2,0.0771569088101387,0.06735100597143173
viscosity,full,flatten,5,3,0.07193006575107574,0.067093625664711
viscosity,full,flatten,5,4,0.06971924751996994,0.07627396285533905
viscosity,full,flatten,5,5,0.06447477638721466,0.07789650559425354
viscosity,full,flatten,5,6,0.06496845930814743,0.08510946482419968
viscosity,full,flatten,5,7,0.06560691446065903,0.07960726320743561
viscosity,full,flatten,5,8,0.06076252460479736,0.07784387469291687
viscosity,full,flatten,5,9,0.06143912300467491,0.08021672070026398
viscosity,full,flatten,5,10,0.05935095250606537,0.07740039378404617
viscosity,full,flatten,5,11,0.05737181752920151,0.08011899888515472
viscosity,full,flatten,5,12,0.05939677730202675,0.08698210120201111
viscosity,full,flatten,5,13,0.0602538101375103,0.08252428472042084
viscosity,full,avgmax,1,1,0.6791263818740845,0.18844138085842133
viscosity,full,avgmax,1,2,0.15982773900032043,0.10979484021663666
viscosity,full,avgmax,1,3,0.14500442147254944,0.1667792648077011
viscosity,full,avgmax,1,4,0.1642649918794632,0.12062735110521317
viscosity,full,avgmax,1,5,0.1135573536157608,0.07823027670383453
viscosity,full,avgmax,1,6,0.08514732867479324,0.06865998357534409
viscosity,full,avgmax,1,7,0.08336908370256424,0.06931217014789581
viscosity,full,avgmax,1,8,0.0827341079711914,0.06426858901977539
viscosity,full,avgmax,1,9,0.07491249591112137,0.05969126895070076
viscosity,full,avgmax,1,10,0.06837547570466995,0.06161665543913841
viscosity,full,avgmax,1,11,0.06904459744691849,0.06340552121400833
viscosity,full,avgmax,1,12,0.066948801279068,0.058952584862709045
viscosity,full,avgmax,1,13,0.06362096220254898,0.05620764195919037
viscosity,full,avgmax,1,14,0.06396587938070297,0.05625815689563751
viscosity,full,avgmax,1,15,0.06366269290447235,0.056786928325891495
viscosity,full,avgmax,1,16,0.06210774928331375,0.05878816545009613
viscosity,full,avgmax,1,17,0.06283546984195709,0.06140799820423126
viscosity,full,avgmax,1,18,0.06256013363599777,0.05978553742170334
viscosity,full,avgmax,1,19,0.062046561390161514,0.057775214314460754
viscosity,full,avgmax,1,20,0.0619560144841671,0.05778578668832779
viscosity,full,avgmax,1,21,0.06145881861448288,0.05868426337838173
viscosity,full,avgmax,1,22,0.06116499751806259,0.060590580105781555
viscosity,full,avgmax,1,23,0.06117352098226547,0.05977499112486839
viscosity,full,avgmax,2,1,0.08985114097595215,0.07900381833314896
viscosity,full,avgmax,2,2,0.07064420729875565,0.07240399718284607
viscosity,full,avgmax,2,3,0.06458672881126404,0.07736889272928238
viscosity,full,avgmax,2,4,0.06392282247543335,0.0697815865278244
viscosity,full,avgmax,2,5,0.06164800748229027,0.06905540823936462
viscosity,full,avgmax,2,6,0.060871269553899765,0.07158993184566498
viscosity,full,avgmax,2,7,0.0603463277220726,0.0712231770157814
viscosity,full,avgmax,2,8,0.059204645454883575,0.06933055818080902
viscosity,full,avgmax,2,9,0.05904102697968483,0.06944820284843445
viscosity,full,avgmax,2,10,0.05835903063416481,0.07037143409252167
viscosity,full,avgmax,2,11,0.05808015167713165,0.06938690692186356
viscosity,full,avgmax,2,12,0.0576966218650341,0.06833609938621521
viscosity,full,avgmax,2,13,0.05715686455368996,0.06890055537223816
viscosity,full,avgmax,2,14,0.05678030848503113,0.06824712455272675
viscosity,full,avgmax,2,15,0.05639779940247536,0.06683087348937988
viscosity,full,avgmax,2,16,0.05610446259379387,0.06612136214971542
viscosity,full,avgmax,2,17,0.05566117540001869,0.06692464649677277
viscosity,full,avgmax,2,18,0.055307790637016296,0.0654573142528534
viscosity,full,avgmax,2,19,0.05522940680384636,0.06540602445602417
viscosity,full,avgmax,2,20,0.054430484771728516,0.06695549190044403
viscosity,full,avgmax,2,21,0.05417782813310623,0.06428572535514832
viscosity,full,avgmax,2,22,0.05388464033603668,0.06438275426626205
viscosity,full,avgmax,2,23,0.05308009684085846,0.06541699171066284
viscosity,full,avgmax,2,24,0.05313253030180931,0.06364569813013077
viscosity,full,avgmax,2,25,0.05270573869347572,0.06223912537097931
viscosity,full,avgmax,2,26,0.05220730975270271,0.0635569840669632
viscosity,full,avgmax,2,27,0.05185394734144211,0.06189674884080887
viscosity,full,avgmax,2,28,0.05140845477581024,0.06242696940898895
viscosity,full,avgmax,2,29,0.05096833035349846,0.06088832765817642
viscosity,full,avgmax,2,30,0.050502974539995193,0.061300329864025116
viscosity,full,avgmax,2,31,0.050471290946006775,0.061221953481435776
viscosity,full,avgmax,2,32,0.04974551126360893,0.05905864015221596
viscosity,full,avgmax,2,33,0.04955637454986572,0.060888610780239105
viscosity,full,avgmax,2,34,0.049529898911714554,0.05972230061888695
viscosity,full,avgmax,2,35,0.048938605934381485,0.05867922306060791
viscosity,full,avgmax,2,36,0.04913550242781639,0.06049204617738724
viscosity,full,avgmax,2,37,0.04802592098712921,0.05769744887948036
viscosity,full,avgmax,2,38,0.04807759448885918,0.06008132919669151
viscosity,full,avgmax,2,39,0.047578927129507065,0.05864071100950241
viscosity,full,avgmax,2,40,0.04689333215355873,0.056937530636787415
viscosity,full,avgmax,2,41,0.04675455018877983,0.05808157101273537
viscosity,full,avgmax,2,42,0.04639332741498947,0.056043051183223724
viscosity,full,avgmax,2,43,0.04609676077961922,0.05569179356098175
viscosity,full,avgmax,2,44,0.04637901857495308,0.05816035717725754
viscosity,full,avgmax,2,45,0.04515659064054489,0.05429505929350853
viscosity,full,avgmax,2,46,0.045985251665115356,0.055807046592235565
viscosity,full,avgmax,2,47,0.045032892376184464,0.058661751449108124
viscosity,full,avgmax,2,48,0.044375739991664886,0.05338025838136673
viscosity,full,avgmax,2,49,0.04447536543011665,0.055228326469659805
viscosity,full,avgmax,2,50,0.044319234788417816,0.056401386857032776
viscosity,full,avgmax,2,51,0.04388508200645447,0.05300286039710045
viscosity,full,avgmax,2,52,0.04300728812813759,0.05622680485248566
viscosity,full,avgmax,2,53,0.043170347809791565,0.05407918244600296
viscosity,full,avgmax,2,54,0.042283568531274796,0.05154949054121971
viscosity,full,avgmax,2,55,0.04233713820576668,0.053514063358306885
viscosity,full,avgmax,2,56,0.04183461517095566,0.05394238978624344
viscosity,full,avgmax,2,57,0.041324127465486526,0.0512646809220314
viscosity,full,avgmax,2,58,0.04156407341361046,0.05185144394636154
viscosity,full,avgmax,2,59,0.040908969938755035,0.053463518619537354
viscosity,full,avgmax,2,60,0.04119092971086502,0.0503205880522728
viscosity,full,avgmax,2,61,0.04029948636889458,0.05333710461854935
viscosity,full,avgmax,2,62,0.04013903811573982,0.05111417919397354
viscosity,full,avgmax,2,63,0.03973224759101868,0.0502685122191906
viscosity,full,avgmax,2,64,0.03943336755037308,0.05083545297384262
viscosity,full,avgmax,2,65,0.039065197110176086,0.050288982689380646
viscosity,full,avgmax,2,66,0.03901125118136406,0.05014300346374512
viscosity,full,avgmax,2,67,0.038677703589200974,0.05025511980056763
viscosity,full,avgmax,2,68,0.03851701691746712,0.048680245876312256
viscosity,full,avgmax,2,69,0.03906822204589844,0.05001690611243248
viscosity,full,avgmax,2,70,0.038290150463581085,0.047913022339344025
viscosity,full,avgmax,2,71,0.03775633126497269,0.05093130096793175
viscosity,full,avgmax,2,72,0.037428807467222214,0.04815191030502319
viscosity,full,avgmax,2,73,0.03729301318526268,0.04806476831436157
viscosity,full,avgmax,2,74,0.03668303042650223,0.05019460618495941
viscosity,full,avgmax,2,75,0.0365278385579586,0.04665336385369301
viscosity,full,avgmax,2,76,0.03629384934902191,0.04782979190349579
viscosity,full,avgmax,2,77,0.03595798835158348,0.047172967344522476
viscosity,full,avgmax,2,78,0.03566558659076691,0.04823915287852287
viscosity,full,avgmax,2,79,0.03562092036008835,0.04719915613532066
viscosity,full,avgmax,2,80,0.03520180657505989,0.04660465940833092
viscosity,full,avgmax,2,81,0.03520398214459419,0.04739924520254135
viscosity,full,avgmax,2,82,0.03462028503417969,0.04653479903936386
viscosity,full,avgmax,2,83,0.03490506112575531,0.046213243156671524
viscosity,full,avgmax,2,84,0.03490234538912773,0.04645422473549843
viscosity,full,avgmax,2,85,0.03485417366027832,0.04669490084052086
viscosity,full,avgmax,2,86,0.03482361510396004,0.04354020208120346
viscosity,full,avgmax,2,87,0.03536733239889145,0.04812009632587433
viscosity,full,avgmax,2,88,0.033933620899915695,0.04362709820270538
viscosity,full,avgmax,2,89,0.0341574102640152,0.047046370804309845
viscosity,full,avgmax,2,90,0.033332742750644684,0.0442969836294651
viscosity,full,avgmax,2,91,0.033133722841739655,0.0443529449403286
viscosity,full,avgmax,2,92,0.03262702003121376,0.044387366622686386
viscosity,full,avgmax,2,93,0.032352980226278305,0.04367675259709358
viscosity,full,avgmax,2,94,0.032269060611724854,0.043344855308532715
viscosity,full,avgmax,2,95,0.03193085640668869,0.04520661383867264
viscosity,full,avgmax,2,96,0.03175399824976921,0.042505212128162384
viscosity,full,avgmax,2,97,0.03155507519841194,0.04400026798248291
viscosity,full,avgmax,2,98,0.03173694759607315,0.044482726603746414
viscosity,full,avgmax,2,99,0.032053764909505844,0.04187319427728653
viscosity,full,avgmax,2,100,0.03131215646862984,0.04508247599005699
viscosity,full,avgmax,2,101,0.03110024519264698,0.041322287172079086
viscosity,full,avgmax,2,102,0.030505143105983734,0.045038726180791855
viscosity,full,avgmax,2,103,0.03070777840912342,0.04156813398003578
viscosity,full,avgmax,2,104,0.031038055196404457,0.04246797785162926
viscosity,full,avgmax,2,105,0.030898042023181915,0.044615499675273895
viscosity,full,avgmax,2,106,0.030339080840349197,0.040924880653619766
viscosity,full,avgmax,2,107,0.030321162194013596,0.04534684121608734
viscosity,full,avgmax,2,108,0.029864374548196793,0.04025527089834213
viscosity,full,avgmax,2,109,0.029629649594426155,0.04261979088187218
viscosity,full,avgmax,2,110,0.029153918847441673,0.04205887019634247
viscosity,full,avgmax,2,111,0.0291657205671072,0.04118954390287399
viscosity,full,avgmax,2,112,0.0287612471729517,0.04266739636659622
viscosity,full,avgmax,2,113,0.028536979109048843,0.04116244614124298
viscosity,full,avgmax,2,114,0.028443552553653717,0.04192114621400833
viscosity,full,avgmax,2,115,0.0286124087870121,0.04179151728749275
viscosity,full,avgmax,2,116,0.028084779158234596,0.040609635412693024
viscosity,full,avgmax,2,117,0.028203658759593964,0.042924828827381134
viscosity,full,avgmax,2,118,0.027843736112117767,0.04051154851913452
viscosity,full,avgmax,3,1,0.09741448611021042,0.06270117312669754
viscosity,full,avgmax,3,2,0.07299191504716873,0.059836409986019135
viscosity,full,avgmax,3,3,0.06573975086212158,0.06038280203938484
viscosity,full,avgmax,3,4,0.06622862070798874,0.06169940531253815
viscosity,full,avgmax,3,5,0.06370343267917633,0.060255203396081924
viscosity,full,avgmax,3,6,0.06032416969537735,0.05948340892791748
viscosity,full,avgmax,3,7,0.061239756643772125,0.058139439672231674
viscosity,full,avgmax,3,8,0.06003711745142937,0.05716982111334801
viscosity,full,avgmax,3,9,0.060697201639413834,0.057268645614385605
viscosity,full,avgmax,3,10,0.05921616777777672,0.061499740928411484
viscosity,full,avgmax,3,11,0.05737405642867088,0.06038989871740341
viscosity,full,avgmax,3,12,0.06054890528321266,0.057350337505340576
viscosity,full,avgmax,3,13,0.057548291981220245,0.05719777196645737
viscosity,full,avgmax,3,14,0.056018248200416565,0.05646191164851189
viscosity,full,avgmax,3,15,0.055783238261938095,0.055717889219522476
viscosity,full,avgmax,3,16,0.055282361805438995,0.054624054580926895
viscosity,full,avgmax,3,17,0.05457271263003349,0.05741769075393677
viscosity,full,avgmax,3,18,0.05450686439871788,0.057599715888500214
viscosity,full,avgmax,3,19,0.054857876151800156,0.058576054871082306
viscosity,full,avgmax,3,20,0.054159633815288544,0.05680268257856369
viscosity,full,avgmax,3,21,0.05320226401090622,0.05479864776134491
viscosity,full,avgmax,3,22,0.05281468480825424,0.05467039346694946
viscosity,full,avgmax,3,23,0.05293867364525795,0.05350617319345474
viscosity,full,avgmax,3,24,0.05146118625998497,0.05452883988618851
viscosity,full,avgmax,3,25,0.051502496004104614,0.053919218480587006
viscosity,full,avgmax,3,26,0.051125552505254745,0.054394543170928955
viscosity,full,avgmax,3,27,0.050657495856285095,0.053615011274814606
viscosity,full,avgmax,3,28,0.051197610795497894,0.05291163921356201
viscosity,full,avgmax,3,29,0.050286147743463516,0.051343970000743866
viscosity,full,avgmax,3,30,0.05086903274059296,0.05157274007797241
viscosity,full,avgmax,3,31,0.049768656492233276,0.05275120958685875
viscosity,full,avgmax,3,32,0.049395423382520676,0.05219579488039017
viscosity,full,avgmax,3,33,0.04860852658748627,0.05102315917611122
viscosity,full,avgmax,3,34,0.04819253832101822,0.05094832926988602
viscosity,full,avgmax,3,35,0.04794635623693466,0.05106854811310768
viscosity,full,avgmax,3,36,0.04757069796323776,0.04992019385099411
viscosity,full,avgmax,3,37,0.04691236466169357,0.05003149062395096
viscosity,full,avgmax,3,38,0.04656098783016205,0.04975616931915283
viscosity,full,avgmax,3,39,0.046309612691402435,0.04870649427175522
viscosity,full,avgmax,3,40,0.04595302417874336,0.04877409711480141
viscosity,full,avgmax,3,41,0.04569188505411148,0.0498369000852108
viscosity,full,avgmax,3,42,0.045339033007621765,0.050088003277778625
viscosity,full,avgmax,3,43,0.04593103379011154,0.05007331818342209
viscosity,full,avgmax,3,44,0.04702134057879448,0.04792812094092369
viscosity,full,avgmax,3,45,0.044273294508457184,0.047801487147808075
viscosity,full,avgmax,3,46,0.04408133402466774,0.048021428287029266
viscosity,full,avgmax,3,47,0.04408964142203331,0.04800669103860855
viscosity,full,avgmax,3,48,0.04365655034780502,0.04788483679294586
viscosity,full,avgmax,3,49,0.04361587390303612,0.04709494858980179
viscosity,full,avgmax,3,50,0.04287424683570862,0.046926431357860565
viscosity,full,avgmax,3,51,0.042861323803663254,0.046709202229976654
viscosity,full,avgmax,3,52,0.04244290292263031,0.04685966670513153
viscosity,full,avgmax,3,53,0.042977288365364075,0.0466112457215786
viscosity,full,avgmax,3,54,0.043992795050144196,0.04697562754154205
viscosity,full,avgmax,3,55,0.04309878125786781,0.04527958109974861
viscosity,full,avgmax,3,56,0.04155511409044266,0.046670280396938324
viscosity,full,avgmax,3,57,0.042652834206819534,0.0463329516351223
viscosity,full,avgmax,3,58,0.04465172067284584,0.045723769813776016
viscosity,full,avgmax,3,59,0.04288918524980545,0.04378237947821617
viscosity,full,avgmax,3,60,0.04154114052653313,0.04337066411972046
viscosity,full,avgmax,3,61,0.0400250144302845,0.04566260799765587
viscosity,full,avgmax,3,62,0.040514025837183,0.04507823660969734
viscosity,full,avgmax,3,63,0.04026307538151741,0.04510608687996864
viscosity,full,avgmax,3,64,0.03970751911401749,0.043589089065790176
viscosity,full,avgmax,3,65,0.03905444219708443,0.04401502385735512
viscosity,full,avgmax,3,66,0.03991828113794327,0.043831631541252136
viscosity,full,avgmax,3,67,0.03977581486105919,0.04232476279139519
viscosity,full,avgmax,3,68,0.03895397111773491,0.041478097438812256
viscosity,full,avgmax,3,69,0.0387866385281086,0.041151486337184906
viscosity,full,avgmax,3,70,0.03808743879199028,0.04238543659448624
viscosity,full,avgmax,3,71,0.038172949105501175,0.0437539741396904
viscosity,full,avgmax,3,72,0.03845397010445595,0.04262018948793411
viscosity,full,avgmax,3,73,0.03761539235711098,0.0418257936835289
viscosity,full,avgmax,3,74,0.038055017590522766,0.042659301310777664
viscosity,full,avgmax,3,75,0.03702415153384209,0.04234582185745239
viscosity,full,avgmax,3,76,0.037408556789159775,0.0419766828417778
viscosity,full,avgmax,3,77,0.036769799888134,0.040650032460689545
viscosity,full,avgmax,3,78,0.03698267415165901,0.040425434708595276
viscosity,full,avgmax,3,79,0.0364626869559288,0.041463904082775116
viscosity,full,avgmax,3,80,0.03683393821120262,0.041971608996391296
viscosity,full,avgmax,3,81,0.03676681965589523,0.041138388216495514
viscosity,full,avgmax,3,82,0.03645710274577141,0.04105617105960846
viscosity,full,avgmax,3,83,0.035908523947000504,0.03953450545668602
viscosity,full,avgmax,3,84,0.03618638217449188,0.038897983729839325
viscosity,full,avgmax,3,85,0.03552134335041046,0.03988311439752579
viscosity,full,avgmax,3,86,0.03542892262339592,0.0399727039039135
viscosity,full,avgmax,3,87,0.035575658082962036,0.039627812802791595
viscosity,full,avgmax,3,88,0.034881506115198135,0.03854561597108841
viscosity,full,avgmax,3,89,0.03441905975341797,0.039390675723552704
viscosity,full,avgmax,3,90,0.034300994127988815,0.03983075171709061
viscosity,full,avgmax,3,91,0.03419836610555649,0.040297847241163254
viscosity,full,avgmax,3,92,0.034247469156980515,0.03901103883981705
viscosity,full,avgmax,3,93,0.033953957259655,0.03860412538051605
viscosity,full,avgmax,3,94,0.0335177406668663,0.037670668214559555
viscosity,full,avgmax,3,95,0.033873703330755234,0.03793072700500488
viscosity,full,avgmax,3,96,0.0335729718208313,0.039287105202674866
viscosity,full,avgmax,3,97,0.03366018086671829,0.03802771493792534
viscosity,full,avgmax,3,98,0.033125780522823334,0.037465307861566544
viscosity,full,avgmax,3,99,0.03269823268055916,0.0373280793428421
viscosity,full,avgmax,3,100,0.032784003764390945,0.03755106031894684
viscosity,full,avgmax,3,101,0.03289412707090378,0.03841732442378998
viscosity,full,avgmax,3,102,0.0324024073779583,0.03737249597907066
viscosity,full,avgmax,3,103,0.03211867809295654,0.03655906766653061
viscosity,full,avgmax,3,104,0.03244658187031746,0.035998791456222534
viscosity,full,avgmax,3,105,0.031874071806669235,0.03703330457210541
viscosity,full,avgmax,3,106,0.032817598432302475,0.03783538192510605
viscosity,full,avgmax,3,107,0.031844183802604675,0.03649625927209854
viscosity,full,avgmax,3,108,0.03161511570215225,0.03509572893381119
viscosity,full,avgmax,3,109,0.031164279207587242,0.03562265634536743
viscosity,full,avgmax,3,110,0.031091544777154922,0.03662227839231491
viscosity,full,avgmax,3,111,0.030743176117539406,0.036562055349349976
viscosity,full,avgmax,3,112,0.031120529398322105,0.03649730235338211
viscosity,full,avgmax,3,113,0.03053986094892025,0.036272794008255005
viscosity,full,avgmax,3,114,0.030584821477532387,0.03723561763763428
viscosity,full,avgmax,3,115,0.030594000592827797,0.03691854700446129
viscosity,full,avgmax,3,116,0.030954940244555473,0.035334475338459015
viscosity,full,avgmax,3,117,0.03037441521883011,0.03508353978395462
viscosity,full,avgmax,3,118,0.030288727954030037,0.03618757426738739
viscosity,full,avgmax,3,119,0.030102016404271126,0.03539848327636719
viscosity,full,avgmax,3,120,0.029848147183656693,0.03559079021215439
viscosity,full,avgmax,3,121,0.03042757138609886,0.036598749458789825
viscosity,full,avgmax,3,122,0.029904106631875038,0.034851595759391785
viscosity,full,avgmax,3,123,0.02921931818127632,0.03486839681863785
viscosity,full,avgmax,3,124,0.029448801651597023,0.03475555032491684
viscosity,full,avgmax,3,125,0.029080741107463837,0.0341748408973217
viscosity,full,avgmax,3,126,0.0291132852435112,0.034351497888565063
viscosity,full,avgmax,3,127,0.028623996302485466,0.03422759845852852
viscosity,full,avgmax,3,128,0.029108140617609024,0.034425631165504456
viscosity,full,avgmax,3,129,0.02880707010626793,0.034500379115343094
viscosity,full,avgmax,3,130,0.028730520978569984,0.03424573689699173
viscosity,full,avgmax,3,131,0.028765130788087845,0.03402300551533699
viscosity,full,avgmax,3,132,0.02892252430319786,0.03401307761669159
viscosity,full,avgmax,3,133,0.028770610690116882,0.03432619571685791
viscosity,full,avgmax,3,134,0.028416570276021957,0.03530454263091087
viscosity,full,avgmax,3,135,0.028530163690447807,0.03529572859406471
viscosity,full,avgmax,3,136,0.02867753989994526,0.03458010032773018
viscosity,full,avgmax,3,137,0.02886895276606083,0.0330343097448349
viscosity,full,avgmax,3,138,0.027962207794189453,0.03279182314872742
viscosity,full,avgmax,3,139,0.028330709785223007,0.03275708109140396
viscosity,full,avgmax,3,140,0.02858530916273594,0.03318610042333603
viscosity,full,avgmax,3,141,0.027903247624635696,0.0338674820959568
viscosity,full,avgmax,3,142,0.028233228251338005,0.03336414694786072
viscosity,full,avgmax,3,143,0.02788478322327137,0.033585041761398315
viscosity,full,avgmax,3,144,0.027690023183822632,0.033038754016160965
viscosity,full,avgmax,3,145,0.02757004089653492,0.033276356756687164
viscosity,full,avgmax,3,146,0.02763066068291664,0.03286110982298851
viscosity,full,avgmax,3,147,0.028074918314814568,0.03303452208638191
viscosity,full,avgmax,3,148,0.027622267603874207,0.032851867377758026
viscosity,full,avgmax,3,149,0.027397911995649338,0.032738104462623596
viscosity,full,avgmax,3,150,0.027143333107233047,0.0331445038318634
viscosity,full,avgmax,3,151,0.02726149745285511,0.0326446034014225
viscosity,full,avgmax,3,152,0.026975801214575768,0.03256141394376755
viscosity,full,avgmax,3,153,0.027351031079888344,0.03235776722431183
viscosity,full,avgmax,3,154,0.02703571692109108,0.03322485461831093
viscosity,full,avgmax,3,155,0.027104340493679047,0.0326116681098938
viscosity,full,avgmax,3,156,0.026946906000375748,0.03269415348768234
viscosity,full,avgmax,3,157,0.027320003136992455,0.03235124051570892
viscosity,full,avgmax,3,158,0.0270119309425354,0.03274981677532196
viscosity,full,avgmax,3,159,0.026917703449726105,0.03208610415458679
viscosity,full,avgmax,3,160,0.026805607602000237,0.03208127245306969
viscosity,full,avgmax,3,161,0.026616031304001808,0.032201461493968964
viscosity,full,avgmax,3,162,0.026626044884324074,0.03238368779420853
viscosity,full,avgmax,3,163,0.02656899206340313,0.0325687900185585
viscosity,full,avgmax,3,164,0.026486976072192192,0.03246084973216057
viscosity,full,avgmax,3,165,0.026466626673936844,0.03206570819020271
viscosity,full,avgmax,3,166,0.026420705020427704,0.031967539340257645
viscosity,full,avgmax,3,167,0.02645997703075409,0.03203583508729935
viscosity,full,avgmax,3,168,0.026380429044365883,0.03241657093167305
viscosity,full,avgmax,3,169,0.026318756863474846,0.032291755080223083
viscosity,full,avgmax,3,170,0.02626381814479828,0.03253554552793503
viscosity,full,avgmax,3,171,0.026242394000291824,0.032858796417713165
viscosity,full,avgmax,3,172,0.026307711377739906,0.032824765890836716
viscosity,full,avgmax,3,173,0.026162605732679367,0.03243662044405937
viscosity,full,avgmax,3,174,0.026347985491156578,0.03206609934568405
viscosity,full,avgmax,3,175,0.026209726929664612,0.03202465549111366
viscosity,full,avgmax,3,176,0.026130689308047295,0.03178141638636589
viscosity,full,avgmax,3,177,0.02611282654106617,0.03206091374158859
viscosity,full,avgmax,3,178,0.025953354313969612,0.032124221324920654
viscosity,full,avgmax,3,179,0.02598402462899685,0.032143622636795044
viscosity,full,avgmax,3,180,0.02598760649561882,0.03219369426369667
viscosity,full,avgmax,3,181,0.025969944894313812,0.03226381167769432
viscosity,full,avgmax,3,182,0.02583863027393818,0.0324387326836586
viscosity,full,avgmax,3,183,0.025891922414302826,0.03209138289093971
viscosity,full,avgmax,3,184,0.02584872953593731,0.03203655779361725
viscosity,full,avgmax,3,185,0.02579561620950699,0.03179153800010681
viscosity,full,avgmax,3,186,0.02571170963346958,0.03168362006545067
viscosity,full,avgmax,3,187,0.02568756230175495,0.03172829747200012
viscosity,full,avgmax,3,188,0.02565644308924675,0.03180793300271034
viscosity,full,avgmax,3,189,0.025630556046962738,0.031895264983177185
viscosity,full,avgmax,3,190,0.02553371712565422,0.032089054584503174
viscosity,full,avgmax,3,191,0.025537587702274323,0.032300058752298355
viscosity,full,avgmax,3,192,0.025560030713677406,0.03220858424901962
viscosity,full,avgmax,3,193,0.025486109778285027,0.03204645588994026
viscosity,full,avgmax,3,194,0.02549344301223755,0.03188471496105194
viscosity,full,avgmax,3,195,0.02548837848007679,0.031884510070085526
viscosity,full,avgmax,3,196,0.025427790358662605,0.03195623308420181
viscosity,full,avgmax,4,1,0.2037874460220337,0.1369711309671402
viscosity,full,avgmax,4,2,0.12746785581111908,0.0903957337141037
viscosity,full,avgmax,4,3,0.09001713246107101,0.10216926038265228
viscosity,full,avgmax,4,4,0.0816514641046524,0.08340989798307419
viscosity,full,avgmax,4,5,0.07658008486032486,0.0819283276796341
viscosity,full,avgmax,4,6,0.06992848217487335,0.08722811192274094
viscosity,full,avgmax,4,7,0.07276725769042969,0.08338336646556854
viscosity,full,avgmax,4,8,0.06905794888734818,0.07758135348558426
viscosity,full,avgmax,4,9,0.06796718388795853,0.07630550861358643
viscosity,full,avgmax,4,10,0.06628856807947159,0.07658752053976059
viscosity,full,avgmax,4,11,0.06482978910207748,0.07614241540431976
viscosity,full,avgmax,4,12,0.06448333710432053,0.07555389404296875
viscosity,full,avgmax,4,13,0.06373590230941772,0.07439514249563217
viscosity,full,avgmax,4,14,0.06302779912948608,0.07547080516815186
viscosity,full,avgmax,4,15,0.06274555623531342,0.07401614636182785
viscosity,full,avgmax,4,16,0.06201443448662758,0.07277023792266846
viscosity,full,avgmax,4,17,0.06163020059466362,0.07242077589035034
viscosity,full,avgmax,4,18,0.061115119606256485,0.07290113717317581
viscosity,full,avgmax,4,19,0.06086265668272972,0.07125650346279144
viscosity,full,avgmax,4,20,0.060246143490076065,0.0698523223400116
viscosity,full,avgmax,4,21,0.06013800948858261,0.07098191231489182
viscosity,full,avgmax,4,22,0.05983949080109596,0.0714644193649292
viscosity,full,avgmax,4,23,0.05901389569044113,0.06895605474710464
viscosity,full,avgmax,4,24,0.05931132286787033,0.06977879256010056
viscosity,full,avgmax,4,25,0.059120357036590576,0.06958944350481033
viscosity,full,avgmax,4,26,0.05829169601202011,0.0681450292468071
viscosity,full,avgmax,4,27,0.058445148169994354,0.070586659014225
viscosity,full,avgmax,4,28,0.05708138272166252,0.06708330661058426
viscosity,full,avgmax,4,29,0.05777091532945633,0.06810292601585388
viscosity,full,avgmax,4,30,0.058059122413396835,0.06829465180635452
viscosity,full,avgmax,4,31,0.056059546768665314,0.06547301262617111
viscosity,full,avgmax,4,32,0.05668359249830246,0.06599289923906326
viscosity,full,avgmax,4,33,0.05618634447455406,0.06615498661994934
viscosity,full,avgmax,4,34,0.05510537698864937,0.06488966196775436
viscosity,full,avgmax,4,35,0.05527757108211517,0.06530031561851501
viscosity,full,avgmax,4,36,0.054320789873600006,0.06411796063184738
viscosity,full,avgmax,4,37,0.0544159896671772,0.0657866895198822
viscosity,full,avgmax,4,38,0.05570290982723236,0.06537611782550812
viscosity,full,avgmax,4,39,0.054699428379535675,0.0629773885011673
viscosity,full,avgmax,4,40,0.05459035187959671,0.06529150158166885
viscosity,full,avgmax,4,41,0.05373327061533928,0.06283074617385864
viscosity,full,avgmax,4,42,0.05314329266548157,0.06408892571926117
viscosity,full,avgmax,4,43,0.05204173922538757,0.06219576299190521
viscosity,full,avgmax,4,44,0.051887255162000656,0.06248056888580322
viscosity,full,avgmax,4,45,0.05145738646388054,0.06294183433055878
viscosity,full,avgmax,4,46,0.05118469148874283,0.06146460771560669
viscosity,full,avgmax,4,47,0.05066786706447601,0.06225057691335678
viscosity,full,avgmax,4,48,0.050648726522922516,0.061854951083660126
viscosity,full,avgmax,4,49,0.05024133622646332,0.06109752506017685
viscosity,full,avgmax,4,50,0.04968457669019699,0.05992317944765091
viscosity,full,avgmax,4,51,0.049518924206495285,0.059282250702381134
viscosity,full,avgmax,4,52,0.049263354390859604,0.05894952267408371
viscosity,full,avgmax,4,53,0.04892917722463608,0.05838852748274803
viscosity,full,avgmax,4,54,0.048746176064014435,0.05824102833867073
viscosity,full,avgmax,4,55,0.04821862280368805,0.05894503742456436
viscosity,full,avgmax,4,56,0.04785093665122986,0.05838676542043686
viscosity,full,avgmax,4,57,0.048806436359882355,0.05832647532224655
viscosity,full,avgmax,4,58,0.04902936890721321,0.0590367391705513
viscosity,full,avgmax,4,59,0.047947708517313004,0.05785375088453293
viscosity,full,avgmax,4,60,0.04739837720990181,0.059528324753046036
viscosity,full,avgmax,4,61,0.047605667263269424,0.05777536332607269
viscosity,full,avgmax,4,62,0.05092821642756462,0.05566396936774254
viscosity,full,avgmax,4,63,0.04767511039972305,0.05782057344913483
viscosity,full,avgmax,4,64,0.045919205993413925,0.05577727407217026
viscosity,full,avgmax,4,65,0.04704843461513519,0.0553288534283638
viscosity,full,avgmax,4,66,0.04545283317565918,0.05566810071468353
viscosity,full,avgmax,4,67,0.04473748430609703,0.05550515279173851
viscosity,full,avgmax,4,68,0.045021962374448776,0.055541373789310455
viscosity,full,avgmax,4,69,0.04487147927284241,0.05466675013303757
viscosity,full,avgmax,4,70,0.044211771339178085,0.05415564030408859
viscosity,full,avgmax,4,71,0.04441862553358078,0.054256048053503036
viscosity,full,avgmax,4,72,0.043379344046115875,0.05568190664052963
viscosity,full,avgmax,4,73,0.04464647173881531,0.05373121052980423
viscosity,full,avgmax,4,74,0.0433516725897789,0.05376714468002319
viscosity,full,avgmax,4,75,0.042793821543455124,0.05347890406847
viscosity,full,avgmax,4,76,0.04340093582868576,0.05311267822980881
viscosity,full,avgmax,4,77,0.04260213300585747,0.05246476083993912
viscosity,full,avgmax,4,78,0.04236815497279167,0.052295662462711334
viscosity,full,avgmax,4,79,0.041676558554172516,0.05279785022139549
viscosity,full,avgmax,4,80,0.042146530002355576,0.051842786371707916
viscosity,full,avgmax,4,81,0.04174664616584778,0.05139469355344772
viscosity,full,avgmax,4,82,0.04123574495315552,0.0515284389257431
viscosity,full,avgmax,4,83,0.041310761123895645,0.05035603046417236
viscosity,full,avgmax,4,84,0.041176170110702515,0.05164570361375809
viscosity,full,avgmax,4,85,0.040959469974040985,0.052030451595783234
viscosity,full,avgmax,4,86,0.04046764597296715,0.05170925334095955
viscosity,full,avgmax,4,87,0.04060841351747513,0.050390519201755524
viscosity,full,avgmax,4,88,0.04043206945061684,0.049610283225774765
viscosity,full,avgmax,4,89,0.03964713215827942,0.04955320060253143
viscosity,full,avgmax,4,90,0.03937198221683502,0.05058929696679115
viscosity,full,avgmax,4,91,0.03919151425361633,0.05027123913168907
viscosity,full,avgmax,4,92,0.03908967971801758,0.04928625375032425
viscosity,full,avgmax,4,93,0.03884827718138695,0.04922044649720192
viscosity,full,avgmax,4,94,0.038348324596881866,0.0492970272898674
viscosity,full,avgmax,4,95,0.03832695260643959,0.048656053841114044
viscosity,full,avgmax,4,96,0.038284193724393845,0.0485023632645607
viscosity,full,avgmax,4,97,0.03806592524051666,0.04752553999423981
viscosity,full,avgmax,4,98,0.03763298690319061,0.047346971929073334
viscosity,full,avgmax,4,99,0.037563640624284744,0.04769956320524216
viscosity,full,avgmax,4,100,0.03730453550815582,0.04767351597547531
viscosity,full,avgmax,4,101,0.03693860396742821,0.04781143367290497
viscosity,full,avgmax,4,102,0.036929793655872345,0.04978858679533005
viscosity,full,avgmax,4,103,0.03844457119703293,0.048131056129932404
viscosity,full,avgmax,4,104,0.0362260527908802,0.04767347872257233
viscosity,full,avgmax,4,105,0.036622174084186554,0.04849055036902428
viscosity,full,avgmax,4,106,0.03617323935031891,0.04791583865880966
viscosity,full,avgmax,4,107,0.035955142229795456,0.04670153558254242
viscosity,full,avgmax,4,108,0.03538944944739342,0.04744863510131836
viscosity,full,avgmax,4,109,0.03531708940863609,0.04741022735834122
viscosity,full,avgmax,4,110,0.03528866544365883,0.04730108007788658
viscosity,full,avgmax,4,111,0.03523202985525131,0.04669149965047836
viscosity,full,avgmax,4,112,0.03508860617876053,0.04650135338306427
viscosity,full,avgmax,4,113,0.035022228956222534,0.04765196517109871
viscosity,full,avgmax,4,114,0.03463691845536232,0.04780445620417595
viscosity,full,avgmax,4,115,0.03505066782236099,0.048919908702373505
viscosity,full,avgmax,4,116,0.0344579704105854,0.0484904982149601
viscosity,full,avgmax,4,117,0.03419722616672516,0.04609221965074539
viscosity,full,avgmax,4,118,0.03386330232024193,0.04614628851413727
viscosity,full,avgmax,4,119,0.033625874668359756,0.046713851392269135
viscosity,full,avgmax,4,120,0.03358639031648636,0.047821421176195145
viscosity,full,avgmax,4,121,0.03329790383577347,0.0461527444422245
viscosity,full,avgmax,4,122,0.033196259289979935,0.04818534851074219
viscosity,full,avgmax,4,123,0.035834699869155884,0.04560702666640282
viscosity,full,avgmax,4,124,0.03496616333723068,0.04651952534914017
viscosity,full,avgmax,4,125,0.0346609503030777,0.04522734135389328
viscosity,full,avgmax,4,126,0.03399490565061569,0.04647798091173172
viscosity,full,avgmax,4,127,0.03312912583351135,0.04551059752702713
viscosity,full,avgmax,4,128,0.03404675051569939,0.04441877454519272
viscosity,full,avgmax,4,129,0.033319901674985886,0.04559062048792839
viscosity,full,avgmax,4,130,0.03204641118645668,0.04485998675227165
viscosity,full,avgmax,4,131,0.03212830424308777,0.04846390336751938
viscosity,full,avgmax,4,132,0.033051520586013794,0.04588928446173668
viscosity,full,avgmax,4,133,0.03354983404278755,0.04593243822455406
viscosity,full,avgmax,4,134,0.03271983191370964,0.04322905093431473
viscosity,full,avgmax,4,135,0.032391924411058426,0.04263243451714516
viscosity,full,avgmax,4,136,0.03173792362213135,0.047086186707019806
viscosity,full,avgmax,4,137,0.03169078752398491,0.04609837383031845
viscosity,full,avgmax,4,138,0.03168819472193718,0.045563213527202606
viscosity,full,avgmax,4,139,0.030583593994379044,0.044293854385614395
viscosity,full,avgmax,4,140,0.03020850382745266,0.04547561705112457
viscosity,full,avgmax,4,141,0.030179282650351524,0.04457707703113556
viscosity,full,avgmax,4,142,0.03010118380188942,0.044274017214775085
viscosity,full,avgmax,4,143,0.030190056189894676,0.04555197060108185
viscosity,full,avgmax,4,144,0.030496062710881233,0.04582975432276726
viscosity,full,avgmax,4,145,0.030108019709587097,0.04305632784962654
viscosity,full,avgmax,5,1,0.11670918762683868,0.09362444281578064
viscosity,full,avgmax,5,2,0.0747985765337944,0.07731640338897705
viscosity,full,avgmax,5,3,0.07084578275680542,0.0749286413192749
viscosity,full,avgmax,5,4,0.07082179188728333,0.06541210412979126
viscosity,full,avgmax,5,5,0.06425858289003372,0.06874631345272064
viscosity,full,avgmax,5,6,0.06623592227697372,0.06787408143281937
viscosity,full,avgmax,5,7,0.06255164742469788,0.06788448244333267
viscosity,full,avgmax,5,8,0.05979776754975319,0.06657035648822784
viscosity,full,avgmax,5,9,0.060309652239084244,0.0693180188536644
viscosity,full,avgmax,5,10,0.05788232386112213,0.071858249604702
viscosity,full,avgmax,5,11,0.056909460574388504,0.07125384360551834
viscosity,full,avgmax,5,12,0.059008680284023285,0.07378070801496506
viscosity,full,avgmax,5,13,0.0586836002767086,0.07527000457048416
viscosity,full,avgmax,5,14,0.05650025233626366,0.07602065056562424
